NeoCade default-vs-runtime comparison
Default source: ThemeDB.get_default_theme()
NeoCade source: res://addons/neocade_theme/neocade_theme.tres

## pulse-desktop-flat
INTENTIONAL_AUTHORED AccentPanel.stylebox.panel default=<missing> neocade=StyleBoxFlat(bg=#f6fc4d0f border=1/1/1/1 border_color=#0f1523ff radius=0/0/0/0 margin=12.0/10.0/12.0/10.0 expand=0.0/0.0/0.0/0.0 shadow=0 offset=(0.0, 0.0))
INTENTIONAL_AUTHORED AcceptDialog.stylebox.panel default=StyleBoxFlat(bg=#404040ff border=0/0/0/0 border_color=#ccccccff radius=0/0/0/0 margin=8.0/8.0/8.0/8.0 expand=0.0/0.0/0.0/0.0 shadow=0 offset=(0.0, 0.0)) neocade=StyleBoxFlat(bg=#151e2fff border=1/1/1/1 border_color=#0f1523ff radius=0/0/0/0 margin=12.0/10.0/12.0/10.0 expand=0.0/0.0/0.0/0.0 shadow=0 offset=(0.0, 0.0))
INTENTIONAL_AUTHORED AcceptDialog.constant.buttons_separation default=10 neocade=8
DEFAULT_ONLY BoxContainer.constant.separation default=4 neocade=<missing>
INTENTIONAL_AUTHORED Button.stylebox.disabled default=StyleBoxFlat(bg=#1a1a1a4d border=0/0/0/0 border_color=#ccccccff radius=3/3/3/3 margin=4.0/4.0/4.0/4.0 expand=0.0/0.0/0.0/0.0 shadow=0 offset=(0.0, 0.0)) neocade=StyleBoxFlat(bg=#717742ff border=0/0/0/0 border_color=#0f1523ff radius=0/0/0/0 margin=14.0/9.0/14.0/9.0 expand=0.0/0.0/0.0/0.0 shadow=0 offset=(0.0, 0.0))
INTENTIONAL_AUTHORED Button.stylebox.disabled_mirrored default=<missing> neocade=StyleBoxFlat(bg=#717742ff border=0/0/0/0 border_color=#0f1523ff radius=0/0/0/0 margin=14.0/9.0/14.0/9.0 expand=0.0/0.0/0.0/0.0 shadow=0 offset=(0.0, 0.0))
INTENTIONAL_AUTHORED Button.stylebox.focus default=StyleBoxFlat(bg=#ffffffbf border=2/2/2/2 border_color=#ccccccff radius=3/3/3/3 margin=4.0/4.0/4.0/4.0 expand=2.0/2.0/2.0/2.0 shadow=0 offset=(0.0, 0.0)) neocade=StyleBoxFlat(bg=#00000000 border=2/2/2/2 border_color=#f6fc4dff radius=0/0/0/0 margin=-1.0/-1.0/-1.0/-1.0 expand=0.0/0.0/0.0/0.0 shadow=0 offset=(0.0, 0.0))
INTENTIONAL_AUTHORED Button.stylebox.hover default=StyleBoxFlat(bg=#39393999 border=0/0/0/0 border_color=#ccccccff radius=3/3/3/3 margin=4.0/4.0/4.0/4.0 expand=0.0/0.0/0.0/0.0 shadow=0 offset=(0.0, 0.0)) neocade=StyleBoxFlat(bg=#e5df3eff border=1/1/1/1 border_color=#85832bff radius=0/0/0/0 margin=14.0/9.0/14.0/9.0 expand=0.0/0.0/0.0/0.0 shadow=0 offset=(0.0, 0.0))
INTENTIONAL_AUTHORED Button.stylebox.hover_mirrored default=<missing> neocade=StyleBoxFlat(bg=#e5df3eff border=1/1/1/1 border_color=#85832bff radius=0/0/0/0 margin=14.0/9.0/14.0/9.0 expand=0.0/0.0/0.0/0.0 shadow=0 offset=(0.0, 0.0))
INTENTIONAL_AUTHORED Button.stylebox.hover_pressed default=<missing> neocade=StyleBoxFlat(bg=#dbd63bff border=1/1/1/1 border_color=#807e29ff radius=0/0/0/0 margin=14.0/9.0/14.0/9.0 expand=0.0/0.0/0.0/0.0 shadow=0 offset=(0.0, 0.0))
INTENTIONAL_AUTHORED Button.stylebox.hover_pressed_mirrored default=<missing> neocade=StyleBoxFlat(bg=#dbd63bff border=1/1/1/1 border_color=#807e29ff radius=0/0/0/0 margin=14.0/9.0/14.0/9.0 expand=0.0/0.0/0.0/0.0 shadow=0 offset=(0.0, 0.0))
INTENTIONAL_AUTHORED Button.stylebox.normal default=StyleBoxFlat(bg=#1a1a1a99 border=0/0/0/0 border_color=#ccccccff radius=3/3/3/3 margin=4.0/4.0/4.0/4.0 expand=0.0/0.0/0.0/0.0 shadow=0 offset=(0.0, 0.0)) neocade=StyleBoxFlat(bg=#f4ee42ff border=1/1/1/1 border_color=#8d8b2dff radius=0/0/0/0 margin=14.0/9.0/14.0/9.0 expand=0.0/0.0/0.0/0.0 shadow=0 offset=(0.0, 0.0))
INTENTIONAL_AUTHORED Button.stylebox.normal_mirrored default=<missing> neocade=StyleBoxFlat(bg=#f4ee42ff border=1/1/1/1 border_color=#8d8b2dff radius=0/0/0/0 margin=14.0/9.0/14.0/9.0 expand=0.0/0.0/0.0/0.0 shadow=0 offset=(0.0, 0.0))
INTENTIONAL_AUTHORED Button.stylebox.pressed default=StyleBoxFlat(bg=#00000099 border=0/0/0/0 border_color=#ccccccff radius=3/3/3/3 margin=4.0/4.0/4.0/4.0 expand=0.0/0.0/0.0/0.0 shadow=0 offset=(0.0, 0.0)) neocade=StyleBoxFlat(bg=#dbd63bff border=1/1/1/1 border_color=#807e29ff radius=0/0/0/0 margin=14.0/9.0/14.0/9.0 expand=0.0/0.0/0.0/0.0 shadow=0 offset=(0.0, 0.0))
INTENTIONAL_AUTHORED Button.stylebox.pressed_mirrored default=<missing> neocade=StyleBoxFlat(bg=#dbd63bff border=1/1/1/1 border_color=#807e29ff radius=0/0/0/0 margin=14.0/9.0/14.0/9.0 expand=0.0/0.0/0.0/0.0 shadow=0 offset=(0.0, 0.0))
INTENTIONAL_AUTHORED Button.color.font_color default=#dfdfdfff neocade=#000000ff
INTENTIONAL_AUTHORED Button.color.font_disabled_color default=#dfdfdf80 neocade=#0000006b
INTENTIONAL_AUTHORED Button.color.font_focus_color default=#f2f2f2ff neocade=#000000ff
INTENTIONAL_AUTHORED Button.color.font_hover_color default=#f2f2f2ff neocade=#000000ff
INTENTIONAL_AUTHORED Button.color.font_hover_pressed_color default=#ffffffff neocade=#000000ff
DEFAULT_ONLY Button.color.font_outline_color default=#000000ff neocade=<missing>
INTENTIONAL_AUTHORED Button.color.font_pressed_color default=#ffffffff neocade=#000000ff
INTENTIONAL_AUTHORED Button.color.icon_disabled_color default=#ffffff66 neocade=#0000006b
INTENTIONAL_AUTHORED Button.color.icon_focus_color default=#ffffffff neocade=#000000ff
INTENTIONAL_AUTHORED Button.color.icon_hover_color default=#ffffffff neocade=#000000ff
INTENTIONAL_AUTHORED Button.color.icon_hover_pressed_color default=#ffffffff neocade=#000000ff
INTENTIONAL_AUTHORED Button.color.icon_normal_color default=#ffffffff neocade=#000000ff
INTENTIONAL_AUTHORED Button.color.icon_pressed_color default=#ffffffff neocade=#000000ff
DEFAULT_ONLY Button.constant.align_to_largest_stylebox default=0 neocade=<missing>
INTENTIONAL_AUTHORED Button.constant.h_separation default=4 neocade=8
DEFAULT_ONLY Button.constant.icon_max_width default=0 neocade=<missing>
DEFAULT_ONLY Button.constant.outline_size default=0 neocade=<missing>
INTENTIONAL_AUTHORED Button.font.font default=Font(path=) neocade=Font(path=res://addons/neocade_theme/fonts/inter_variable.ttf)
INTENTIONAL_AUTHORED Button.font_size.font_size default=16 neocade=14
INTENTIONAL_AUTHORED Caption.color.font_color default=<missing> neocade=#ffffffff
INTENTIONAL_AUTHORED Caption.font.font default=Font(path=) neocade=Font(path=res://addons/neocade_theme/fonts/inter_variable.ttf)
INTENTIONAL_AUTHORED Caption.font_size.font_size default=16 neocade=12
INTENTIONAL_AUTHORED CardPanel.stylebox.panel default=<missing> neocade=StyleBoxFlat(bg=#212e42ff border=1/1/1/1 border_color=#0f1523ff radius=0/0/0/0 margin=12.0/10.0/12.0/10.0 expand=0.0/0.0/0.0/0.0 shadow=0 offset=(0.0, 0.0))
INTENTIONAL_AUTHORED CardPanel.color.font_color default=<missing> neocade=#ffffffff
INTENTIONAL_AUTHORED CardPanel.font.font default=Font(path=) neocade=Font(path=res://addons/neocade_theme/fonts/inter_variable.ttf)
INTENTIONAL_AUTHORED CheckBox.stylebox.disabled default=StyleBoxEmpty neocade=StyleBoxFlat(bg=#212e4200 border=0/0/0/0 border_color=#0f1523ff radius=0/0/0/0 margin=6.0/2.0/6.0/2.0 expand=0.0/0.0/0.0/0.0 shadow=0 offset=(0.0, 0.0))
INTENTIONAL_AUTHORED CheckBox.stylebox.disabled_mirrored default=<missing> neocade=StyleBoxFlat(bg=#212e4200 border=0/0/0/0 border_color=#0f1523ff radius=0/0/0/0 margin=6.0/2.0/6.0/2.0 expand=0.0/0.0/0.0/0.0 shadow=0 offset=(0.0, 0.0))
INTENTIONAL_AUTHORED CheckBox.stylebox.focus default=StyleBoxFlat(bg=#ffffffbf border=2/2/2/2 border_color=#ccccccff radius=3/3/3/3 margin=4.0/4.0/4.0/4.0 expand=2.0/2.0/2.0/2.0 shadow=0 offset=(0.0, 0.0)) neocade=StyleBoxFlat(bg=#00000000 border=2/2/2/2 border_color=#f6fc4dff radius=0/0/0/0 margin=-1.0/-1.0/-1.0/-1.0 expand=0.0/0.0/0.0/0.0 shadow=0 offset=(0.0, 0.0))
INTENTIONAL_AUTHORED CheckBox.stylebox.hover default=StyleBoxEmpty neocade=StyleBoxFlat(bg=#242b3c00 border=0/0/0/0 border_color=#0f1523ff radius=0/0/0/0 margin=6.0/2.0/6.0/2.0 expand=0.0/0.0/0.0/0.0 shadow=0 offset=(0.0, 0.0))
INTENTIONAL_AUTHORED CheckBox.stylebox.hover_mirrored default=<missing> neocade=StyleBoxFlat(bg=#242b3c00 border=0/0/0/0 border_color=#0f1523ff radius=0/0/0/0 margin=6.0/2.0/6.0/2.0 expand=0.0/0.0/0.0/0.0 shadow=0 offset=(0.0, 0.0))
INTENTIONAL_AUTHORED CheckBox.stylebox.hover_pressed default=StyleBoxEmpty neocade=StyleBoxFlat(bg=#131b2a00 border=0/0/0/0 border_color=#0f1523ff radius=0/0/0/0 margin=6.0/2.0/6.0/2.0 expand=0.0/0.0/0.0/0.0 shadow=0 offset=(0.0, 0.0))
INTENTIONAL_AUTHORED CheckBox.stylebox.hover_pressed_mirrored default=<missing> neocade=StyleBoxFlat(bg=#131b2a00 border=0/0/0/0 border_color=#0f1523ff radius=0/0/0/0 margin=6.0/2.0/6.0/2.0 expand=0.0/0.0/0.0/0.0 shadow=0 offset=(0.0, 0.0))
INTENTIONAL_AUTHORED CheckBox.stylebox.normal default=StyleBoxEmpty neocade=StyleBoxFlat(bg=#212e4200 border=0/0/0/0 border_color=#0f1523ff radius=0/0/0/0 margin=6.0/2.0/6.0/2.0 expand=0.0/0.0/0.0/0.0 shadow=0 offset=(0.0, 0.0))
INTENTIONAL_AUTHORED CheckBox.stylebox.normal_mirrored default=<missing> neocade=StyleBoxFlat(bg=#212e4200 border=0/0/0/0 border_color=#0f1523ff radius=0/0/0/0 margin=6.0/2.0/6.0/2.0 expand=0.0/0.0/0.0/0.0 shadow=0 offset=(0.0, 0.0))
INTENTIONAL_AUTHORED CheckBox.stylebox.pressed default=StyleBoxEmpty neocade=StyleBoxFlat(bg=#131b2a00 border=0/0/0/0 border_color=#0f1523ff radius=0/0/0/0 margin=6.0/2.0/6.0/2.0 expand=0.0/0.0/0.0/0.0 shadow=0 offset=(0.0, 0.0))
INTENTIONAL_AUTHORED CheckBox.stylebox.pressed_mirrored default=<missing> neocade=StyleBoxFlat(bg=#131b2a00 border=0/0/0/0 border_color=#0f1523ff radius=0/0/0/0 margin=6.0/2.0/6.0/2.0 expand=0.0/0.0/0.0/0.0 shadow=0 offset=(0.0, 0.0))
INTENTIONAL_AUTHORED CheckBox.color.checkbox_checked_color default=#ffffffff neocade=#58e779ff
INTENTIONAL_AUTHORED CheckBox.color.checkbox_unchecked_color default=#ffffffff neocade=#367457ff
INTENTIONAL_AUTHORED CheckBox.color.font_color default=#dfdfdfff neocade=#ffffffff
INTENTIONAL_AUTHORED CheckBox.color.font_disabled_color default=#dfdfdf80 neocade=#ffffff6b
INTENTIONAL_AUTHORED CheckBox.color.font_focus_color default=#f2f2f2ff neocade=#ffffffff
INTENTIONAL_AUTHORED CheckBox.color.font_hover_color default=#f2f2f2ff neocade=#ffffffff
DEFAULT_ONLY CheckBox.color.font_outline_color default=#000000ff neocade=<missing>
INTENTIONAL_AUTHORED CheckBox.constant.h_separation default=4 neocade=8
DEFAULT_ONLY CheckBox.constant.outline_size default=0 neocade=<missing>
INTENTIONAL_AUTHORED CheckBox.font.font default=Font(path=) neocade=Font(path=res://addons/neocade_theme/fonts/inter_variable.ttf)
INTENTIONAL_AUTHORED CheckBox.font_size.font_size default=16 neocade=14
INTENTIONAL_AUTHORED CheckBox.icon.checked default=Texture2D(size=(16.0, 16.0) path=) neocade=Texture2D(size=(24.0, 24.0) path=res://addons/neocade_theme/icons/checkbox_checked.svg)
INTENTIONAL_AUTHORED CheckBox.icon.checked_disabled default=Texture2D(size=(16.0, 16.0) path=) neocade=Texture2D(size=(24.0, 24.0) path=res://addons/neocade_theme/icons/checkbox_checked.svg)
INTENTIONAL_AUTHORED CheckBox.icon.radio_checked default=Texture2D(size=(16.0, 16.0) path=) neocade=Texture2D(size=(24.0, 24.0) path=res://addons/neocade_theme/icons/radio_checked.svg)
INTENTIONAL_AUTHORED CheckBox.icon.radio_checked_disabled default=Texture2D(size=(16.0, 16.0) path=) neocade=Texture2D(size=(24.0, 24.0) path=res://addons/neocade_theme/icons/radio_checked.svg)
INTENTIONAL_AUTHORED CheckBox.icon.radio_unchecked default=Texture2D(size=(16.0, 16.0) path=) neocade=Texture2D(size=(24.0, 24.0) path=res://addons/neocade_theme/icons/radio_unchecked.svg)
INTENTIONAL_AUTHORED CheckBox.icon.radio_unchecked_disabled default=Texture2D(size=(16.0, 16.0) path=) neocade=Texture2D(size=(24.0, 24.0) path=res://addons/neocade_theme/icons/radio_unchecked.svg)
INTENTIONAL_AUTHORED CheckBox.icon.unchecked default=Texture2D(size=(16.0, 16.0) path=) neocade=Texture2D(size=(24.0, 24.0) path=res://addons/neocade_theme/icons/checkbox_unchecked.svg)
INTENTIONAL_AUTHORED CheckBox.icon.unchecked_disabled default=Texture2D(size=(16.0, 16.0) path=) neocade=Texture2D(size=(24.0, 24.0) path=res://addons/neocade_theme/icons/checkbox_unchecked.svg)
INTENTIONAL_AUTHORED CheckBoxNoIconTint.color.icon_hover_color default=<missing> neocade=#ffffffff
INTENTIONAL_AUTHORED CheckBoxNoIconTint.color.icon_hover_pressed_color default=<missing> neocade=#ffffffff
INTENTIONAL_AUTHORED CheckBoxNoIconTint.color.icon_pressed_color default=<missing> neocade=#ffffffff
INTENTIONAL_AUTHORED CheckButton.stylebox.disabled default=StyleBoxEmpty neocade=StyleBoxFlat(bg=#212e4200 border=0/0/0/0 border_color=#0f1523ff radius=0/0/0/0 margin=6.0/2.0/6.0/2.0 expand=0.0/0.0/0.0/0.0 shadow=0 offset=(0.0, 0.0))
INTENTIONAL_AUTHORED CheckButton.stylebox.disabled_mirrored default=<missing> neocade=StyleBoxFlat(bg=#212e4200 border=0/0/0/0 border_color=#0f1523ff radius=0/0/0/0 margin=6.0/2.0/6.0/2.0 expand=0.0/0.0/0.0/0.0 shadow=0 offset=(0.0, 0.0))
INTENTIONAL_AUTHORED CheckButton.stylebox.focus default=StyleBoxFlat(bg=#ffffffbf border=2/2/2/2 border_color=#ccccccff radius=3/3/3/3 margin=4.0/4.0/4.0/4.0 expand=2.0/2.0/2.0/2.0 shadow=0 offset=(0.0, 0.0)) neocade=StyleBoxFlat(bg=#00000000 border=2/2/2/2 border_color=#f6fc4dff radius=0/0/0/0 margin=-1.0/-1.0/-1.0/-1.0 expand=0.0/0.0/0.0/0.0 shadow=0 offset=(0.0, 0.0))
INTENTIONAL_AUTHORED CheckButton.stylebox.hover default=StyleBoxEmpty neocade=StyleBoxFlat(bg=#242b3c00 border=0/0/0/0 border_color=#0f1523ff radius=0/0/0/0 margin=6.0/2.0/6.0/2.0 expand=0.0/0.0/0.0/0.0 shadow=0 offset=(0.0, 0.0))
INTENTIONAL_AUTHORED CheckButton.stylebox.hover_mirrored default=<missing> neocade=StyleBoxFlat(bg=#242b3c00 border=0/0/0/0 border_color=#0f1523ff radius=0/0/0/0 margin=6.0/2.0/6.0/2.0 expand=0.0/0.0/0.0/0.0 shadow=0 offset=(0.0, 0.0))
INTENTIONAL_AUTHORED CheckButton.stylebox.hover_pressed default=StyleBoxEmpty neocade=StyleBoxFlat(bg=#131b2a00 border=0/0/0/0 border_color=#0f1523ff radius=0/0/0/0 margin=6.0/2.0/6.0/2.0 expand=0.0/0.0/0.0/0.0 shadow=0 offset=(0.0, 0.0))
INTENTIONAL_AUTHORED CheckButton.stylebox.hover_pressed_mirrored default=<missing> neocade=StyleBoxFlat(bg=#131b2a00 border=0/0/0/0 border_color=#0f1523ff radius=0/0/0/0 margin=6.0/2.0/6.0/2.0 expand=0.0/0.0/0.0/0.0 shadow=0 offset=(0.0, 0.0))
INTENTIONAL_AUTHORED CheckButton.stylebox.normal default=StyleBoxEmpty neocade=StyleBoxFlat(bg=#212e4200 border=0/0/0/0 border_color=#0f1523ff radius=0/0/0/0 margin=6.0/2.0/6.0/2.0 expand=0.0/0.0/0.0/0.0 shadow=0 offset=(0.0, 0.0))
INTENTIONAL_AUTHORED CheckButton.stylebox.normal_mirrored default=<missing> neocade=StyleBoxFlat(bg=#212e4200 border=0/0/0/0 border_color=#0f1523ff radius=0/0/0/0 margin=6.0/2.0/6.0/2.0 expand=0.0/0.0/0.0/0.0 shadow=0 offset=(0.0, 0.0))
INTENTIONAL_AUTHORED CheckButton.stylebox.pressed default=StyleBoxEmpty neocade=StyleBoxFlat(bg=#131b2a00 border=0/0/0/0 border_color=#0f1523ff radius=0/0/0/0 margin=6.0/2.0/6.0/2.0 expand=0.0/0.0/0.0/0.0 shadow=0 offset=(0.0, 0.0))
INTENTIONAL_AUTHORED CheckButton.stylebox.pressed_mirrored default=<missing> neocade=StyleBoxFlat(bg=#131b2a00 border=0/0/0/0 border_color=#0f1523ff radius=0/0/0/0 margin=6.0/2.0/6.0/2.0 expand=0.0/0.0/0.0/0.0 shadow=0 offset=(0.0, 0.0))
INTENTIONAL_AUTHORED CheckButton.color.button_checked_color default=#ffffffff neocade=#58e779ff
INTENTIONAL_AUTHORED CheckButton.color.button_unchecked_color default=#ffffffff neocade=#367457ff
INTENTIONAL_AUTHORED CheckButton.color.font_color default=#dfdfdfff neocade=#ffffffff
INTENTIONAL_AUTHORED CheckButton.color.font_disabled_color default=#dfdfdf80 neocade=#ffffff6b
INTENTIONAL_AUTHORED CheckButton.color.font_focus_color default=#f2f2f2ff neocade=#ffffffff
INTENTIONAL_AUTHORED CheckButton.color.font_hover_color default=#f2f2f2ff neocade=#ffffffff
DEFAULT_ONLY CheckButton.color.font_outline_color default=#000000ff neocade=<missing>
DEFAULT_ONLY CheckButton.constant.check_v_offset default=0 neocade=<missing>
DEFAULT_ONLY CheckButton.constant.h_separation default=4 neocade=<missing>
DEFAULT_ONLY CheckButton.constant.outline_size default=0 neocade=<missing>
INTENTIONAL_AUTHORED CheckButton.font.font default=Font(path=) neocade=Font(path=res://addons/neocade_theme/fonts/inter_variable.ttf)
INTENTIONAL_AUTHORED CheckButton.font_size.font_size default=16 neocade=14
INTENTIONAL_AUTHORED CheckButton.icon.checked default=Texture2D(size=(32.0, 16.0) path=) neocade=Texture2D(size=(38.0, 20.0) path=res://addons/neocade_theme/icons/checkbutton_checked.svg)
INTENTIONAL_AUTHORED CheckButton.icon.checked_disabled default=Texture2D(size=(32.0, 16.0) path=) neocade=Texture2D(size=(38.0, 20.0) path=res://addons/neocade_theme/icons/checkbutton_checked.svg)
INTENTIONAL_AUTHORED CheckButton.icon.checked_disabled_mirrored default=Texture2D(size=(32.0, 16.0) path=) neocade=Texture2D(size=(38.0, 20.0) path=res://addons/neocade_theme/icons/checkbutton_checked.svg)
INTENTIONAL_AUTHORED CheckButton.icon.checked_mirrored default=Texture2D(size=(32.0, 16.0) path=) neocade=Texture2D(size=(38.0, 20.0) path=res://addons/neocade_theme/icons/checkbutton_checked.svg)
INTENTIONAL_AUTHORED CheckButton.icon.unchecked default=Texture2D(size=(32.0, 16.0) path=) neocade=Texture2D(size=(38.0, 20.0) path=res://addons/neocade_theme/icons/checkbutton_unchecked.svg)
INTENTIONAL_AUTHORED CheckButton.icon.unchecked_disabled default=Texture2D(size=(32.0, 16.0) path=) neocade=Texture2D(size=(38.0, 20.0) path=res://addons/neocade_theme/icons/checkbutton_unchecked.svg)
INTENTIONAL_AUTHORED CheckButton.icon.unchecked_disabled_mirrored default=Texture2D(size=(32.0, 16.0) path=) neocade=Texture2D(size=(38.0, 20.0) path=res://addons/neocade_theme/icons/checkbutton_unchecked.svg)
INTENTIONAL_AUTHORED CheckButton.icon.unchecked_mirrored default=Texture2D(size=(32.0, 16.0) path=) neocade=Texture2D(size=(38.0, 20.0) path=res://addons/neocade_theme/icons/checkbutton_unchecked.svg)
INTENTIONAL_AUTHORED CodeEdit.stylebox.completion default=StyleBoxFlat(bg=#1a1a1a99 border=0/0/0/0 border_color=#ccccccff radius=3/3/3/3 margin=0.0/0.0/0.0/0.0 expand=0.0/0.0/0.0/0.0 shadow=0 offset=(0.0, 0.0)) neocade=StyleBoxFlat(bg=#243952ff border=1/1/1/1 border_color=#080c16ff radius=0/0/0/0 margin=0.0/0.0/0.0/0.0 expand=0.0/0.0/0.0/0.0 shadow=0 offset=(0.0, 0.0))
INTENTIONAL_AUTHORED CodeEdit.stylebox.focus default=StyleBoxFlat(bg=#ffffffbf border=2/2/2/2 border_color=#ccccccff radius=3/3/3/3 margin=4.0/4.0/4.0/4.0 expand=2.0/2.0/2.0/2.0 shadow=0 offset=(0.0, 0.0)) neocade=StyleBoxFlat(bg=#00000000 border=2/2/2/2 border_color=#f6fc4dff radius=0/0/0/0 margin=-1.0/-1.0/-1.0/-1.0 expand=0.0/0.0/0.0/0.0 shadow=0 offset=(0.0, 0.0))
INTENTIONAL_AUTHORED CodeEdit.stylebox.normal default=StyleBoxFlat(bg=#1a1a1a99 border=0/0/0/2 border_color=#00000099 radius=3/3/3/3 margin=4.0/4.0/4.0/4.0 expand=0.0/0.0/0.0/0.0 shadow=0 offset=(0.0, 0.0)) neocade=StyleBoxFlat(bg=#243952ff border=0/0/0/0 border_color=#243952ff radius=0/0/0/0 margin=10.0/7.0/10.0/7.0 expand=0.0/0.0/0.0/0.0 shadow=0 offset=(0.0, 0.0))
INTENTIONAL_AUTHORED CodeEdit.stylebox.read_only default=StyleBoxFlat(bg=#1a1a1a4d border=0/0/0/2 border_color=#0000004d radius=3/3/3/3 margin=4.0/4.0/4.0/4.0 expand=0.0/0.0/0.0/0.0 shadow=0 offset=(0.0, 0.0)) neocade=StyleBoxFlat(bg=#2639516b border=0/0/0/0 border_color=#0f1523ff radius=0/0/0/0 margin=10.0/7.0/10.0/7.0 expand=0.0/0.0/0.0/0.0 shadow=0 offset=(0.0, 0.0))
DEFAULT_ONLY CodeEdit.color.background_color default=#00000000 neocade=<missing>
INTENTIONAL_AUTHORED CodeEdit.color.bookmark_color default=#80a3ffcc neocade=#f4ee42ff
INTENTIONAL_AUTHORED CodeEdit.color.brace_mismatch_color default=#ff3333ff neocade=#c63151ff
INTENTIONAL_AUTHORED CodeEdit.color.breakpoint_color default=#e54a4dff neocade=#c63151ff
DEFAULT_ONLY CodeEdit.color.caret_background_color default=#000000ff neocade=<missing>
INTENTIONAL_AUTHORED CodeEdit.color.caret_color default=#dfdfdfff neocade=#f6fc4dff
INTENTIONAL_AUTHORED CodeEdit.color.code_folding_color default=#cccccccc neocade=#abaeb4ff
INTENTIONAL_AUTHORED CodeEdit.color.completion_background_color default=#2b2933ff neocade=#243952ff
INTENTIONAL_AUTHORED CodeEdit.color.completion_existing_color default=#dedede21 neocade=#e5df3eb8
INTENTIONAL_AUTHORED CodeEdit.color.completion_scroll_color default=#ffffff4a neocade=#abaeb45c
INTENTIONAL_AUTHORED CodeEdit.color.completion_scroll_hovered_color default=#ffffff66 neocade=#ffffff80
INTENTIONAL_AUTHORED CodeEdit.color.completion_selected_color default=#424245ff neocade=#dbd63bdb
INTENTIONAL_AUTHORED CodeEdit.color.current_line_color default=#404042cc neocade=#364960ff
INTENTIONAL_AUTHORED CodeEdit.color.executing_line_color default=#fae345ff neocade=#f6fc4dff
INTENTIONAL_AUTHORED CodeEdit.color.folded_code_region_color default=#ad75c433 neocade=#abaeb45c
INTENTIONAL_AUTHORED CodeEdit.color.font_color default=#dfdfdfff neocade=#ffffffff
DEFAULT_ONLY CodeEdit.color.font_outline_color default=#000000ff neocade=<missing>
INTENTIONAL_AUTHORED CodeEdit.color.font_placeholder_color default=#dfdfdf99 neocade=#abaeb4ff
INTENTIONAL_AUTHORED CodeEdit.color.font_readonly_color default=#dfdfdf80 neocade=#abaeb46b
INTENTIONAL_AUTHORED CodeEdit.color.font_selected_color default=#00000000 neocade=#000000ff
INTENTIONAL_AUTHORED CodeEdit.color.line_length_guideline_color default=#4d80cc1a neocade=#0f1523ff
INTENTIONAL_AUTHORED CodeEdit.color.line_number_color default=#ababab66 neocade=#abaeb4ff
INTENTIONAL_AUTHORED CodeEdit.color.search_result_border_color default=#4d4d4d66 neocade=#f4ee42a3
INTENTIONAL_AUTHORED CodeEdit.color.search_result_color default=#4d4d4dff neocade=#f4ee4233
INTENTIONAL_AUTHORED CodeEdit.color.selection_color default=#808080ff neocade=#f6fc4dff
INTENTIONAL_AUTHORED CodeEdit.color.word_highlighted_color default=#cce5e526 neocade=#f6fc4d29
INTENTIONAL_AUTHORED CodeEdit.font.font default=Font(path=) neocade=Font(path=res://addons/neocade_theme/fonts/inter_variable.ttf)
INTENTIONAL_AUTHORED CodeEdit.font_size.font_size default=16 neocade=14
DEFAULT_ONLY CodeEdit.icon.bookmark default=Texture2D(size=(16.0, 16.0) path=) neocade=<missing>
DEFAULT_ONLY CodeEdit.icon.breakpoint default=Texture2D(size=(16.0, 16.0) path=) neocade=<missing>
DEFAULT_ONLY CodeEdit.icon.can_fold default=Texture2D(size=(16.0, 16.0) path=) neocade=<missing>
DEFAULT_ONLY CodeEdit.icon.can_fold_code_region default=Texture2D(size=(12.0, 12.0) path=) neocade=<missing>
DEFAULT_ONLY CodeEdit.icon.completion_color_bg default=Texture2D(size=(16.0, 16.0) path=) neocade=<missing>
DEFAULT_ONLY CodeEdit.icon.executing_line default=Texture2D(size=(16.0, 16.0) path=) neocade=<missing>
INTENTIONAL_AUTHORED CodeEdit.icon.folded default=Texture2D(size=(16.0, 16.0) path=) neocade=Texture2D(size=(16.0, 16.0) path=res://addons/neocade_theme/icons/code_folded.svg)
DEFAULT_ONLY CodeEdit.icon.folded_code_region default=Texture2D(size=(12.0, 12.0) path=) neocade=<missing>
DEFAULT_ONLY CodeEdit.icon.folded_eol_icon default=Texture2D(size=(14.0, 8.0) path=) neocade=<missing>
DEFAULT_ONLY CodeEdit.icon.space default=Texture2D(size=(8.0, 8.0) path=) neocade=<missing>
DEFAULT_ONLY CodeEdit.icon.tab default=Texture2D(size=(8.0, 8.0) path=) neocade=<missing>
INTENTIONAL_AUTHORED CodeLabel.color.font_color default=<missing> neocade=#ffffffff
INTENTIONAL_AUTHORED CodeLabel.font.font default=Font(path=) neocade=Font(path=res://addons/neocade_theme/fonts/inter_variable.ttf)
INTENTIONAL_AUTHORED CodeLabel.font_size.font_size default=16 neocade=12
INTENTIONAL_AUTHORED ColorPicker.stylebox.picker_focus_circle default=StyleBoxFlat(bg=#ffffffbf border=2/2/2/2 border_color=#ccccccff radius=256/256/256/256 margin=4.0/4.0/4.0/4.0 expand=0.0/0.0/0.0/0.0 shadow=0 offset=(0.0, 0.0)) neocade=StyleBoxFlat(bg=#00000000 border=2/2/2/2 border_color=#f6fc4dff radius=999/999/999/999 margin=-1.0/-1.0/-1.0/-1.0 expand=0.0/0.0/0.0/0.0 shadow=0 offset=(0.0, 0.0))
INTENTIONAL_AUTHORED ColorPicker.stylebox.picker_focus_rectangle default=StyleBoxFlat(bg=#ffffffbf border=2/2/2/2 border_color=#ccccccff radius=3/3/3/3 margin=4.0/4.0/4.0/4.0 expand=2.0/2.0/2.0/2.0 shadow=0 offset=(0.0, 0.0)) neocade=StyleBoxFlat(bg=#00000000 border=2/2/2/2 border_color=#f6fc4dff radius=2/2/2/2 margin=-1.0/-1.0/-1.0/-1.0 expand=0.0/0.0/0.0/0.0 shadow=0 offset=(0.0, 0.0))
INTENTIONAL_AUTHORED ColorPicker.stylebox.sample_focus default=StyleBoxFlat(bg=#ffffffbf border=2/2/2/2 border_color=#ccccccff radius=3/3/3/3 margin=4.0/4.0/4.0/4.0 expand=2.0/2.0/2.0/2.0 shadow=0 offset=(0.0, 0.0)) neocade=StyleBoxFlat(bg=#00000000 border=2/2/2/2 border_color=#f6fc4dff radius=0/0/0/0 margin=-1.0/-1.0/-1.0/-1.0 expand=0.0/0.0/0.0/0.0 shadow=0 offset=(0.0, 0.0))
INTENTIONAL_AUTHORED ColorPicker.color.focused_not_editing_cursor_color default=#ffffff46 neocade=#f6fc4dff
INTENTIONAL_AUTHORED ColorPicker.constant.h_width default=30 neocade=24
INTENTIONAL_AUTHORED ColorPicker.constant.label_width default=10 neocade=64
INTENTIONAL_AUTHORED ColorPicker.constant.margin default=4 neocade=8
INTENTIONAL_AUTHORED ColorPicker.constant.sv_height default=256 neocade=180
INTENTIONAL_AUTHORED ColorPicker.constant.sv_width default=256 neocade=240
INTENTIONAL_AUTHORED ColorPicker.icon.add_preset default=Texture2D(size=(16.0, 16.0) path=) neocade=Texture2D(size=(16.0, 16.0) path=res://addons/neocade_theme/icons/colorpicker_add_preset.svg)
INTENTIONAL_AUTHORED ColorPicker.icon.bar_arrow default=Texture2D(size=(16.0, 16.0) path=) neocade=Texture2D(size=(16.0, 16.0) path=res://addons/neocade_theme/icons/colorpicker_bar_arrow.svg)
INTENTIONAL_AUTHORED ColorPicker.icon.color_script default=Texture2D(size=(16.0, 16.0) path=) neocade=Texture2D(size=(16.0, 16.0) path=res://addons/neocade_theme/icons/colorpicker_color_script.svg)
INTENTIONAL_AUTHORED ColorPicker.icon.expanded_arrow default=Texture2D(size=(16.0, 16.0) path=) neocade=Texture2D(size=(16.0, 16.0) path=res://addons/neocade_theme/icons/colorpicker_expanded_arrow.svg)
INTENTIONAL_AUTHORED ColorPicker.icon.folded_arrow default=Texture2D(size=(16.0, 16.0) path=) neocade=Texture2D(size=(16.0, 16.0) path=res://addons/neocade_theme/icons/colorpicker_folded_arrow.svg)
INTENTIONAL_AUTHORED ColorPicker.icon.menu_option default=Texture2D(size=(16.0, 16.0) path=) neocade=Texture2D(size=(16.0, 16.0) path=res://addons/neocade_theme/icons/colorpicker_menu_option.svg)
INTENTIONAL_AUTHORED ColorPicker.icon.overbright_indicator default=Texture2D(size=(16.0, 16.0) path=) neocade=Texture2D(size=(16.0, 16.0) path=res://addons/neocade_theme/icons/colorpicker_overbright_indicator.svg)
INTENTIONAL_AUTHORED ColorPicker.icon.picker_cursor default=Texture2D(size=(12.0, 12.0) path=) neocade=Texture2D(size=(16.0, 16.0) path=res://addons/neocade_theme/icons/colorpicker_picker_cursor.svg)
INTENTIONAL_AUTHORED ColorPicker.icon.picker_cursor_bg default=Texture2D(size=(12.0, 12.0) path=) neocade=Texture2D(size=(16.0, 16.0) path=res://addons/neocade_theme/icons/colorpicker_picker_cursor_bg.svg)
INTENTIONAL_AUTHORED ColorPicker.icon.sample_bg default=Texture2D(size=(16.0, 16.0) path=) neocade=Texture2D(size=(8.0, 8.0) path=res://addons/neocade_theme/icons/colorpicker_sample_bg.svg)
INTENTIONAL_AUTHORED ColorPicker.icon.sample_revert default=Texture2D(size=(16.0, 16.0) path=) neocade=Texture2D(size=(16.0, 16.0) path=res://addons/neocade_theme/icons/colorpicker_sample_revert.svg)
INTENTIONAL_AUTHORED ColorPicker.icon.screen_picker default=Texture2D(size=(16.0, 16.0) path=) neocade=Texture2D(size=(16.0, 16.0) path=res://addons/neocade_theme/icons/colorpicker_screen_picker.svg)
INTENTIONAL_AUTHORED ColorPicker.icon.shape_circle default=Texture2D(size=(16.0, 16.0) path=) neocade=Texture2D(size=(16.0, 16.0) path=res://addons/neocade_theme/icons/colorpicker_shape_circle.svg)
INTENTIONAL_AUTHORED ColorPicker.icon.shape_rect default=Texture2D(size=(16.0, 16.0) path=) neocade=Texture2D(size=(16.0, 16.0) path=res://addons/neocade_theme/icons/colorpicker_shape_rect.svg)
INTENTIONAL_AUTHORED ColorPicker.icon.shape_rect_wheel default=Texture2D(size=(16.0, 16.0) path=) neocade=Texture2D(size=(16.0, 16.0) path=res://addons/neocade_theme/icons/colorpicker_shape_rect_wheel.svg)
INTENTIONAL_AUTHORED ColorPickerButton.stylebox.disabled default=StyleBoxFlat(bg=#1a1a1a4d border=0/0/0/0 border_color=#ccccccff radius=3/3/3/3 margin=4.0/4.0/4.0/4.0 expand=0.0/0.0/0.0/0.0 shadow=0 offset=(0.0, 0.0)) neocade=StyleBoxFlat(bg=#717742ff border=0/0/0/0 border_color=#0f1523ff radius=0/0/0/0 margin=1.0/1.0/1.0/1.0 expand=0.0/0.0/0.0/0.0 shadow=0 offset=(0.0, 0.0))
INTENTIONAL_AUTHORED ColorPickerButton.stylebox.focus default=StyleBoxFlat(bg=#ffffffbf border=2/2/2/2 border_color=#ccccccff radius=3/3/3/3 margin=4.0/4.0/4.0/4.0 expand=2.0/2.0/2.0/2.0 shadow=0 offset=(0.0, 0.0)) neocade=StyleBoxFlat(bg=#00000000 border=2/2/2/2 border_color=#f6fc4dff radius=0/0/0/0 margin=-1.0/-1.0/-1.0/-1.0 expand=0.0/0.0/0.0/0.0 shadow=0 offset=(0.0, 0.0))
INTENTIONAL_AUTHORED ColorPickerButton.stylebox.hover default=StyleBoxFlat(bg=#39393999 border=0/0/0/0 border_color=#ccccccff radius=3/3/3/3 margin=4.0/4.0/4.0/4.0 expand=0.0/0.0/0.0/0.0 shadow=0 offset=(0.0, 0.0)) neocade=StyleBoxFlat(bg=#e5df3eff border=1/1/1/1 border_color=#85832bff radius=0/0/0/0 margin=1.0/1.0/1.0/1.0 expand=0.0/0.0/0.0/0.0 shadow=0 offset=(0.0, 0.0))
INTENTIONAL_AUTHORED ColorPickerButton.stylebox.normal default=StyleBoxFlat(bg=#1a1a1a99 border=0/0/0/0 border_color=#ccccccff radius=3/3/3/3 margin=4.0/4.0/4.0/4.0 expand=0.0/0.0/0.0/0.0 shadow=0 offset=(0.0, 0.0)) neocade=StyleBoxFlat(bg=#f4ee42ff border=1/1/1/1 border_color=#8d8b2dff radius=0/0/0/0 margin=1.0/1.0/1.0/1.0 expand=0.0/0.0/0.0/0.0 shadow=0 offset=(0.0, 0.0))
INTENTIONAL_AUTHORED ColorPickerButton.stylebox.pressed default=StyleBoxFlat(bg=#00000099 border=0/0/0/0 border_color=#ccccccff radius=3/3/3/3 margin=4.0/4.0/4.0/4.0 expand=0.0/0.0/0.0/0.0 shadow=0 offset=(0.0, 0.0)) neocade=StyleBoxFlat(bg=#dbd63bff border=1/1/1/1 border_color=#807e29ff radius=0/0/0/0 margin=1.0/1.0/1.0/1.0 expand=0.0/0.0/0.0/0.0 shadow=0 offset=(0.0, 0.0))
INTENTIONAL_AUTHORED ColorPickerButton.color.font_color default=#ffffffff neocade=#000000ff
INTENTIONAL_AUTHORED ColorPickerButton.color.font_disabled_color default=#e5e5e54d neocade=#ffffff6b
INTENTIONAL_AUTHORED ColorPickerButton.color.font_focus_color default=#ffffffff neocade=#000000ff
INTENTIONAL_AUTHORED ColorPickerButton.color.font_hover_color default=#ffffffff neocade=#000000ff
INTENTIONAL_AUTHORED ColorPickerButton.color.font_outline_color default=#000000ff neocade=#0f1523ff
INTENTIONAL_AUTHORED ColorPickerButton.color.font_pressed_color default=#ccccccff neocade=#000000ff
INTENTIONAL_AUTHORED ColorPickerButton.constant.h_separation default=4 neocade=8
INTENTIONAL_AUTHORED ColorPickerButton.font.font default=Font(path=) neocade=Font(path=res://addons/neocade_theme/fonts/inter_variable.ttf)
INTENTIONAL_AUTHORED ColorPickerButton.font_size.font_size default=16 neocade=14
INTENTIONAL_AUTHORED ColorPickerButton.icon.bg default=Texture2D(size=(16.0, 16.0) path=) neocade=Texture2D(size=(8.0, 8.0) path=res://addons/neocade_theme/icons/colorpicker_button_bg.svg)
INTENTIONAL_AUTHORED ColorPresetButton.stylebox.preset_fg default=StyleBoxFlat(bg=#ffffffff border=0/0/0/0 border_color=#ccccccff radius=2/2/2/2 margin=2.0/2.0/2.0/2.0 expand=0.0/0.0/0.0/0.0 shadow=0 offset=(0.0, 0.0)) neocade=StyleBoxFlat(bg=#f4ee42ff border=1/1/1/1 border_color=#8d8b2dff radius=0/0/0/0 margin=0.0/0.0/0.0/0.0 expand=0.0/0.0/0.0/0.0 shadow=0 offset=(0.0, 0.0))
INTENTIONAL_AUTHORED ColorPresetButton.stylebox.preset_focus default=StyleBoxFlat(bg=#ffffffbf border=2/2/2/2 border_color=#ccccccff radius=3/3/3/3 margin=4.0/4.0/4.0/4.0 expand=2.0/2.0/2.0/2.0 shadow=0 offset=(0.0, 0.0)) neocade=StyleBoxFlat(bg=#00000000 border=2/2/2/2 border_color=#f6fc4dff radius=0/0/0/0 margin=-1.0/-1.0/-1.0/-1.0 expand=0.0/0.0/0.0/0.0 shadow=0 offset=(0.0, 0.0))
INTENTIONAL_AUTHORED ColorPresetButton.icon.overbright_indicator default=Texture2D(size=(16.0, 16.0) path=) neocade=Texture2D(size=(16.0, 16.0) path=res://addons/neocade_theme/icons/colorpicker_overbright_indicator.svg)
INTENTIONAL_AUTHORED ColorPresetButton.icon.preset_bg default=Texture2D(size=(16.0, 16.0) path=) neocade=Texture2D(size=(8.0, 8.0) path=res://addons/neocade_theme/icons/colorpicker_sample_bg.svg)
INTENTIONAL_AUTHORED ConfirmationDialog.stylebox.panel default=<missing> neocade=StyleBoxFlat(bg=#151e2fff border=1/1/1/1 border_color=#0f1523ff radius=0/0/0/0 margin=12.0/10.0/12.0/10.0 expand=0.0/0.0/0.0/0.0 shadow=0 offset=(0.0, 0.0))
INTENTIONAL_AUTHORED ConfirmationDialog.constant.buttons_separation default=<missing> neocade=8
INTENTIONAL_AUTHORED DangerButton.stylebox.disabled default=<missing> neocade=StyleBoxFlat(bg=#c631516b border=0/0/0/0 border_color=#0f1523ff radius=0/0/0/0 margin=14.0/9.0/14.0/9.0 expand=0.0/0.0/0.0/0.0 shadow=0 offset=(0.0, 0.0))
INTENTIONAL_AUTHORED DangerButton.stylebox.focus default=<missing> neocade=StyleBoxFlat(bg=#00000000 border=2/2/2/2 border_color=#f6fc4dff radius=0/0/0/0 margin=-1.0/-1.0/-1.0/-1.0 expand=0.0/0.0/0.0/0.0 shadow=0 offset=(0.0, 0.0))
INTENTIONAL_AUTHORED DangerButton.stylebox.hover default=<missing> neocade=StyleBoxFlat(bg=#d05670ff border=1/1/1/1 border_color=#d36079ff radius=0/0/0/0 margin=14.0/9.0/14.0/9.0 expand=0.0/0.0/0.0/0.0 shadow=0 offset=(0.0, 0.0))
INTENTIONAL_AUTHORED DangerButton.stylebox.hover_pressed default=<missing> neocade=StyleBoxFlat(bg=#d76f85ff border=1/1/1/1 border_color=#d9778dff radius=0/0/0/0 margin=14.0/9.0/14.0/9.0 expand=0.0/0.0/0.0/0.0 shadow=0 offset=(0.0, 0.0))
INTENTIONAL_AUTHORED DangerButton.stylebox.normal default=<missing> neocade=StyleBoxFlat(bg=#c63151ff border=1/1/1/1 border_color=#752037ff radius=0/0/0/0 margin=14.0/9.0/14.0/9.0 expand=0.0/0.0/0.0/0.0 shadow=0 offset=(0.0, 0.0))
INTENTIONAL_AUTHORED DangerButton.stylebox.pressed default=<missing> neocade=StyleBoxFlat(bg=#d76f85ff border=1/1/1/1 border_color=#d9778dff radius=0/0/0/0 margin=14.0/9.0/14.0/9.0 expand=0.0/0.0/0.0/0.0 shadow=0 offset=(0.0, 0.0))
INTENTIONAL_AUTHORED DangerButton.color.font_color default=<missing> neocade=#ffffffff
INTENTIONAL_AUTHORED DangerButton.color.font_disabled_color default=<missing> neocade=#ffffff6b
INTENTIONAL_AUTHORED DangerButton.color.font_focus_color default=<missing> neocade=#ffffffff
INTENTIONAL_AUTHORED DangerButton.color.font_hover_color default=<missing> neocade=#ffffffff
INTENTIONAL_AUTHORED DangerButton.color.font_hover_pressed_color default=<missing> neocade=#ffffffff
INTENTIONAL_AUTHORED DangerButton.color.font_pressed_color default=<missing> neocade=#ffffffff
INTENTIONAL_AUTHORED DangerButton.color.icon_disabled_color default=<missing> neocade=#ffffff6b
INTENTIONAL_AUTHORED DangerButton.color.icon_focus_color default=<missing> neocade=#ffffffff
INTENTIONAL_AUTHORED DangerButton.color.icon_hover_color default=<missing> neocade=#ffffffff
INTENTIONAL_AUTHORED DangerButton.color.icon_hover_pressed_color default=<missing> neocade=#ffffffff
INTENTIONAL_AUTHORED DangerButton.color.icon_normal_color default=<missing> neocade=#ffffffff
INTENTIONAL_AUTHORED DangerButton.color.icon_pressed_color default=<missing> neocade=#ffffffff
INTENTIONAL_AUTHORED DangerButton.constant.h_separation default=<missing> neocade=8
INTENTIONAL_AUTHORED DangerButton.font.font default=Font(path=) neocade=Font(path=res://addons/neocade_theme/fonts/inter_variable.ttf)
INTENTIONAL_AUTHORED DangerButton.font_size.font_size default=16 neocade=14
INTENTIONAL_AUTHORED DangerLabel.color.font_color default=<missing> neocade=#c63151ff
INTENTIONAL_AUTHORED DangerLabel.font.font default=Font(path=) neocade=Font(path=res://addons/neocade_theme/fonts/inter_variable.ttf)
INTENTIONAL_AUTHORED DangerLabel.font_size.font_size default=16 neocade=14
INTENTIONAL_AUTHORED DangerPanel.stylebox.panel default=<missing> neocade=StyleBoxFlat(bg=#c631510f border=1/1/1/1 border_color=#0f1523ff radius=0/0/0/0 margin=12.0/10.0/12.0/10.0 expand=0.0/0.0/0.0/0.0 shadow=0 offset=(0.0, 0.0))
INTENTIONAL_AUTHORED DialogLabel.color.font_color default=<missing> neocade=#ffffffff
INTENTIONAL_AUTHORED DialogLabel.font.font default=Font(path=) neocade=Font(path=res://addons/neocade_theme/fonts/inter_variable.ttf)
INTENTIONAL_AUTHORED DialogLabel.font_size.font_size default=16 neocade=14
INTENTIONAL_AUTHORED DialogRichTextLabel.stylebox.focus default=<missing> neocade=StyleBoxFlat(bg=#151e2f00 border=0/0/0/0 border_color=#0f1523ff radius=0/0/0/0 margin=0.0/0.0/0.0/0.0 expand=0.0/0.0/0.0/0.0 shadow=0 offset=(0.0, 0.0))
INTENTIONAL_AUTHORED DialogRichTextLabel.stylebox.normal default=<missing> neocade=StyleBoxFlat(bg=#151e2f00 border=0/0/0/0 border_color=#0f1523ff radius=0/0/0/0 margin=0.0/0.0/0.0/0.0 expand=0.0/0.0/0.0/0.0 shadow=0 offset=(0.0, 0.0))
INTENTIONAL_AUTHORED DialogRichTextLabel.color.default_color default=<missing> neocade=#ffffffff
INTENTIONAL_AUTHORED DialogRichTextLabel.color.font_selected_color default=<missing> neocade=#000000ff
INTENTIONAL_AUTHORED DialogRichTextLabel.color.selection_color default=<missing> neocade=#f6fc4dff
INTENTIONAL_AUTHORED DialogRichTextLabel.font.normal_font default=Font(path=) neocade=Font(path=res://addons/neocade_theme/fonts/inter_variable.ttf)
INTENTIONAL_AUTHORED DialogRichTextLabel.font_size.normal_font_size default=16 neocade=14
INTENTIONAL_AUTHORED FileDialog.color.file_disabled_color default=#ffffff40 neocade=#abaeb46b
INTENTIONAL_AUTHORED FileDialog.color.folder_icon_color default=#ffffffff neocade=#999c30ff
INTENTIONAL_AUTHORED FileDialog.constant.thumbnail_size default=64 neocade=96
INTENTIONAL_AUTHORED FileDialog.icon.back_folder default=Texture2D(size=(16.0, 16.0) path=) neocade=Texture2D(size=(16.0, 16.0) path=res://addons/neocade_theme/icons/filedialog_back_folder.svg)
INTENTIONAL_AUTHORED FileDialog.icon.clear default=Texture2D(size=(16.0, 16.0) path=) neocade=Texture2D(size=(16.0, 16.0) path=res://addons/neocade_theme/icons/filedialog_clear.svg)
INTENTIONAL_AUTHORED FileDialog.icon.create_folder default=Texture2D(size=(16.0, 16.0) path=) neocade=Texture2D(size=(16.0, 16.0) path=res://addons/neocade_theme/icons/filedialog_create_folder.svg)
INTENTIONAL_AUTHORED FileDialog.icon.favorite default=Texture2D(size=(16.0, 16.0) path=) neocade=Texture2D(size=(16.0, 16.0) path=res://addons/neocade_theme/icons/filedialog_favorite.svg)
INTENTIONAL_AUTHORED FileDialog.icon.favorite_down default=Texture2D(size=(16.0, 16.0) path=) neocade=Texture2D(size=(16.0, 16.0) path=res://addons/neocade_theme/icons/filedialog_favorite_down.svg)
INTENTIONAL_AUTHORED FileDialog.icon.favorite_up default=Texture2D(size=(16.0, 16.0) path=) neocade=Texture2D(size=(16.0, 16.0) path=res://addons/neocade_theme/icons/filedialog_favorite_up.svg)
INTENTIONAL_AUTHORED FileDialog.icon.file default=Texture2D(size=(16.0, 16.0) path=) neocade=Texture2D(size=(16.0, 16.0) path=res://addons/neocade_theme/icons/filedialog_file.svg)
INTENTIONAL_AUTHORED FileDialog.icon.file_thumbnail default=Texture2D(size=(64.0, 64.0) path=) neocade=Texture2D(size=(96.0, 96.0) path=res://addons/neocade_theme/icons/filedialog_file_thumbnail.svg)
INTENTIONAL_AUTHORED FileDialog.icon.folder default=Texture2D(size=(16.0, 16.0) path=) neocade=Texture2D(size=(16.0, 16.0) path=res://addons/neocade_theme/icons/filedialog_folder.svg)
INTENTIONAL_AUTHORED FileDialog.icon.folder_thumbnail default=Texture2D(size=(64.0, 64.0) path=) neocade=Texture2D(size=(96.0, 96.0) path=res://addons/neocade_theme/icons/filedialog_folder_thumbnail.svg)
INTENTIONAL_AUTHORED FileDialog.icon.forward_folder default=Texture2D(size=(16.0, 16.0) path=) neocade=Texture2D(size=(16.0, 16.0) path=res://addons/neocade_theme/icons/filedialog_forward_folder.svg)
INTENTIONAL_AUTHORED FileDialog.icon.list_mode default=Texture2D(size=(16.0, 16.0) path=) neocade=Texture2D(size=(16.0, 16.0) path=res://addons/neocade_theme/icons/filedialog_list_mode.svg)
INTENTIONAL_AUTHORED FileDialog.icon.load default=Texture2D(size=(16.0, 16.0) path=) neocade=Texture2D(size=(16.0, 16.0) path=res://addons/neocade_theme/icons/filedialog_load.svg)
INTENTIONAL_AUTHORED FileDialog.icon.parent_folder default=Texture2D(size=(16.0, 16.0) path=) neocade=Texture2D(size=(16.0, 16.0) path=res://addons/neocade_theme/icons/filedialog_parent_folder.svg)
INTENTIONAL_AUTHORED FileDialog.icon.reload default=Texture2D(size=(16.0, 16.0) path=) neocade=Texture2D(size=(16.0, 16.0) path=res://addons/neocade_theme/icons/filedialog_reload.svg)
INTENTIONAL_AUTHORED FileDialog.icon.save default=Texture2D(size=(16.0, 16.0) path=) neocade=Texture2D(size=(16.0, 16.0) path=res://addons/neocade_theme/icons/filedialog_save.svg)
INTENTIONAL_AUTHORED FileDialog.icon.sort default=Texture2D(size=(16.0, 16.0) path=) neocade=Texture2D(size=(16.0, 16.0) path=res://addons/neocade_theme/icons/filedialog_sort.svg)
INTENTIONAL_AUTHORED FileDialog.icon.thumbnail_mode default=Texture2D(size=(16.0, 16.0) path=) neocade=Texture2D(size=(16.0, 16.0) path=res://addons/neocade_theme/icons/filedialog_thumbnail_mode.svg)
INTENTIONAL_AUTHORED FileDialog.icon.toggle_filename_filter default=Texture2D(size=(16.0, 16.0) path=) neocade=Texture2D(size=(16.0, 16.0) path=res://addons/neocade_theme/icons/filedialog_toggle_filename_filter.svg)
INTENTIONAL_AUTHORED FileDialog.icon.toggle_hidden default=Texture2D(size=(16.0, 16.0) path=) neocade=Texture2D(size=(16.0, 16.0) path=res://addons/neocade_theme/icons/filedialog_toggle_hidden.svg)
INTENTIONAL_AUTHORED FilledTabContainer.stylebox.tabbar_background default=<missing> neocade=StyleBoxFlat(bg=#151e2fff border=0/0/0/0 border_color=#0f1523ff radius=0/0/0/0 margin=0.0/0.0/0.0/0.0 expand=0.0/0.0/0.0/0.0 shadow=0 offset=(0.0, 0.0))
INTENTIONAL_AUTHORED FlatButton.stylebox.disabled default=StyleBoxEmpty neocade=StyleBoxFlat(bg=#212e4200 border=0/0/0/0 border_color=#0f1523ff radius=0/0/0/0 margin=6.0/4.0/6.0/4.0 expand=0.0/0.0/0.0/0.0 shadow=0 offset=(0.0, 0.0))
INTENTIONAL_AUTHORED FlatButton.stylebox.disabled_mirrored default=<missing> neocade=StyleBoxFlat(bg=#212e4200 border=0/0/0/0 border_color=#0f1523ff radius=0/0/0/0 margin=6.0/4.0/6.0/4.0 expand=0.0/0.0/0.0/0.0 shadow=0 offset=(0.0, 0.0))
INTENTIONAL_AUTHORED FlatButton.stylebox.focus default=<missing> neocade=StyleBoxFlat(bg=#00000000 border=2/2/2/2 border_color=#f6fc4dff radius=0/0/0/0 margin=-1.0/-1.0/-1.0/-1.0 expand=0.0/0.0/0.0/0.0 shadow=0 offset=(0.0, 0.0))
INTENTIONAL_AUTHORED FlatButton.stylebox.hover default=StyleBoxEmpty neocade=StyleBoxFlat(bg=#e5df3eff border=0/0/0/0 border_color=#0f1523ff radius=0/0/0/0 margin=6.0/4.0/6.0/4.0 expand=0.0/0.0/0.0/0.0 shadow=0 offset=(0.0, 0.0))
INTENTIONAL_AUTHORED FlatButton.stylebox.hover_mirrored default=<missing> neocade=StyleBoxFlat(bg=#e5df3eff border=0/0/0/0 border_color=#0f1523ff radius=0/0/0/0 margin=6.0/4.0/6.0/4.0 expand=0.0/0.0/0.0/0.0 shadow=0 offset=(0.0, 0.0))
INTENTIONAL_AUTHORED FlatButton.stylebox.hover_pressed default=<missing> neocade=StyleBoxFlat(bg=#dbd63bff border=0/0/0/0 border_color=#0f1523ff radius=0/0/0/0 margin=6.0/4.0/6.0/4.0 expand=0.0/0.0/0.0/0.0 shadow=0 offset=(0.0, 0.0))
INTENTIONAL_AUTHORED FlatButton.stylebox.hover_pressed_mirrored default=<missing> neocade=StyleBoxFlat(bg=#dbd63bff border=0/0/0/0 border_color=#0f1523ff radius=0/0/0/0 margin=6.0/4.0/6.0/4.0 expand=0.0/0.0/0.0/0.0 shadow=0 offset=(0.0, 0.0))
INTENTIONAL_AUTHORED FlatButton.stylebox.normal default=StyleBoxEmpty neocade=StyleBoxFlat(bg=#212e4200 border=0/0/0/0 border_color=#0f1523ff radius=0/0/0/0 margin=6.0/4.0/6.0/4.0 expand=0.0/0.0/0.0/0.0 shadow=0 offset=(0.0, 0.0))
INTENTIONAL_AUTHORED FlatButton.stylebox.normal_mirrored default=<missing> neocade=StyleBoxFlat(bg=#212e4200 border=0/0/0/0 border_color=#0f1523ff radius=0/0/0/0 margin=6.0/4.0/6.0/4.0 expand=0.0/0.0/0.0/0.0 shadow=0 offset=(0.0, 0.0))
INTENTIONAL_AUTHORED FlatButton.stylebox.pressed default=StyleBoxFlat(bg=#00000082 border=0/0/0/0 border_color=#ccccccff radius=3/3/3/3 margin=4.0/4.0/4.0/4.0 expand=0.0/0.0/0.0/0.0 shadow=0 offset=(0.0, 0.0)) neocade=StyleBoxFlat(bg=#dbd63bff border=0/0/0/0 border_color=#0f1523ff radius=0/0/0/0 margin=6.0/4.0/6.0/4.0 expand=0.0/0.0/0.0/0.0 shadow=0 offset=(0.0, 0.0))
INTENTIONAL_AUTHORED FlatButton.stylebox.pressed_mirrored default=<missing> neocade=StyleBoxFlat(bg=#dbd63bff border=0/0/0/0 border_color=#0f1523ff radius=0/0/0/0 margin=6.0/4.0/6.0/4.0 expand=0.0/0.0/0.0/0.0 shadow=0 offset=(0.0, 0.0))
INTENTIONAL_AUTHORED FlatButton.color.font_color default=<missing> neocade=#ffffffff
INTENTIONAL_AUTHORED FlatButton.color.font_disabled_color default=<missing> neocade=#ffffff6b
INTENTIONAL_AUTHORED FlatButton.color.font_focus_color default=<missing> neocade=#ffffffff
INTENTIONAL_AUTHORED FlatButton.color.font_hover_color default=<missing> neocade=#ffffffff
INTENTIONAL_AUTHORED FlatButton.color.font_hover_pressed_color default=<missing> neocade=#ffffffff
INTENTIONAL_AUTHORED FlatButton.color.font_pressed_color default=<missing> neocade=#ffffffff
INTENTIONAL_AUTHORED FlatButton.color.icon_disabled_color default=<missing> neocade=#ffffff6b
INTENTIONAL_AUTHORED FlatButton.color.icon_focus_color default=<missing> neocade=#ffffffff
INTENTIONAL_AUTHORED FlatButton.color.icon_hover_color default=<missing> neocade=#ffffffff
INTENTIONAL_AUTHORED FlatButton.color.icon_hover_pressed_color default=<missing> neocade=#f6fc4dff
INTENTIONAL_AUTHORED FlatButton.color.icon_normal_color default=<missing> neocade=#ffffffff
INTENTIONAL_AUTHORED FlatButton.color.icon_pressed_color default=<missing> neocade=#f6fc4dff
INTENTIONAL_AUTHORED FlatButton.constant.h_separation default=<missing> neocade=4
INTENTIONAL_AUTHORED FlatButton.font.font default=Font(path=) neocade=Font(path=res://addons/neocade_theme/fonts/inter_variable.ttf)
INTENTIONAL_AUTHORED FlatButton.font_size.font_size default=16 neocade=14
INTENTIONAL_AUTHORED FlatButtonNoIconTint.color.icon_hover_color default=<missing> neocade=#ffffffff
INTENTIONAL_AUTHORED FlatButtonNoIconTint.color.icon_hover_pressed_color default=<missing> neocade=#ffffffff
INTENTIONAL_AUTHORED FlatButtonNoIconTint.color.icon_pressed_color default=<missing> neocade=#ffffffff
INTENTIONAL_AUTHORED FlatMenuButton.stylebox.disabled default=StyleBoxEmpty neocade=StyleBoxFlat(bg=#212e4200 border=0/0/0/0 border_color=#0f1523ff radius=0/0/0/0 margin=6.0/4.0/6.0/4.0 expand=0.0/0.0/0.0/0.0 shadow=0 offset=(0.0, 0.0))
INTENTIONAL_AUTHORED FlatMenuButton.stylebox.disabled_mirrored default=<missing> neocade=StyleBoxFlat(bg=#212e4200 border=0/0/0/0 border_color=#0f1523ff radius=0/0/0/0 margin=6.0/4.0/6.0/4.0 expand=0.0/0.0/0.0/0.0 shadow=0 offset=(0.0, 0.0))
INTENTIONAL_AUTHORED FlatMenuButton.stylebox.focus default=<missing> neocade=StyleBoxFlat(bg=#212e4200 border=0/0/0/0 border_color=#0f1523ff radius=0/0/0/0 margin=6.0/4.0/6.0/4.0 expand=0.0/0.0/0.0/0.0 shadow=0 offset=(0.0, 0.0))
INTENTIONAL_AUTHORED FlatMenuButton.stylebox.hover default=StyleBoxEmpty neocade=StyleBoxFlat(bg=#e5df3eff border=0/0/0/0 border_color=#0f1523ff radius=0/0/0/0 margin=6.0/4.0/6.0/4.0 expand=0.0/0.0/0.0/0.0 shadow=0 offset=(0.0, 0.0))
INTENTIONAL_AUTHORED FlatMenuButton.stylebox.hover_mirrored default=<missing> neocade=StyleBoxFlat(bg=#e5df3eff border=0/0/0/0 border_color=#0f1523ff radius=0/0/0/0 margin=6.0/4.0/6.0/4.0 expand=0.0/0.0/0.0/0.0 shadow=0 offset=(0.0, 0.0))
INTENTIONAL_AUTHORED FlatMenuButton.stylebox.hover_pressed default=<missing> neocade=StyleBoxFlat(bg=#dbd63bff border=0/0/0/0 border_color=#0f1523ff radius=0/0/0/0 margin=6.0/4.0/6.0/4.0 expand=0.0/0.0/0.0/0.0 shadow=0 offset=(0.0, 0.0))
INTENTIONAL_AUTHORED FlatMenuButton.stylebox.hover_pressed_mirrored default=<missing> neocade=StyleBoxFlat(bg=#dbd63bff border=0/0/0/0 border_color=#0f1523ff radius=0/0/0/0 margin=6.0/4.0/6.0/4.0 expand=0.0/0.0/0.0/0.0 shadow=0 offset=(0.0, 0.0))
INTENTIONAL_AUTHORED FlatMenuButton.stylebox.normal default=StyleBoxEmpty neocade=StyleBoxFlat(bg=#212e4200 border=0/0/0/0 border_color=#0f1523ff radius=0/0/0/0 margin=6.0/4.0/6.0/4.0 expand=0.0/0.0/0.0/0.0 shadow=0 offset=(0.0, 0.0))
INTENTIONAL_AUTHORED FlatMenuButton.stylebox.normal_mirrored default=<missing> neocade=StyleBoxFlat(bg=#212e4200 border=0/0/0/0 border_color=#0f1523ff radius=0/0/0/0 margin=6.0/4.0/6.0/4.0 expand=0.0/0.0/0.0/0.0 shadow=0 offset=(0.0, 0.0))
INTENTIONAL_AUTHORED FlatMenuButton.stylebox.pressed default=StyleBoxFlat(bg=#00000082 border=0/0/0/0 border_color=#ccccccff radius=3/3/3/3 margin=4.0/4.0/4.0/4.0 expand=0.0/0.0/0.0/0.0 shadow=0 offset=(0.0, 0.0)) neocade=StyleBoxFlat(bg=#dbd63bff border=0/0/0/0 border_color=#0f1523ff radius=0/0/0/0 margin=6.0/4.0/6.0/4.0 expand=0.0/0.0/0.0/0.0 shadow=0 offset=(0.0, 0.0))
INTENTIONAL_AUTHORED FlatMenuButton.stylebox.pressed_mirrored default=<missing> neocade=StyleBoxFlat(bg=#dbd63bff border=0/0/0/0 border_color=#0f1523ff radius=0/0/0/0 margin=6.0/4.0/6.0/4.0 expand=0.0/0.0/0.0/0.0 shadow=0 offset=(0.0, 0.0))
INTENTIONAL_AUTHORED FlatMenuButton.color.font_color default=<missing> neocade=#ffffffff
INTENTIONAL_AUTHORED FlatMenuButton.color.font_disabled_color default=<missing> neocade=#ffffff6b
INTENTIONAL_AUTHORED FlatMenuButton.color.font_focus_color default=<missing> neocade=#ffffffff
INTENTIONAL_AUTHORED FlatMenuButton.color.font_hover_color default=<missing> neocade=#ffffffff
INTENTIONAL_AUTHORED FlatMenuButton.color.font_hover_pressed_color default=<missing> neocade=#ffffffff
INTENTIONAL_AUTHORED FlatMenuButton.color.font_pressed_color default=<missing> neocade=#ffffffff
INTENTIONAL_AUTHORED FlatMenuButton.color.icon_disabled_color default=<missing> neocade=#ffffff6b
INTENTIONAL_AUTHORED FlatMenuButton.color.icon_focus_color default=<missing> neocade=#ffffffff
INTENTIONAL_AUTHORED FlatMenuButton.color.icon_hover_color default=<missing> neocade=#ffffffff
INTENTIONAL_AUTHORED FlatMenuButton.color.icon_hover_pressed_color default=<missing> neocade=#f6fc4dff
INTENTIONAL_AUTHORED FlatMenuButton.color.icon_normal_color default=<missing> neocade=#ffffffff
INTENTIONAL_AUTHORED FlatMenuButton.color.icon_pressed_color default=<missing> neocade=#f6fc4dff
INTENTIONAL_AUTHORED FlatMenuButton.constant.h_separation default=<missing> neocade=4
INTENTIONAL_AUTHORED FlatMenuButton.font.font default=Font(path=) neocade=Font(path=res://addons/neocade_theme/fonts/inter_variable.ttf)
INTENTIONAL_AUTHORED FlatMenuButton.font_size.font_size default=16 neocade=14
INTENTIONAL_AUTHORED FlatMenuButtonNoIconTint.color.icon_hover_color default=<missing> neocade=#ffffffff
INTENTIONAL_AUTHORED FlatMenuButtonNoIconTint.color.icon_hover_pressed_color default=<missing> neocade=#ffffffff
INTENTIONAL_AUTHORED FlatMenuButtonNoIconTint.color.icon_pressed_color default=<missing> neocade=#ffffffff
INTENTIONAL_AUTHORED FoldableContainer.stylebox.focus default=StyleBoxFlat(bg=#ffffffbf border=2/2/2/2 border_color=#ccccccff radius=3/3/3/3 margin=4.0/4.0/4.0/4.0 expand=0.0/0.0/0.0/0.0 shadow=0 offset=(0.0, 0.0)) neocade=StyleBoxFlat(bg=#00000000 border=2/2/2/2 border_color=#f6fc4dff radius=0/0/0/0 margin=-1.0/-1.0/-1.0/-1.0 expand=0.0/0.0/0.0/0.0 shadow=0 offset=(0.0, 0.0))
INTENTIONAL_AUTHORED FoldableContainer.stylebox.panel default=StyleBoxFlat(bg=#1a1a1a99 border=0/0/0/0 border_color=#ccccccff radius=0/0/3/3 margin=4.0/4.0/4.0/4.0 expand=0.0/0.0/0.0/0.0 shadow=0 offset=(0.0, 0.0)) neocade=StyleBoxFlat(bg=#212e42ff border=1/1/1/1 border_color=#0f1523ff radius=0/0/0/0 margin=0.0/0.0/0.0/0.0 expand=0.0/0.0/0.0/0.0 shadow=0 offset=(0.0, 0.0))
INTENTIONAL_AUTHORED FoldableContainer.stylebox.title_collapsed_hover_panel default=StyleBoxFlat(bg=#39393999 border=0/0/0/0 border_color=#ccccccff radius=3/3/3/3 margin=4.0/4.0/4.0/4.0 expand=0.0/0.0/0.0/0.0 shadow=0 offset=(0.0, 0.0)) neocade=StyleBoxFlat(bg=#e5df3eff border=0/0/0/0 border_color=#0f1523ff radius=0/0/0/0 margin=0.0/0.0/0.0/0.0 expand=0.0/0.0/0.0/0.0 shadow=0 offset=(0.0, 0.0))
INTENTIONAL_AUTHORED FoldableContainer.stylebox.title_collapsed_panel default=StyleBoxFlat(bg=#00000099 border=0/0/0/0 border_color=#ccccccff radius=3/3/3/3 margin=4.0/4.0/4.0/4.0 expand=0.0/0.0/0.0/0.0 shadow=0 offset=(0.0, 0.0)) neocade=StyleBoxFlat(bg=#212e42ff border=1/1/1/1 border_color=#0f1523ff radius=0/0/0/0 margin=0.0/0.0/0.0/0.0 expand=0.0/0.0/0.0/0.0 shadow=0 offset=(0.0, 0.0))
INTENTIONAL_AUTHORED FoldableContainer.stylebox.title_hover_panel default=StyleBoxFlat(bg=#39393999 border=0/0/0/0 border_color=#ccccccff radius=3/3/0/0 margin=4.0/4.0/4.0/4.0 expand=0.0/0.0/0.0/0.0 shadow=0 offset=(0.0, 0.0)) neocade=StyleBoxFlat(bg=#e5df3eff border=0/0/0/0 border_color=#0f1523ff radius=0/0/0/0 margin=0.0/0.0/0.0/0.0 expand=0.0/0.0/0.0/0.0 shadow=0 offset=(0.0, 0.0))
INTENTIONAL_AUTHORED FoldableContainer.stylebox.title_panel default=StyleBoxFlat(bg=#00000099 border=0/0/0/0 border_color=#ccccccff radius=3/3/0/0 margin=4.0/4.0/4.0/4.0 expand=0.0/0.0/0.0/0.0 shadow=0 offset=(0.0, 0.0)) neocade=StyleBoxFlat(bg=#2a3c52ff border=1/1/1/1 border_color=#0f1523ff radius=0/0/0/0 margin=0.0/0.0/0.0/0.0 expand=0.0/0.0/0.0/0.0 shadow=0 offset=(0.0, 0.0))
INTENTIONAL_AUTHORED FoldableContainer.color.font_color default=#dfdfdfff neocade=#ffffffff
INTENTIONAL_AUTHORED FoldableContainer.color.font_outline_color default=#ffffffff neocade=#0f1523ff
INTENTIONAL_AUTHORED FoldableContainer.color.hover_font_color default=#f2f2f2ff neocade=#ffffffff
INTENTIONAL_AUTHORED FoldableContainer.constant.h_separation default=2 neocade=6
INTENTIONAL_AUTHORED FoldableContainer.font.font default=Font(path=) neocade=Font(path=res://addons/neocade_theme/fonts/inter_variable.ttf)
INTENTIONAL_AUTHORED FoldableContainer.font_size.font_size default=16 neocade=14
INTENTIONAL_AUTHORED FoldableContainer.icon.expanded_arrow default=Texture2D(size=(16.0, 16.0) path=) neocade=Texture2D(size=(16.0, 16.0) path=res://addons/neocade_theme/icons/disclosure_expanded.svg)
INTENTIONAL_AUTHORED FoldableContainer.icon.expanded_arrow_mirrored default=Texture2D(size=(16.0, 16.0) path=) neocade=Texture2D(size=(16.0, 16.0) path=res://addons/neocade_theme/icons/disclosure_expanded_mirrored.svg)
INTENTIONAL_AUTHORED FoldableContainer.icon.folded_arrow default=Texture2D(size=(16.0, 16.0) path=) neocade=Texture2D(size=(16.0, 16.0) path=res://addons/neocade_theme/icons/disclosure_collapsed.svg)
INTENTIONAL_AUTHORED FoldableContainer.icon.folded_arrow_mirrored default=Texture2D(size=(16.0, 16.0) path=) neocade=Texture2D(size=(16.0, 16.0) path=res://addons/neocade_theme/icons/disclosure_collapsed_mirrored.svg)
INTENTIONAL_AUTHORED GhostButton.stylebox.disabled default=<missing> neocade=StyleBoxFlat(bg=#00000000 border=2/2/2/2 border_color=#f6fc4dff radius=0/0/0/0 margin=14.0/9.0/14.0/9.0 expand=0.0/0.0/0.0/0.0 shadow=0 offset=(0.0, 0.0))
INTENTIONAL_AUTHORED GhostButton.stylebox.focus default=<missing> neocade=StyleBoxFlat(bg=#00000000 border=2/2/2/2 border_color=#f6fc4dff radius=0/0/0/0 margin=-1.0/-1.0/-1.0/-1.0 expand=0.0/0.0/0.0/0.0 shadow=0 offset=(0.0, 0.0))
INTENTIONAL_AUTHORED GhostButton.stylebox.hover default=<missing> neocade=StyleBoxFlat(bg=#f6fc4d14 border=2/2/2/2 border_color=#f6fc4dff radius=0/0/0/0 margin=14.0/9.0/14.0/9.0 expand=0.0/0.0/0.0/0.0 shadow=0 offset=(0.0, 0.0))
INTENTIONAL_AUTHORED GhostButton.stylebox.hover_pressed default=<missing> neocade=StyleBoxFlat(bg=#f6fc4d1f border=2/2/2/2 border_color=#f6fc4dff radius=0/0/0/0 margin=14.0/9.0/14.0/9.0 expand=0.0/0.0/0.0/0.0 shadow=0 offset=(0.0, 0.0))
INTENTIONAL_AUTHORED GhostButton.stylebox.normal default=<missing> neocade=StyleBoxFlat(bg=#00000000 border=2/2/2/2 border_color=#f6fc4dff radius=0/0/0/0 margin=14.0/9.0/14.0/9.0 expand=0.0/0.0/0.0/0.0 shadow=0 offset=(0.0, 0.0))
INTENTIONAL_AUTHORED GhostButton.stylebox.pressed default=<missing> neocade=StyleBoxFlat(bg=#f6fc4d1f border=2/2/2/2 border_color=#f6fc4dff radius=0/0/0/0 margin=14.0/9.0/14.0/9.0 expand=0.0/0.0/0.0/0.0 shadow=0 offset=(0.0, 0.0))
INTENTIONAL_AUTHORED GhostButton.color.font_color default=<missing> neocade=#f6fc4dff
INTENTIONAL_AUTHORED GhostButton.color.font_disabled_color default=<missing> neocade=#f6fc4d6b
INTENTIONAL_AUTHORED GhostButton.color.font_focus_color default=<missing> neocade=#f6fc4dff
INTENTIONAL_AUTHORED GhostButton.color.font_hover_color default=<missing> neocade=#f6fc4dff
INTENTIONAL_AUTHORED GhostButton.color.font_hover_pressed_color default=<missing> neocade=#f6fc4dff
INTENTIONAL_AUTHORED GhostButton.color.font_pressed_color default=<missing> neocade=#f6fc4dff
INTENTIONAL_AUTHORED GhostButton.color.icon_disabled_color default=<missing> neocade=#f6fc4d6b
INTENTIONAL_AUTHORED GhostButton.color.icon_focus_color default=<missing> neocade=#f6fc4dff
INTENTIONAL_AUTHORED GhostButton.color.icon_hover_color default=<missing> neocade=#f6fc4dff
INTENTIONAL_AUTHORED GhostButton.color.icon_hover_pressed_color default=<missing> neocade=#f6fc4dff
INTENTIONAL_AUTHORED GhostButton.color.icon_normal_color default=<missing> neocade=#f6fc4dff
INTENTIONAL_AUTHORED GhostButton.color.icon_pressed_color default=<missing> neocade=#f6fc4dff
INTENTIONAL_AUTHORED GhostButton.constant.h_separation default=<missing> neocade=8
INTENTIONAL_AUTHORED GhostButton.font.font default=Font(path=) neocade=Font(path=res://addons/neocade_theme/fonts/inter_variable.ttf)
INTENTIONAL_AUTHORED GhostButton.font_size.font_size default=16 neocade=14
INTENTIONAL_AUTHORED GraphEdit.stylebox.menu_panel default=StyleBoxFlat(bg=#3d3d3d99 border=0/0/0/0 border_color=#ccccccff radius=3/3/3/3 margin=4.0/2.0/4.0/2.0 expand=0.0/0.0/0.0/0.0 shadow=0 offset=(0.0, 0.0)) neocade=StyleBoxFlat(bg=#212e42ff border=1/1/1/1 border_color=#0f1523ff radius=0/0/0/0 margin=6.0/4.0/6.0/4.0 expand=0.0/0.0/0.0/0.0 shadow=0 offset=(0.0, 0.0))
INTENTIONAL_AUTHORED GraphEdit.stylebox.panel default=StyleBoxFlat(bg=#1a1a1a99 border=0/0/0/0 border_color=#ccccccff radius=3/3/3/3 margin=4.0/4.0/4.0/5.0 expand=0.0/0.0/0.0/0.0 shadow=0 offset=(0.0, 0.0)) neocade=StyleBoxFlat(bg=#111824ff border=1/1/1/1 border_color=#0f1523ff radius=0/0/0/0 margin=0.0/0.0/0.0/0.0 expand=0.0/0.0/0.0/0.0 shadow=0 offset=(0.0, 0.0))
INTENTIONAL_AUTHORED GraphEdit.stylebox.panel_focus default=StyleBoxFlat(bg=#ffffffbf border=2/2/2/2 border_color=#ccccccff radius=3/3/3/3 margin=4.0/4.0/4.0/4.0 expand=2.0/2.0/2.0/2.0 shadow=0 offset=(0.0, 0.0)) neocade=StyleBoxFlat(bg=#00000000 border=2/2/2/2 border_color=#f6fc4dff radius=0/0/0/0 margin=-1.0/-1.0/-1.0/-1.0 expand=0.0/0.0/0.0/0.0 shadow=0 offset=(0.0, 0.0))
INTENTIONAL_AUTHORED GraphEdit.color.activity default=#ffffffff neocade=#f6fc4df2
INTENTIONAL_AUTHORED GraphEdit.color.connection_hover_tint_color default=#0000004d neocade=#f6fc4de0
INTENTIONAL_AUTHORED GraphEdit.color.connection_rim_color default=#1a1a1a99 neocade=#0f152399
INTENTIONAL_AUTHORED GraphEdit.color.connection_valid_target_tint_color default=#ffffff66 neocade=#3cdf82e0
INTENTIONAL_AUTHORED GraphEdit.color.grid_major default=#ffffff33 neocade=#0f15236b
INTENTIONAL_AUTHORED GraphEdit.color.grid_minor default=#ffffff0d neocade=#0f15232e
INTENTIONAL_AUTHORED GraphEdit.color.selection_fill default=#ffffff4d neocade=#f6fc4d3d
INTENTIONAL_AUTHORED GraphEdit.color.selection_stroke default=#ffffffcc neocade=#f6fc4dff
INTENTIONAL_AUTHORED GraphEdit.constant.connection_hover_thickness default=0 neocade=3
INTENTIONAL_AUTHORED GraphEdit.constant.port_hotzone_inner_extent default=22 neocade=12
INTENTIONAL_AUTHORED GraphEdit.constant.port_hotzone_outer_extent default=26 neocade=20
INTENTIONAL_AUTHORED GraphEdit.icon.grid_toggle default=Texture2D(size=(16.0, 16.0) path=) neocade=Texture2D(size=(16.0, 16.0) path=res://addons/neocade_theme/icons/graph_grid_toggle.svg)
INTENTIONAL_AUTHORED GraphEdit.icon.layout default=Texture2D(size=(16.0, 16.0) path=) neocade=Texture2D(size=(16.0, 16.0) path=res://addons/neocade_theme/icons/graph_layout.svg)
INTENTIONAL_AUTHORED GraphEdit.icon.minimap_toggle default=Texture2D(size=(16.0, 16.0) path=) neocade=Texture2D(size=(16.0, 16.0) path=res://addons/neocade_theme/icons/graph_minimap_toggle.svg)
INTENTIONAL_AUTHORED GraphEdit.icon.snapping_toggle default=Texture2D(size=(16.0, 16.0) path=) neocade=Texture2D(size=(16.0, 16.0) path=res://addons/neocade_theme/icons/graph_snapping_toggle.svg)
INTENTIONAL_AUTHORED GraphEdit.icon.zoom_in default=Texture2D(size=(16.0, 16.0) path=) neocade=Texture2D(size=(16.0, 16.0) path=res://addons/neocade_theme/icons/graph_zoom_in.svg)
INTENTIONAL_AUTHORED GraphEdit.icon.zoom_out default=Texture2D(size=(16.0, 16.0) path=) neocade=Texture2D(size=(16.0, 16.0) path=res://addons/neocade_theme/icons/graph_zoom_out.svg)
INTENTIONAL_AUTHORED GraphEdit.icon.zoom_reset default=Texture2D(size=(16.0, 16.0) path=) neocade=Texture2D(size=(16.0, 16.0) path=res://addons/neocade_theme/icons/graph_zoom_reset.svg)
DEFAULT_ONLY GraphEditMinimap.stylebox.camera default=StyleBoxFlat(bg=#a6a6a633 border=1/1/1/1 border_color=#a6a6a673 radius=0/0/0/0 margin=0.0/0.0/0.0/0.0 expand=0.0/0.0/0.0/0.0 shadow=0 offset=(0.0, 0.0)) neocade=<missing>
INTENTIONAL_AUTHORED GraphEditMinimap.stylebox.node default=StyleBoxFlat(bg=#ffffffff border=0/0/0/0 border_color=#ccccccff radius=2/2/2/2 margin=0.0/0.0/0.0/0.0 expand=0.0/0.0/0.0/0.0 shadow=0 offset=(0.0, 0.0)) neocade=StyleBoxFlat(bg=#2a3c52ff border=1/1/1/1 border_color=#151e2dff radius=0/0/0/0 margin=0.0/0.0/0.0/0.0 expand=0.0/0.0/0.0/0.0 shadow=0 offset=(0.0, 0.0))
INTENTIONAL_AUTHORED GraphEditMinimap.stylebox.panel default=StyleBoxFlat(bg=#3d3d3dff border=0/0/0/0 border_color=#ccccccff radius=3/3/3/3 margin=0.0/0.0/0.0/0.0 expand=0.0/0.0/0.0/0.0 shadow=0 offset=(0.0, 0.0)) neocade=StyleBoxFlat(bg=#243952b8 border=1/1/1/1 border_color=#151e2d8c radius=0/0/0/0 margin=4.0/4.0/4.0/4.0 expand=0.0/0.0/0.0/0.0 shadow=0 offset=(0.0, 0.0))
INTENTIONAL_AUTHORED GraphEditMinimap.color.resizer_color default=#ffffffd9 neocade=#abaeb4a6
DEFAULT_ONLY GraphEditMinimap.icon.resizer default=Texture2D(size=(16.0, 16.0) path=) neocade=<missing>
INTENTIONAL_AUTHORED GraphElement.stylebox.panel default=<missing> neocade=StyleBoxFlat(bg=#212e42ff border=1/1/1/1 border_color=#0f1523ff radius=0/0/0/0 margin=10.0/8.0/10.0/8.0 expand=0.0/0.0/0.0/0.0 shadow=0 offset=(0.0, 0.0))
INTENTIONAL_AUTHORED GraphElement.stylebox.panel_selected default=<missing> neocade=StyleBoxFlat(bg=#2a3c52ff border=1/1/1/1 border_color=#f6fc4dff radius=0/0/0/0 margin=10.0/8.0/10.0/8.0 expand=0.0/0.0/0.0/0.0 shadow=0 offset=(0.0, 0.0))
INTENTIONAL_AUTHORED GraphElement.stylebox.titlebar default=<missing> neocade=StyleBoxFlat(bg=#2a3c52ff border=0/0/0/0 border_color=#2a3c52ff radius=0/0/0/0 margin=10.0/4.0/10.0/4.0 expand=0.0/0.0/0.0/0.0 shadow=0 offset=(0.0, 0.0))
INTENTIONAL_AUTHORED GraphElement.stylebox.titlebar_selected default=<missing> neocade=StyleBoxFlat(bg=#999c30ff border=1/1/1/1 border_color=#f6fc4dff radius=0/0/0/0 margin=10.0/4.0/10.0/4.0 expand=0.0/0.0/0.0/0.0 shadow=0 offset=(0.0, 0.0))
INTENTIONAL_AUTHORED GraphElement.color.resizer_color default=<missing> neocade=#abaeb4d9
INTENTIONAL_AUTHORED GraphFrame.stylebox.panel default=StyleBoxFlat(bg=#00000099 border=2/2/2/2 border_color=#00000099 radius=3/3/3/3 margin=18.0/12.0/18.0/12.0 expand=0.0/38.0/0.0/0.0 shadow=0 offset=(0.0, 0.0)) neocade=StyleBoxFlat(bg=#11182447 border=1/1/1/1 border_color=#0f1523ff radius=0/0/0/0 margin=10.0/8.0/10.0/8.0 expand=0.0/0.0/0.0/0.0 shadow=0 offset=(0.0, 0.0))
INTENTIONAL_AUTHORED GraphFrame.stylebox.panel_selected default=StyleBoxFlat(bg=#00000099 border=2/2/2/2 border_color=#39393999 radius=3/3/3/3 margin=18.0/12.0/18.0/12.0 expand=0.0/38.0/0.0/0.0 shadow=0 offset=(0.0, 0.0)) neocade=StyleBoxFlat(bg=#f6fc4d57 border=1/1/1/1 border_color=#0f1523ff radius=0/0/0/0 margin=10.0/8.0/10.0/8.0 expand=0.0/0.0/0.0/0.0 shadow=0 offset=(0.0, 0.0))
INTENTIONAL_AUTHORED GraphFrame.stylebox.titlebar default=StyleBoxEmpty neocade=StyleBoxFlat(bg=#212e426b border=1/1/1/1 border_color=#0f1523ff radius=0/0/0/0 margin=10.0/4.0/10.0/4.0 expand=0.0/0.0/0.0/0.0 shadow=0 offset=(0.0, 0.0))
INTENTIONAL_AUTHORED GraphFrame.stylebox.titlebar_selected default=StyleBoxEmpty neocade=StyleBoxFlat(bg=#999c3075 border=1/1/1/1 border_color=#0f1523ff radius=0/0/0/0 margin=10.0/4.0/10.0/4.0 expand=0.0/0.0/0.0/0.0 shadow=0 offset=(0.0, 0.0))
INTENTIONAL_AUTHORED GraphFrame.color.resizer_color default=#dfdfdfff neocade=#abaeb4d9
INTENTIONAL_AUTHORED GraphFrame.icon.resizer default=Texture2D(size=(16.0, 16.0) path=) neocade=Texture2D(size=(16.0, 16.0) path=res://addons/neocade_theme/icons/graph_resizer.svg)
DEFAULT_ONLY GraphFrameTitleLabel.stylebox.normal default=StyleBoxEmpty neocade=<missing>
INTENTIONAL_AUTHORED GraphFrameTitleLabel.color.font_outline_color default=#ffffffff neocade=#0f1523ff
DEFAULT_ONLY GraphFrameTitleLabel.color.font_shadow_color default=#00000000 neocade=<missing>
DEFAULT_ONLY GraphFrameTitleLabel.constant.line_spacing default=3 neocade=<missing>
DEFAULT_ONLY GraphFrameTitleLabel.constant.outline_size default=0 neocade=<missing>
DEFAULT_ONLY GraphFrameTitleLabel.constant.shadow_offset_x default=1 neocade=<missing>
DEFAULT_ONLY GraphFrameTitleLabel.constant.shadow_offset_y default=1 neocade=<missing>
DEFAULT_ONLY GraphFrameTitleLabel.constant.shadow_outline_size default=1 neocade=<missing>
INTENTIONAL_AUTHORED GraphFrameTitleLabel.font_size.font_size default=22 neocade=14
INTENTIONAL_AUTHORED GraphNode.stylebox.panel default=StyleBoxFlat(bg=#1a1a1a99 border=0/0/0/0 border_color=#53535399 radius=3/3/3/3 margin=18.0/12.0/18.0/12.0 expand=0.0/0.0/0.0/0.0 shadow=0 offset=(0.0, 0.0)) neocade=StyleBoxFlat(bg=#212e42ff border=1/1/1/1 border_color=#0f1523ff radius=0/0/0/0 margin=10.0/8.0/10.0/8.0 expand=0.0/0.0/0.0/0.0 shadow=0 offset=(0.0, 0.0))
INTENTIONAL_AUTHORED GraphNode.stylebox.panel_focus default=StyleBoxFlat(bg=#ffffffbf border=2/2/2/2 border_color=#ccccccff radius=3/3/3/3 margin=4.0/4.0/4.0/4.0 expand=2.0/2.0/2.0/2.0 shadow=0 offset=(0.0, 0.0)) neocade=StyleBoxFlat(bg=#00000000 border=2/2/2/2 border_color=#f6fc4dff radius=0/0/0/0 margin=-1.0/-1.0/-1.0/-1.0 expand=0.0/0.0/0.0/0.0 shadow=0 offset=(0.0, 0.0))
INTENTIONAL_AUTHORED GraphNode.stylebox.panel_selected default=StyleBoxFlat(bg=#1a1a1a99 border=0/0/0/0 border_color=#9f9f9f99 radius=3/3/3/3 margin=18.0/12.0/18.0/12.0 expand=0.0/0.0/0.0/0.0 shadow=0 offset=(0.0, 0.0)) neocade=StyleBoxFlat(bg=#2a3c52ff border=1/1/1/1 border_color=#0f1523ff radius=0/0/0/0 margin=10.0/8.0/10.0/8.0 expand=0.0/0.0/0.0/0.0 shadow=0 offset=(0.0, 0.0))
INTENTIONAL_AUTHORED GraphNode.stylebox.slot default=StyleBoxEmpty neocade=StyleBoxFlat(bg=#11182442 border=1/1/1/1 border_color=#0f1523ff radius=4/4/4/4 margin=6.0/2.0/6.0/2.0 expand=0.0/0.0/0.0/0.0 shadow=0 offset=(0.0, 0.0))
INTENTIONAL_AUTHORED GraphNode.stylebox.slot_selected default=StyleBoxFlat(bg=#ffffffbf border=2/2/2/2 border_color=#ccccccff radius=3/3/3/3 margin=4.0/4.0/4.0/4.0 expand=2.0/2.0/2.0/2.0 shadow=0 offset=(0.0, 0.0)) neocade=StyleBoxFlat(bg=#f6fc4d4d border=1/1/1/1 border_color=#0f1523ff radius=4/4/4/4 margin=6.0/2.0/6.0/2.0 expand=0.0/0.0/0.0/0.0 shadow=0 offset=(0.0, 0.0))
INTENTIONAL_AUTHORED GraphNode.stylebox.titlebar default=StyleBoxFlat(bg=#5e5e5e99 border=0/0/0/0 border_color=#ccccccff radius=3/3/3/3 margin=4.0/4.0/4.0/4.0 expand=0.0/0.0/0.0/0.0 shadow=0 offset=(0.0, 0.0)) neocade=StyleBoxFlat(bg=#2a3c52ff border=1/1/1/1 border_color=#0f1523ff radius=0/0/0/0 margin=10.0/5.0/10.0/5.0 expand=0.0/0.0/0.0/0.0 shadow=0 offset=(0.0, 0.0))
INTENTIONAL_AUTHORED GraphNode.stylebox.titlebar_selected default=StyleBoxFlat(bg=#ff9f9f99 border=0/0/0/0 border_color=#53535399 radius=3/3/3/3 margin=18.0/12.0/18.0/12.0 expand=0.0/0.0/0.0/0.0 shadow=0 offset=(0.0, 0.0)) neocade=StyleBoxFlat(bg=#999c309e border=1/1/1/1 border_color=#0f1523ff radius=0/0/0/0 margin=10.0/5.0/10.0/5.0 expand=0.0/0.0/0.0/0.0 shadow=0 offset=(0.0, 0.0))
INTENTIONAL_AUTHORED GraphNode.color.resizer_color default=#dfdfdfff neocade=#abaeb4e5
INTENTIONAL_AUTHORED GraphNode.constant.port_h_offset default=0 neocade=8
INTENTIONAL_AUTHORED GraphNode.constant.separation default=2 neocade=4
INTENTIONAL_AUTHORED GraphNode.icon.port default=Texture2D(size=(10.0, 10.0) path=) neocade=Texture2D(size=(16.0, 16.0) path=res://addons/neocade_theme/icons/graph_port.svg)
INTENTIONAL_AUTHORED GraphNode.icon.resizer default=Texture2D(size=(16.0, 16.0) path=) neocade=Texture2D(size=(16.0, 16.0) path=res://addons/neocade_theme/icons/graph_resizer.svg)
DEFAULT_ONLY GraphNodeTitleLabel.stylebox.normal default=StyleBoxEmpty neocade=<missing>
DEFAULT_ONLY GraphNodeTitleLabel.color.font_color default=#dfdfdfff neocade=<missing>
DEFAULT_ONLY GraphNodeTitleLabel.color.font_outline_color default=#000000ff neocade=<missing>
INTENTIONAL_AUTHORED GraphNodeTitleLabel.color.font_shadow_color default=#00000000 neocade=#0f15231a
DEFAULT_ONLY GraphNodeTitleLabel.constant.line_spacing default=3 neocade=<missing>
DEFAULT_ONLY GraphNodeTitleLabel.constant.outline_size default=0 neocade=<missing>
DEFAULT_ONLY GraphNodeTitleLabel.constant.shadow_offset_x default=1 neocade=<missing>
DEFAULT_ONLY GraphNodeTitleLabel.constant.shadow_offset_y default=1 neocade=<missing>
DEFAULT_ONLY GraphNodeTitleLabel.constant.shadow_outline_size default=1 neocade=<missing>
INTENTIONAL_AUTHORED GraphNodeTitleLabel.font.font default=Font(path=) neocade=Font(path=res://addons/neocade_theme/fonts/inter_variable.ttf)
INTENTIONAL_AUTHORED GraphNodeTitleLabel.font_size.font_size default=16 neocade=14
INTENTIONAL_AUTHORED GraphStateMachine.stylebox.error_panel default=<missing> neocade=StyleBoxFlat(bg=#c6315129 border=1/1/1/1 border_color=#c631518c radius=0/0/0/0 margin=0.0/0.0/0.0/0.0 expand=0.0/0.0/0.0/0.0 shadow=0 offset=(0.0, 0.0))
INTENTIONAL_AUTHORED GraphStateMachine.stylebox.node_frame default=<missing> neocade=StyleBoxFlat(bg=#2a3c52ff border=1/1/1/1 border_color=#151e2dff radius=0/0/0/0 margin=6.0/4.0/6.0/4.0 expand=0.0/0.0/0.0/0.0 shadow=0 offset=(0.0, 0.0))
INTENTIONAL_AUTHORED GraphStateMachine.stylebox.node_frame_end default=<missing> neocade=StyleBoxFlat(bg=#c6315133 border=1/1/1/1 border_color=#c63151d9 radius=0/0/0/0 margin=6.0/4.0/6.0/4.0 expand=0.0/0.0/0.0/0.0 shadow=0 offset=(0.0, 0.0))
INTENTIONAL_AUTHORED GraphStateMachine.stylebox.node_frame_playing default=<missing> neocade=StyleBoxFlat(bg=#f4ee4238 border=1/1/1/1 border_color=#f4ee42d9 radius=0/0/0/0 margin=6.0/4.0/6.0/4.0 expand=0.0/0.0/0.0/0.0 shadow=0 offset=(0.0, 0.0))
INTENTIONAL_AUTHORED GraphStateMachine.stylebox.node_frame_selected default=<missing> neocade=StyleBoxFlat(bg=#2a3c52ff border=1/1/1/1 border_color=#f6fc4dff radius=0/0/0/0 margin=6.0/4.0/6.0/4.0 expand=0.0/0.0/0.0/0.0 shadow=0 offset=(0.0, 0.0))
INTENTIONAL_AUTHORED GraphStateMachine.stylebox.node_frame_start default=<missing> neocade=StyleBoxFlat(bg=#3cdf8233 border=1/1/1/1 border_color=#3cdf82d9 radius=0/0/0/0 margin=6.0/4.0/6.0/4.0 expand=0.0/0.0/0.0/0.0 shadow=0 offset=(0.0, 0.0))
INTENTIONAL_AUTHORED GraphStateMachine.stylebox.panel default=<missing> neocade=StyleBoxFlat(bg=#243952ff border=0/0/0/0 border_color=#243952ff radius=0/0/0/0 margin=0.0/0.0/0.0/0.0 expand=0.0/0.0/0.0/0.0 shadow=0 offset=(0.0, 0.0))
INTENTIONAL_AUTHORED GraphStateMachine.color.focus_color default=<missing> neocade=#f6fc4dcc
INTENTIONAL_AUTHORED GraphStateMachine.color.guideline_color default=<missing> neocade=#abaeb438
INTENTIONAL_AUTHORED GraphStateMachine.color.highlight_color default=<missing> neocade=#f6fc4dff
INTENTIONAL_AUTHORED GraphStateMachine.color.highlight_disabled_color default=<missing> neocade=#f6fc4d6b
INTENTIONAL_AUTHORED GraphStateMachine.color.node_title_font_color default=<missing> neocade=#ffffffff
INTENTIONAL_AUTHORED GraphStateMachine.color.playback_background_color default=<missing> neocade=#2a3c5238
INTENTIONAL_AUTHORED GraphStateMachine.color.playback_color default=<missing> neocade=#ffffffff
INTENTIONAL_AUTHORED GraphStateMachine.color.transition_color default=<missing> neocade=#ffffffff
INTENTIONAL_AUTHORED GraphStateMachine.color.transition_disabled_color default=<missing> neocade=#abaeb46b
INTENTIONAL_AUTHORED GraphStateMachine.color.transition_icon_color default=<missing> neocade=#ffffffff
INTENTIONAL_AUTHORED GraphStateMachine.color.transition_icon_disabled_color default=<missing> neocade=#abaeb46b
INTENTIONAL_AUTHORED HBoxContainer.constant.separation default=4 neocade=2
DEFAULT_ONLY HFlowContainer.constant.h_separation default=4 neocade=<missing>
DEFAULT_ONLY HFlowContainer.constant.v_separation default=4 neocade=<missing>
INTENTIONAL_AUTHORED HScrollBar.stylebox.grabber default=StyleBoxFlat(bg=#ffffff66 border=0/0/0/0 border_color=#ccccccff radius=10/10/10/10 margin=4.0/4.0/4.0/4.0 expand=0.0/0.0/0.0/0.0 shadow=0 offset=(0.0, 0.0)) neocade=StyleBoxFlat(bg=#58e77952 border=0/0/0/0 border_color=#0f1523ff radius=0/0/0/0 margin=4.0/4.0/4.0/4.0 expand=0.0/0.0/0.0/0.0 shadow=0 offset=(0.0, 0.0))
INTENTIONAL_AUTHORED HScrollBar.stylebox.grabber_highlight default=StyleBoxFlat(bg=#ffffffbf border=0/0/0/0 border_color=#ccccccff radius=10/10/10/10 margin=4.0/4.0/4.0/4.0 expand=0.0/0.0/0.0/0.0 shadow=0 offset=(0.0, 0.0)) neocade=StyleBoxFlat(bg=#58e77980 border=0/0/0/0 border_color=#0f1523ff radius=0/0/0/0 margin=4.0/4.0/4.0/4.0 expand=0.0/0.0/0.0/0.0 shadow=0 offset=(0.0, 0.0))
INTENTIONAL_AUTHORED HScrollBar.stylebox.grabber_pressed default=StyleBoxFlat(bg=#bfbfbfbf border=0/0/0/0 border_color=#ccccccff radius=10/10/10/10 margin=4.0/4.0/4.0/4.0 expand=0.0/0.0/0.0/0.0 shadow=0 offset=(0.0, 0.0)) neocade=StyleBoxFlat(bg=#58e77980 border=0/0/0/0 border_color=#0f1523ff radius=0/0/0/0 margin=4.0/4.0/4.0/4.0 expand=0.0/0.0/0.0/0.0 shadow=0 offset=(0.0, 0.0))
INTENTIONAL_AUTHORED HScrollBar.stylebox.scroll default=StyleBoxFlat(bg=#1a1a1a99 border=0/0/0/0 border_color=#ccccccff radius=10/10/10/10 margin=0.0/4.0/0.0/4.0 expand=0.0/0.0/0.0/0.0 shadow=0 offset=(0.0, 0.0)) neocade=StyleBoxFlat(bg=#11182400 border=0/0/0/0 border_color=#0f1523ff radius=0/0/0/0 margin=0.0/4.0/0.0/4.0 expand=0.0/0.0/0.0/0.0 shadow=0 offset=(0.0, 0.0))
INTENTIONAL_AUTHORED HScrollBar.stylebox.scroll_focus default=StyleBoxFlat(bg=#ffffffbf border=2/2/2/2 border_color=#ccccccff radius=3/3/3/3 margin=4.0/4.0/4.0/4.0 expand=2.0/2.0/2.0/2.0 shadow=0 offset=(0.0, 0.0)) neocade=StyleBoxFlat(bg=#11182400 border=0/0/0/0 border_color=#0f1523ff radius=0/0/0/0 margin=0.0/4.0/0.0/4.0 expand=0.0/0.0/0.0/0.0 shadow=0 offset=(0.0, 0.0))
INTENTIONAL_AUTHORED HScrollBar.constant.padding_bottom default=<missing> neocade=0
INTENTIONAL_AUTHORED HScrollBar.constant.padding_top default=<missing> neocade=0
INTENTIONAL_AUTHORED HSlider.stylebox.grabber_area default=StyleBoxFlat(bg=#ffffff66 border=0/0/0/0 border_color=#ccccccff radius=4/4/4/4 margin=4.0/4.0/4.0/4.0 expand=0.0/0.0/0.0/0.0 shadow=0 offset=(0.0, 0.0)) neocade=StyleBoxFlat(bg=#58e779ff border=1/1/1/1 border_color=#0f1523ff radius=0/0/0/0 margin=0.0/2.0/0.0/2.0 expand=0.0/0.0/0.0/0.0 shadow=0 offset=(0.0, 0.0))
INTENTIONAL_AUTHORED HSlider.stylebox.grabber_area_highlight default=StyleBoxFlat(bg=#ffffffbf border=0/0/0/0 border_color=#ccccccff radius=4/4/4/4 margin=4.0/4.0/4.0/4.0 expand=0.0/0.0/0.0/0.0 shadow=0 offset=(0.0, 0.0)) neocade=StyleBoxFlat(bg=#58e779ff border=1/1/1/1 border_color=#0f1523ff radius=0/0/0/0 margin=0.0/2.0/0.0/2.0 expand=0.0/0.0/0.0/0.0 shadow=0 offset=(0.0, 0.0))
INTENTIONAL_AUTHORED HSlider.stylebox.slider default=StyleBoxFlat(bg=#1a1a1a99 border=0/0/0/0 border_color=#ccccccff radius=4/4/4/4 margin=4.0/4.0/4.0/4.0 expand=0.0/0.0/0.0/0.0 shadow=0 offset=(0.0, 0.0)) neocade=StyleBoxFlat(bg=#111824ff border=1/1/1/1 border_color=#0f1523ff radius=0/0/0/0 margin=0.0/2.0/0.0/2.0 expand=0.0/0.0/0.0/0.0 shadow=0 offset=(0.0, 0.0))
INTENTIONAL_AUTHORED HSlider.constant.center_grabber default=0 neocade=1
INTENTIONAL_AUTHORED HSlider.constant.tick_offset default=0 neocade=8
INTENTIONAL_AUTHORED HSlider.icon.tick default=Texture2D(size=(4.0, 8.0) path=) neocade=Texture2D(size=(16.0, 16.0) path=res://addons/neocade_theme/icons/slider_tick.svg)
INTENTIONAL_AUTHORED HSplitContainer.constant.separation default=12 neocade=6
INTENTIONAL_AUTHORED HSplitContainer.icon.grabber default=Texture2D(size=(8.0, 48.0) path=) neocade=Texture2D(size=(6.0, 48.0) path=)
INTENTIONAL_AUTHORED HSplitContainer.icon.touch_dragger default=Texture2D(size=(30.0, 60.0) path=) neocade=Texture2D(size=(16.0, 16.0) path=res://addons/neocade_theme/icons/split_touch_dragger_h.svg)
INTENTIONAL_AUTHORED HeaderLarge.color.font_color default=<missing> neocade=#ffffffff
INTENTIONAL_AUTHORED HeaderLarge.font.font default=Font(path=) neocade=Font(path=res://addons/neocade_theme/fonts/inter_header_large.tres)
INTENTIONAL_AUTHORED HeaderLarge.font_size.font_size default=28 neocade=36
INTENTIONAL_AUTHORED HeaderMedium.color.font_color default=<missing> neocade=#ffffffff
INTENTIONAL_AUTHORED HeaderMedium.font.font default=Font(path=) neocade=Font(path=res://addons/neocade_theme/fonts/inter_header_medium.tres)
INTENTIONAL_AUTHORED HeaderMedium.font_size.font_size default=24 neocade=22
INTENTIONAL_AUTHORED HeaderSmall.color.font_color default=<missing> neocade=#ffffffff
INTENTIONAL_AUTHORED HeaderSmall.font.font default=Font(path=) neocade=Font(path=res://addons/neocade_theme/fonts/inter_header_small.tres)
INTENTIONAL_AUTHORED HeaderSmall.font_size.font_size default=20 neocade=14
INTENTIONAL_AUTHORED HeroPanel.stylebox.panel default=<missing> neocade=StyleBoxFlat(bg=#2a3c52ff border=1/1/1/1 border_color=#151e2dff radius=0/0/0/0 margin=14.0/12.0/14.0/12.0 expand=0.0/0.0/0.0/0.0 shadow=0 offset=(0.0, 0.0))
INTENTIONAL_AUTHORED HeroPanel.color.font_color default=<missing> neocade=#ffffffff
INTENTIONAL_AUTHORED HeroPanel.font.font default=Font(path=) neocade=Font(path=res://addons/neocade_theme/fonts/inter_header_medium.tres)
INTENTIONAL_AUTHORED IconButton.stylebox.disabled default=<missing> neocade=StyleBoxFlat(bg=#717742ff border=0/0/0/0 border_color=#0f1523ff radius=0/0/0/0 margin=8.0/8.0/8.0/8.0 expand=0.0/0.0/0.0/0.0 shadow=0 offset=(0.0, 0.0))
INTENTIONAL_AUTHORED IconButton.stylebox.focus default=<missing> neocade=StyleBoxFlat(bg=#00000000 border=2/2/2/2 border_color=#f6fc4dff radius=0/0/0/0 margin=-1.0/-1.0/-1.0/-1.0 expand=0.0/0.0/0.0/0.0 shadow=0 offset=(0.0, 0.0))
INTENTIONAL_AUTHORED IconButton.stylebox.hover default=<missing> neocade=StyleBoxFlat(bg=#e5df3eff border=1/1/1/1 border_color=#85832bff radius=0/0/0/0 margin=8.0/8.0/8.0/8.0 expand=0.0/0.0/0.0/0.0 shadow=0 offset=(0.0, 0.0))
INTENTIONAL_AUTHORED IconButton.stylebox.hover_pressed default=<missing> neocade=StyleBoxFlat(bg=#dbd63bff border=1/1/1/1 border_color=#807e29ff radius=0/0/0/0 margin=8.0/8.0/8.0/8.0 expand=0.0/0.0/0.0/0.0 shadow=0 offset=(0.0, 0.0))
INTENTIONAL_AUTHORED IconButton.stylebox.normal default=<missing> neocade=StyleBoxFlat(bg=#f4ee42ff border=1/1/1/1 border_color=#8d8b2dff radius=0/0/0/0 margin=8.0/8.0/8.0/8.0 expand=0.0/0.0/0.0/0.0 shadow=0 offset=(0.0, 0.0))
INTENTIONAL_AUTHORED IconButton.stylebox.pressed default=<missing> neocade=StyleBoxFlat(bg=#dbd63bff border=1/1/1/1 border_color=#807e29ff radius=0/0/0/0 margin=8.0/8.0/8.0/8.0 expand=0.0/0.0/0.0/0.0 shadow=0 offset=(0.0, 0.0))
INTENTIONAL_AUTHORED IconButton.color.font_color default=<missing> neocade=#ffffffff
INTENTIONAL_AUTHORED IconButton.color.font_disabled_color default=<missing> neocade=#ffffff6b
INTENTIONAL_AUTHORED IconButton.color.font_focus_color default=<missing> neocade=#ffffffff
INTENTIONAL_AUTHORED IconButton.color.font_hover_color default=<missing> neocade=#ffffffff
INTENTIONAL_AUTHORED IconButton.color.font_hover_pressed_color default=<missing> neocade=#ffffffff
INTENTIONAL_AUTHORED IconButton.color.font_pressed_color default=<missing> neocade=#ffffffff
INTENTIONAL_AUTHORED IconButton.color.icon_disabled_color default=<missing> neocade=#abaeb46b
INTENTIONAL_AUTHORED IconButton.color.icon_focus_color default=<missing> neocade=#f6fc4dff
INTENTIONAL_AUTHORED IconButton.color.icon_hover_color default=<missing> neocade=#f6fc4dff
INTENTIONAL_AUTHORED IconButton.color.icon_hover_pressed_color default=<missing> neocade=#f6fc4dff
INTENTIONAL_AUTHORED IconButton.color.icon_normal_color default=<missing> neocade=#ffffffff
INTENTIONAL_AUTHORED IconButton.color.icon_pressed_color default=<missing> neocade=#f6fc4dff
INTENTIONAL_AUTHORED IconButton.constant.h_separation default=<missing> neocade=0
INTENTIONAL_AUTHORED IconButton.font.font default=Font(path=) neocade=Font(path=res://addons/neocade_theme/fonts/inter_variable.ttf)
INTENTIONAL_AUTHORED IconButton.font_size.font_size default=16 neocade=14
DEFAULT_ONLY Icons.icon.close default=Texture2D(size=(16.0, 16.0) path=) neocade=<missing>
INTENTIONAL_AUTHORED InfoLabel.color.font_color default=<missing> neocade=#2278c0ff
INTENTIONAL_AUTHORED InfoLabel.font.font default=Font(path=) neocade=Font(path=res://addons/neocade_theme/fonts/inter_variable.ttf)
INTENTIONAL_AUTHORED InfoLabel.font_size.font_size default=16 neocade=14
INTENTIONAL_AUTHORED InfoPanel.stylebox.panel default=<missing> neocade=StyleBoxFlat(bg=#2278c00f border=1/1/1/1 border_color=#0f1523ff radius=0/0/0/0 margin=12.0/10.0/12.0/10.0 expand=0.0/0.0/0.0/0.0 shadow=0 offset=(0.0, 0.0))
INTENTIONAL_AUTHORED InfoText.color.default_color default=<missing> neocade=#ffffffff
INTENTIONAL_AUTHORED InfoText.color.font_selected_color default=<missing> neocade=#000000ff
INTENTIONAL_AUTHORED InfoText.color.selection_color default=<missing> neocade=#999c30ff
INTENTIONAL_AUTHORED InfoText.font.normal_font default=Font(path=) neocade=Font(path=res://addons/neocade_theme/fonts/inter_variable.ttf)
INTENTIONAL_AUTHORED InfoText.font_size.normal_font_size default=16 neocade=14
INTENTIONAL_AUTHORED ItemList.stylebox.cursor default=StyleBoxFlat(bg=#ffffffbf border=2/2/2/2 border_color=#ccccccff radius=3/3/3/3 margin=4.0/4.0/4.0/4.0 expand=2.0/2.0/2.0/2.0 shadow=0 offset=(0.0, 0.0)) neocade=StyleBoxFlat(bg=#e5df3eb8 border=0/0/0/0 border_color=#0f1523ff radius=0/0/0/0 margin=0.0/0.0/0.0/0.0 expand=0.0/0.0/0.0/0.0 shadow=0 offset=(0.0, 0.0))
INTENTIONAL_AUTHORED ItemList.stylebox.cursor_unfocused default=StyleBoxFlat(bg=#ffffffbf border=2/2/2/2 border_color=#ccccccff radius=3/3/3/3 margin=4.0/4.0/4.0/4.0 expand=2.0/2.0/2.0/2.0 shadow=0 offset=(0.0, 0.0)) neocade=StyleBoxFlat(bg=#e5df3e75 border=0/0/0/0 border_color=#0f1523ff radius=0/0/0/0 margin=0.0/0.0/0.0/0.0 expand=0.0/0.0/0.0/0.0 shadow=0 offset=(0.0, 0.0))
INTENTIONAL_AUTHORED ItemList.stylebox.focus default=StyleBoxFlat(bg=#ffffffbf border=2/2/2/2 border_color=#ccccccff radius=3/3/3/3 margin=4.0/4.0/4.0/4.0 expand=2.0/2.0/2.0/2.0 shadow=0 offset=(0.0, 0.0)) neocade=StyleBoxFlat(bg=#00000000 border=2/2/2/2 border_color=#f6fc4dff radius=0/0/0/0 margin=-1.0/-1.0/-1.0/-1.0 expand=0.0/0.0/0.0/0.0 shadow=0 offset=(0.0, 0.0))
INTENTIONAL_AUTHORED ItemList.stylebox.hovered default=StyleBoxFlat(bg=#ffffff12 border=0/0/0/0 border_color=#ccccccff radius=3/3/3/3 margin=4.0/4.0/4.0/4.0 expand=0.0/0.0/0.0/0.0 shadow=0 offset=(0.0, 0.0)) neocade=StyleBoxFlat(bg=#e5df3eff border=0/0/0/0 border_color=#0f1523ff radius=0/0/0/0 margin=0.0/0.0/0.0/0.0 expand=0.0/0.0/0.0/0.0 shadow=0 offset=(0.0, 0.0))
INTENTIONAL_AUTHORED ItemList.stylebox.hovered_selected default=StyleBoxFlat(bg=#ffffff66 border=0/0/0/0 border_color=#ccccccff radius=3/3/3/3 margin=4.0/4.0/4.0/4.0 expand=0.0/0.0/0.0/0.0 shadow=0 offset=(0.0, 0.0)) neocade=StyleBoxFlat(bg=#f6fc4dff border=0/0/0/0 border_color=#f6fc4dff radius=0/0/0/0 margin=0.0/0.0/0.0/0.0 expand=0.0/0.0/0.0/0.0 shadow=0 offset=(0.0, 0.0))
INTENTIONAL_AUTHORED ItemList.stylebox.hovered_selected_focus default=StyleBoxFlat(bg=#ffffff66 border=0/0/0/0 border_color=#ccccccff radius=3/3/3/3 margin=4.0/4.0/4.0/4.0 expand=0.0/0.0/0.0/0.0 shadow=0 offset=(0.0, 0.0)) neocade=StyleBoxFlat(bg=#f6fc4dff border=0/0/0/0 border_color=#f6fc4dff radius=0/0/0/0 margin=0.0/0.0/0.0/0.0 expand=0.0/0.0/0.0/0.0 shadow=0 offset=(0.0, 0.0))
INTENTIONAL_AUTHORED ItemList.stylebox.panel default=StyleBoxFlat(bg=#1a1a1a99 border=0/0/0/0 border_color=#ccccccff radius=3/3/3/3 margin=4.0/4.0/4.0/4.0 expand=0.0/0.0/0.0/0.0 shadow=0 offset=(0.0, 0.0)) neocade=StyleBoxFlat(bg=#111824ff border=0/0/0/0 border_color=#111824ff radius=0/0/0/0 margin=0.0/0.0/0.0/0.0 expand=0.0/0.0/0.0/0.0 shadow=0 offset=(0.0, 0.0))
INTENTIONAL_AUTHORED ItemList.stylebox.selected default=StyleBoxFlat(bg=#ffffff4d border=0/0/0/0 border_color=#ccccccff radius=3/3/3/3 margin=4.0/4.0/4.0/4.0 expand=0.0/0.0/0.0/0.0 shadow=0 offset=(0.0, 0.0)) neocade=StyleBoxFlat(bg=#f6fc4dff border=3/0/0/0 border_color=#8f9334ff radius=0/0/0/0 margin=0.0/0.0/0.0/0.0 expand=0.0/0.0/0.0/0.0 shadow=0 offset=(0.0, 0.0))
INTENTIONAL_AUTHORED ItemList.stylebox.selected_focus default=StyleBoxFlat(bg=#ffffff4d border=0/0/0/0 border_color=#ccccccff radius=3/3/3/3 margin=4.0/4.0/4.0/4.0 expand=0.0/0.0/0.0/0.0 shadow=0 offset=(0.0, 0.0)) neocade=StyleBoxFlat(bg=#f6fc4dff border=3/0/0/0 border_color=#8f9334ff radius=0/0/0/0 margin=0.0/0.0/0.0/0.0 expand=0.0/0.0/0.0/0.0 shadow=0 offset=(0.0, 0.0))
INTENTIONAL_AUTHORED ItemList.color.font_color default=#a6a6a6ff neocade=#ffffffff
INTENTIONAL_AUTHORED ItemList.color.font_hovered_color default=#f2f2f2ff neocade=#ffffffff
INTENTIONAL_AUTHORED ItemList.color.font_hovered_selected_color default=#ffffffff neocade=#000000ff
INTENTIONAL_AUTHORED ItemList.color.font_outline_color default=#000000ff neocade=#11182400
INTENTIONAL_AUTHORED ItemList.color.font_selected_color default=#ffffffff neocade=#000000ff
INTENTIONAL_AUTHORED ItemList.color.guide_color default=#b2b2b240 neocade=#11182400
INTENTIONAL_AUTHORED ItemList.constant.h_separation default=4 neocade=8
INTENTIONAL_AUTHORED ItemList.constant.icon_margin default=4 neocade=6
INTENTIONAL_AUTHORED ItemList.constant.v_separation default=4 neocade=8
INTENTIONAL_AUTHORED ItemList.font.font default=Font(path=) neocade=Font(path=res://addons/neocade_theme/fonts/inter_variable.ttf)
INTENTIONAL_AUTHORED ItemList.font_size.font_size default=16 neocade=14
INTENTIONAL_AUTHORED ItemList.icon.scroll_hint default=Texture2D(size=(32.0, 24.0) path=) neocade=Texture2D(size=(16.0, 12.0) path=res://addons/neocade_theme/icons/tree_scroll_hint.svg)
INTENTIONAL_AUTHORED Kicker.color.font_color default=<missing> neocade=#f6fc4dff
INTENTIONAL_AUTHORED Kicker.font.font default=Font(path=) neocade=Font(path=res://addons/neocade_theme/fonts/inter_variable.ttf)
INTENTIONAL_AUTHORED Kicker.font_size.font_size default=16 neocade=12
INTENTIONAL_AUTHORED Label.stylebox.focus default=StyleBoxFlat(bg=#ffffffbf border=2/2/2/2 border_color=#ccccccff radius=3/3/3/3 margin=4.0/4.0/4.0/4.0 expand=2.0/2.0/2.0/2.0 shadow=0 offset=(0.0, 0.0)) neocade=StyleBoxFlat(bg=#00000000 border=2/2/2/2 border_color=#f6fc4dff radius=0/0/0/0 margin=-1.0/-1.0/-1.0/-1.0 expand=0.0/0.0/0.0/0.0 shadow=0 offset=(0.0, 0.0))
INTENTIONAL_AUTHORED Label.stylebox.normal default=StyleBoxEmpty neocade=StyleBoxEmpty
DEFAULT_ONLY Label.color.font_outline_color default=#000000ff neocade=<missing>
DEFAULT_ONLY Label.color.font_shadow_color default=#00000000 neocade=<missing>
DEFAULT_ONLY Label.constant.line_spacing default=3 neocade=<missing>
DEFAULT_ONLY Label.constant.outline_size default=0 neocade=<missing>
DEFAULT_ONLY Label.constant.shadow_offset_x default=1 neocade=<missing>
DEFAULT_ONLY Label.constant.shadow_offset_y default=1 neocade=<missing>
DEFAULT_ONLY Label.constant.shadow_outline_size default=1 neocade=<missing>
INTENTIONAL_AUTHORED Label.font.font default=Font(path=) neocade=Font(path=res://addons/neocade_theme/fonts/inter_variable.ttf)
INTENTIONAL_AUTHORED Label.font_size.font_size default=16 neocade=14
INTENTIONAL_AUTHORED LineEdit.stylebox.focus default=StyleBoxFlat(bg=#ffffffbf border=2/2/2/2 border_color=#ccccccff radius=3/3/3/3 margin=4.0/4.0/4.0/4.0 expand=2.0/2.0/2.0/2.0 shadow=0 offset=(0.0, 0.0)) neocade=StyleBoxFlat(bg=#00000000 border=2/2/2/2 border_color=#f6fc4dff radius=0/0/0/0 margin=-1.0/-1.0/-1.0/-1.0 expand=0.0/0.0/0.0/0.0 shadow=0 offset=(0.0, 0.0))
INTENTIONAL_AUTHORED LineEdit.stylebox.normal default=StyleBoxFlat(bg=#1a1a1a99 border=0/0/0/2 border_color=#00000099 radius=3/3/3/3 margin=4.0/4.0/4.0/4.0 expand=0.0/0.0/0.0/0.0 shadow=0 offset=(0.0, 0.0)) neocade=StyleBoxFlat(bg=#2c4865ff border=1/1/1/1 border_color=#21364eff radius=0/0/0/0 margin=10.0/6.0/10.0/6.0 expand=0.0/0.0/0.0/0.0 shadow=0 offset=(0.0, 0.0))
INTENTIONAL_AUTHORED LineEdit.stylebox.read_only default=StyleBoxFlat(bg=#1a1a1a4d border=0/0/0/2 border_color=#0000004d radius=3/3/3/3 margin=4.0/4.0/4.0/4.0 expand=0.0/0.0/0.0/0.0 shadow=0 offset=(0.0, 0.0)) neocade=StyleBoxFlat(bg=#7177426b border=0/0/0/0 border_color=#0f1523ff radius=0/0/0/0 margin=10.0/6.0/10.0/6.0 expand=0.0/0.0/0.0/0.0 shadow=0 offset=(0.0, 0.0))
INTENTIONAL_AUTHORED LineEdit.color.caret_color default=#f2f2f2ff neocade=#f6fc4dff
INTENTIONAL_AUTHORED LineEdit.color.clear_button_color default=#dfdfdfff neocade=#abaeb4ff
INTENTIONAL_AUTHORED LineEdit.color.font_color default=#dfdfdfff neocade=#ffffffff
DEFAULT_ONLY LineEdit.color.font_outline_color default=#000000ff neocade=<missing>
INTENTIONAL_AUTHORED LineEdit.color.font_placeholder_color default=#dfdfdf99 neocade=#abaeb4ff
INTENTIONAL_AUTHORED LineEdit.color.font_selected_color default=#ffffffff neocade=#000000ff
INTENTIONAL_AUTHORED LineEdit.color.font_uneditable_color default=#dfdfdf80 neocade=#abaeb46b
INTENTIONAL_AUTHORED LineEdit.color.selection_color default=#808080ff neocade=#f6fc4dff
DEFAULT_ONLY LineEdit.constant.caret_width default=1 neocade=<missing>
DEFAULT_ONLY LineEdit.constant.minimum_character_width default=4 neocade=<missing>
DEFAULT_ONLY LineEdit.constant.outline_size default=0 neocade=<missing>
INTENTIONAL_AUTHORED LineEdit.font.font default=Font(path=) neocade=Font(path=res://addons/neocade_theme/fonts/inter_variable.ttf)
INTENTIONAL_AUTHORED LineEdit.font_size.font_size default=16 neocade=14
INTENTIONAL_AUTHORED LineEdit.icon.clear default=Texture2D(size=(16.0, 16.0) path=) neocade=Texture2D(size=(16.0, 16.0) path=res://addons/neocade_theme/icons/clear.svg)
DEFAULT_ONLY LinkButton.stylebox.focus default=StyleBoxFlat(bg=#ffffffbf border=2/2/2/2 border_color=#ccccccff radius=3/3/3/3 margin=4.0/4.0/4.0/4.0 expand=2.0/2.0/2.0/2.0 shadow=0 offset=(0.0, 0.0)) neocade=<missing>
INTENTIONAL_AUTHORED LinkButton.color.font_color default=#dfdfdfff neocade=#f6fc4dff
INTENTIONAL_AUTHORED LinkButton.color.font_disabled_color default=<missing> neocade=#f6fc4d6b
INTENTIONAL_AUTHORED LinkButton.color.font_focus_color default=#f2f2f2ff neocade=#f6fc4dff
INTENTIONAL_AUTHORED LinkButton.color.font_hover_color default=#f2f2f2ff neocade=#8f9334ff
INTENTIONAL_AUTHORED LinkButton.color.font_hover_pressed_color default=<missing> neocade=#8f9334ff
DEFAULT_ONLY LinkButton.color.font_outline_color default=#000000ff neocade=<missing>
INTENTIONAL_AUTHORED LinkButton.color.font_pressed_color default=#ffffffff neocade=#f6fc4dff
DEFAULT_ONLY LinkButton.constant.outline_size default=0 neocade=<missing>
INTENTIONAL_AUTHORED LinkButton.font.font default=Font(path=) neocade=Font(path=res://addons/neocade_theme/fonts/inter_variable.ttf)
INTENTIONAL_AUTHORED LinkButton.font_size.font_size default=16 neocade=14
INTENTIONAL_AUTHORED MenuBar.stylebox.disabled default=StyleBoxFlat(bg=#1a1a1a4d border=0/0/0/0 border_color=#ccccccff radius=3/3/3/3 margin=4.0/4.0/4.0/4.0 expand=0.0/0.0/0.0/0.0 shadow=0 offset=(0.0, 0.0)) neocade=StyleBoxFlat(bg=#151e2f6b border=1/1/1/1 border_color=#0f1523ff radius=0/0/0/0 margin=8.0/3.0/8.0/3.0 expand=0.0/0.0/0.0/0.0 shadow=0 offset=(0.0, 0.0))
INTENTIONAL_AUTHORED MenuBar.stylebox.hover default=StyleBoxFlat(bg=#39393999 border=0/0/0/0 border_color=#ccccccff radius=3/3/3/3 margin=4.0/4.0/4.0/4.0 expand=0.0/0.0/0.0/0.0 shadow=0 offset=(0.0, 0.0)) neocade=StyleBoxFlat(bg=#3080c4ff border=0/0/0/0 border_color=#0f1523ff radius=0/0/0/0 margin=8.0/3.0/8.0/3.0 expand=0.0/0.0/0.0/0.0 shadow=0 offset=(0.0, 0.0))
INTENTIONAL_AUTHORED MenuBar.stylebox.normal default=StyleBoxFlat(bg=#1a1a1a99 border=0/0/0/0 border_color=#ccccccff radius=3/3/3/3 margin=4.0/4.0/4.0/4.0 expand=0.0/0.0/0.0/0.0 shadow=0 offset=(0.0, 0.0)) neocade=StyleBoxFlat(bg=#151e2f00 border=1/1/1/1 border_color=#0f1523ff radius=0/0/0/0 margin=8.0/3.0/8.0/3.0 expand=0.0/0.0/0.0/0.0 shadow=0 offset=(0.0, 0.0))
INTENTIONAL_AUTHORED MenuBar.stylebox.pressed default=StyleBoxFlat(bg=#00000099 border=0/0/0/0 border_color=#ccccccff radius=3/3/3/3 margin=4.0/4.0/4.0/4.0 expand=0.0/0.0/0.0/0.0 shadow=0 offset=(0.0, 0.0)) neocade=StyleBoxFlat(bg=#3885c7ff border=0/0/0/0 border_color=#0f1523ff radius=0/0/0/0 margin=8.0/3.0/8.0/3.0 expand=0.0/0.0/0.0/0.0 shadow=0 offset=(0.0, 0.0))
INTENTIONAL_AUTHORED MenuBar.color.font_color default=#dfdfdfff neocade=#ffffffff
INTENTIONAL_AUTHORED MenuBar.color.font_disabled_color default=#dfdfdf80 neocade=#ffffff6b
INTENTIONAL_AUTHORED MenuBar.color.font_focus_color default=#f2f2f2ff neocade=#f6fc4dff
INTENTIONAL_AUTHORED MenuBar.color.font_hover_color default=#f2f2f2ff neocade=#000000ff
INTENTIONAL_AUTHORED MenuBar.color.font_outline_color default=#000000ff neocade=#0f1523ff
INTENTIONAL_AUTHORED MenuBar.color.font_pressed_color default=#ffffffff neocade=#000000ff
INTENTIONAL_AUTHORED MenuBar.font.font default=Font(path=) neocade=Font(path=res://addons/neocade_theme/fonts/inter_variable.ttf)
INTENTIONAL_AUTHORED MenuBar.font_size.font_size default=16 neocade=14
INTENTIONAL_AUTHORED MenuButton.stylebox.disabled default=StyleBoxFlat(bg=#1a1a1a4d border=0/0/0/0 border_color=#ccccccff radius=3/3/3/3 margin=4.0/4.0/4.0/4.0 expand=0.0/0.0/0.0/0.0 shadow=0 offset=(0.0, 0.0)) neocade=StyleBoxFlat(bg=#717742ff border=0/0/0/0 border_color=#0f1523ff radius=0/0/0/0 margin=10.0/5.0/10.0/5.0 expand=0.0/0.0/0.0/0.0 shadow=0 offset=(0.0, 0.0))
INTENTIONAL_AUTHORED MenuButton.stylebox.focus default=StyleBoxFlat(bg=#ffffffbf border=2/2/2/2 border_color=#ccccccff radius=3/3/3/3 margin=4.0/4.0/4.0/4.0 expand=2.0/2.0/2.0/2.0 shadow=0 offset=(0.0, 0.0)) neocade=StyleBoxFlat(bg=#00000000 border=2/2/2/2 border_color=#f6fc4dff radius=0/0/0/0 margin=-1.0/-1.0/-1.0/-1.0 expand=0.0/0.0/0.0/0.0 shadow=0 offset=(0.0, 0.0))
INTENTIONAL_AUTHORED MenuButton.stylebox.hover default=StyleBoxFlat(bg=#39393999 border=0/0/0/0 border_color=#ccccccff radius=3/3/3/3 margin=4.0/4.0/4.0/4.0 expand=0.0/0.0/0.0/0.0 shadow=0 offset=(0.0, 0.0)) neocade=StyleBoxFlat(bg=#3080c4ff border=1/1/1/1 border_color=#154674ff radius=0/0/0/0 margin=10.0/5.0/10.0/5.0 expand=0.0/0.0/0.0/0.0 shadow=0 offset=(0.0, 0.0))
INTENTIONAL_AUTHORED MenuButton.stylebox.hover_pressed default=<missing> neocade=StyleBoxFlat(bg=#3885c7ff border=1/1/1/1 border_color=#154674ff radius=0/0/0/0 margin=10.0/5.0/10.0/5.0 expand=0.0/0.0/0.0/0.0 shadow=0 offset=(0.0, 0.0))
INTENTIONAL_AUTHORED MenuButton.stylebox.normal default=StyleBoxFlat(bg=#1a1a1a99 border=0/0/0/0 border_color=#ccccccff radius=3/3/3/3 margin=4.0/4.0/4.0/4.0 expand=0.0/0.0/0.0/0.0 shadow=0 offset=(0.0, 0.0)) neocade=StyleBoxFlat(bg=#2278c0ff border=1/1/1/1 border_color=#154674ff radius=0/0/0/0 margin=10.0/5.0/10.0/5.0 expand=0.0/0.0/0.0/0.0 shadow=0 offset=(0.0, 0.0))
INTENTIONAL_AUTHORED MenuButton.stylebox.pressed default=StyleBoxFlat(bg=#00000099 border=0/0/0/0 border_color=#ccccccff radius=3/3/3/3 margin=4.0/4.0/4.0/4.0 expand=0.0/0.0/0.0/0.0 shadow=0 offset=(0.0, 0.0)) neocade=StyleBoxFlat(bg=#3885c7ff border=1/1/1/1 border_color=#154674ff radius=0/0/0/0 margin=10.0/5.0/10.0/5.0 expand=0.0/0.0/0.0/0.0 shadow=0 offset=(0.0, 0.0))
INTENTIONAL_AUTHORED MenuButton.color.font_color default=#dfdfdfff neocade=#ffffffff
INTENTIONAL_AUTHORED MenuButton.color.font_disabled_color default=#ffffff4d neocade=#ffffff6b
INTENTIONAL_AUTHORED MenuButton.color.font_focus_color default=#f2f2f2ff neocade=#ffffffff
INTENTIONAL_AUTHORED MenuButton.color.font_hover_color default=#f2f2f2ff neocade=#000000ff
DEFAULT_ONLY MenuButton.color.font_outline_color default=#000000ff neocade=<missing>
INTENTIONAL_AUTHORED MenuButton.color.font_pressed_color default=#ffffffff neocade=#000000ff
INTENTIONAL_AUTHORED MenuButton.constant.h_separation default=4 neocade=8
DEFAULT_ONLY MenuButton.constant.outline_size default=0 neocade=<missing>
INTENTIONAL_AUTHORED MenuButton.font.font default=Font(path=) neocade=Font(path=res://addons/neocade_theme/fonts/inter_variable.ttf)
INTENTIONAL_AUTHORED MenuButton.font_size.font_size default=16 neocade=14
INTENTIONAL_AUTHORED OptionButton.stylebox.disabled default=StyleBoxFlat(bg=#1a1a1a4d border=0/0/0/0 border_color=#ccccccff radius=3/3/3/3 margin=8.0/4.0/8.0/4.0 expand=0.0/0.0/0.0/0.0 shadow=0 offset=(0.0, 0.0)) neocade=StyleBoxFlat(bg=#717742ff border=0/0/0/0 border_color=#0f1523ff radius=0/0/0/0 margin=8.0/4.0/8.0/4.0 expand=0.0/0.0/0.0/0.0 shadow=0 offset=(0.0, 0.0))
DEFAULT_ONLY OptionButton.stylebox.disabled_mirrored default=StyleBoxFlat(bg=#1a1a1a4d border=0/0/0/0 border_color=#ccccccff radius=3/3/3/3 margin=8.0/4.0/8.0/4.0 expand=0.0/0.0/0.0/0.0 shadow=0 offset=(0.0, 0.0)) neocade=<missing>
INTENTIONAL_AUTHORED OptionButton.stylebox.focus default=StyleBoxFlat(bg=#ffffffbf border=2/2/2/2 border_color=#ccccccff radius=3/3/3/3 margin=4.0/4.0/4.0/4.0 expand=2.0/2.0/2.0/2.0 shadow=0 offset=(0.0, 0.0)) neocade=StyleBoxFlat(bg=#00000000 border=2/2/2/2 border_color=#f6fc4dff radius=0/0/0/0 margin=-1.0/-1.0/-1.0/-1.0 expand=0.0/0.0/0.0/0.0 shadow=0 offset=(0.0, 0.0))
INTENTIONAL_AUTHORED OptionButton.stylebox.hover default=StyleBoxFlat(bg=#39393999 border=0/0/0/0 border_color=#ccccccff radius=3/3/3/3 margin=8.0/4.0/8.0/4.0 expand=0.0/0.0/0.0/0.0 shadow=0 offset=(0.0, 0.0)) neocade=StyleBoxFlat(bg=#3080c4ff border=1/1/1/1 border_color=#154674ff radius=0/0/0/0 margin=8.0/4.0/8.0/4.0 expand=0.0/0.0/0.0/0.0 shadow=0 offset=(0.0, 0.0))
DEFAULT_ONLY OptionButton.stylebox.hover_mirrored default=StyleBoxFlat(bg=#39393999 border=0/0/0/0 border_color=#ccccccff radius=3/3/3/3 margin=8.0/4.0/8.0/4.0 expand=0.0/0.0/0.0/0.0 shadow=0 offset=(0.0, 0.0)) neocade=<missing>
INTENTIONAL_AUTHORED OptionButton.stylebox.hover_pressed default=<missing> neocade=StyleBoxFlat(bg=#3885c7ff border=1/1/1/1 border_color=#154674ff radius=0/0/0/0 margin=8.0/4.0/8.0/4.0 expand=0.0/0.0/0.0/0.0 shadow=0 offset=(0.0, 0.0))
INTENTIONAL_AUTHORED OptionButton.stylebox.normal default=StyleBoxFlat(bg=#1a1a1a99 border=0/0/0/0 border_color=#ccccccff radius=3/3/3/3 margin=8.0/4.0/8.0/4.0 expand=0.0/0.0/0.0/0.0 shadow=0 offset=(0.0, 0.0)) neocade=StyleBoxFlat(bg=#2278c0ff border=1/1/1/1 border_color=#154674ff radius=0/0/0/0 margin=8.0/4.0/8.0/4.0 expand=0.0/0.0/0.0/0.0 shadow=0 offset=(0.0, 0.0))
DEFAULT_ONLY OptionButton.stylebox.normal_mirrored default=StyleBoxFlat(bg=#1a1a1a99 border=0/0/0/0 border_color=#ccccccff radius=3/3/3/3 margin=8.0/4.0/8.0/4.0 expand=0.0/0.0/0.0/0.0 shadow=0 offset=(0.0, 0.0)) neocade=<missing>
INTENTIONAL_AUTHORED OptionButton.stylebox.pressed default=StyleBoxFlat(bg=#00000099 border=0/0/0/0 border_color=#ccccccff radius=3/3/3/3 margin=8.0/4.0/8.0/4.0 expand=0.0/0.0/0.0/0.0 shadow=0 offset=(0.0, 0.0)) neocade=StyleBoxFlat(bg=#3885c7ff border=1/1/1/1 border_color=#154674ff radius=0/0/0/0 margin=8.0/4.0/8.0/4.0 expand=0.0/0.0/0.0/0.0 shadow=0 offset=(0.0, 0.0))
DEFAULT_ONLY OptionButton.stylebox.pressed_mirrored default=StyleBoxFlat(bg=#00000099 border=0/0/0/0 border_color=#ccccccff radius=3/3/3/3 margin=8.0/4.0/8.0/4.0 expand=0.0/0.0/0.0/0.0 shadow=0 offset=(0.0, 0.0)) neocade=<missing>
INTENTIONAL_AUTHORED OptionButton.color.font_color default=#dfdfdfff neocade=#ffffffff
INTENTIONAL_AUTHORED OptionButton.color.font_disabled_color default=#dfdfdf80 neocade=#ffffff6b
INTENTIONAL_AUTHORED OptionButton.color.font_focus_color default=#f2f2f2ff neocade=#ffffffff
INTENTIONAL_AUTHORED OptionButton.color.font_hover_color default=#f2f2f2ff neocade=#000000ff
DEFAULT_ONLY OptionButton.color.font_hover_pressed_color default=#ffffffff neocade=<missing>
DEFAULT_ONLY OptionButton.color.font_outline_color default=#000000ff neocade=<missing>
INTENTIONAL_AUTHORED OptionButton.color.font_pressed_color default=#ffffffff neocade=#000000ff
INTENTIONAL_AUTHORED OptionButton.constant.arrow_margin default=4 neocade=6
DEFAULT_ONLY OptionButton.constant.modulate_arrow default=0 neocade=<missing>
DEFAULT_ONLY OptionButton.constant.outline_size default=0 neocade=<missing>
INTENTIONAL_AUTHORED OptionButton.font.font default=Font(path=) neocade=Font(path=res://addons/neocade_theme/fonts/inter_variable.ttf)
INTENTIONAL_AUTHORED OptionButton.font_size.font_size default=16 neocade=14
INTENTIONAL_AUTHORED OptionButton.icon.arrow default=Texture2D(size=(12.0, 12.0) path=) neocade=Texture2D(size=(16.0, 16.0) path=res://addons/neocade_theme/icons/arrow_down.svg)
INTENTIONAL_AUTHORED Panel.stylebox.panel default=StyleBoxFlat(bg=#1a1a1a99 border=0/0/0/0 border_color=#ccccccff radius=3/3/3/3 margin=0.0/0.0/0.0/0.0 expand=0.0/0.0/0.0/0.0 shadow=0 offset=(0.0, 0.0)) neocade=StyleBoxFlat(bg=#212e42ff border=1/1/1/1 border_color=#0f1523ff radius=0/0/0/0 margin=0.0/0.0/0.0/0.0 expand=0.0/0.0/0.0/0.0 shadow=0 offset=(0.0, 0.0))
INTENTIONAL_AUTHORED PanelContainer.stylebox.panel default=StyleBoxFlat(bg=#1a1a1a99 border=0/0/0/0 border_color=#ccccccff radius=3/3/3/3 margin=0.0/0.0/0.0/0.0 expand=0.0/0.0/0.0/0.0 shadow=0 offset=(0.0, 0.0)) neocade=StyleBoxFlat(bg=#212e42ff border=1/1/1/1 border_color=#0f1523ff radius=0/0/0/0 margin=10.0/8.0/10.0/8.0 expand=0.0/0.0/0.0/0.0 shadow=0 offset=(0.0, 0.0))
INTENTIONAL_AUTHORED PanelLabel.color.font_color default=<missing> neocade=#ffffffff
INTENTIONAL_AUTHORED PanelLabel.font.font default=Font(path=) neocade=Font(path=res://addons/neocade_theme/fonts/inter_variable.ttf)
INTENTIONAL_AUTHORED PanelLabel.font_size.font_size default=16 neocade=14
INTENTIONAL_AUTHORED PanelRichTextLabel.stylebox.focus default=<missing> neocade=StyleBoxFlat(bg=#151e2f00 border=0/0/0/0 border_color=#0f1523ff radius=0/0/0/0 margin=0.0/0.0/0.0/0.0 expand=0.0/0.0/0.0/0.0 shadow=0 offset=(0.0, 0.0))
INTENTIONAL_AUTHORED PanelRichTextLabel.stylebox.normal default=<missing> neocade=StyleBoxFlat(bg=#151e2f00 border=0/0/0/0 border_color=#0f1523ff radius=0/0/0/0 margin=0.0/0.0/0.0/0.0 expand=0.0/0.0/0.0/0.0 shadow=0 offset=(0.0, 0.0))
INTENTIONAL_AUTHORED PanelRichTextLabel.color.default_color default=<missing> neocade=#ffffffff
INTENTIONAL_AUTHORED PanelRichTextLabel.color.font_selected_color default=<missing> neocade=#000000ff
INTENTIONAL_AUTHORED PanelRichTextLabel.color.selection_color default=<missing> neocade=#f6fc4dff
INTENTIONAL_AUTHORED PanelRichTextLabel.font.normal_font default=Font(path=) neocade=Font(path=res://addons/neocade_theme/fonts/inter_variable.ttf)
INTENTIONAL_AUTHORED PanelRichTextLabel.font_size.normal_font_size default=16 neocade=14
INTENTIONAL_AUTHORED PopupDialog.stylebox.panel default=StyleBoxFlat(bg=#1a1a1a99 border=0/0/0/0 border_color=#ccccccff radius=3/3/3/3 margin=4.0/4.0/4.0/4.0 expand=0.0/0.0/0.0/0.0 shadow=0 offset=(0.0, 0.0)) neocade=StyleBoxFlat(bg=#151e2fff border=1/1/1/1 border_color=#0f1523ff radius=0/0/0/0 margin=12.0/10.0/12.0/10.0 expand=0.0/0.0/0.0/0.0 shadow=0 offset=(0.0, 0.0))
INTENTIONAL_AUTHORED PopupMenu.stylebox.hover default=StyleBoxFlat(bg=#666666ff border=0/0/0/0 border_color=#ccccccff radius=3/3/3/3 margin=4.0/4.0/4.0/4.0 expand=0.0/0.0/0.0/0.0 shadow=0 offset=(0.0, 0.0)) neocade=StyleBoxFlat(bg=#3080c4ff border=0/0/0/0 border_color=#154674ff radius=0/0/0/0 margin=0.0/0.0/0.0/0.0 expand=0.0/0.0/0.0/0.0 shadow=0 offset=(0.0, 0.0))
INTENTIONAL_AUTHORED PopupMenu.stylebox.panel default=StyleBoxFlat(bg=#404040ff border=2/2/2/2 border_color=#2d2d2dff radius=3/3/3/3 margin=4.0/4.0/4.0/4.0 expand=0.0/0.0/0.0/0.0 shadow=0 offset=(0.0, 0.0)) neocade=StyleBoxFlat(bg=#1a2435ff border=1/1/1/1 border_color=#0a0f1bff radius=0/0/0/0 margin=0.0/0.0/0.0/0.0 expand=0.0/0.0/0.0/0.0 shadow=0 offset=(0.0, 0.0))
INTENTIONAL_AUTHORED PopupMenu.color.font_accelerator_color default=#b2b2b2cc neocade=#abaeb4ff
INTENTIONAL_AUTHORED PopupMenu.color.font_color default=#dfdfdfff neocade=#ffffffff
INTENTIONAL_AUTHORED PopupMenu.color.font_disabled_color default=#666666cc neocade=#ffffff6b
INTENTIONAL_AUTHORED PopupMenu.color.font_hover_color default=#dfdfdfff neocade=#000000ff
INTENTIONAL_AUTHORED PopupMenu.color.font_outline_color default=#000000ff neocade=#0f1523ff
INTENTIONAL_AUTHORED PopupMenu.color.font_separator_color default=#dfdfdfff neocade=#abaeb4ff
INTENTIONAL_AUTHORED PopupMenu.color.font_separator_outline_color default=#000000ff neocade=#0f1523ff
INTENTIONAL_AUTHORED PopupMenu.constant.h_separation default=4 neocade=6
INTENTIONAL_AUTHORED PopupMenu.constant.icon_max_width default=0 neocade=18
INTENTIONAL_AUTHORED PopupMenu.constant.indent default=10 neocade=16
INTENTIONAL_AUTHORED PopupMenu.constant.item_end_padding default=2 neocade=8
INTENTIONAL_AUTHORED PopupMenu.constant.item_start_padding default=2 neocade=8
INTENTIONAL_AUTHORED PopupMenu.constant.search_bar_separation default=<missing> neocade=4
INTENTIONAL_AUTHORED PopupMenu.font.font default=Font(path=) neocade=Font(path=res://addons/neocade_theme/fonts/inter_variable.ttf)
INTENTIONAL_AUTHORED PopupMenu.font.font_separator default=Font(path=) neocade=Font(path=res://addons/neocade_theme/fonts/inter_variable.ttf)
INTENTIONAL_AUTHORED PopupMenu.font_size.font_separator_size default=16 neocade=12
INTENTIONAL_AUTHORED PopupMenu.font_size.font_size default=16 neocade=14
INTENTIONAL_AUTHORED PopupMenu.icon.checked default=Texture2D(size=(16.0, 16.0) path=) neocade=Texture2D(size=(24.0, 24.0) path=)
INTENTIONAL_AUTHORED PopupMenu.icon.checked_disabled default=Texture2D(size=(16.0, 16.0) path=) neocade=Texture2D(size=(24.0, 24.0) path=)
INTENTIONAL_AUTHORED PopupMenu.icon.radio_checked default=Texture2D(size=(16.0, 16.0) path=) neocade=Texture2D(size=(24.0, 24.0) path=)
INTENTIONAL_AUTHORED PopupMenu.icon.radio_checked_disabled default=Texture2D(size=(16.0, 16.0) path=) neocade=Texture2D(size=(24.0, 24.0) path=)
INTENTIONAL_AUTHORED PopupMenu.icon.radio_unchecked default=Texture2D(size=(16.0, 16.0) path=) neocade=Texture2D(size=(24.0, 24.0) path=)
INTENTIONAL_AUTHORED PopupMenu.icon.radio_unchecked_disabled default=Texture2D(size=(16.0, 16.0) path=) neocade=Texture2D(size=(24.0, 24.0) path=)
INTENTIONAL_AUTHORED PopupMenu.icon.search default=<missing> neocade=Texture2D(size=(24.0, 24.0) path=)
INTENTIONAL_AUTHORED PopupMenu.icon.submenu default=Texture2D(size=(8.0, 16.0) path=) neocade=Texture2D(size=(16.0, 16.0) path=res://addons/neocade_theme/icons/popup_submenu.svg)
INTENTIONAL_AUTHORED PopupMenu.icon.submenu_mirrored default=Texture2D(size=(8.0, 16.0) path=) neocade=Texture2D(size=(16.0, 16.0) path=res://addons/neocade_theme/icons/popup_submenu_mirrored.svg)
INTENTIONAL_AUTHORED PopupMenu.icon.unchecked default=Texture2D(size=(16.0, 16.0) path=) neocade=Texture2D(size=(24.0, 24.0) path=)
INTENTIONAL_AUTHORED PopupMenu.icon.unchecked_disabled default=Texture2D(size=(16.0, 16.0) path=) neocade=Texture2D(size=(24.0, 24.0) path=)
INTENTIONAL_AUTHORED PopupPanel.stylebox.panel default=StyleBoxFlat(bg=#1a1a1a99 border=0/0/0/0 border_color=#ccccccff radius=3/3/3/3 margin=4.0/4.0/4.0/4.0 expand=0.0/0.0/0.0/0.0 shadow=0 offset=(0.0, 0.0)) neocade=StyleBoxFlat(bg=#1a2435ff border=1/1/1/1 border_color=#0a0f1bff radius=0/0/0/0 margin=8.0/6.0/8.0/6.0 expand=0.0/0.0/0.0/0.0 shadow=0 offset=(0.0, 0.0))
INTENTIONAL_AUTHORED PrimaryButton.stylebox.disabled default=<missing> neocade=StyleBoxFlat(bg=#3cdf826b border=0/0/0/0 border_color=#0f1523ff radius=0/0/0/0 margin=14.0/9.0/14.0/9.0 expand=0.0/0.0/0.0/0.0 shadow=0 offset=(0.0, 0.0))
INTENTIONAL_AUTHORED PrimaryButton.stylebox.focus default=<missing> neocade=StyleBoxFlat(bg=#00000000 border=2/2/2/2 border_color=#f6fc4dff radius=0/0/0/0 margin=-1.0/-1.0/-1.0/-1.0 expand=0.0/0.0/0.0/0.0 shadow=0 offset=(0.0, 0.0))
INTENTIONAL_AUTHORED PrimaryButton.stylebox.hover default=<missing> neocade=StyleBoxFlat(bg=#31b76aff border=1/1/1/1 border_color=#237c4eff radius=0/0/0/0 margin=14.0/9.0/14.0/9.0 expand=0.0/0.0/0.0/0.0 shadow=0 offset=(0.0, 0.0))
INTENTIONAL_AUTHORED PrimaryButton.stylebox.hover_pressed default=<missing> neocade=StyleBoxFlat(bg=#2a9c5bff border=1/1/1/1 border_color=#289355ff radius=0/0/0/0 margin=14.0/9.0/14.0/9.0 expand=0.0/0.0/0.0/0.0 shadow=0 offset=(0.0, 0.0))
INTENTIONAL_AUTHORED PrimaryButton.stylebox.normal default=<missing> neocade=StyleBoxFlat(bg=#3cdf82ff border=1/1/1/1 border_color=#237c4eff radius=0/0/0/0 margin=14.0/9.0/14.0/9.0 expand=0.0/0.0/0.0/0.0 shadow=0 offset=(0.0, 0.0))
INTENTIONAL_AUTHORED PrimaryButton.stylebox.pressed default=<missing> neocade=StyleBoxFlat(bg=#2a9c5bff border=1/1/1/1 border_color=#289355ff radius=0/0/0/0 margin=14.0/9.0/14.0/9.0 expand=0.0/0.0/0.0/0.0 shadow=0 offset=(0.0, 0.0))
INTENTIONAL_AUTHORED PrimaryButton.color.font_color default=<missing> neocade=#000000ff
INTENTIONAL_AUTHORED PrimaryButton.color.font_disabled_color default=<missing> neocade=#0000006b
INTENTIONAL_AUTHORED PrimaryButton.color.font_focus_color default=<missing> neocade=#000000ff
INTENTIONAL_AUTHORED PrimaryButton.color.font_hover_color default=<missing> neocade=#000000ff
INTENTIONAL_AUTHORED PrimaryButton.color.font_hover_pressed_color default=<missing> neocade=#000000ff
INTENTIONAL_AUTHORED PrimaryButton.color.font_pressed_color default=<missing> neocade=#000000ff
INTENTIONAL_AUTHORED PrimaryButton.color.icon_disabled_color default=<missing> neocade=#0000006b
INTENTIONAL_AUTHORED PrimaryButton.color.icon_focus_color default=<missing> neocade=#000000ff
INTENTIONAL_AUTHORED PrimaryButton.color.icon_hover_color default=<missing> neocade=#000000ff
INTENTIONAL_AUTHORED PrimaryButton.color.icon_hover_pressed_color default=<missing> neocade=#000000ff
INTENTIONAL_AUTHORED PrimaryButton.color.icon_normal_color default=<missing> neocade=#000000ff
INTENTIONAL_AUTHORED PrimaryButton.color.icon_pressed_color default=<missing> neocade=#000000ff
INTENTIONAL_AUTHORED PrimaryButton.constant.h_separation default=<missing> neocade=8
INTENTIONAL_AUTHORED PrimaryButton.font.font default=Font(path=) neocade=Font(path=res://addons/neocade_theme/fonts/inter_variable.ttf)
INTENTIONAL_AUTHORED PrimaryButton.font_size.font_size default=16 neocade=14
INTENTIONAL_AUTHORED ProgressBar.stylebox.background default=StyleBoxFlat(bg=#1a1a1a4d border=0/0/0/0 border_color=#ccccccff radius=6/6/6/6 margin=2.0/2.0/2.0/2.0 expand=0.0/0.0/0.0/0.0 shadow=0 offset=(0.0, 0.0)) neocade=StyleBoxFlat(bg=#111824ff border=1/1/1/1 border_color=#0f1523ff radius=0/0/0/0 margin=0.0/0.0/0.0/0.0 expand=0.0/0.0/0.0/0.0 shadow=0 offset=(0.0, 0.0))
INTENTIONAL_AUTHORED ProgressBar.stylebox.fill default=StyleBoxFlat(bg=#ffffff66 border=0/0/0/0 border_color=#ccccccff radius=6/6/6/6 margin=2.0/2.0/2.0/2.0 expand=0.0/0.0/0.0/0.0 shadow=0 offset=(0.0, 0.0)) neocade=StyleBoxFlat(bg=#58e779ff border=1/1/1/1 border_color=#0f1523ff radius=0/0/0/0 margin=0.0/0.0/0.0/0.0 expand=0.0/0.0/0.0/0.0 shadow=0 offset=(0.0, 0.0))
INTENTIONAL_AUTHORED ProgressBar.color.font_color default=#f2f2f2ff neocade=#ffffffff
INTENTIONAL_AUTHORED ProgressBar.constant.outline_size default=0 neocade=4
INTENTIONAL_AUTHORED ProgressBar.font.font default=Font(path=) neocade=Font(path=res://addons/neocade_theme/fonts/inter_variable.ttf)
INTENTIONAL_AUTHORED ProgressBar.font_size.font_size default=16 neocade=14
INTENTIONAL_AUTHORED RichTextLabel.stylebox.focus default=StyleBoxFlat(bg=#ffffffbf border=2/2/2/2 border_color=#ccccccff radius=3/3/3/3 margin=4.0/4.0/4.0/4.0 expand=2.0/2.0/2.0/2.0 shadow=0 offset=(0.0, 0.0)) neocade=StyleBoxFlat(bg=#151e2f00 border=0/0/0/0 border_color=#0f1523ff radius=0/0/0/0 margin=0.0/0.0/0.0/0.0 expand=0.0/0.0/0.0/0.0 shadow=0 offset=(0.0, 0.0))
INTENTIONAL_AUTHORED RichTextLabel.stylebox.normal default=StyleBoxEmpty neocade=StyleBoxFlat(bg=#151e2f00 border=0/0/0/0 border_color=#0f1523ff radius=0/0/0/0 margin=0.0/0.0/0.0/0.0 expand=0.0/0.0/0.0/0.0 shadow=0 offset=(0.0, 0.0))
DEFAULT_ONLY RichTextLabel.color.font_outline_color default=#000000ff neocade=<missing>
INTENTIONAL_AUTHORED RichTextLabel.color.font_selected_color default=#00000000 neocade=#000000ff
DEFAULT_ONLY RichTextLabel.color.font_shadow_color default=#00000000 neocade=<missing>
INTENTIONAL_AUTHORED RichTextLabel.color.selection_color default=#1a1affcc neocade=#999c30ff
DEFAULT_ONLY RichTextLabel.color.table_border default=#00000000 neocade=<missing>
DEFAULT_ONLY RichTextLabel.color.table_even_row_bg default=#00000000 neocade=<missing>
DEFAULT_ONLY RichTextLabel.color.table_odd_row_bg default=#00000000 neocade=<missing>
DEFAULT_ONLY RichTextLabel.constant.line_separation default=0 neocade=<missing>
DEFAULT_ONLY RichTextLabel.constant.outline_size default=0 neocade=<missing>
DEFAULT_ONLY RichTextLabel.constant.paragraph_separation default=0 neocade=<missing>
DEFAULT_ONLY RichTextLabel.constant.shadow_offset_x default=1 neocade=<missing>
DEFAULT_ONLY RichTextLabel.constant.shadow_offset_y default=1 neocade=<missing>
DEFAULT_ONLY RichTextLabel.constant.shadow_outline_size default=1 neocade=<missing>
DEFAULT_ONLY RichTextLabel.constant.strikethrough_alpha default=50 neocade=<missing>
DEFAULT_ONLY RichTextLabel.constant.table_h_separation default=3 neocade=<missing>
DEFAULT_ONLY RichTextLabel.constant.table_v_separation default=3 neocade=<missing>
DEFAULT_ONLY RichTextLabel.constant.text_highlight_h_padding default=3 neocade=<missing>
DEFAULT_ONLY RichTextLabel.constant.text_highlight_v_padding default=3 neocade=<missing>
DEFAULT_ONLY RichTextLabel.constant.underline_alpha default=50 neocade=<missing>
INTENTIONAL_AUTHORED RichTextLabel.font.bold_font default=Font(path=) neocade=Font(path=res://addons/neocade_theme/fonts/inter_variable.ttf)
INTENTIONAL_AUTHORED RichTextLabel.font.bold_italics_font default=Font(path=) neocade=Font(path=res://addons/neocade_theme/fonts/inter_variable.ttf)
INTENTIONAL_AUTHORED RichTextLabel.font.italics_font default=Font(path=) neocade=Font(path=res://addons/neocade_theme/fonts/inter_variable.ttf)
INTENTIONAL_AUTHORED RichTextLabel.font.mono_font default=Font(path=) neocade=Font(path=res://addons/neocade_theme/fonts/inter_variable.ttf)
INTENTIONAL_AUTHORED RichTextLabel.font.normal_font default=Font(path=) neocade=Font(path=res://addons/neocade_theme/fonts/inter_variable.ttf)
INTENTIONAL_AUTHORED RichTextLabel.font_size.bold_font_size default=16 neocade=14
INTENTIONAL_AUTHORED RichTextLabel.font_size.bold_italics_font_size default=16 neocade=14
INTENTIONAL_AUTHORED RichTextLabel.font_size.italics_font_size default=16 neocade=14
INTENTIONAL_AUTHORED RichTextLabel.font_size.mono_font_size default=16 neocade=14
INTENTIONAL_AUTHORED RichTextLabel.font_size.normal_font_size default=16 neocade=14
DEFAULT_ONLY RichTextLabel.icon.horizontal_rule default=Texture2D(size=(2.0, 2.0) path=) neocade=<missing>
INTENTIONAL_AUTHORED ScrollContainer.stylebox.focus default=StyleBoxFlat(bg=#ffffffbf border=2/2/2/2 border_color=#ffffffbf radius=3/3/3/3 margin=4.0/4.0/4.0/4.0 expand=4.0/4.0/4.0/4.0 shadow=0 offset=(0.0, 0.0)) neocade=StyleBoxFlat(bg=#00000000 border=2/2/2/2 border_color=#f6fc4dff radius=0/0/0/0 margin=-1.0/-1.0/-1.0/-1.0 expand=0.0/0.0/0.0/0.0 shadow=0 offset=(0.0, 0.0))
INTENTIONAL_AUTHORED ScrollContainer.icon.scroll_hint_horizontal default=Texture2D(size=(24.0, 32.0) path=) neocade=Texture2D(size=(12.0, 16.0) path=res://addons/neocade_theme/icons/scroll_hint_horizontal.svg)
INTENTIONAL_AUTHORED ScrollContainer.icon.scroll_hint_vertical default=Texture2D(size=(32.0, 24.0) path=) neocade=Texture2D(size=(16.0, 12.0) path=res://addons/neocade_theme/icons/scroll_hint_vertical.svg)
DEFAULT_ONLY SpinBox.stylebox.down_background default=StyleBoxEmpty neocade=<missing>
DEFAULT_ONLY SpinBox.stylebox.down_background_disabled default=StyleBoxEmpty neocade=<missing>
INTENTIONAL_AUTHORED SpinBox.stylebox.down_background_hovered default=StyleBoxFlat(bg=#39393999 border=0/0/0/0 border_color=#ccccccff radius=3/3/3/3 margin=4.0/4.0/4.0/4.0 expand=0.0/0.0/0.0/0.0 shadow=0 offset=(0.0, 0.0)) neocade=StyleBoxFlat(bg=#e5df3eff border=0/0/0/0 border_color=#e5df3eff radius=0/0/0/0 margin=0.0/0.0/0.0/0.0 expand=0.0/0.0/0.0/0.0 shadow=0 offset=(0.0, 0.0))
INTENTIONAL_AUTHORED SpinBox.stylebox.down_background_pressed default=StyleBoxFlat(bg=#00000099 border=0/0/0/0 border_color=#ccccccff radius=3/3/3/3 margin=4.0/4.0/4.0/4.0 expand=0.0/0.0/0.0/0.0 shadow=0 offset=(0.0, 0.0)) neocade=StyleBoxFlat(bg=#dbd63bff border=0/0/0/0 border_color=#dbd63bff radius=0/0/0/0 margin=0.0/0.0/0.0/0.0 expand=0.0/0.0/0.0/0.0 shadow=0 offset=(0.0, 0.0))
DEFAULT_ONLY SpinBox.stylebox.field_and_buttons_separator default=StyleBoxEmpty neocade=<missing>
DEFAULT_ONLY SpinBox.stylebox.up_background default=StyleBoxEmpty neocade=<missing>
DEFAULT_ONLY SpinBox.stylebox.up_background_disabled default=StyleBoxEmpty neocade=<missing>
INTENTIONAL_AUTHORED SpinBox.stylebox.up_background_hovered default=StyleBoxFlat(bg=#39393999 border=0/0/0/0 border_color=#ccccccff radius=3/3/3/3 margin=4.0/4.0/4.0/4.0 expand=0.0/0.0/0.0/0.0 shadow=0 offset=(0.0, 0.0)) neocade=StyleBoxFlat(bg=#e5df3eff border=0/0/0/0 border_color=#e5df3eff radius=0/0/0/0 margin=0.0/0.0/0.0/0.0 expand=0.0/0.0/0.0/0.0 shadow=0 offset=(0.0, 0.0))
INTENTIONAL_AUTHORED SpinBox.stylebox.up_background_pressed default=StyleBoxFlat(bg=#00000099 border=0/0/0/0 border_color=#ccccccff radius=3/3/3/3 margin=4.0/4.0/4.0/4.0 expand=0.0/0.0/0.0/0.0 shadow=0 offset=(0.0, 0.0)) neocade=StyleBoxFlat(bg=#dbd63bff border=0/0/0/0 border_color=#dbd63bff radius=0/0/0/0 margin=0.0/0.0/0.0/0.0 expand=0.0/0.0/0.0/0.0 shadow=0 offset=(0.0, 0.0))
DEFAULT_ONLY SpinBox.stylebox.up_down_buttons_separator default=StyleBoxEmpty neocade=<missing>
INTENTIONAL_AUTHORED SpinBox.color.down_disabled_icon_modulate default=#dfdfdf80 neocade=#abaeb46b
INTENTIONAL_AUTHORED SpinBox.color.down_hover_icon_modulate default=#f2f2f2ff neocade=#ffffffff
INTENTIONAL_AUTHORED SpinBox.color.down_icon_modulate default=#dfdfdfff neocade=#ffffffff
INTENTIONAL_AUTHORED SpinBox.color.down_pressed_icon_modulate default=#f2f2f2ff neocade=#ffffffff
INTENTIONAL_AUTHORED SpinBox.color.up_disabled_icon_modulate default=#dfdfdf80 neocade=#abaeb46b
INTENTIONAL_AUTHORED SpinBox.color.up_hover_icon_modulate default=#f2f2f2ff neocade=#ffffffff
INTENTIONAL_AUTHORED SpinBox.color.up_icon_modulate default=#dfdfdfff neocade=#ffffffff
INTENTIONAL_AUTHORED SpinBox.color.up_pressed_icon_modulate default=#f2f2f2ff neocade=#ffffffff
INTENTIONAL_AUTHORED SpinBox.constant.buttons_vertical_separation default=0 neocade=2
INTENTIONAL_AUTHORED SpinBox.constant.field_and_buttons_separation default=2 neocade=4
DEFAULT_ONLY SpinBox.constant.set_min_buttons_width_from_icons default=1 neocade=<missing>
INTENTIONAL_AUTHORED SpinBox.icon.down default=Texture2D(size=(16.0, 8.0) path=) neocade=Texture2D(size=(16.0, 16.0) path=res://addons/neocade_theme/icons/spinbox_down.svg)
INTENTIONAL_AUTHORED SpinBox.icon.down_disabled default=Texture2D(size=(16.0, 8.0) path=) neocade=Texture2D(size=(16.0, 16.0) path=res://addons/neocade_theme/icons/spinbox_down.svg)
DEFAULT_ONLY SpinBox.icon.down_hover default=Texture2D(size=(16.0, 8.0) path=) neocade=<missing>
DEFAULT_ONLY SpinBox.icon.down_pressed default=Texture2D(size=(16.0, 8.0) path=) neocade=<missing>
INTENTIONAL_AUTHORED SpinBox.icon.up default=Texture2D(size=(16.0, 8.0) path=) neocade=Texture2D(size=(16.0, 16.0) path=res://addons/neocade_theme/icons/spinbox_up.svg)
INTENTIONAL_AUTHORED SpinBox.icon.up_disabled default=Texture2D(size=(16.0, 8.0) path=) neocade=Texture2D(size=(16.0, 16.0) path=res://addons/neocade_theme/icons/spinbox_up.svg)
DEFAULT_ONLY SpinBox.icon.up_hover default=Texture2D(size=(16.0, 8.0) path=) neocade=<missing>
DEFAULT_ONLY SpinBox.icon.up_pressed default=Texture2D(size=(16.0, 8.0) path=) neocade=<missing>
INTENTIONAL_AUTHORED SpinBox.icon.updown_disabled default=<missing> neocade=Texture2D(size=(0.0, 0.0) path=)
INTENTIONAL_AUTHORED SplitContainer.color.touch_dragger_color default=#ffffff4d neocade=#abaeb4ff
INTENTIONAL_AUTHORED SplitContainer.color.touch_dragger_hover_color default=#ffffff99 neocade=#58e779d6
INTENTIONAL_AUTHORED SplitContainer.color.touch_dragger_pressed_color default=#ffffffff neocade=#58e779ff
INTENTIONAL_AUTHORED SplitContainer.constant.separation default=12 neocade=6
INTENTIONAL_AUTHORED SplitContainer.icon.h_grabber default=Texture2D(size=(8.0, 48.0) path=) neocade=Texture2D(size=(6.0, 48.0) path=)
INTENTIONAL_AUTHORED SplitContainer.icon.h_touch_dragger default=Texture2D(size=(30.0, 60.0) path=) neocade=Texture2D(size=(16.0, 16.0) path=res://addons/neocade_theme/icons/split_touch_dragger_h.svg)
INTENTIONAL_AUTHORED SplitContainer.icon.v_grabber default=Texture2D(size=(48.0, 8.0) path=) neocade=Texture2D(size=(48.0, 6.0) path=)
INTENTIONAL_AUTHORED SplitContainer.icon.v_touch_dragger default=Texture2D(size=(60.0, 30.0) path=) neocade=Texture2D(size=(16.0, 16.0) path=res://addons/neocade_theme/icons/split_touch_dragger_v.svg)
INTENTIONAL_AUTHORED SuccessLabel.color.font_color default=<missing> neocade=#3cdf82ff
INTENTIONAL_AUTHORED SuccessLabel.font.font default=Font(path=) neocade=Font(path=res://addons/neocade_theme/fonts/inter_variable.ttf)
INTENTIONAL_AUTHORED SuccessLabel.font_size.font_size default=16 neocade=14
INTENTIONAL_AUTHORED SuccessPanel.stylebox.panel default=<missing> neocade=StyleBoxFlat(bg=#3cdf820f border=1/1/1/1 border_color=#0f1523ff radius=0/0/0/0 margin=12.0/10.0/12.0/10.0 expand=0.0/0.0/0.0/0.0 shadow=0 offset=(0.0, 0.0))
INTENTIONAL_AUTHORED TabBar.stylebox.button_highlight default=StyleBoxFlat(bg=#1a1a1a99 border=0/0/0/0 border_color=#ccccccff radius=3/3/3/3 margin=4.0/4.0/4.0/4.0 expand=0.0/0.0/0.0/0.0 shadow=0 offset=(0.0, 0.0)) neocade=StyleBoxFlat(bg=#e5df3eff border=0/0/0/0 border_color=#85832bff radius=0/0/0/0 margin=4.0/4.0/4.0/4.0 expand=0.0/0.0/0.0/0.0 shadow=0 offset=(0.0, 0.0))
INTENTIONAL_AUTHORED TabBar.stylebox.button_pressed default=StyleBoxFlat(bg=#00000099 border=0/0/0/0 border_color=#ccccccff radius=3/3/3/3 margin=4.0/4.0/4.0/4.0 expand=0.0/0.0/0.0/0.0 shadow=0 offset=(0.0, 0.0)) neocade=StyleBoxFlat(bg=#dbd63bff border=0/0/0/0 border_color=#807e29ff radius=0/0/0/0 margin=4.0/4.0/4.0/4.0 expand=0.0/0.0/0.0/0.0 shadow=0 offset=(0.0, 0.0))
INTENTIONAL_AUTHORED TabBar.stylebox.tab_disabled default=StyleBoxFlat(bg=#1a1a1a4d border=1/0/1/0 border_color=#2d2d2dff radius=0/0/0/0 margin=10.0/4.0/10.0/4.0 expand=0.0/0.0/0.0/0.0 shadow=0 offset=(0.0, 0.0)) neocade=StyleBoxFlat(bg=#7177426b border=0/0/0/0 border_color=#0f1523ff radius=0/0/0/0 margin=12.0/5.0/12.0/5.0 expand=0.0/0.0/0.0/0.0 shadow=0 offset=(0.0, 0.0))
INTENTIONAL_AUTHORED TabBar.stylebox.tab_focus default=StyleBoxFlat(bg=#ffffffbf border=2/2/2/2 border_color=#ccccccff radius=3/3/3/3 margin=4.0/4.0/4.0/4.0 expand=2.0/2.0/2.0/2.0 shadow=0 offset=(0.0, 0.0)) neocade=StyleBoxFlat(bg=#00000000 border=2/2/2/2 border_color=#f6fc4dff radius=0/0/0/0 margin=-1.0/-1.0/-1.0/-1.0 expand=0.0/0.0/0.0/0.0 shadow=0 offset=(0.0, 0.0))
INTENTIONAL_AUTHORED TabBar.stylebox.tab_hovered default=StyleBoxFlat(bg=#1a1a1a4d border=1/0/1/0 border_color=#2d2d2dff radius=0/0/0/0 margin=10.0/4.0/10.0/4.0 expand=0.0/0.0/0.0/0.0 shadow=0 offset=(0.0, 0.0)) neocade=StyleBoxFlat(bg=#e5df3eff border=0/0/0/0 border_color=#0f1523ff radius=0/0/0/0 margin=12.0/5.0/12.0/5.0 expand=0.0/0.0/0.0/0.0 shadow=0 offset=(0.0, 0.0))
INTENTIONAL_AUTHORED TabBar.stylebox.tab_selected default=StyleBoxFlat(bg=#1a1a1a99 border=0/2/0/0 border_color=#ffffffbf radius=0/0/0/0 margin=10.0/4.0/10.0/4.0 expand=0.0/0.0/0.0/0.0 shadow=0 offset=(0.0, 0.0)) neocade=StyleBoxFlat(bg=#f6fc4dff border=0/2/0/0 border_color=#8f9334ff radius=0/0/0/0 margin=12.0/6.0/12.0/6.0 expand=0.0/0.0/0.0/0.0 shadow=0 offset=(0.0, 0.0))
INTENTIONAL_AUTHORED TabBar.stylebox.tab_unselected default=StyleBoxFlat(bg=#00000099 border=1/0/1/0 border_color=#2d2d2dff radius=0/0/0/0 margin=10.0/4.0/10.0/4.0 expand=0.0/0.0/0.0/0.0 shadow=0 offset=(0.0, 0.0)) neocade=StyleBoxFlat(bg=#f4ee42ff border=0/0/0/0 border_color=#0f1523ff radius=0/0/0/0 margin=12.0/5.0/12.0/5.0 expand=0.0/0.0/0.0/0.0 shadow=0 offset=(0.0, 0.0))
INTENTIONAL_AUTHORED TabBar.color.drop_mark_color default=#ffffffff neocade=#f6fc4dff
INTENTIONAL_AUTHORED TabBar.color.font_disabled_color default=#dfdfdf80 neocade=#abaeb46b
INTENTIONAL_AUTHORED TabBar.color.font_hovered_color default=#f2f2f2ff neocade=#ffffffff
INTENTIONAL_AUTHORED TabBar.color.font_outline_color default=#000000ff neocade=#0f1523ff
INTENTIONAL_AUTHORED TabBar.color.font_selected_color default=#f2f2f2ff neocade=#000000ff
INTENTIONAL_AUTHORED TabBar.color.font_unselected_color default=#b2b2b2ff neocade=#abaeb4ff
INTENTIONAL_AUTHORED TabBar.color.icon_disabled_color default=#ffffffff neocade=#abaeb46b
INTENTIONAL_AUTHORED TabBar.color.icon_selected_color default=#ffffffff neocade=#000000ff
INTENTIONAL_AUTHORED TabBar.color.icon_unselected_color default=#ffffffff neocade=#abaeb4ff
INTENTIONAL_AUTHORED TabBar.constant.h_separation default=4 neocade=2
INTENTIONAL_AUTHORED TabBar.constant.hover_switch_wait_msec default=500 neocade=180
INTENTIONAL_AUTHORED TabBar.constant.tab_separation default=<missing> neocade=1
INTENTIONAL_AUTHORED TabBar.font.font default=Font(path=) neocade=Font(path=res://addons/neocade_theme/fonts/inter_variable.ttf)
INTENTIONAL_AUTHORED TabBar.font_size.font_size default=16 neocade=14
INTENTIONAL_AUTHORED TabBar.icon.close default=Texture2D(size=(16.0, 16.0) path=) neocade=Texture2D(size=(16.0, 16.0) path=res://addons/neocade_theme/icons/close.svg)
INTENTIONAL_AUTHORED TabBar.icon.decrement default=Texture2D(size=(16.0, 16.0) path=) neocade=Texture2D(size=(16.0, 16.0) path=res://addons/neocade_theme/icons/tab_decrement.svg)
INTENTIONAL_AUTHORED TabBar.icon.decrement_highlight default=Texture2D(size=(16.0, 16.0) path=) neocade=Texture2D(size=(16.0, 16.0) path=res://addons/neocade_theme/icons/tab_decrement.svg)
INTENTIONAL_AUTHORED TabBar.icon.drop_mark default=Texture2D(size=(16.0, 32.0) path=) neocade=Texture2D(size=(16.0, 16.0) path=res://addons/neocade_theme/icons/tab_drop_mark.svg)
INTENTIONAL_AUTHORED TabBar.icon.increment default=Texture2D(size=(16.0, 16.0) path=) neocade=Texture2D(size=(16.0, 16.0) path=res://addons/neocade_theme/icons/tab_increment.svg)
INTENTIONAL_AUTHORED TabBar.icon.increment_highlight default=Texture2D(size=(16.0, 16.0) path=) neocade=Texture2D(size=(16.0, 16.0) path=res://addons/neocade_theme/icons/tab_increment.svg)
INTENTIONAL_AUTHORED TabContainer.stylebox.panel default=StyleBoxFlat(bg=#1a1a1a99 border=0/0/0/0 border_color=#ccccccff radius=3/3/3/3 margin=0.0/0.0/0.0/0.0 expand=0.0/0.0/0.0/0.0 shadow=0 offset=(0.0, 0.0)) neocade=StyleBoxFlat(bg=#212e42ff border=1/1/1/1 border_color=#0f1523ff radius=0/0/0/0 margin=0.0/0.0/0.0/0.0 expand=0.0/0.0/0.0/0.0 shadow=0 offset=(0.0, 0.0))
INTENTIONAL_AUTHORED TabContainer.stylebox.tab_disabled default=StyleBoxFlat(bg=#1a1a1a4d border=1/0/1/0 border_color=#2d2d2dff radius=0/0/0/0 margin=10.0/4.0/10.0/4.0 expand=0.0/0.0/0.0/0.0 shadow=0 offset=(0.0, 0.0)) neocade=StyleBoxFlat(bg=#7177426b border=0/0/0/0 border_color=#0f1523ff radius=0/0/0/0 margin=12.0/5.0/12.0/5.0 expand=0.0/0.0/0.0/0.0 shadow=0 offset=(0.0, 0.0))
INTENTIONAL_AUTHORED TabContainer.stylebox.tab_focus default=StyleBoxFlat(bg=#ffffffbf border=2/2/2/2 border_color=#ccccccff radius=3/3/3/3 margin=4.0/4.0/4.0/4.0 expand=2.0/2.0/2.0/2.0 shadow=0 offset=(0.0, 0.0)) neocade=StyleBoxFlat(bg=#00000000 border=2/2/2/2 border_color=#f6fc4dff radius=0/0/0/0 margin=-1.0/-1.0/-1.0/-1.0 expand=0.0/0.0/0.0/0.0 shadow=0 offset=(0.0, 0.0))
INTENTIONAL_AUTHORED TabContainer.stylebox.tab_hovered default=StyleBoxFlat(bg=#1a1a1a4d border=1/0/1/0 border_color=#2d2d2dff radius=0/0/0/0 margin=10.0/4.0/10.0/4.0 expand=0.0/0.0/0.0/0.0 shadow=0 offset=(0.0, 0.0)) neocade=StyleBoxFlat(bg=#e5df3eff border=0/0/0/0 border_color=#0f1523ff radius=0/0/0/0 margin=12.0/5.0/12.0/5.0 expand=0.0/0.0/0.0/0.0 shadow=0 offset=(0.0, 0.0))
INTENTIONAL_AUTHORED TabContainer.stylebox.tab_selected default=StyleBoxFlat(bg=#1a1a1a99 border=0/2/0/0 border_color=#ffffffbf radius=0/0/0/0 margin=10.0/4.0/10.0/4.0 expand=0.0/0.0/0.0/0.0 shadow=0 offset=(0.0, 0.0)) neocade=StyleBoxFlat(bg=#f6fc4dff border=0/2/0/0 border_color=#8f9334ff radius=0/0/0/0 margin=12.0/6.0/12.0/6.0 expand=0.0/0.0/0.0/0.0 shadow=0 offset=(0.0, 0.0))
INTENTIONAL_AUTHORED TabContainer.stylebox.tab_unselected default=StyleBoxFlat(bg=#00000099 border=1/0/1/0 border_color=#2d2d2dff radius=0/0/0/0 margin=10.0/4.0/10.0/4.0 expand=0.0/0.0/0.0/0.0 shadow=0 offset=(0.0, 0.0)) neocade=StyleBoxFlat(bg=#f4ee42ff border=0/0/0/0 border_color=#0f1523ff radius=0/0/0/0 margin=12.0/5.0/12.0/5.0 expand=0.0/0.0/0.0/0.0 shadow=0 offset=(0.0, 0.0))
INTENTIONAL_AUTHORED TabContainer.color.drop_mark_color default=#ffffffff neocade=#f6fc4dff
INTENTIONAL_AUTHORED TabContainer.color.font_disabled_color default=#dfdfdf80 neocade=#abaeb46b
INTENTIONAL_AUTHORED TabContainer.color.font_hovered_color default=#f2f2f2ff neocade=#ffffffff
INTENTIONAL_AUTHORED TabContainer.color.font_outline_color default=#000000ff neocade=#0f1523ff
INTENTIONAL_AUTHORED TabContainer.color.font_selected_color default=#f2f2f2ff neocade=#000000ff
INTENTIONAL_AUTHORED TabContainer.color.font_unselected_color default=#b2b2b2ff neocade=#abaeb4ff
INTENTIONAL_AUTHORED TabContainer.color.icon_disabled_color default=#ffffffff neocade=#abaeb46b
INTENTIONAL_AUTHORED TabContainer.color.icon_selected_color default=#ffffffff neocade=#000000ff
INTENTIONAL_AUTHORED TabContainer.color.icon_unselected_color default=#ffffffff neocade=#abaeb4ff
INTENTIONAL_AUTHORED TabContainer.constant.icon_separation default=4 neocade=6
INTENTIONAL_AUTHORED TabContainer.constant.side_margin default=8 neocade=0
INTENTIONAL_AUTHORED TabContainer.constant.tab_separation default=<missing> neocade=1
INTENTIONAL_AUTHORED TabContainer.font.font default=Font(path=) neocade=Font(path=res://addons/neocade_theme/fonts/inter_variable.ttf)
INTENTIONAL_AUTHORED TabContainer.font_size.font_size default=16 neocade=14
INTENTIONAL_AUTHORED TabContainer.icon.decrement default=Texture2D(size=(16.0, 16.0) path=) neocade=Texture2D(size=(16.0, 16.0) path=res://addons/neocade_theme/icons/tab_decrement.svg)
INTENTIONAL_AUTHORED TabContainer.icon.decrement_highlight default=Texture2D(size=(16.0, 16.0) path=) neocade=Texture2D(size=(16.0, 16.0) path=res://addons/neocade_theme/icons/tab_decrement.svg)
INTENTIONAL_AUTHORED TabContainer.icon.drop_mark default=Texture2D(size=(16.0, 32.0) path=) neocade=Texture2D(size=(16.0, 16.0) path=res://addons/neocade_theme/icons/tab_drop_mark.svg)
INTENTIONAL_AUTHORED TabContainer.icon.increment default=Texture2D(size=(16.0, 16.0) path=) neocade=Texture2D(size=(16.0, 16.0) path=res://addons/neocade_theme/icons/tab_increment.svg)
INTENTIONAL_AUTHORED TabContainer.icon.increment_highlight default=Texture2D(size=(16.0, 16.0) path=) neocade=Texture2D(size=(16.0, 16.0) path=res://addons/neocade_theme/icons/tab_increment.svg)
INTENTIONAL_AUTHORED TabContainer.icon.menu default=Texture2D(size=(16.0, 16.0) path=) neocade=Texture2D(size=(24.0, 24.0) path=res://addons/neocade_theme/icons/tab_menu.svg)
INTENTIONAL_AUTHORED TabContainer.icon.menu_highlight default=Texture2D(size=(16.0, 16.0) path=) neocade=Texture2D(size=(24.0, 24.0) path=res://addons/neocade_theme/icons/tab_menu.svg)
INTENTIONAL_AUTHORED TextEdit.stylebox.focus default=StyleBoxFlat(bg=#ffffffbf border=2/2/2/2 border_color=#ccccccff radius=3/3/3/3 margin=4.0/4.0/4.0/4.0 expand=2.0/2.0/2.0/2.0 shadow=0 offset=(0.0, 0.0)) neocade=StyleBoxFlat(bg=#00000000 border=2/2/2/2 border_color=#f6fc4dff radius=0/0/0/0 margin=-1.0/-1.0/-1.0/-1.0 expand=0.0/0.0/0.0/0.0 shadow=0 offset=(0.0, 0.0))
INTENTIONAL_AUTHORED TextEdit.stylebox.normal default=StyleBoxFlat(bg=#1a1a1a99 border=0/0/0/2 border_color=#00000099 radius=3/3/3/3 margin=4.0/4.0/4.0/4.0 expand=0.0/0.0/0.0/0.0 shadow=0 offset=(0.0, 0.0)) neocade=StyleBoxFlat(bg=#2c4865ff border=1/1/1/1 border_color=#21364eff radius=0/0/0/0 margin=10.0/7.0/10.0/7.0 expand=0.0/0.0/0.0/0.0 shadow=0 offset=(0.0, 0.0))
INTENTIONAL_AUTHORED TextEdit.stylebox.read_only default=StyleBoxFlat(bg=#1a1a1a4d border=0/0/0/2 border_color=#0000004d radius=3/3/3/3 margin=4.0/4.0/4.0/4.0 expand=0.0/0.0/0.0/0.0 shadow=0 offset=(0.0, 0.0)) neocade=StyleBoxFlat(bg=#2639516b border=0/0/0/0 border_color=#0f1523ff radius=0/0/0/0 margin=10.0/7.0/10.0/7.0 expand=0.0/0.0/0.0/0.0 shadow=0 offset=(0.0, 0.0))
DEFAULT_ONLY TextEdit.color.background_color default=#00000000 neocade=<missing>
DEFAULT_ONLY TextEdit.color.caret_background_color default=#000000ff neocade=<missing>
INTENTIONAL_AUTHORED TextEdit.color.caret_color default=#dfdfdfff neocade=#f6fc4dff
INTENTIONAL_AUTHORED TextEdit.color.current_line_color default=#404042cc neocade=#212e42ff
INTENTIONAL_AUTHORED TextEdit.color.font_color default=#dfdfdfff neocade=#ffffffff
DEFAULT_ONLY TextEdit.color.font_outline_color default=#000000ff neocade=<missing>
INTENTIONAL_AUTHORED TextEdit.color.font_placeholder_color default=#dfdfdf99 neocade=#abaeb4ff
INTENTIONAL_AUTHORED TextEdit.color.font_readonly_color default=#dfdfdf80 neocade=#abaeb46b
INTENTIONAL_AUTHORED TextEdit.color.font_selected_color default=#00000000 neocade=#000000ff
DEFAULT_ONLY TextEdit.color.search_result_border_color default=#4d4d4d66 neocade=<missing>
DEFAULT_ONLY TextEdit.color.search_result_color default=#4d4d4dff neocade=<missing>
INTENTIONAL_AUTHORED TextEdit.color.selection_color default=#808080ff neocade=#f6fc4dff
DEFAULT_ONLY TextEdit.color.word_highlighted_color default=#80808040 neocade=<missing>
DEFAULT_ONLY TextEdit.constant.caret_width default=1 neocade=<missing>
DEFAULT_ONLY TextEdit.constant.line_spacing default=4 neocade=<missing>
DEFAULT_ONLY TextEdit.constant.outline_size default=0 neocade=<missing>
DEFAULT_ONLY TextEdit.constant.wrap_offset default=10 neocade=<missing>
INTENTIONAL_AUTHORED TextEdit.font.font default=Font(path=) neocade=Font(path=res://addons/neocade_theme/fonts/inter_variable.ttf)
INTENTIONAL_AUTHORED TextEdit.font_size.font_size default=16 neocade=14
DEFAULT_ONLY TextEdit.icon.space default=Texture2D(size=(8.0, 8.0) path=) neocade=<missing>
DEFAULT_ONLY TextEdit.icon.tab default=Texture2D(size=(8.0, 8.0) path=) neocade=<missing>
INTENTIONAL_AUTHORED TooltipLabel.color.font_color default=#dfdfdfff neocade=#ffffffff
INTENTIONAL_AUTHORED TooltipLabel.color.font_outline_color default=#000000ff neocade=#0f1523ff
INTENTIONAL_AUTHORED TooltipLabel.color.font_shadow_color default=#00000000 neocade=#151e2f00
INTENTIONAL_AUTHORED TooltipLabel.constant.shadow_offset_x default=1 neocade=0
INTENTIONAL_AUTHORED TooltipLabel.constant.shadow_offset_y default=1 neocade=0
INTENTIONAL_AUTHORED TooltipLabel.font.font default=Font(path=) neocade=Font(path=res://addons/neocade_theme/fonts/inter_variable.ttf)
INTENTIONAL_AUTHORED TooltipLabel.font_size.font_size default=16 neocade=14
INTENTIONAL_AUTHORED TooltipPanel.stylebox.panel default=StyleBoxFlat(bg=#00000080 border=0/0/0/0 border_color=#ccccccff radius=3/3/3/3 margin=8.0/2.0/8.0/2.0 expand=0.0/0.0/0.0/0.0 shadow=0 offset=(0.0, 0.0)) neocade=StyleBoxFlat(bg=#1a2435ff border=1/1/1/1 border_color=#0a0f1bff radius=0/0/0/0 margin=4.0/2.0/4.0/2.0 expand=0.0/0.0/0.0/0.0 shadow=0 offset=(0.0, 0.0))
INTENTIONAL_AUTHORED Tree.stylebox.button_hover default=StyleBoxFlat(bg=#39393999 border=0/0/0/0 border_color=#ccccccff radius=3/3/3/3 margin=4.0/4.0/4.0/4.0 expand=0.0/0.0/0.0/0.0 shadow=0 offset=(0.0, 0.0)) neocade=StyleBoxFlat(bg=#e5df3eff border=0/0/0/0 border_color=#e5df3eff radius=0/0/0/0 margin=6.0/0.0/6.0/0.0 expand=0.0/0.0/0.0/0.0 shadow=0 offset=(0.0, 0.0))
INTENTIONAL_AUTHORED Tree.stylebox.button_pressed default=StyleBoxFlat(bg=#00000099 border=0/0/0/0 border_color=#ccccccff radius=3/3/3/3 margin=4.0/4.0/4.0/4.0 expand=0.0/0.0/0.0/0.0 shadow=0 offset=(0.0, 0.0)) neocade=StyleBoxFlat(bg=#dbd63bff border=0/0/0/0 border_color=#dbd63bff radius=0/0/0/0 margin=6.0/0.0/6.0/0.0 expand=0.0/0.0/0.0/0.0 shadow=0 offset=(0.0, 0.0))
INTENTIONAL_AUTHORED Tree.stylebox.cursor default=StyleBoxFlat(bg=#ffffffbf border=2/2/2/2 border_color=#ccccccff radius=3/3/3/3 margin=4.0/4.0/4.0/4.0 expand=2.0/2.0/2.0/2.0 shadow=0 offset=(0.0, 0.0)) neocade=StyleBoxFlat(bg=#e5df3eb8 border=0/0/0/0 border_color=#e5df3eff radius=0/0/0/0 margin=0.0/0.0/0.0/0.0 expand=0.0/0.0/0.0/0.0 shadow=0 offset=(0.0, 0.0))
INTENTIONAL_AUTHORED Tree.stylebox.cursor_unfocused default=StyleBoxFlat(bg=#ffffffbf border=2/2/2/2 border_color=#ccccccff radius=3/3/3/3 margin=4.0/4.0/4.0/4.0 expand=2.0/2.0/2.0/2.0 shadow=0 offset=(0.0, 0.0)) neocade=StyleBoxFlat(bg=#e5df3e75 border=0/0/0/0 border_color=#e5df3eff radius=0/0/0/0 margin=0.0/0.0/0.0/0.0 expand=0.0/0.0/0.0/0.0 shadow=0 offset=(0.0, 0.0))
INTENTIONAL_AUTHORED Tree.stylebox.custom_button default=StyleBoxFlat(bg=#1a1a1a99 border=0/0/0/0 border_color=#ccccccff radius=3/3/3/3 margin=4.0/4.0/4.0/4.0 expand=0.0/0.0/0.0/0.0 shadow=0 offset=(0.0, 0.0)) neocade=StyleBoxFlat(bg=#f4ee42ff border=0/0/0/0 border_color=#f4ee42ff radius=0/0/0/0 margin=6.0/0.0/6.0/0.0 expand=0.0/0.0/0.0/0.0 shadow=0 offset=(0.0, 0.0))
INTENTIONAL_AUTHORED Tree.stylebox.custom_button_hover default=StyleBoxFlat(bg=#39393999 border=0/0/0/0 border_color=#ccccccff radius=3/3/3/3 margin=4.0/4.0/4.0/4.0 expand=0.0/0.0/0.0/0.0 shadow=0 offset=(0.0, 0.0)) neocade=StyleBoxFlat(bg=#e5df3eff border=0/0/0/0 border_color=#e5df3eff radius=0/0/0/0 margin=6.0/0.0/6.0/0.0 expand=0.0/0.0/0.0/0.0 shadow=0 offset=(0.0, 0.0))
INTENTIONAL_AUTHORED Tree.stylebox.custom_button_pressed default=StyleBoxFlat(bg=#00000099 border=0/0/0/0 border_color=#ccccccff radius=3/3/3/3 margin=4.0/4.0/4.0/4.0 expand=0.0/0.0/0.0/0.0 shadow=0 offset=(0.0, 0.0)) neocade=StyleBoxFlat(bg=#dbd63bff border=0/0/0/0 border_color=#dbd63bff radius=0/0/0/0 margin=6.0/0.0/6.0/0.0 expand=0.0/0.0/0.0/0.0 shadow=0 offset=(0.0, 0.0))
INTENTIONAL_AUTHORED Tree.stylebox.focus default=StyleBoxFlat(bg=#ffffffbf border=2/2/2/2 border_color=#ccccccff radius=3/3/3/3 margin=4.0/4.0/4.0/4.0 expand=2.0/2.0/2.0/2.0 shadow=0 offset=(0.0, 0.0)) neocade=StyleBoxFlat(bg=#00000000 border=2/2/2/2 border_color=#f6fc4dff radius=0/0/0/0 margin=-1.0/-1.0/-1.0/-1.0 expand=0.0/0.0/0.0/0.0 shadow=0 offset=(0.0, 0.0))
INTENTIONAL_AUTHORED Tree.stylebox.hovered default=StyleBoxFlat(bg=#ffffff12 border=0/0/0/0 border_color=#ccccccff radius=3/3/3/3 margin=4.0/4.0/4.0/4.0 expand=0.0/0.0/0.0/0.0 shadow=0 offset=(0.0, 0.0)) neocade=StyleBoxFlat(bg=#e5df3eff border=0/0/0/0 border_color=#e5df3eff radius=0/0/0/0 margin=0.0/0.0/0.0/0.0 expand=0.0/0.0/0.0/0.0 shadow=0 offset=(0.0, 0.0))
INTENTIONAL_AUTHORED Tree.stylebox.hovered_dimmed default=StyleBoxFlat(bg=#ffffff08 border=0/0/0/0 border_color=#ccccccff radius=3/3/3/3 margin=4.0/4.0/4.0/4.0 expand=0.0/0.0/0.0/0.0 shadow=0 offset=(0.0, 0.0)) neocade=StyleBoxFlat(bg=#e5df3e8c border=0/0/0/0 border_color=#e5df3eff radius=0/0/0/0 margin=0.0/0.0/0.0/0.0 expand=0.0/0.0/0.0/0.0 shadow=0 offset=(0.0, 0.0))
INTENTIONAL_AUTHORED Tree.stylebox.hovered_selected default=StyleBoxFlat(bg=#ffffff66 border=0/0/0/0 border_color=#ccccccff radius=3/3/3/3 margin=4.0/4.0/4.0/4.0 expand=0.0/0.0/0.0/0.0 shadow=0 offset=(0.0, 0.0)) neocade=StyleBoxFlat(bg=#f6fc4dff border=0/0/0/0 border_color=#f6fc4dff radius=0/0/0/0 margin=0.0/0.0/0.0/0.0 expand=0.0/0.0/0.0/0.0 shadow=0 offset=(0.0, 0.0))
INTENTIONAL_AUTHORED Tree.stylebox.hovered_selected_focus default=StyleBoxFlat(bg=#ffffff66 border=0/0/0/0 border_color=#ccccccff radius=3/3/3/3 margin=4.0/4.0/4.0/4.0 expand=0.0/0.0/0.0/0.0 shadow=0 offset=(0.0, 0.0)) neocade=StyleBoxFlat(bg=#f6fc4dff border=0/0/0/0 border_color=#f6fc4dff radius=0/0/0/0 margin=0.0/0.0/0.0/0.0 expand=0.0/0.0/0.0/0.0 shadow=0 offset=(0.0, 0.0))
INTENTIONAL_AUTHORED Tree.stylebox.panel default=StyleBoxFlat(bg=#1a1a1a99 border=0/0/0/0 border_color=#ccccccff radius=3/3/3/3 margin=4.0/4.0/4.0/5.0 expand=0.0/0.0/0.0/0.0 shadow=0 offset=(0.0, 0.0)) neocade=StyleBoxFlat(bg=#f4ee42ff border=1/1/1/1 border_color=#8d8b2dff radius=0/0/0/0 margin=0.0/0.0/0.0/0.0 expand=0.0/0.0/0.0/0.0 shadow=0 offset=(0.0, 0.0))
INTENTIONAL_AUTHORED Tree.stylebox.selected default=StyleBoxFlat(bg=#ffffff4d border=0/0/0/0 border_color=#ccccccff radius=3/3/3/3 margin=4.0/4.0/4.0/4.0 expand=0.0/0.0/0.0/0.0 shadow=0 offset=(0.0, 0.0)) neocade=StyleBoxFlat(bg=#f6fc4dff border=3/0/0/0 border_color=#8f9334ff radius=0/0/0/0 margin=0.0/0.0/0.0/0.0 expand=0.0/0.0/0.0/0.0 shadow=0 offset=(0.0, 0.0))
INTENTIONAL_AUTHORED Tree.stylebox.selected_focus default=StyleBoxFlat(bg=#ffffff4d border=0/0/0/0 border_color=#ccccccff radius=3/3/3/3 margin=4.0/4.0/4.0/4.0 expand=0.0/0.0/0.0/0.0 shadow=0 offset=(0.0, 0.0)) neocade=StyleBoxFlat(bg=#f6fc4dff border=3/0/0/0 border_color=#8f9334ff radius=0/0/0/0 margin=0.0/0.0/0.0/0.0 expand=0.0/0.0/0.0/0.0 shadow=0 offset=(0.0, 0.0))
INTENTIONAL_AUTHORED Tree.stylebox.title_button_hover default=StyleBoxFlat(bg=#1a1a1a99 border=0/0/0/0 border_color=#ccccccff radius=3/3/3/3 margin=4.0/4.0/4.0/4.0 expand=0.0/0.0/0.0/0.0 shadow=0 offset=(0.0, 0.0)) neocade=StyleBoxFlat(bg=#e5df3eff border=0/0/0/0 border_color=#e5df3eff radius=0/0/0/0 margin=0.0/0.0/0.0/0.0 expand=0.0/0.0/0.0/0.0 shadow=0 offset=(0.0, 0.0))
INTENTIONAL_AUTHORED Tree.stylebox.title_button_normal default=StyleBoxFlat(bg=#00000099 border=0/0/0/0 border_color=#ccccccff radius=3/3/3/3 margin=4.0/4.0/4.0/4.0 expand=0.0/0.0/0.0/0.0 shadow=0 offset=(0.0, 0.0)) neocade=StyleBoxFlat(bg=#f4ee42ff border=0/0/0/0 border_color=#f4ee42ff radius=0/0/0/0 margin=0.0/0.0/0.0/0.0 expand=0.0/0.0/0.0/0.0 shadow=0 offset=(0.0, 0.0))
INTENTIONAL_AUTHORED Tree.stylebox.title_button_pressed default=StyleBoxFlat(bg=#39393999 border=0/0/0/0 border_color=#ccccccff radius=3/3/3/3 margin=4.0/4.0/4.0/4.0 expand=0.0/0.0/0.0/0.0 shadow=0 offset=(0.0, 0.0)) neocade=StyleBoxFlat(bg=#dbd63bff border=0/0/0/0 border_color=#dbd63bff radius=0/0/0/0 margin=0.0/0.0/0.0/0.0 expand=0.0/0.0/0.0/0.0 shadow=0 offset=(0.0, 0.0))
INTENTIONAL_AUTHORED Tree.color.children_hl_line_color default=#454545ff neocade=#abaeb457
INTENTIONAL_AUTHORED Tree.color.custom_button_font_highlight default=#f2f2f2ff neocade=#f6fc4dff
INTENTIONAL_AUTHORED Tree.color.drop_position_color default=#ffffffff neocade=#f6fc4dff
INTENTIONAL_AUTHORED Tree.color.font_color default=#b2b2b2ff neocade=#ffffffff
INTENTIONAL_AUTHORED Tree.color.font_disabled_color default=#dfdfdf80 neocade=#ffffff6b
INTENTIONAL_AUTHORED Tree.color.font_hovered_color default=#f2f2f2ff neocade=#ffffffff
INTENTIONAL_AUTHORED Tree.color.font_hovered_dimmed_color default=#dfdfdfff neocade=#abaeb4ff
INTENTIONAL_AUTHORED Tree.color.font_hovered_selected_color default=#ffffffff neocade=#000000ff
INTENTIONAL_AUTHORED Tree.color.font_outline_color default=#000000ff neocade=#0f1523ff
INTENTIONAL_AUTHORED Tree.color.font_selected_color default=#ffffffff neocade=#000000ff
INTENTIONAL_AUTHORED Tree.color.guide_color default=#b2b2b240 neocade=#11182400
INTENTIONAL_AUTHORED Tree.color.parent_hl_line_color default=#454545ff neocade=#abaeb494
INTENTIONAL_AUTHORED Tree.color.relationship_line_color default=#454545ff neocade=#abaeb447
INTENTIONAL_AUTHORED Tree.color.title_button_color default=#dfdfdfff neocade=#ffffffff
INTENTIONAL_AUTHORED Tree.constant.check_h_separation default=4 neocade=6
INTENTIONAL_AUTHORED Tree.constant.dragging_unfold_wait_msec default=500 neocade=1000
INTENTIONAL_AUTHORED Tree.constant.draw_guides default=1 neocade=0
INTENTIONAL_AUTHORED Tree.constant.draw_relationship_lines default=0 neocade=1
INTENTIONAL_AUTHORED Tree.constant.h_separation default=4 neocade=8
INTENTIONAL_AUTHORED Tree.constant.icon_h_separation default=4 neocade=6
INTENTIONAL_AUTHORED Tree.constant.inner_item_margin_bottom default=0 neocade=2
INTENTIONAL_AUTHORED Tree.constant.inner_item_margin_left default=0 neocade=4
INTENTIONAL_AUTHORED Tree.constant.inner_item_margin_right default=0 neocade=4
INTENTIONAL_AUTHORED Tree.constant.inner_item_margin_top default=0 neocade=2
INTENTIONAL_AUTHORED Tree.constant.item_margin default=16 neocade=18
INTENTIONAL_AUTHORED Tree.constant.parent_hl_line_margin default=0 neocade=3
INTENTIONAL_AUTHORED Tree.constant.relationship_line_width default=1 neocade=0
INTENTIONAL_AUTHORED Tree.constant.scroll_border default=4 neocade=18
INTENTIONAL_AUTHORED Tree.constant.scrollbar_margin_bottom default=-1 neocade=0
INTENTIONAL_AUTHORED Tree.constant.scrollbar_margin_left default=-1 neocade=0
INTENTIONAL_AUTHORED Tree.constant.scrollbar_margin_right default=-1 neocade=0
INTENTIONAL_AUTHORED Tree.constant.scrollbar_margin_top default=-1 neocade=0
INTENTIONAL_AUTHORED Tree.constant.v_separation default=4 neocade=2
INTENTIONAL_AUTHORED Tree.font.font default=Font(path=) neocade=Font(path=res://addons/neocade_theme/fonts/inter_variable.ttf)
INTENTIONAL_AUTHORED Tree.font.title_button_font default=Font(path=) neocade=Font(path=res://addons/neocade_theme/fonts/inter_header_small.tres)
INTENTIONAL_AUTHORED Tree.font_size.font_size default=16 neocade=14
INTENTIONAL_AUTHORED Tree.font_size.title_button_font_size default=16 neocade=14
INTENTIONAL_AUTHORED Tree.icon.arrow default=Texture2D(size=(16.0, 16.0) path=) neocade=Texture2D(size=(16.0, 16.0) path=res://addons/neocade_theme/icons/disclosure_expanded.svg)
INTENTIONAL_AUTHORED Tree.icon.arrow_collapsed default=Texture2D(size=(16.0, 16.0) path=) neocade=Texture2D(size=(16.0, 16.0) path=res://addons/neocade_theme/icons/disclosure_collapsed.svg)
INTENTIONAL_AUTHORED Tree.icon.arrow_collapsed_mirrored default=Texture2D(size=(16.0, 16.0) path=) neocade=Texture2D(size=(16.0, 16.0) path=res://addons/neocade_theme/icons/disclosure_collapsed_mirrored.svg)
INTENTIONAL_AUTHORED Tree.icon.checked default=Texture2D(size=(16.0, 16.0) path=) neocade=Texture2D(size=(24.0, 24.0) path=res://addons/neocade_theme/icons/checkbox_checked.svg)
INTENTIONAL_AUTHORED Tree.icon.checked_disabled default=Texture2D(size=(16.0, 16.0) path=) neocade=Texture2D(size=(24.0, 24.0) path=res://addons/neocade_theme/icons/checkbox_checked.svg)
INTENTIONAL_AUTHORED Tree.icon.indeterminate default=Texture2D(size=(16.0, 16.0) path=) neocade=Texture2D(size=(16.0, 16.0) path=res://addons/neocade_theme/icons/tree_indeterminate.svg)
INTENTIONAL_AUTHORED Tree.icon.indeterminate_disabled default=Texture2D(size=(16.0, 16.0) path=) neocade=Texture2D(size=(16.0, 16.0) path=res://addons/neocade_theme/icons/tree_indeterminate.svg)
INTENTIONAL_AUTHORED Tree.icon.scroll_hint default=Texture2D(size=(32.0, 24.0) path=) neocade=Texture2D(size=(16.0, 12.0) path=res://addons/neocade_theme/icons/tree_scroll_hint.svg)
INTENTIONAL_AUTHORED Tree.icon.select_arrow default=Texture2D(size=(12.0, 12.0) path=) neocade=Texture2D(size=(16.0, 16.0) path=res://addons/neocade_theme/icons/tree_select_arrow.svg)
INTENTIONAL_AUTHORED Tree.icon.unchecked default=Texture2D(size=(16.0, 16.0) path=) neocade=Texture2D(size=(24.0, 24.0) path=res://addons/neocade_theme/icons/checkbox_unchecked.svg)
INTENTIONAL_AUTHORED Tree.icon.unchecked_disabled default=Texture2D(size=(16.0, 16.0) path=) neocade=Texture2D(size=(24.0, 24.0) path=res://addons/neocade_theme/icons/checkbox_unchecked.svg)
INTENTIONAL_AUTHORED Tree.icon.updown default=Texture2D(size=(16.0, 16.0) path=) neocade=Texture2D(size=(16.0, 16.0) path=res://addons/neocade_theme/icons/tree_updown.svg)
INTENTIONAL_AUTHORED VBoxContainer.constant.separation default=4 neocade=2
DEFAULT_ONLY VFlowContainer.constant.h_separation default=4 neocade=<missing>
DEFAULT_ONLY VFlowContainer.constant.v_separation default=4 neocade=<missing>
INTENTIONAL_AUTHORED VScrollBar.stylebox.grabber default=StyleBoxFlat(bg=#ffffff66 border=0/0/0/0 border_color=#ccccccff radius=10/10/10/10 margin=4.0/4.0/4.0/4.0 expand=0.0/0.0/0.0/0.0 shadow=0 offset=(0.0, 0.0)) neocade=StyleBoxFlat(bg=#58e77952 border=0/0/0/0 border_color=#0f1523ff radius=0/0/0/0 margin=4.0/4.0/4.0/4.0 expand=0.0/0.0/0.0/0.0 shadow=0 offset=(0.0, 0.0))
INTENTIONAL_AUTHORED VScrollBar.stylebox.grabber_highlight default=StyleBoxFlat(bg=#ffffffbf border=0/0/0/0 border_color=#ccccccff radius=10/10/10/10 margin=4.0/4.0/4.0/4.0 expand=0.0/0.0/0.0/0.0 shadow=0 offset=(0.0, 0.0)) neocade=StyleBoxFlat(bg=#58e77980 border=0/0/0/0 border_color=#0f1523ff radius=0/0/0/0 margin=4.0/4.0/4.0/4.0 expand=0.0/0.0/0.0/0.0 shadow=0 offset=(0.0, 0.0))
INTENTIONAL_AUTHORED VScrollBar.stylebox.grabber_pressed default=StyleBoxFlat(bg=#bfbfbfbf border=0/0/0/0 border_color=#ccccccff radius=10/10/10/10 margin=4.0/4.0/4.0/4.0 expand=0.0/0.0/0.0/0.0 shadow=0 offset=(0.0, 0.0)) neocade=StyleBoxFlat(bg=#58e77980 border=0/0/0/0 border_color=#0f1523ff radius=0/0/0/0 margin=4.0/4.0/4.0/4.0 expand=0.0/0.0/0.0/0.0 shadow=0 offset=(0.0, 0.0))
INTENTIONAL_AUTHORED VScrollBar.stylebox.scroll default=StyleBoxFlat(bg=#1a1a1a99 border=0/0/0/0 border_color=#ccccccff radius=10/10/10/10 margin=4.0/0.0/4.0/0.0 expand=0.0/0.0/0.0/0.0 shadow=0 offset=(0.0, 0.0)) neocade=StyleBoxFlat(bg=#11182400 border=0/0/0/0 border_color=#0f1523ff radius=0/0/0/0 margin=4.0/0.0/4.0/0.0 expand=0.0/0.0/0.0/0.0 shadow=0 offset=(0.0, 0.0))
INTENTIONAL_AUTHORED VScrollBar.stylebox.scroll_focus default=StyleBoxFlat(bg=#ffffffbf border=2/2/2/2 border_color=#ccccccff radius=3/3/3/3 margin=4.0/4.0/4.0/4.0 expand=2.0/2.0/2.0/2.0 shadow=0 offset=(0.0, 0.0)) neocade=StyleBoxFlat(bg=#11182400 border=0/0/0/0 border_color=#0f1523ff radius=0/0/0/0 margin=4.0/0.0/4.0/0.0 expand=0.0/0.0/0.0/0.0 shadow=0 offset=(0.0, 0.0))
INTENTIONAL_AUTHORED VScrollBar.constant.padding_left default=<missing> neocade=0
INTENTIONAL_AUTHORED VScrollBar.constant.padding_right default=<missing> neocade=0
INTENTIONAL_AUTHORED VSlider.stylebox.grabber_area default=StyleBoxFlat(bg=#ffffff66 border=0/0/0/0 border_color=#ccccccff radius=4/4/4/4 margin=4.0/4.0/4.0/4.0 expand=0.0/0.0/0.0/0.0 shadow=0 offset=(0.0, 0.0)) neocade=StyleBoxFlat(bg=#58e779ff border=1/1/1/1 border_color=#0f1523ff radius=0/0/0/0 margin=2.0/0.0/2.0/0.0 expand=0.0/0.0/0.0/0.0 shadow=0 offset=(0.0, 0.0))
INTENTIONAL_AUTHORED VSlider.stylebox.grabber_area_highlight default=StyleBoxFlat(bg=#ffffffbf border=0/0/0/0 border_color=#ccccccff radius=4/4/4/4 margin=4.0/4.0/4.0/4.0 expand=0.0/0.0/0.0/0.0 shadow=0 offset=(0.0, 0.0)) neocade=StyleBoxFlat(bg=#58e779ff border=1/1/1/1 border_color=#0f1523ff radius=0/0/0/0 margin=2.0/0.0/2.0/0.0 expand=0.0/0.0/0.0/0.0 shadow=0 offset=(0.0, 0.0))
INTENTIONAL_AUTHORED VSlider.stylebox.slider default=StyleBoxFlat(bg=#1a1a1a99 border=0/0/0/0 border_color=#ccccccff radius=4/4/4/4 margin=4.0/4.0/4.0/4.0 expand=0.0/0.0/0.0/0.0 shadow=0 offset=(0.0, 0.0)) neocade=StyleBoxFlat(bg=#111824ff border=1/1/1/1 border_color=#0f1523ff radius=0/0/0/0 margin=2.0/0.0/2.0/0.0 expand=0.0/0.0/0.0/0.0 shadow=0 offset=(0.0, 0.0))
INTENTIONAL_AUTHORED VSlider.constant.center_grabber default=0 neocade=1
INTENTIONAL_AUTHORED VSlider.constant.tick_offset default=0 neocade=8
INTENTIONAL_AUTHORED VSlider.icon.tick default=Texture2D(size=(8.0, 4.0) path=) neocade=Texture2D(size=(16.0, 16.0) path=res://addons/neocade_theme/icons/slider_tick.svg)
INTENTIONAL_AUTHORED VSplitContainer.constant.separation default=12 neocade=6
INTENTIONAL_AUTHORED VSplitContainer.icon.grabber default=Texture2D(size=(48.0, 8.0) path=) neocade=Texture2D(size=(48.0, 6.0) path=)
INTENTIONAL_AUTHORED VSplitContainer.icon.touch_dragger default=Texture2D(size=(60.0, 30.0) path=) neocade=Texture2D(size=(16.0, 16.0) path=res://addons/neocade_theme/icons/split_touch_dragger_v.svg)
INTENTIONAL_AUTHORED WarningLabel.color.font_color default=<missing> neocade=#f4ee42ff
INTENTIONAL_AUTHORED WarningLabel.font.font default=Font(path=) neocade=Font(path=res://addons/neocade_theme/fonts/inter_variable.ttf)
INTENTIONAL_AUTHORED WarningLabel.font_size.font_size default=16 neocade=14
INTENTIONAL_AUTHORED WarningPanel.stylebox.panel default=<missing> neocade=StyleBoxFlat(bg=#f4ee420f border=1/1/1/1 border_color=#0f1523ff radius=0/0/0/0 margin=12.0/10.0/12.0/10.0 expand=0.0/0.0/0.0/0.0 shadow=0 offset=(0.0, 0.0))
INTENTIONAL_AUTHORED Window.stylebox.embedded_border default=StyleBoxFlat(bg=#404040ff border=0/0/0/0 border_color=#ccccccff radius=3/3/3/3 margin=10.0/28.0/10.0/8.0 expand=8.0/32.0/8.0/6.0 shadow=0 offset=(0.0, 0.0)) neocade=StyleBoxFlat(bg=#f4ee42ff border=1/1/1/1 border_color=#8d8b2dff radius=0/0/0/0 margin=10.0/28.0/10.0/8.0 expand=8.0/32.0/8.0/6.0 shadow=0 offset=(0.0, 0.0))
INTENTIONAL_AUTHORED Window.stylebox.embedded_unfocused_border default=StyleBoxFlat(bg=#666666ff border=0/0/0/0 border_color=#ccccccff radius=3/3/3/3 margin=10.0/28.0/10.0/8.0 expand=8.0/32.0/8.0/6.0 shadow=0 offset=(0.0, 0.0)) neocade=StyleBoxFlat(bg=#f4ee42ff border=1/1/1/1 border_color=#8d8b2dff radius=0/0/0/0 margin=10.0/28.0/10.0/8.0 expand=8.0/32.0/8.0/6.0 shadow=0 offset=(0.0, 0.0))
INTENTIONAL_AUTHORED Window.color.title_color default=#dfdfdfff neocade=#ffffffff
INTENTIONAL_AUTHORED Window.color.title_outline_modulate default=#000000ff neocade=#0f1523ff
INTENTIONAL_AUTHORED Window.constant.title_height default=36 neocade=32
INTENTIONAL_AUTHORED Window.font.title_font default=Font(path=) neocade=Font(path=res://addons/neocade_theme/fonts/inter_header_small.tres)
INTENTIONAL_AUTHORED Window.icon.close default=Texture2D(size=(16.0, 16.0) path=) neocade=Texture2D(size=(16.0, 16.0) path=res://addons/neocade_theme/icons/close.svg)
INTENTIONAL_AUTHORED Window.icon.close_pressed default=Texture2D(size=(16.0, 16.0) path=) neocade=Texture2D(size=(16.0, 16.0) path=res://addons/neocade_theme/icons/close.svg)
INTENTIONAL_AUTHORED WindowContentPanel.stylebox.panel default=<missing> neocade=StyleBoxFlat(bg=#111824ff border=0/0/0/0 border_color=#0f1523ff radius=0/0/0/0 margin=0.0/0.0/0.0/0.0 expand=0.0/0.0/0.0/0.0 shadow=0 offset=(0.0, 0.0))

## pulse-desktop-raised
INTENTIONAL_AUTHORED AccentPanel.stylebox.panel default=<missing> neocade=StyleBoxFlat(bg=#f6fc4d0f border=1/1/1/2 border_color=#999c30ff radius=0/0/0/0 margin=12.0/10.0/12.0/11.0 expand=0.0/0.0/0.0/0.0 shadow=0 offset=(0.0, 0.0))
INTENTIONAL_AUTHORED AcceptDialog.stylebox.panel default=StyleBoxFlat(bg=#404040ff border=0/0/0/0 border_color=#ccccccff radius=0/0/0/0 margin=8.0/8.0/8.0/8.0 expand=0.0/0.0/0.0/0.0 shadow=0 offset=(0.0, 0.0)) neocade=StyleBoxFlat(bg=#151e2fff border=1/1/1/2 border_color=#0b0f16ff radius=0/0/0/0 margin=12.0/10.0/12.0/11.0 expand=0.0/0.0/0.0/0.0 shadow=0 offset=(0.0, 0.0))
INTENTIONAL_AUTHORED AcceptDialog.constant.buttons_separation default=10 neocade=8
DEFAULT_ONLY BoxContainer.constant.separation default=4 neocade=<missing>
INTENTIONAL_AUTHORED Button.stylebox.disabled default=StyleBoxFlat(bg=#1a1a1a4d border=0/0/0/0 border_color=#ccccccff radius=3/3/3/3 margin=4.0/4.0/4.0/4.0 expand=0.0/0.0/0.0/0.0 shadow=0 offset=(0.0, 0.0)) neocade=StyleBoxFlat(bg=#717742ff border=0/0/0/0 border_color=#0f1523ff radius=0/0/0/0 margin=14.0/9.0/14.0/9.0 expand=0.0/0.0/0.0/0.0 shadow=0 offset=(0.0, 0.0))
INTENTIONAL_AUTHORED Button.stylebox.disabled_mirrored default=<missing> neocade=StyleBoxFlat(bg=#717742ff border=0/0/0/0 border_color=#0f1523ff radius=0/0/0/0 margin=14.0/9.0/14.0/9.0 expand=0.0/0.0/0.0/0.0 shadow=0 offset=(0.0, 0.0))
INTENTIONAL_AUTHORED Button.stylebox.focus default=StyleBoxFlat(bg=#ffffffbf border=2/2/2/2 border_color=#ccccccff radius=3/3/3/3 margin=4.0/4.0/4.0/4.0 expand=2.0/2.0/2.0/2.0 shadow=0 offset=(0.0, 0.0)) neocade=StyleBoxFlat(bg=#00000000 border=2/2/2/2 border_color=#f6fc4dff radius=0/0/0/0 margin=-1.0/-1.0/-1.0/-1.0 expand=0.0/0.0/0.0/0.0 shadow=0 offset=(0.0, 0.0))
INTENTIONAL_AUTHORED Button.stylebox.hover default=StyleBoxFlat(bg=#39393999 border=0/0/0/0 border_color=#ccccccff radius=3/3/3/3 margin=4.0/4.0/4.0/4.0 expand=0.0/0.0/0.0/0.0 shadow=0 offset=(0.0, 0.0)) neocade=StyleBoxFlat(bg=#e5df3eff border=1/1/1/2 border_color=#8e8b26ff radius=0/0/0/0 margin=14.0/9.0/14.0/10.0 expand=0.0/0.0/0.0/0.0 shadow=0 offset=(0.0, 0.0))
INTENTIONAL_AUTHORED Button.stylebox.hover_mirrored default=<missing> neocade=StyleBoxFlat(bg=#e5df3eff border=1/1/1/2 border_color=#8e8b26ff radius=0/0/0/0 margin=14.0/9.0/14.0/10.0 expand=0.0/0.0/0.0/0.0 shadow=0 offset=(0.0, 0.0))
INTENTIONAL_AUTHORED Button.stylebox.hover_pressed default=<missing> neocade=StyleBoxFlat(bg=#dbd63bff border=1/1/1/1 border_color=#807e29ff radius=0/0/0/0 margin=14.0/9.0/14.0/9.0 expand=0.0/0.0/0.0/0.0 shadow=0 offset=(0.0, 0.0))
INTENTIONAL_AUTHORED Button.stylebox.hover_pressed_mirrored default=<missing> neocade=StyleBoxFlat(bg=#dbd63bff border=1/1/1/1 border_color=#807e29ff radius=0/0/0/0 margin=14.0/9.0/14.0/9.0 expand=0.0/0.0/0.0/0.0 shadow=0 offset=(0.0, 0.0))
INTENTIONAL_AUTHORED Button.stylebox.normal default=StyleBoxFlat(bg=#1a1a1a99 border=0/0/0/0 border_color=#ccccccff radius=3/3/3/3 margin=4.0/4.0/4.0/4.0 expand=0.0/0.0/0.0/0.0 shadow=0 offset=(0.0, 0.0)) neocade=StyleBoxFlat(bg=#f4ee42ff border=1/1/1/2 border_color=#979329ff radius=0/0/0/0 margin=14.0/9.0/14.0/10.0 expand=0.0/0.0/0.0/0.0 shadow=0 offset=(0.0, 0.0))
INTENTIONAL_AUTHORED Button.stylebox.normal_mirrored default=<missing> neocade=StyleBoxFlat(bg=#f4ee42ff border=1/1/1/2 border_color=#979329ff radius=0/0/0/0 margin=14.0/9.0/14.0/10.0 expand=0.0/0.0/0.0/0.0 shadow=0 offset=(0.0, 0.0))
INTENTIONAL_AUTHORED Button.stylebox.pressed default=StyleBoxFlat(bg=#00000099 border=0/0/0/0 border_color=#ccccccff radius=3/3/3/3 margin=4.0/4.0/4.0/4.0 expand=0.0/0.0/0.0/0.0 shadow=0 offset=(0.0, 0.0)) neocade=StyleBoxFlat(bg=#dbd63bff border=1/1/1/1 border_color=#807e29ff radius=0/0/0/0 margin=14.0/9.0/14.0/9.0 expand=0.0/0.0/0.0/0.0 shadow=0 offset=(0.0, 0.0))
INTENTIONAL_AUTHORED Button.stylebox.pressed_mirrored default=<missing> neocade=StyleBoxFlat(bg=#dbd63bff border=1/1/1/1 border_color=#807e29ff radius=0/0/0/0 margin=14.0/9.0/14.0/9.0 expand=0.0/0.0/0.0/0.0 shadow=0 offset=(0.0, 0.0))
INTENTIONAL_AUTHORED Button.color.font_color default=#dfdfdfff neocade=#000000ff
INTENTIONAL_AUTHORED Button.color.font_disabled_color default=#dfdfdf80 neocade=#0000006b
INTENTIONAL_AUTHORED Button.color.font_focus_color default=#f2f2f2ff neocade=#000000ff
INTENTIONAL_AUTHORED Button.color.font_hover_color default=#f2f2f2ff neocade=#000000ff
INTENTIONAL_AUTHORED Button.color.font_hover_pressed_color default=#ffffffff neocade=#000000ff
DEFAULT_ONLY Button.color.font_outline_color default=#000000ff neocade=<missing>
INTENTIONAL_AUTHORED Button.color.font_pressed_color default=#ffffffff neocade=#000000ff
INTENTIONAL_AUTHORED Button.color.icon_disabled_color default=#ffffff66 neocade=#0000006b
INTENTIONAL_AUTHORED Button.color.icon_focus_color default=#ffffffff neocade=#000000ff
INTENTIONAL_AUTHORED Button.color.icon_hover_color default=#ffffffff neocade=#000000ff
INTENTIONAL_AUTHORED Button.color.icon_hover_pressed_color default=#ffffffff neocade=#000000ff
INTENTIONAL_AUTHORED Button.color.icon_normal_color default=#ffffffff neocade=#000000ff
INTENTIONAL_AUTHORED Button.color.icon_pressed_color default=#ffffffff neocade=#000000ff
DEFAULT_ONLY Button.constant.align_to_largest_stylebox default=0 neocade=<missing>
INTENTIONAL_AUTHORED Button.constant.h_separation default=4 neocade=8
DEFAULT_ONLY Button.constant.icon_max_width default=0 neocade=<missing>
DEFAULT_ONLY Button.constant.outline_size default=0 neocade=<missing>
INTENTIONAL_AUTHORED Button.font.font default=Font(path=) neocade=Font(path=res://addons/neocade_theme/fonts/inter_variable.ttf)
INTENTIONAL_AUTHORED Button.font_size.font_size default=16 neocade=14
INTENTIONAL_AUTHORED Caption.color.font_color default=<missing> neocade=#ffffffff
INTENTIONAL_AUTHORED Caption.font.font default=Font(path=) neocade=Font(path=res://addons/neocade_theme/fonts/inter_variable.ttf)
INTENTIONAL_AUTHORED Caption.font_size.font_size default=16 neocade=12
INTENTIONAL_AUTHORED CardPanel.stylebox.panel default=<missing> neocade=StyleBoxFlat(bg=#212e42ff border=1/1/1/2 border_color=#151c29ff radius=0/0/0/0 margin=12.0/10.0/12.0/11.0 expand=0.0/0.0/0.0/0.0 shadow=0 offset=(0.0, 0.0))
INTENTIONAL_AUTHORED CardPanel.color.font_color default=<missing> neocade=#ffffffff
INTENTIONAL_AUTHORED CardPanel.font.font default=Font(path=) neocade=Font(path=res://addons/neocade_theme/fonts/inter_variable.ttf)
INTENTIONAL_AUTHORED CheckBox.stylebox.disabled default=StyleBoxEmpty neocade=StyleBoxFlat(bg=#212e4200 border=0/0/0/0 border_color=#0f1523ff radius=0/0/0/0 margin=6.0/2.0/6.0/2.0 expand=0.0/0.0/0.0/0.0 shadow=0 offset=(0.0, 0.0))
INTENTIONAL_AUTHORED CheckBox.stylebox.disabled_mirrored default=<missing> neocade=StyleBoxFlat(bg=#212e4200 border=0/0/0/0 border_color=#0f1523ff radius=0/0/0/0 margin=6.0/2.0/6.0/2.0 expand=0.0/0.0/0.0/0.0 shadow=0 offset=(0.0, 0.0))
INTENTIONAL_AUTHORED CheckBox.stylebox.focus default=StyleBoxFlat(bg=#ffffffbf border=2/2/2/2 border_color=#ccccccff radius=3/3/3/3 margin=4.0/4.0/4.0/4.0 expand=2.0/2.0/2.0/2.0 shadow=0 offset=(0.0, 0.0)) neocade=StyleBoxFlat(bg=#00000000 border=2/2/2/2 border_color=#f6fc4dff radius=0/0/0/0 margin=-1.0/-1.0/-1.0/-1.0 expand=0.0/0.0/0.0/0.0 shadow=0 offset=(0.0, 0.0))
INTENTIONAL_AUTHORED CheckBox.stylebox.hover default=StyleBoxEmpty neocade=StyleBoxFlat(bg=#242b3c00 border=0/0/0/0 border_color=#0f1523ff radius=0/0/0/0 margin=6.0/2.0/6.0/2.0 expand=0.0/0.0/0.0/0.0 shadow=0 offset=(0.0, 0.0))
INTENTIONAL_AUTHORED CheckBox.stylebox.hover_mirrored default=<missing> neocade=StyleBoxFlat(bg=#242b3c00 border=0/0/0/0 border_color=#0f1523ff radius=0/0/0/0 margin=6.0/2.0/6.0/2.0 expand=0.0/0.0/0.0/0.0 shadow=0 offset=(0.0, 0.0))
INTENTIONAL_AUTHORED CheckBox.stylebox.hover_pressed default=StyleBoxEmpty neocade=StyleBoxFlat(bg=#131b2a00 border=0/0/0/0 border_color=#0f1523ff radius=0/0/0/0 margin=6.0/2.0/6.0/2.0 expand=0.0/0.0/0.0/0.0 shadow=0 offset=(0.0, 0.0))
INTENTIONAL_AUTHORED CheckBox.stylebox.hover_pressed_mirrored default=<missing> neocade=StyleBoxFlat(bg=#131b2a00 border=0/0/0/0 border_color=#0f1523ff radius=0/0/0/0 margin=6.0/2.0/6.0/2.0 expand=0.0/0.0/0.0/0.0 shadow=0 offset=(0.0, 0.0))
INTENTIONAL_AUTHORED CheckBox.stylebox.normal default=StyleBoxEmpty neocade=StyleBoxFlat(bg=#212e4200 border=0/0/0/0 border_color=#0f1523ff radius=0/0/0/0 margin=6.0/2.0/6.0/2.0 expand=0.0/0.0/0.0/0.0 shadow=0 offset=(0.0, 0.0))
INTENTIONAL_AUTHORED CheckBox.stylebox.normal_mirrored default=<missing> neocade=StyleBoxFlat(bg=#212e4200 border=0/0/0/0 border_color=#0f1523ff radius=0/0/0/0 margin=6.0/2.0/6.0/2.0 expand=0.0/0.0/0.0/0.0 shadow=0 offset=(0.0, 0.0))
INTENTIONAL_AUTHORED CheckBox.stylebox.pressed default=StyleBoxEmpty neocade=StyleBoxFlat(bg=#131b2a00 border=0/0/0/0 border_color=#0f1523ff radius=0/0/0/0 margin=6.0/2.0/6.0/2.0 expand=0.0/0.0/0.0/0.0 shadow=0 offset=(0.0, 0.0))
INTENTIONAL_AUTHORED CheckBox.stylebox.pressed_mirrored default=<missing> neocade=StyleBoxFlat(bg=#131b2a00 border=0/0/0/0 border_color=#0f1523ff radius=0/0/0/0 margin=6.0/2.0/6.0/2.0 expand=0.0/0.0/0.0/0.0 shadow=0 offset=(0.0, 0.0))
INTENTIONAL_AUTHORED CheckBox.color.checkbox_checked_color default=#ffffffff neocade=#58e779ff
INTENTIONAL_AUTHORED CheckBox.color.checkbox_unchecked_color default=#ffffffff neocade=#367457ff
INTENTIONAL_AUTHORED CheckBox.color.font_color default=#dfdfdfff neocade=#ffffffff
INTENTIONAL_AUTHORED CheckBox.color.font_disabled_color default=#dfdfdf80 neocade=#ffffff6b
INTENTIONAL_AUTHORED CheckBox.color.font_focus_color default=#f2f2f2ff neocade=#ffffffff
INTENTIONAL_AUTHORED CheckBox.color.font_hover_color default=#f2f2f2ff neocade=#ffffffff
DEFAULT_ONLY CheckBox.color.font_outline_color default=#000000ff neocade=<missing>
INTENTIONAL_AUTHORED CheckBox.constant.h_separation default=4 neocade=8
DEFAULT_ONLY CheckBox.constant.outline_size default=0 neocade=<missing>
INTENTIONAL_AUTHORED CheckBox.font.font default=Font(path=) neocade=Font(path=res://addons/neocade_theme/fonts/inter_variable.ttf)
INTENTIONAL_AUTHORED CheckBox.font_size.font_size default=16 neocade=14
INTENTIONAL_AUTHORED CheckBox.icon.checked default=Texture2D(size=(16.0, 16.0) path=) neocade=Texture2D(size=(24.0, 24.0) path=res://addons/neocade_theme/icons/checkbox_checked.svg)
INTENTIONAL_AUTHORED CheckBox.icon.checked_disabled default=Texture2D(size=(16.0, 16.0) path=) neocade=Texture2D(size=(24.0, 24.0) path=res://addons/neocade_theme/icons/checkbox_checked.svg)
INTENTIONAL_AUTHORED CheckBox.icon.radio_checked default=Texture2D(size=(16.0, 16.0) path=) neocade=Texture2D(size=(24.0, 24.0) path=res://addons/neocade_theme/icons/radio_checked.svg)
INTENTIONAL_AUTHORED CheckBox.icon.radio_checked_disabled default=Texture2D(size=(16.0, 16.0) path=) neocade=Texture2D(size=(24.0, 24.0) path=res://addons/neocade_theme/icons/radio_checked.svg)
INTENTIONAL_AUTHORED CheckBox.icon.radio_unchecked default=Texture2D(size=(16.0, 16.0) path=) neocade=Texture2D(size=(24.0, 24.0) path=res://addons/neocade_theme/icons/radio_unchecked.svg)
INTENTIONAL_AUTHORED CheckBox.icon.radio_unchecked_disabled default=Texture2D(size=(16.0, 16.0) path=) neocade=Texture2D(size=(24.0, 24.0) path=res://addons/neocade_theme/icons/radio_unchecked.svg)
INTENTIONAL_AUTHORED CheckBox.icon.unchecked default=Texture2D(size=(16.0, 16.0) path=) neocade=Texture2D(size=(24.0, 24.0) path=res://addons/neocade_theme/icons/checkbox_unchecked.svg)
INTENTIONAL_AUTHORED CheckBox.icon.unchecked_disabled default=Texture2D(size=(16.0, 16.0) path=) neocade=Texture2D(size=(24.0, 24.0) path=res://addons/neocade_theme/icons/checkbox_unchecked.svg)
INTENTIONAL_AUTHORED CheckBoxNoIconTint.color.icon_hover_color default=<missing> neocade=#ffffffff
INTENTIONAL_AUTHORED CheckBoxNoIconTint.color.icon_hover_pressed_color default=<missing> neocade=#ffffffff
INTENTIONAL_AUTHORED CheckBoxNoIconTint.color.icon_pressed_color default=<missing> neocade=#ffffffff
INTENTIONAL_AUTHORED CheckButton.stylebox.disabled default=StyleBoxEmpty neocade=StyleBoxFlat(bg=#212e4200 border=0/0/0/0 border_color=#0f1523ff radius=0/0/0/0 margin=6.0/2.0/6.0/2.0 expand=0.0/0.0/0.0/0.0 shadow=0 offset=(0.0, 0.0))
INTENTIONAL_AUTHORED CheckButton.stylebox.disabled_mirrored default=<missing> neocade=StyleBoxFlat(bg=#212e4200 border=0/0/0/0 border_color=#0f1523ff radius=0/0/0/0 margin=6.0/2.0/6.0/2.0 expand=0.0/0.0/0.0/0.0 shadow=0 offset=(0.0, 0.0))
INTENTIONAL_AUTHORED CheckButton.stylebox.focus default=StyleBoxFlat(bg=#ffffffbf border=2/2/2/2 border_color=#ccccccff radius=3/3/3/3 margin=4.0/4.0/4.0/4.0 expand=2.0/2.0/2.0/2.0 shadow=0 offset=(0.0, 0.0)) neocade=StyleBoxFlat(bg=#00000000 border=2/2/2/2 border_color=#f6fc4dff radius=0/0/0/0 margin=-1.0/-1.0/-1.0/-1.0 expand=0.0/0.0/0.0/0.0 shadow=0 offset=(0.0, 0.0))
INTENTIONAL_AUTHORED CheckButton.stylebox.hover default=StyleBoxEmpty neocade=StyleBoxFlat(bg=#242b3c00 border=0/0/0/0 border_color=#0f1523ff radius=0/0/0/0 margin=6.0/2.0/6.0/2.0 expand=0.0/0.0/0.0/0.0 shadow=0 offset=(0.0, 0.0))
INTENTIONAL_AUTHORED CheckButton.stylebox.hover_mirrored default=<missing> neocade=StyleBoxFlat(bg=#242b3c00 border=0/0/0/0 border_color=#0f1523ff radius=0/0/0/0 margin=6.0/2.0/6.0/2.0 expand=0.0/0.0/0.0/0.0 shadow=0 offset=(0.0, 0.0))
INTENTIONAL_AUTHORED CheckButton.stylebox.hover_pressed default=StyleBoxEmpty neocade=StyleBoxFlat(bg=#131b2a00 border=0/0/0/0 border_color=#0f1523ff radius=0/0/0/0 margin=6.0/2.0/6.0/2.0 expand=0.0/0.0/0.0/0.0 shadow=0 offset=(0.0, 0.0))
INTENTIONAL_AUTHORED CheckButton.stylebox.hover_pressed_mirrored default=<missing> neocade=StyleBoxFlat(bg=#131b2a00 border=0/0/0/0 border_color=#0f1523ff radius=0/0/0/0 margin=6.0/2.0/6.0/2.0 expand=0.0/0.0/0.0/0.0 shadow=0 offset=(0.0, 0.0))
INTENTIONAL_AUTHORED CheckButton.stylebox.normal default=StyleBoxEmpty neocade=StyleBoxFlat(bg=#212e4200 border=0/0/0/0 border_color=#0f1523ff radius=0/0/0/0 margin=6.0/2.0/6.0/2.0 expand=0.0/0.0/0.0/0.0 shadow=0 offset=(0.0, 0.0))
INTENTIONAL_AUTHORED CheckButton.stylebox.normal_mirrored default=<missing> neocade=StyleBoxFlat(bg=#212e4200 border=0/0/0/0 border_color=#0f1523ff radius=0/0/0/0 margin=6.0/2.0/6.0/2.0 expand=0.0/0.0/0.0/0.0 shadow=0 offset=(0.0, 0.0))
INTENTIONAL_AUTHORED CheckButton.stylebox.pressed default=StyleBoxEmpty neocade=StyleBoxFlat(bg=#131b2a00 border=0/0/0/0 border_color=#0f1523ff radius=0/0/0/0 margin=6.0/2.0/6.0/2.0 expand=0.0/0.0/0.0/0.0 shadow=0 offset=(0.0, 0.0))
INTENTIONAL_AUTHORED CheckButton.stylebox.pressed_mirrored default=<missing> neocade=StyleBoxFlat(bg=#131b2a00 border=0/0/0/0 border_color=#0f1523ff radius=0/0/0/0 margin=6.0/2.0/6.0/2.0 expand=0.0/0.0/0.0/0.0 shadow=0 offset=(0.0, 0.0))
INTENTIONAL_AUTHORED CheckButton.color.button_checked_color default=#ffffffff neocade=#58e779ff
INTENTIONAL_AUTHORED CheckButton.color.button_unchecked_color default=#ffffffff neocade=#367457ff
INTENTIONAL_AUTHORED CheckButton.color.font_color default=#dfdfdfff neocade=#ffffffff
INTENTIONAL_AUTHORED CheckButton.color.font_disabled_color default=#dfdfdf80 neocade=#ffffff6b
INTENTIONAL_AUTHORED CheckButton.color.font_focus_color default=#f2f2f2ff neocade=#ffffffff
INTENTIONAL_AUTHORED CheckButton.color.font_hover_color default=#f2f2f2ff neocade=#ffffffff
DEFAULT_ONLY CheckButton.color.font_outline_color default=#000000ff neocade=<missing>
DEFAULT_ONLY CheckButton.constant.check_v_offset default=0 neocade=<missing>
DEFAULT_ONLY CheckButton.constant.h_separation default=4 neocade=<missing>
DEFAULT_ONLY CheckButton.constant.outline_size default=0 neocade=<missing>
INTENTIONAL_AUTHORED CheckButton.font.font default=Font(path=) neocade=Font(path=res://addons/neocade_theme/fonts/inter_variable.ttf)
INTENTIONAL_AUTHORED CheckButton.font_size.font_size default=16 neocade=14
INTENTIONAL_AUTHORED CheckButton.icon.checked default=Texture2D(size=(32.0, 16.0) path=) neocade=Texture2D(size=(38.0, 20.0) path=res://addons/neocade_theme/icons/checkbutton_checked.svg)
INTENTIONAL_AUTHORED CheckButton.icon.checked_disabled default=Texture2D(size=(32.0, 16.0) path=) neocade=Texture2D(size=(38.0, 20.0) path=res://addons/neocade_theme/icons/checkbutton_checked.svg)
INTENTIONAL_AUTHORED CheckButton.icon.checked_disabled_mirrored default=Texture2D(size=(32.0, 16.0) path=) neocade=Texture2D(size=(38.0, 20.0) path=res://addons/neocade_theme/icons/checkbutton_checked.svg)
INTENTIONAL_AUTHORED CheckButton.icon.checked_mirrored default=Texture2D(size=(32.0, 16.0) path=) neocade=Texture2D(size=(38.0, 20.0) path=res://addons/neocade_theme/icons/checkbutton_checked.svg)
INTENTIONAL_AUTHORED CheckButton.icon.unchecked default=Texture2D(size=(32.0, 16.0) path=) neocade=Texture2D(size=(38.0, 20.0) path=res://addons/neocade_theme/icons/checkbutton_unchecked.svg)
INTENTIONAL_AUTHORED CheckButton.icon.unchecked_disabled default=Texture2D(size=(32.0, 16.0) path=) neocade=Texture2D(size=(38.0, 20.0) path=res://addons/neocade_theme/icons/checkbutton_unchecked.svg)
INTENTIONAL_AUTHORED CheckButton.icon.unchecked_disabled_mirrored default=Texture2D(size=(32.0, 16.0) path=) neocade=Texture2D(size=(38.0, 20.0) path=res://addons/neocade_theme/icons/checkbutton_unchecked.svg)
INTENTIONAL_AUTHORED CheckButton.icon.unchecked_mirrored default=Texture2D(size=(32.0, 16.0) path=) neocade=Texture2D(size=(38.0, 20.0) path=res://addons/neocade_theme/icons/checkbutton_unchecked.svg)
INTENTIONAL_AUTHORED CodeEdit.stylebox.completion default=StyleBoxFlat(bg=#1a1a1a99 border=0/0/0/0 border_color=#ccccccff radius=3/3/3/3 margin=0.0/0.0/0.0/0.0 expand=0.0/0.0/0.0/0.0 shadow=0 offset=(0.0, 0.0)) neocade=StyleBoxFlat(bg=#243952ff border=1/1/1/1 border_color=#080c16ff radius=0/0/0/0 margin=0.0/0.0/0.0/0.0 expand=0.0/0.0/0.0/0.0 shadow=0 offset=(0.0, 0.0))
INTENTIONAL_AUTHORED CodeEdit.stylebox.focus default=StyleBoxFlat(bg=#ffffffbf border=2/2/2/2 border_color=#ccccccff radius=3/3/3/3 margin=4.0/4.0/4.0/4.0 expand=2.0/2.0/2.0/2.0 shadow=0 offset=(0.0, 0.0)) neocade=StyleBoxFlat(bg=#00000000 border=2/2/2/2 border_color=#f6fc4dff radius=0/0/0/0 margin=-1.0/-1.0/-1.0/-1.0 expand=0.0/0.0/0.0/0.0 shadow=0 offset=(0.0, 0.0))
INTENTIONAL_AUTHORED CodeEdit.stylebox.normal default=StyleBoxFlat(bg=#1a1a1a99 border=0/0/0/2 border_color=#00000099 radius=3/3/3/3 margin=4.0/4.0/4.0/4.0 expand=0.0/0.0/0.0/0.0 shadow=0 offset=(0.0, 0.0)) neocade=StyleBoxFlat(bg=#243952ff border=0/0/0/0 border_color=#243952ff radius=0/0/0/0 margin=10.0/7.0/10.0/7.0 expand=0.0/0.0/0.0/0.0 shadow=0 offset=(0.0, 0.0))
INTENTIONAL_AUTHORED CodeEdit.stylebox.read_only default=StyleBoxFlat(bg=#1a1a1a4d border=0/0/0/2 border_color=#0000004d radius=3/3/3/3 margin=4.0/4.0/4.0/4.0 expand=0.0/0.0/0.0/0.0 shadow=0 offset=(0.0, 0.0)) neocade=StyleBoxFlat(bg=#2639516b border=0/0/0/0 border_color=#0f1523ff radius=0/0/0/0 margin=10.0/7.0/10.0/7.0 expand=0.0/0.0/0.0/0.0 shadow=0 offset=(0.0, 0.0))
DEFAULT_ONLY CodeEdit.color.background_color default=#00000000 neocade=<missing>
INTENTIONAL_AUTHORED CodeEdit.color.bookmark_color default=#80a3ffcc neocade=#f4ee42ff
INTENTIONAL_AUTHORED CodeEdit.color.brace_mismatch_color default=#ff3333ff neocade=#c63151ff
INTENTIONAL_AUTHORED CodeEdit.color.breakpoint_color default=#e54a4dff neocade=#c63151ff
DEFAULT_ONLY CodeEdit.color.caret_background_color default=#000000ff neocade=<missing>
INTENTIONAL_AUTHORED CodeEdit.color.caret_color default=#dfdfdfff neocade=#f6fc4dff
INTENTIONAL_AUTHORED CodeEdit.color.code_folding_color default=#cccccccc neocade=#abaeb4ff
INTENTIONAL_AUTHORED CodeEdit.color.completion_background_color default=#2b2933ff neocade=#243952ff
INTENTIONAL_AUTHORED CodeEdit.color.completion_existing_color default=#dedede21 neocade=#e5df3eb8
INTENTIONAL_AUTHORED CodeEdit.color.completion_scroll_color default=#ffffff4a neocade=#abaeb45c
INTENTIONAL_AUTHORED CodeEdit.color.completion_scroll_hovered_color default=#ffffff66 neocade=#ffffff80
INTENTIONAL_AUTHORED CodeEdit.color.completion_selected_color default=#424245ff neocade=#dbd63bdb
INTENTIONAL_AUTHORED CodeEdit.color.current_line_color default=#404042cc neocade=#364960ff
INTENTIONAL_AUTHORED CodeEdit.color.executing_line_color default=#fae345ff neocade=#f6fc4dff
INTENTIONAL_AUTHORED CodeEdit.color.folded_code_region_color default=#ad75c433 neocade=#abaeb45c
INTENTIONAL_AUTHORED CodeEdit.color.font_color default=#dfdfdfff neocade=#ffffffff
DEFAULT_ONLY CodeEdit.color.font_outline_color default=#000000ff neocade=<missing>
INTENTIONAL_AUTHORED CodeEdit.color.font_placeholder_color default=#dfdfdf99 neocade=#abaeb4ff
INTENTIONAL_AUTHORED CodeEdit.color.font_readonly_color default=#dfdfdf80 neocade=#abaeb46b
INTENTIONAL_AUTHORED CodeEdit.color.font_selected_color default=#00000000 neocade=#000000ff
INTENTIONAL_AUTHORED CodeEdit.color.line_length_guideline_color default=#4d80cc1a neocade=#0f1523ff
INTENTIONAL_AUTHORED CodeEdit.color.line_number_color default=#ababab66 neocade=#abaeb4ff
INTENTIONAL_AUTHORED CodeEdit.color.search_result_border_color default=#4d4d4d66 neocade=#f4ee42a3
INTENTIONAL_AUTHORED CodeEdit.color.search_result_color default=#4d4d4dff neocade=#f4ee4233
INTENTIONAL_AUTHORED CodeEdit.color.selection_color default=#808080ff neocade=#f6fc4dff
INTENTIONAL_AUTHORED CodeEdit.color.word_highlighted_color default=#cce5e526 neocade=#f6fc4d29
INTENTIONAL_AUTHORED CodeEdit.font.font default=Font(path=) neocade=Font(path=res://addons/neocade_theme/fonts/inter_variable.ttf)
INTENTIONAL_AUTHORED CodeEdit.font_size.font_size default=16 neocade=14
DEFAULT_ONLY CodeEdit.icon.bookmark default=Texture2D(size=(16.0, 16.0) path=) neocade=<missing>
DEFAULT_ONLY CodeEdit.icon.breakpoint default=Texture2D(size=(16.0, 16.0) path=) neocade=<missing>
DEFAULT_ONLY CodeEdit.icon.can_fold default=Texture2D(size=(16.0, 16.0) path=) neocade=<missing>
DEFAULT_ONLY CodeEdit.icon.can_fold_code_region default=Texture2D(size=(12.0, 12.0) path=) neocade=<missing>
DEFAULT_ONLY CodeEdit.icon.completion_color_bg default=Texture2D(size=(16.0, 16.0) path=) neocade=<missing>
DEFAULT_ONLY CodeEdit.icon.executing_line default=Texture2D(size=(16.0, 16.0) path=) neocade=<missing>
INTENTIONAL_AUTHORED CodeEdit.icon.folded default=Texture2D(size=(16.0, 16.0) path=) neocade=Texture2D(size=(16.0, 16.0) path=res://addons/neocade_theme/icons/code_folded.svg)
DEFAULT_ONLY CodeEdit.icon.folded_code_region default=Texture2D(size=(12.0, 12.0) path=) neocade=<missing>
DEFAULT_ONLY CodeEdit.icon.folded_eol_icon default=Texture2D(size=(14.0, 8.0) path=) neocade=<missing>
DEFAULT_ONLY CodeEdit.icon.space default=Texture2D(size=(8.0, 8.0) path=) neocade=<missing>
DEFAULT_ONLY CodeEdit.icon.tab default=Texture2D(size=(8.0, 8.0) path=) neocade=<missing>
INTENTIONAL_AUTHORED CodeLabel.color.font_color default=<missing> neocade=#ffffffff
INTENTIONAL_AUTHORED CodeLabel.font.font default=Font(path=) neocade=Font(path=res://addons/neocade_theme/fonts/inter_variable.ttf)
INTENTIONAL_AUTHORED CodeLabel.font_size.font_size default=16 neocade=12
INTENTIONAL_AUTHORED ColorPicker.stylebox.picker_focus_circle default=StyleBoxFlat(bg=#ffffffbf border=2/2/2/2 border_color=#ccccccff radius=256/256/256/256 margin=4.0/4.0/4.0/4.0 expand=0.0/0.0/0.0/0.0 shadow=0 offset=(0.0, 0.0)) neocade=StyleBoxFlat(bg=#00000000 border=2/2/2/2 border_color=#f6fc4dff radius=999/999/999/999 margin=-1.0/-1.0/-1.0/-1.0 expand=0.0/0.0/0.0/0.0 shadow=0 offset=(0.0, 0.0))
INTENTIONAL_AUTHORED ColorPicker.stylebox.picker_focus_rectangle default=StyleBoxFlat(bg=#ffffffbf border=2/2/2/2 border_color=#ccccccff radius=3/3/3/3 margin=4.0/4.0/4.0/4.0 expand=2.0/2.0/2.0/2.0 shadow=0 offset=(0.0, 0.0)) neocade=StyleBoxFlat(bg=#00000000 border=2/2/2/2 border_color=#f6fc4dff radius=2/2/2/2 margin=-1.0/-1.0/-1.0/-1.0 expand=0.0/0.0/0.0/0.0 shadow=0 offset=(0.0, 0.0))
INTENTIONAL_AUTHORED ColorPicker.stylebox.sample_focus default=StyleBoxFlat(bg=#ffffffbf border=2/2/2/2 border_color=#ccccccff radius=3/3/3/3 margin=4.0/4.0/4.0/4.0 expand=2.0/2.0/2.0/2.0 shadow=0 offset=(0.0, 0.0)) neocade=StyleBoxFlat(bg=#00000000 border=2/2/2/2 border_color=#f6fc4dff radius=0/0/0/0 margin=-1.0/-1.0/-1.0/-1.0 expand=0.0/0.0/0.0/0.0 shadow=0 offset=(0.0, 0.0))
INTENTIONAL_AUTHORED ColorPicker.color.focused_not_editing_cursor_color default=#ffffff46 neocade=#f6fc4dff
INTENTIONAL_AUTHORED ColorPicker.constant.h_width default=30 neocade=24
INTENTIONAL_AUTHORED ColorPicker.constant.label_width default=10 neocade=64
INTENTIONAL_AUTHORED ColorPicker.constant.margin default=4 neocade=8
INTENTIONAL_AUTHORED ColorPicker.constant.sv_height default=256 neocade=180
INTENTIONAL_AUTHORED ColorPicker.constant.sv_width default=256 neocade=240
INTENTIONAL_AUTHORED ColorPicker.icon.add_preset default=Texture2D(size=(16.0, 16.0) path=) neocade=Texture2D(size=(16.0, 16.0) path=res://addons/neocade_theme/icons/colorpicker_add_preset.svg)
INTENTIONAL_AUTHORED ColorPicker.icon.bar_arrow default=Texture2D(size=(16.0, 16.0) path=) neocade=Texture2D(size=(16.0, 16.0) path=res://addons/neocade_theme/icons/colorpicker_bar_arrow.svg)
INTENTIONAL_AUTHORED ColorPicker.icon.color_script default=Texture2D(size=(16.0, 16.0) path=) neocade=Texture2D(size=(16.0, 16.0) path=res://addons/neocade_theme/icons/colorpicker_color_script.svg)
INTENTIONAL_AUTHORED ColorPicker.icon.expanded_arrow default=Texture2D(size=(16.0, 16.0) path=) neocade=Texture2D(size=(16.0, 16.0) path=res://addons/neocade_theme/icons/colorpicker_expanded_arrow.svg)
INTENTIONAL_AUTHORED ColorPicker.icon.folded_arrow default=Texture2D(size=(16.0, 16.0) path=) neocade=Texture2D(size=(16.0, 16.0) path=res://addons/neocade_theme/icons/colorpicker_folded_arrow.svg)
INTENTIONAL_AUTHORED ColorPicker.icon.menu_option default=Texture2D(size=(16.0, 16.0) path=) neocade=Texture2D(size=(16.0, 16.0) path=res://addons/neocade_theme/icons/colorpicker_menu_option.svg)
INTENTIONAL_AUTHORED ColorPicker.icon.overbright_indicator default=Texture2D(size=(16.0, 16.0) path=) neocade=Texture2D(size=(16.0, 16.0) path=res://addons/neocade_theme/icons/colorpicker_overbright_indicator.svg)
INTENTIONAL_AUTHORED ColorPicker.icon.picker_cursor default=Texture2D(size=(12.0, 12.0) path=) neocade=Texture2D(size=(16.0, 16.0) path=res://addons/neocade_theme/icons/colorpicker_picker_cursor.svg)
INTENTIONAL_AUTHORED ColorPicker.icon.picker_cursor_bg default=Texture2D(size=(12.0, 12.0) path=) neocade=Texture2D(size=(16.0, 16.0) path=res://addons/neocade_theme/icons/colorpicker_picker_cursor_bg.svg)
INTENTIONAL_AUTHORED ColorPicker.icon.sample_bg default=Texture2D(size=(16.0, 16.0) path=) neocade=Texture2D(size=(8.0, 8.0) path=res://addons/neocade_theme/icons/colorpicker_sample_bg.svg)
INTENTIONAL_AUTHORED ColorPicker.icon.sample_revert default=Texture2D(size=(16.0, 16.0) path=) neocade=Texture2D(size=(16.0, 16.0) path=res://addons/neocade_theme/icons/colorpicker_sample_revert.svg)
INTENTIONAL_AUTHORED ColorPicker.icon.screen_picker default=Texture2D(size=(16.0, 16.0) path=) neocade=Texture2D(size=(16.0, 16.0) path=res://addons/neocade_theme/icons/colorpicker_screen_picker.svg)
INTENTIONAL_AUTHORED ColorPicker.icon.shape_circle default=Texture2D(size=(16.0, 16.0) path=) neocade=Texture2D(size=(16.0, 16.0) path=res://addons/neocade_theme/icons/colorpicker_shape_circle.svg)
INTENTIONAL_AUTHORED ColorPicker.icon.shape_rect default=Texture2D(size=(16.0, 16.0) path=) neocade=Texture2D(size=(16.0, 16.0) path=res://addons/neocade_theme/icons/colorpicker_shape_rect.svg)
INTENTIONAL_AUTHORED ColorPicker.icon.shape_rect_wheel default=Texture2D(size=(16.0, 16.0) path=) neocade=Texture2D(size=(16.0, 16.0) path=res://addons/neocade_theme/icons/colorpicker_shape_rect_wheel.svg)
INTENTIONAL_AUTHORED ColorPickerButton.stylebox.disabled default=StyleBoxFlat(bg=#1a1a1a4d border=0/0/0/0 border_color=#ccccccff radius=3/3/3/3 margin=4.0/4.0/4.0/4.0 expand=0.0/0.0/0.0/0.0 shadow=0 offset=(0.0, 0.0)) neocade=StyleBoxFlat(bg=#717742ff border=0/0/0/0 border_color=#0f1523ff radius=0/0/0/0 margin=1.0/1.0/1.0/1.0 expand=0.0/0.0/0.0/0.0 shadow=0 offset=(0.0, 0.0))
INTENTIONAL_AUTHORED ColorPickerButton.stylebox.focus default=StyleBoxFlat(bg=#ffffffbf border=2/2/2/2 border_color=#ccccccff radius=3/3/3/3 margin=4.0/4.0/4.0/4.0 expand=2.0/2.0/2.0/2.0 shadow=0 offset=(0.0, 0.0)) neocade=StyleBoxFlat(bg=#00000000 border=2/2/2/2 border_color=#f6fc4dff radius=0/0/0/0 margin=-1.0/-1.0/-1.0/-1.0 expand=0.0/0.0/0.0/0.0 shadow=0 offset=(0.0, 0.0))
INTENTIONAL_AUTHORED ColorPickerButton.stylebox.hover default=StyleBoxFlat(bg=#39393999 border=0/0/0/0 border_color=#ccccccff radius=3/3/3/3 margin=4.0/4.0/4.0/4.0 expand=0.0/0.0/0.0/0.0 shadow=0 offset=(0.0, 0.0)) neocade=StyleBoxFlat(bg=#e5df3eff border=1/1/1/2 border_color=#8e8b26ff radius=0/0/0/0 margin=1.0/1.0/1.0/2.0 expand=0.0/0.0/0.0/0.0 shadow=0 offset=(0.0, 0.0))
INTENTIONAL_AUTHORED ColorPickerButton.stylebox.normal default=StyleBoxFlat(bg=#1a1a1a99 border=0/0/0/0 border_color=#ccccccff radius=3/3/3/3 margin=4.0/4.0/4.0/4.0 expand=0.0/0.0/0.0/0.0 shadow=0 offset=(0.0, 0.0)) neocade=StyleBoxFlat(bg=#f4ee42ff border=1/1/1/2 border_color=#979329ff radius=0/0/0/0 margin=1.0/1.0/1.0/2.0 expand=0.0/0.0/0.0/0.0 shadow=0 offset=(0.0, 0.0))
INTENTIONAL_AUTHORED ColorPickerButton.stylebox.pressed default=StyleBoxFlat(bg=#00000099 border=0/0/0/0 border_color=#ccccccff radius=3/3/3/3 margin=4.0/4.0/4.0/4.0 expand=0.0/0.0/0.0/0.0 shadow=0 offset=(0.0, 0.0)) neocade=StyleBoxFlat(bg=#dbd63bff border=1/1/1/1 border_color=#807e29ff radius=0/0/0/0 margin=1.0/1.0/1.0/1.0 expand=0.0/0.0/0.0/0.0 shadow=0 offset=(0.0, 0.0))
INTENTIONAL_AUTHORED ColorPickerButton.color.font_color default=#ffffffff neocade=#000000ff
INTENTIONAL_AUTHORED ColorPickerButton.color.font_disabled_color default=#e5e5e54d neocade=#ffffff6b
INTENTIONAL_AUTHORED ColorPickerButton.color.font_focus_color default=#ffffffff neocade=#000000ff
INTENTIONAL_AUTHORED ColorPickerButton.color.font_hover_color default=#ffffffff neocade=#000000ff
INTENTIONAL_AUTHORED ColorPickerButton.color.font_outline_color default=#000000ff neocade=#0f1523ff
INTENTIONAL_AUTHORED ColorPickerButton.color.font_pressed_color default=#ccccccff neocade=#000000ff
INTENTIONAL_AUTHORED ColorPickerButton.constant.h_separation default=4 neocade=8
INTENTIONAL_AUTHORED ColorPickerButton.font.font default=Font(path=) neocade=Font(path=res://addons/neocade_theme/fonts/inter_variable.ttf)
INTENTIONAL_AUTHORED ColorPickerButton.font_size.font_size default=16 neocade=14
INTENTIONAL_AUTHORED ColorPickerButton.icon.bg default=Texture2D(size=(16.0, 16.0) path=) neocade=Texture2D(size=(8.0, 8.0) path=res://addons/neocade_theme/icons/colorpicker_button_bg.svg)
INTENTIONAL_AUTHORED ColorPresetButton.stylebox.preset_fg default=StyleBoxFlat(bg=#ffffffff border=0/0/0/0 border_color=#ccccccff radius=2/2/2/2 margin=2.0/2.0/2.0/2.0 expand=0.0/0.0/0.0/0.0 shadow=0 offset=(0.0, 0.0)) neocade=StyleBoxFlat(bg=#f4ee42ff border=1/1/1/1 border_color=#8d8b2dff radius=0/0/0/0 margin=0.0/0.0/0.0/0.0 expand=0.0/0.0/0.0/0.0 shadow=0 offset=(0.0, 0.0))
INTENTIONAL_AUTHORED ColorPresetButton.stylebox.preset_focus default=StyleBoxFlat(bg=#ffffffbf border=2/2/2/2 border_color=#ccccccff radius=3/3/3/3 margin=4.0/4.0/4.0/4.0 expand=2.0/2.0/2.0/2.0 shadow=0 offset=(0.0, 0.0)) neocade=StyleBoxFlat(bg=#00000000 border=2/2/2/2 border_color=#f6fc4dff radius=0/0/0/0 margin=-1.0/-1.0/-1.0/-1.0 expand=0.0/0.0/0.0/0.0 shadow=0 offset=(0.0, 0.0))
INTENTIONAL_AUTHORED ColorPresetButton.icon.overbright_indicator default=Texture2D(size=(16.0, 16.0) path=) neocade=Texture2D(size=(16.0, 16.0) path=res://addons/neocade_theme/icons/colorpicker_overbright_indicator.svg)
INTENTIONAL_AUTHORED ColorPresetButton.icon.preset_bg default=Texture2D(size=(16.0, 16.0) path=) neocade=Texture2D(size=(8.0, 8.0) path=res://addons/neocade_theme/icons/colorpicker_sample_bg.svg)
INTENTIONAL_AUTHORED ConfirmationDialog.stylebox.panel default=<missing> neocade=StyleBoxFlat(bg=#151e2fff border=1/1/1/2 border_color=#0b0f16ff radius=0/0/0/0 margin=12.0/10.0/12.0/11.0 expand=0.0/0.0/0.0/0.0 shadow=0 offset=(0.0, 0.0))
INTENTIONAL_AUTHORED ConfirmationDialog.constant.buttons_separation default=<missing> neocade=8
INTENTIONAL_AUTHORED DangerButton.stylebox.disabled default=<missing> neocade=StyleBoxFlat(bg=#c631516b border=0/0/0/0 border_color=#0f1523ff radius=0/0/0/0 margin=14.0/9.0/14.0/9.0 expand=0.0/0.0/0.0/0.0 shadow=0 offset=(0.0, 0.0))
INTENTIONAL_AUTHORED DangerButton.stylebox.focus default=<missing> neocade=StyleBoxFlat(bg=#00000000 border=2/2/2/2 border_color=#f6fc4dff radius=0/0/0/0 margin=-1.0/-1.0/-1.0/-1.0 expand=0.0/0.0/0.0/0.0 shadow=0 offset=(0.0, 0.0))
INTENTIONAL_AUTHORED DangerButton.stylebox.hover default=<missing> neocade=StyleBoxFlat(bg=#d05670ff border=1/1/1/3 border_color=#813546ff radius=0/0/0/0 margin=14.0/9.0/14.0/11.0 expand=0.0/0.0/0.0/0.0 shadow=0 offset=(0.0, 0.0))
INTENTIONAL_AUTHORED DangerButton.stylebox.hover_pressed default=<missing> neocade=StyleBoxFlat(bg=#d76f85ff border=1/1/1/1 border_color=#d9778dff radius=0/0/0/0 margin=14.0/9.0/14.0/9.0 expand=0.0/0.0/0.0/0.0 shadow=0 offset=(0.0, 0.0))
INTENTIONAL_AUTHORED DangerButton.stylebox.normal default=<missing> neocade=StyleBoxFlat(bg=#c63151ff border=1/1/1/3 border_color=#7b1e32ff radius=0/0/0/0 margin=14.0/9.0/14.0/11.0 expand=0.0/0.0/0.0/0.0 shadow=0 offset=(0.0, 0.0))
INTENTIONAL_AUTHORED DangerButton.stylebox.pressed default=<missing> neocade=StyleBoxFlat(bg=#d76f85ff border=1/1/1/1 border_color=#d9778dff radius=0/0/0/0 margin=14.0/9.0/14.0/9.0 expand=0.0/0.0/0.0/0.0 shadow=0 offset=(0.0, 0.0))
INTENTIONAL_AUTHORED DangerButton.color.font_color default=<missing> neocade=#ffffffff
INTENTIONAL_AUTHORED DangerButton.color.font_disabled_color default=<missing> neocade=#ffffff6b
INTENTIONAL_AUTHORED DangerButton.color.font_focus_color default=<missing> neocade=#ffffffff
INTENTIONAL_AUTHORED DangerButton.color.font_hover_color default=<missing> neocade=#ffffffff
INTENTIONAL_AUTHORED DangerButton.color.font_hover_pressed_color default=<missing> neocade=#ffffffff
INTENTIONAL_AUTHORED DangerButton.color.font_pressed_color default=<missing> neocade=#ffffffff
INTENTIONAL_AUTHORED DangerButton.color.icon_disabled_color default=<missing> neocade=#ffffff6b
INTENTIONAL_AUTHORED DangerButton.color.icon_focus_color default=<missing> neocade=#ffffffff
INTENTIONAL_AUTHORED DangerButton.color.icon_hover_color default=<missing> neocade=#ffffffff
INTENTIONAL_AUTHORED DangerButton.color.icon_hover_pressed_color default=<missing> neocade=#ffffffff
INTENTIONAL_AUTHORED DangerButton.color.icon_normal_color default=<missing> neocade=#ffffffff
INTENTIONAL_AUTHORED DangerButton.color.icon_pressed_color default=<missing> neocade=#ffffffff
INTENTIONAL_AUTHORED DangerButton.constant.h_separation default=<missing> neocade=8
INTENTIONAL_AUTHORED DangerButton.font.font default=Font(path=) neocade=Font(path=res://addons/neocade_theme/fonts/inter_variable.ttf)
INTENTIONAL_AUTHORED DangerButton.font_size.font_size default=16 neocade=14
INTENTIONAL_AUTHORED DangerLabel.color.font_color default=<missing> neocade=#c63151ff
INTENTIONAL_AUTHORED DangerLabel.font.font default=Font(path=) neocade=Font(path=res://addons/neocade_theme/fonts/inter_variable.ttf)
INTENTIONAL_AUTHORED DangerLabel.font_size.font_size default=16 neocade=14
INTENTIONAL_AUTHORED DangerPanel.stylebox.panel default=<missing> neocade=StyleBoxFlat(bg=#c631510f border=1/1/1/2 border_color=#7b1e32ff radius=0/0/0/0 margin=12.0/10.0/12.0/11.0 expand=0.0/0.0/0.0/0.0 shadow=0 offset=(0.0, 0.0))
INTENTIONAL_AUTHORED DialogLabel.color.font_color default=<missing> neocade=#ffffffff
INTENTIONAL_AUTHORED DialogLabel.font.font default=Font(path=) neocade=Font(path=res://addons/neocade_theme/fonts/inter_variable.ttf)
INTENTIONAL_AUTHORED DialogLabel.font_size.font_size default=16 neocade=14
INTENTIONAL_AUTHORED DialogRichTextLabel.stylebox.focus default=<missing> neocade=StyleBoxFlat(bg=#151e2f00 border=0/0/0/0 border_color=#0f1523ff radius=0/0/0/0 margin=0.0/0.0/0.0/0.0 expand=0.0/0.0/0.0/0.0 shadow=0 offset=(0.0, 0.0))
INTENTIONAL_AUTHORED DialogRichTextLabel.stylebox.normal default=<missing> neocade=StyleBoxFlat(bg=#151e2f00 border=0/0/0/0 border_color=#0f1523ff radius=0/0/0/0 margin=0.0/0.0/0.0/0.0 expand=0.0/0.0/0.0/0.0 shadow=0 offset=(0.0, 0.0))
INTENTIONAL_AUTHORED DialogRichTextLabel.color.default_color default=<missing> neocade=#ffffffff
INTENTIONAL_AUTHORED DialogRichTextLabel.color.font_selected_color default=<missing> neocade=#000000ff
INTENTIONAL_AUTHORED DialogRichTextLabel.color.selection_color default=<missing> neocade=#f6fc4dff
INTENTIONAL_AUTHORED DialogRichTextLabel.font.normal_font default=Font(path=) neocade=Font(path=res://addons/neocade_theme/fonts/inter_variable.ttf)
INTENTIONAL_AUTHORED DialogRichTextLabel.font_size.normal_font_size default=16 neocade=14
INTENTIONAL_AUTHORED FileDialog.color.file_disabled_color default=#ffffff40 neocade=#abaeb46b
INTENTIONAL_AUTHORED FileDialog.color.folder_icon_color default=#ffffffff neocade=#999c30ff
INTENTIONAL_AUTHORED FileDialog.constant.thumbnail_size default=64 neocade=96
INTENTIONAL_AUTHORED FileDialog.icon.back_folder default=Texture2D(size=(16.0, 16.0) path=) neocade=Texture2D(size=(16.0, 16.0) path=res://addons/neocade_theme/icons/filedialog_back_folder.svg)
INTENTIONAL_AUTHORED FileDialog.icon.clear default=Texture2D(size=(16.0, 16.0) path=) neocade=Texture2D(size=(16.0, 16.0) path=res://addons/neocade_theme/icons/filedialog_clear.svg)
INTENTIONAL_AUTHORED FileDialog.icon.create_folder default=Texture2D(size=(16.0, 16.0) path=) neocade=Texture2D(size=(16.0, 16.0) path=res://addons/neocade_theme/icons/filedialog_create_folder.svg)
INTENTIONAL_AUTHORED FileDialog.icon.favorite default=Texture2D(size=(16.0, 16.0) path=) neocade=Texture2D(size=(16.0, 16.0) path=res://addons/neocade_theme/icons/filedialog_favorite.svg)
INTENTIONAL_AUTHORED FileDialog.icon.favorite_down default=Texture2D(size=(16.0, 16.0) path=) neocade=Texture2D(size=(16.0, 16.0) path=res://addons/neocade_theme/icons/filedialog_favorite_down.svg)
INTENTIONAL_AUTHORED FileDialog.icon.favorite_up default=Texture2D(size=(16.0, 16.0) path=) neocade=Texture2D(size=(16.0, 16.0) path=res://addons/neocade_theme/icons/filedialog_favorite_up.svg)
INTENTIONAL_AUTHORED FileDialog.icon.file default=Texture2D(size=(16.0, 16.0) path=) neocade=Texture2D(size=(16.0, 16.0) path=res://addons/neocade_theme/icons/filedialog_file.svg)
INTENTIONAL_AUTHORED FileDialog.icon.file_thumbnail default=Texture2D(size=(64.0, 64.0) path=) neocade=Texture2D(size=(96.0, 96.0) path=res://addons/neocade_theme/icons/filedialog_file_thumbnail.svg)
INTENTIONAL_AUTHORED FileDialog.icon.folder default=Texture2D(size=(16.0, 16.0) path=) neocade=Texture2D(size=(16.0, 16.0) path=res://addons/neocade_theme/icons/filedialog_folder.svg)
INTENTIONAL_AUTHORED FileDialog.icon.folder_thumbnail default=Texture2D(size=(64.0, 64.0) path=) neocade=Texture2D(size=(96.0, 96.0) path=res://addons/neocade_theme/icons/filedialog_folder_thumbnail.svg)
INTENTIONAL_AUTHORED FileDialog.icon.forward_folder default=Texture2D(size=(16.0, 16.0) path=) neocade=Texture2D(size=(16.0, 16.0) path=res://addons/neocade_theme/icons/filedialog_forward_folder.svg)
INTENTIONAL_AUTHORED FileDialog.icon.list_mode default=Texture2D(size=(16.0, 16.0) path=) neocade=Texture2D(size=(16.0, 16.0) path=res://addons/neocade_theme/icons/filedialog_list_mode.svg)
INTENTIONAL_AUTHORED FileDialog.icon.load default=Texture2D(size=(16.0, 16.0) path=) neocade=Texture2D(size=(16.0, 16.0) path=res://addons/neocade_theme/icons/filedialog_load.svg)
INTENTIONAL_AUTHORED FileDialog.icon.parent_folder default=Texture2D(size=(16.0, 16.0) path=) neocade=Texture2D(size=(16.0, 16.0) path=res://addons/neocade_theme/icons/filedialog_parent_folder.svg)
INTENTIONAL_AUTHORED FileDialog.icon.reload default=Texture2D(size=(16.0, 16.0) path=) neocade=Texture2D(size=(16.0, 16.0) path=res://addons/neocade_theme/icons/filedialog_reload.svg)
INTENTIONAL_AUTHORED FileDialog.icon.save default=Texture2D(size=(16.0, 16.0) path=) neocade=Texture2D(size=(16.0, 16.0) path=res://addons/neocade_theme/icons/filedialog_save.svg)
INTENTIONAL_AUTHORED FileDialog.icon.sort default=Texture2D(size=(16.0, 16.0) path=) neocade=Texture2D(size=(16.0, 16.0) path=res://addons/neocade_theme/icons/filedialog_sort.svg)
INTENTIONAL_AUTHORED FileDialog.icon.thumbnail_mode default=Texture2D(size=(16.0, 16.0) path=) neocade=Texture2D(size=(16.0, 16.0) path=res://addons/neocade_theme/icons/filedialog_thumbnail_mode.svg)
INTENTIONAL_AUTHORED FileDialog.icon.toggle_filename_filter default=Texture2D(size=(16.0, 16.0) path=) neocade=Texture2D(size=(16.0, 16.0) path=res://addons/neocade_theme/icons/filedialog_toggle_filename_filter.svg)
INTENTIONAL_AUTHORED FileDialog.icon.toggle_hidden default=Texture2D(size=(16.0, 16.0) path=) neocade=Texture2D(size=(16.0, 16.0) path=res://addons/neocade_theme/icons/filedialog_toggle_hidden.svg)
INTENTIONAL_AUTHORED FilledTabContainer.stylebox.tabbar_background default=<missing> neocade=StyleBoxFlat(bg=#151e2fff border=0/0/0/0 border_color=#0f1523ff radius=0/0/0/0 margin=0.0/0.0/0.0/0.0 expand=0.0/0.0/0.0/0.0 shadow=0 offset=(0.0, 0.0))
INTENTIONAL_AUTHORED FlatButton.stylebox.disabled default=StyleBoxEmpty neocade=StyleBoxFlat(bg=#212e4200 border=0/0/0/0 border_color=#0f1523ff radius=0/0/0/0 margin=6.0/4.0/6.0/4.0 expand=0.0/0.0/0.0/0.0 shadow=0 offset=(0.0, 0.0))
INTENTIONAL_AUTHORED FlatButton.stylebox.disabled_mirrored default=<missing> neocade=StyleBoxFlat(bg=#212e4200 border=0/0/0/0 border_color=#0f1523ff radius=0/0/0/0 margin=6.0/4.0/6.0/4.0 expand=0.0/0.0/0.0/0.0 shadow=0 offset=(0.0, 0.0))
INTENTIONAL_AUTHORED FlatButton.stylebox.focus default=<missing> neocade=StyleBoxFlat(bg=#00000000 border=2/2/2/2 border_color=#f6fc4dff radius=0/0/0/0 margin=-1.0/-1.0/-1.0/-1.0 expand=0.0/0.0/0.0/0.0 shadow=0 offset=(0.0, 0.0))
INTENTIONAL_AUTHORED FlatButton.stylebox.hover default=StyleBoxEmpty neocade=StyleBoxFlat(bg=#e5df3eff border=0/0/0/0 border_color=#0f1523ff radius=0/0/0/0 margin=6.0/4.0/6.0/4.0 expand=0.0/0.0/0.0/0.0 shadow=0 offset=(0.0, 0.0))
INTENTIONAL_AUTHORED FlatButton.stylebox.hover_mirrored default=<missing> neocade=StyleBoxFlat(bg=#e5df3eff border=0/0/0/0 border_color=#0f1523ff radius=0/0/0/0 margin=6.0/4.0/6.0/4.0 expand=0.0/0.0/0.0/0.0 shadow=0 offset=(0.0, 0.0))
INTENTIONAL_AUTHORED FlatButton.stylebox.hover_pressed default=<missing> neocade=StyleBoxFlat(bg=#dbd63bff border=0/0/0/0 border_color=#0f1523ff radius=0/0/0/0 margin=6.0/4.0/6.0/4.0 expand=0.0/0.0/0.0/0.0 shadow=0 offset=(0.0, 0.0))
INTENTIONAL_AUTHORED FlatButton.stylebox.hover_pressed_mirrored default=<missing> neocade=StyleBoxFlat(bg=#dbd63bff border=0/0/0/0 border_color=#0f1523ff radius=0/0/0/0 margin=6.0/4.0/6.0/4.0 expand=0.0/0.0/0.0/0.0 shadow=0 offset=(0.0, 0.0))
INTENTIONAL_AUTHORED FlatButton.stylebox.normal default=StyleBoxEmpty neocade=StyleBoxFlat(bg=#212e4200 border=0/0/0/0 border_color=#0f1523ff radius=0/0/0/0 margin=6.0/4.0/6.0/4.0 expand=0.0/0.0/0.0/0.0 shadow=0 offset=(0.0, 0.0))
INTENTIONAL_AUTHORED FlatButton.stylebox.normal_mirrored default=<missing> neocade=StyleBoxFlat(bg=#212e4200 border=0/0/0/0 border_color=#0f1523ff radius=0/0/0/0 margin=6.0/4.0/6.0/4.0 expand=0.0/0.0/0.0/0.0 shadow=0 offset=(0.0, 0.0))
INTENTIONAL_AUTHORED FlatButton.stylebox.pressed default=StyleBoxFlat(bg=#00000082 border=0/0/0/0 border_color=#ccccccff radius=3/3/3/3 margin=4.0/4.0/4.0/4.0 expand=0.0/0.0/0.0/0.0 shadow=0 offset=(0.0, 0.0)) neocade=StyleBoxFlat(bg=#dbd63bff border=0/0/0/0 border_color=#0f1523ff radius=0/0/0/0 margin=6.0/4.0/6.0/4.0 expand=0.0/0.0/0.0/0.0 shadow=0 offset=(0.0, 0.0))
INTENTIONAL_AUTHORED FlatButton.stylebox.pressed_mirrored default=<missing> neocade=StyleBoxFlat(bg=#dbd63bff border=0/0/0/0 border_color=#0f1523ff radius=0/0/0/0 margin=6.0/4.0/6.0/4.0 expand=0.0/0.0/0.0/0.0 shadow=0 offset=(0.0, 0.0))
INTENTIONAL_AUTHORED FlatButton.color.font_color default=<missing> neocade=#ffffffff
INTENTIONAL_AUTHORED FlatButton.color.font_disabled_color default=<missing> neocade=#ffffff6b
INTENTIONAL_AUTHORED FlatButton.color.font_focus_color default=<missing> neocade=#ffffffff
INTENTIONAL_AUTHORED FlatButton.color.font_hover_color default=<missing> neocade=#ffffffff
INTENTIONAL_AUTHORED FlatButton.color.font_hover_pressed_color default=<missing> neocade=#ffffffff
INTENTIONAL_AUTHORED FlatButton.color.font_pressed_color default=<missing> neocade=#ffffffff
INTENTIONAL_AUTHORED FlatButton.color.icon_disabled_color default=<missing> neocade=#ffffff6b
INTENTIONAL_AUTHORED FlatButton.color.icon_focus_color default=<missing> neocade=#ffffffff
INTENTIONAL_AUTHORED FlatButton.color.icon_hover_color default=<missing> neocade=#ffffffff
INTENTIONAL_AUTHORED FlatButton.color.icon_hover_pressed_color default=<missing> neocade=#f6fc4dff
INTENTIONAL_AUTHORED FlatButton.color.icon_normal_color default=<missing> neocade=#ffffffff
INTENTIONAL_AUTHORED FlatButton.color.icon_pressed_color default=<missing> neocade=#f6fc4dff
INTENTIONAL_AUTHORED FlatButton.constant.h_separation default=<missing> neocade=4
INTENTIONAL_AUTHORED FlatButton.font.font default=Font(path=) neocade=Font(path=res://addons/neocade_theme/fonts/inter_variable.ttf)
INTENTIONAL_AUTHORED FlatButton.font_size.font_size default=16 neocade=14
INTENTIONAL_AUTHORED FlatButtonNoIconTint.color.icon_hover_color default=<missing> neocade=#ffffffff
INTENTIONAL_AUTHORED FlatButtonNoIconTint.color.icon_hover_pressed_color default=<missing> neocade=#ffffffff
INTENTIONAL_AUTHORED FlatButtonNoIconTint.color.icon_pressed_color default=<missing> neocade=#ffffffff
INTENTIONAL_AUTHORED FlatMenuButton.stylebox.disabled default=StyleBoxEmpty neocade=StyleBoxFlat(bg=#212e4200 border=0/0/0/0 border_color=#0f1523ff radius=0/0/0/0 margin=6.0/4.0/6.0/4.0 expand=0.0/0.0/0.0/0.0 shadow=0 offset=(0.0, 0.0))
INTENTIONAL_AUTHORED FlatMenuButton.stylebox.disabled_mirrored default=<missing> neocade=StyleBoxFlat(bg=#212e4200 border=0/0/0/0 border_color=#0f1523ff radius=0/0/0/0 margin=6.0/4.0/6.0/4.0 expand=0.0/0.0/0.0/0.0 shadow=0 offset=(0.0, 0.0))
INTENTIONAL_AUTHORED FlatMenuButton.stylebox.focus default=<missing> neocade=StyleBoxFlat(bg=#212e4200 border=0/0/0/0 border_color=#0f1523ff radius=0/0/0/0 margin=6.0/4.0/6.0/4.0 expand=0.0/0.0/0.0/0.0 shadow=0 offset=(0.0, 0.0))
INTENTIONAL_AUTHORED FlatMenuButton.stylebox.hover default=StyleBoxEmpty neocade=StyleBoxFlat(bg=#e5df3eff border=0/0/0/0 border_color=#0f1523ff radius=0/0/0/0 margin=6.0/4.0/6.0/4.0 expand=0.0/0.0/0.0/0.0 shadow=0 offset=(0.0, 0.0))
INTENTIONAL_AUTHORED FlatMenuButton.stylebox.hover_mirrored default=<missing> neocade=StyleBoxFlat(bg=#e5df3eff border=0/0/0/0 border_color=#0f1523ff radius=0/0/0/0 margin=6.0/4.0/6.0/4.0 expand=0.0/0.0/0.0/0.0 shadow=0 offset=(0.0, 0.0))
INTENTIONAL_AUTHORED FlatMenuButton.stylebox.hover_pressed default=<missing> neocade=StyleBoxFlat(bg=#dbd63bff border=0/0/0/0 border_color=#0f1523ff radius=0/0/0/0 margin=6.0/4.0/6.0/4.0 expand=0.0/0.0/0.0/0.0 shadow=0 offset=(0.0, 0.0))
INTENTIONAL_AUTHORED FlatMenuButton.stylebox.hover_pressed_mirrored default=<missing> neocade=StyleBoxFlat(bg=#dbd63bff border=0/0/0/0 border_color=#0f1523ff radius=0/0/0/0 margin=6.0/4.0/6.0/4.0 expand=0.0/0.0/0.0/0.0 shadow=0 offset=(0.0, 0.0))
INTENTIONAL_AUTHORED FlatMenuButton.stylebox.normal default=StyleBoxEmpty neocade=StyleBoxFlat(bg=#212e4200 border=0/0/0/0 border_color=#0f1523ff radius=0/0/0/0 margin=6.0/4.0/6.0/4.0 expand=0.0/0.0/0.0/0.0 shadow=0 offset=(0.0, 0.0))
INTENTIONAL_AUTHORED FlatMenuButton.stylebox.normal_mirrored default=<missing> neocade=StyleBoxFlat(bg=#212e4200 border=0/0/0/0 border_color=#0f1523ff radius=0/0/0/0 margin=6.0/4.0/6.0/4.0 expand=0.0/0.0/0.0/0.0 shadow=0 offset=(0.0, 0.0))
INTENTIONAL_AUTHORED FlatMenuButton.stylebox.pressed default=StyleBoxFlat(bg=#00000082 border=0/0/0/0 border_color=#ccccccff radius=3/3/3/3 margin=4.0/4.0/4.0/4.0 expand=0.0/0.0/0.0/0.0 shadow=0 offset=(0.0, 0.0)) neocade=StyleBoxFlat(bg=#dbd63bff border=0/0/0/0 border_color=#0f1523ff radius=0/0/0/0 margin=6.0/4.0/6.0/4.0 expand=0.0/0.0/0.0/0.0 shadow=0 offset=(0.0, 0.0))
INTENTIONAL_AUTHORED FlatMenuButton.stylebox.pressed_mirrored default=<missing> neocade=StyleBoxFlat(bg=#dbd63bff border=0/0/0/0 border_color=#0f1523ff radius=0/0/0/0 margin=6.0/4.0/6.0/4.0 expand=0.0/0.0/0.0/0.0 shadow=0 offset=(0.0, 0.0))
INTENTIONAL_AUTHORED FlatMenuButton.color.font_color default=<missing> neocade=#ffffffff
INTENTIONAL_AUTHORED FlatMenuButton.color.font_disabled_color default=<missing> neocade=#ffffff6b
INTENTIONAL_AUTHORED FlatMenuButton.color.font_focus_color default=<missing> neocade=#ffffffff
INTENTIONAL_AUTHORED FlatMenuButton.color.font_hover_color default=<missing> neocade=#ffffffff
INTENTIONAL_AUTHORED FlatMenuButton.color.font_hover_pressed_color default=<missing> neocade=#ffffffff
INTENTIONAL_AUTHORED FlatMenuButton.color.font_pressed_color default=<missing> neocade=#ffffffff
INTENTIONAL_AUTHORED FlatMenuButton.color.icon_disabled_color default=<missing> neocade=#ffffff6b
INTENTIONAL_AUTHORED FlatMenuButton.color.icon_focus_color default=<missing> neocade=#ffffffff
INTENTIONAL_AUTHORED FlatMenuButton.color.icon_hover_color default=<missing> neocade=#ffffffff
INTENTIONAL_AUTHORED FlatMenuButton.color.icon_hover_pressed_color default=<missing> neocade=#f6fc4dff
INTENTIONAL_AUTHORED FlatMenuButton.color.icon_normal_color default=<missing> neocade=#ffffffff
INTENTIONAL_AUTHORED FlatMenuButton.color.icon_pressed_color default=<missing> neocade=#f6fc4dff
INTENTIONAL_AUTHORED FlatMenuButton.constant.h_separation default=<missing> neocade=4
INTENTIONAL_AUTHORED FlatMenuButton.font.font default=Font(path=) neocade=Font(path=res://addons/neocade_theme/fonts/inter_variable.ttf)
INTENTIONAL_AUTHORED FlatMenuButton.font_size.font_size default=16 neocade=14
INTENTIONAL_AUTHORED FlatMenuButtonNoIconTint.color.icon_hover_color default=<missing> neocade=#ffffffff
INTENTIONAL_AUTHORED FlatMenuButtonNoIconTint.color.icon_hover_pressed_color default=<missing> neocade=#ffffffff
INTENTIONAL_AUTHORED FlatMenuButtonNoIconTint.color.icon_pressed_color default=<missing> neocade=#ffffffff
INTENTIONAL_AUTHORED FoldableContainer.stylebox.focus default=StyleBoxFlat(bg=#ffffffbf border=2/2/2/2 border_color=#ccccccff radius=3/3/3/3 margin=4.0/4.0/4.0/4.0 expand=0.0/0.0/0.0/0.0 shadow=0 offset=(0.0, 0.0)) neocade=StyleBoxFlat(bg=#00000000 border=2/2/2/2 border_color=#f6fc4dff radius=0/0/0/0 margin=-1.0/-1.0/-1.0/-1.0 expand=0.0/0.0/0.0/0.0 shadow=0 offset=(0.0, 0.0))
INTENTIONAL_AUTHORED FoldableContainer.stylebox.panel default=StyleBoxFlat(bg=#1a1a1a99 border=0/0/0/0 border_color=#ccccccff radius=0/0/3/3 margin=4.0/4.0/4.0/4.0 expand=0.0/0.0/0.0/0.0 shadow=0 offset=(0.0, 0.0)) neocade=StyleBoxFlat(bg=#212e42ff border=1/1/1/1 border_color=#0f1523ff radius=0/0/0/0 margin=0.0/0.0/0.0/0.0 expand=0.0/0.0/0.0/0.0 shadow=0 offset=(0.0, 0.0))
INTENTIONAL_AUTHORED FoldableContainer.stylebox.title_collapsed_hover_panel default=StyleBoxFlat(bg=#39393999 border=0/0/0/0 border_color=#ccccccff radius=3/3/3/3 margin=4.0/4.0/4.0/4.0 expand=0.0/0.0/0.0/0.0 shadow=0 offset=(0.0, 0.0)) neocade=StyleBoxFlat(bg=#e5df3eff border=0/0/0/0 border_color=#0f1523ff radius=0/0/0/0 margin=0.0/0.0/0.0/0.0 expand=0.0/0.0/0.0/0.0 shadow=0 offset=(0.0, 0.0))
INTENTIONAL_AUTHORED FoldableContainer.stylebox.title_collapsed_panel default=StyleBoxFlat(bg=#00000099 border=0/0/0/0 border_color=#ccccccff radius=3/3/3/3 margin=4.0/4.0/4.0/4.0 expand=0.0/0.0/0.0/0.0 shadow=0 offset=(0.0, 0.0)) neocade=StyleBoxFlat(bg=#212e42ff border=1/1/1/1 border_color=#0f1523ff radius=0/0/0/0 margin=0.0/0.0/0.0/0.0 expand=0.0/0.0/0.0/0.0 shadow=0 offset=(0.0, 0.0))
INTENTIONAL_AUTHORED FoldableContainer.stylebox.title_hover_panel default=StyleBoxFlat(bg=#39393999 border=0/0/0/0 border_color=#ccccccff radius=3/3/0/0 margin=4.0/4.0/4.0/4.0 expand=0.0/0.0/0.0/0.0 shadow=0 offset=(0.0, 0.0)) neocade=StyleBoxFlat(bg=#e5df3eff border=0/0/0/0 border_color=#0f1523ff radius=0/0/0/0 margin=0.0/0.0/0.0/0.0 expand=0.0/0.0/0.0/0.0 shadow=0 offset=(0.0, 0.0))
INTENTIONAL_AUTHORED FoldableContainer.stylebox.title_panel default=StyleBoxFlat(bg=#00000099 border=0/0/0/0 border_color=#ccccccff radius=3/3/0/0 margin=4.0/4.0/4.0/4.0 expand=0.0/0.0/0.0/0.0 shadow=0 offset=(0.0, 0.0)) neocade=StyleBoxFlat(bg=#2a3c52ff border=1/1/1/1 border_color=#0f1523ff radius=0/0/0/0 margin=0.0/0.0/0.0/0.0 expand=0.0/0.0/0.0/0.0 shadow=0 offset=(0.0, 0.0))
INTENTIONAL_AUTHORED FoldableContainer.color.font_color default=#dfdfdfff neocade=#ffffffff
INTENTIONAL_AUTHORED FoldableContainer.color.font_outline_color default=#ffffffff neocade=#0f1523ff
INTENTIONAL_AUTHORED FoldableContainer.color.hover_font_color default=#f2f2f2ff neocade=#ffffffff
INTENTIONAL_AUTHORED FoldableContainer.constant.h_separation default=2 neocade=6
INTENTIONAL_AUTHORED FoldableContainer.font.font default=Font(path=) neocade=Font(path=res://addons/neocade_theme/fonts/inter_variable.ttf)
INTENTIONAL_AUTHORED FoldableContainer.font_size.font_size default=16 neocade=14
INTENTIONAL_AUTHORED FoldableContainer.icon.expanded_arrow default=Texture2D(size=(16.0, 16.0) path=) neocade=Texture2D(size=(16.0, 16.0) path=res://addons/neocade_theme/icons/disclosure_expanded.svg)
INTENTIONAL_AUTHORED FoldableContainer.icon.expanded_arrow_mirrored default=Texture2D(size=(16.0, 16.0) path=) neocade=Texture2D(size=(16.0, 16.0) path=res://addons/neocade_theme/icons/disclosure_expanded_mirrored.svg)
INTENTIONAL_AUTHORED FoldableContainer.icon.folded_arrow default=Texture2D(size=(16.0, 16.0) path=) neocade=Texture2D(size=(16.0, 16.0) path=res://addons/neocade_theme/icons/disclosure_collapsed.svg)
INTENTIONAL_AUTHORED FoldableContainer.icon.folded_arrow_mirrored default=Texture2D(size=(16.0, 16.0) path=) neocade=Texture2D(size=(16.0, 16.0) path=res://addons/neocade_theme/icons/disclosure_collapsed_mirrored.svg)
INTENTIONAL_AUTHORED GhostButton.stylebox.disabled default=<missing> neocade=StyleBoxFlat(bg=#00000000 border=2/2/2/2 border_color=#f6fc4dff radius=0/0/0/0 margin=14.0/9.0/14.0/9.0 expand=0.0/0.0/0.0/0.0 shadow=0 offset=(0.0, 0.0))
INTENTIONAL_AUTHORED GhostButton.stylebox.focus default=<missing> neocade=StyleBoxFlat(bg=#00000000 border=2/2/2/2 border_color=#f6fc4dff radius=0/0/0/0 margin=-1.0/-1.0/-1.0/-1.0 expand=0.0/0.0/0.0/0.0 shadow=0 offset=(0.0, 0.0))
INTENTIONAL_AUTHORED GhostButton.stylebox.hover default=<missing> neocade=StyleBoxFlat(bg=#f6fc4d14 border=2/2/2/3 border_color=#999c30ff radius=0/0/0/0 margin=14.0/9.0/14.0/10.0 expand=0.0/0.0/0.0/0.0 shadow=0 offset=(0.0, 0.0))
INTENTIONAL_AUTHORED GhostButton.stylebox.hover_pressed default=<missing> neocade=StyleBoxFlat(bg=#f6fc4d1f border=2/2/2/2 border_color=#f6fc4dff radius=0/0/0/0 margin=14.0/9.0/14.0/9.0 expand=0.0/0.0/0.0/0.0 shadow=0 offset=(0.0, 0.0))
INTENTIONAL_AUTHORED GhostButton.stylebox.normal default=<missing> neocade=StyleBoxFlat(bg=#00000000 border=2/2/2/3 border_color=#999c30ff radius=0/0/0/0 margin=14.0/9.0/14.0/10.0 expand=0.0/0.0/0.0/0.0 shadow=0 offset=(0.0, 0.0))
INTENTIONAL_AUTHORED GhostButton.stylebox.pressed default=<missing> neocade=StyleBoxFlat(bg=#f6fc4d1f border=2/2/2/2 border_color=#f6fc4dff radius=0/0/0/0 margin=14.0/9.0/14.0/9.0 expand=0.0/0.0/0.0/0.0 shadow=0 offset=(0.0, 0.0))
INTENTIONAL_AUTHORED GhostButton.color.font_color default=<missing> neocade=#f6fc4dff
INTENTIONAL_AUTHORED GhostButton.color.font_disabled_color default=<missing> neocade=#f6fc4d6b
INTENTIONAL_AUTHORED GhostButton.color.font_focus_color default=<missing> neocade=#f6fc4dff
INTENTIONAL_AUTHORED GhostButton.color.font_hover_color default=<missing> neocade=#f6fc4dff
INTENTIONAL_AUTHORED GhostButton.color.font_hover_pressed_color default=<missing> neocade=#f6fc4dff
INTENTIONAL_AUTHORED GhostButton.color.font_pressed_color default=<missing> neocade=#f6fc4dff
INTENTIONAL_AUTHORED GhostButton.color.icon_disabled_color default=<missing> neocade=#f6fc4d6b
INTENTIONAL_AUTHORED GhostButton.color.icon_focus_color default=<missing> neocade=#f6fc4dff
INTENTIONAL_AUTHORED GhostButton.color.icon_hover_color default=<missing> neocade=#f6fc4dff
INTENTIONAL_AUTHORED GhostButton.color.icon_hover_pressed_color default=<missing> neocade=#f6fc4dff
INTENTIONAL_AUTHORED GhostButton.color.icon_normal_color default=<missing> neocade=#f6fc4dff
INTENTIONAL_AUTHORED GhostButton.color.icon_pressed_color default=<missing> neocade=#f6fc4dff
INTENTIONAL_AUTHORED GhostButton.constant.h_separation default=<missing> neocade=8
INTENTIONAL_AUTHORED GhostButton.font.font default=Font(path=) neocade=Font(path=res://addons/neocade_theme/fonts/inter_variable.ttf)
INTENTIONAL_AUTHORED GhostButton.font_size.font_size default=16 neocade=14
INTENTIONAL_AUTHORED GraphEdit.stylebox.menu_panel default=StyleBoxFlat(bg=#3d3d3d99 border=0/0/0/0 border_color=#ccccccff radius=3/3/3/3 margin=4.0/2.0/4.0/2.0 expand=0.0/0.0/0.0/0.0 shadow=0 offset=(0.0, 0.0)) neocade=StyleBoxFlat(bg=#212e42ff border=1/1/1/1 border_color=#0f1523ff radius=0/0/0/0 margin=6.0/4.0/6.0/4.0 expand=0.0/0.0/0.0/0.0 shadow=0 offset=(0.0, 0.0))
INTENTIONAL_AUTHORED GraphEdit.stylebox.panel default=StyleBoxFlat(bg=#1a1a1a99 border=0/0/0/0 border_color=#ccccccff radius=3/3/3/3 margin=4.0/4.0/4.0/5.0 expand=0.0/0.0/0.0/0.0 shadow=0 offset=(0.0, 0.0)) neocade=StyleBoxFlat(bg=#111824ff border=1/1/1/1 border_color=#0f1523ff radius=0/0/0/0 margin=0.0/0.0/0.0/0.0 expand=0.0/0.0/0.0/0.0 shadow=0 offset=(0.0, 0.0))
INTENTIONAL_AUTHORED GraphEdit.stylebox.panel_focus default=StyleBoxFlat(bg=#ffffffbf border=2/2/2/2 border_color=#ccccccff radius=3/3/3/3 margin=4.0/4.0/4.0/4.0 expand=2.0/2.0/2.0/2.0 shadow=0 offset=(0.0, 0.0)) neocade=StyleBoxFlat(bg=#00000000 border=2/2/2/2 border_color=#f6fc4dff radius=0/0/0/0 margin=-1.0/-1.0/-1.0/-1.0 expand=0.0/0.0/0.0/0.0 shadow=0 offset=(0.0, 0.0))
INTENTIONAL_AUTHORED GraphEdit.color.activity default=#ffffffff neocade=#f6fc4df2
INTENTIONAL_AUTHORED GraphEdit.color.connection_hover_tint_color default=#0000004d neocade=#f6fc4de0
INTENTIONAL_AUTHORED GraphEdit.color.connection_rim_color default=#1a1a1a99 neocade=#0f152399
INTENTIONAL_AUTHORED GraphEdit.color.connection_valid_target_tint_color default=#ffffff66 neocade=#3cdf82e0
INTENTIONAL_AUTHORED GraphEdit.color.grid_major default=#ffffff33 neocade=#0f15236b
INTENTIONAL_AUTHORED GraphEdit.color.grid_minor default=#ffffff0d neocade=#0f15232e
INTENTIONAL_AUTHORED GraphEdit.color.selection_fill default=#ffffff4d neocade=#f6fc4d3d
INTENTIONAL_AUTHORED GraphEdit.color.selection_stroke default=#ffffffcc neocade=#f6fc4dff
INTENTIONAL_AUTHORED GraphEdit.constant.connection_hover_thickness default=0 neocade=3
INTENTIONAL_AUTHORED GraphEdit.constant.port_hotzone_inner_extent default=22 neocade=12
INTENTIONAL_AUTHORED GraphEdit.constant.port_hotzone_outer_extent default=26 neocade=20
INTENTIONAL_AUTHORED GraphEdit.icon.grid_toggle default=Texture2D(size=(16.0, 16.0) path=) neocade=Texture2D(size=(16.0, 16.0) path=res://addons/neocade_theme/icons/graph_grid_toggle.svg)
INTENTIONAL_AUTHORED GraphEdit.icon.layout default=Texture2D(size=(16.0, 16.0) path=) neocade=Texture2D(size=(16.0, 16.0) path=res://addons/neocade_theme/icons/graph_layout.svg)
INTENTIONAL_AUTHORED GraphEdit.icon.minimap_toggle default=Texture2D(size=(16.0, 16.0) path=) neocade=Texture2D(size=(16.0, 16.0) path=res://addons/neocade_theme/icons/graph_minimap_toggle.svg)
INTENTIONAL_AUTHORED GraphEdit.icon.snapping_toggle default=Texture2D(size=(16.0, 16.0) path=) neocade=Texture2D(size=(16.0, 16.0) path=res://addons/neocade_theme/icons/graph_snapping_toggle.svg)
INTENTIONAL_AUTHORED GraphEdit.icon.zoom_in default=Texture2D(size=(16.0, 16.0) path=) neocade=Texture2D(size=(16.0, 16.0) path=res://addons/neocade_theme/icons/graph_zoom_in.svg)
INTENTIONAL_AUTHORED GraphEdit.icon.zoom_out default=Texture2D(size=(16.0, 16.0) path=) neocade=Texture2D(size=(16.0, 16.0) path=res://addons/neocade_theme/icons/graph_zoom_out.svg)
INTENTIONAL_AUTHORED GraphEdit.icon.zoom_reset default=Texture2D(size=(16.0, 16.0) path=) neocade=Texture2D(size=(16.0, 16.0) path=res://addons/neocade_theme/icons/graph_zoom_reset.svg)
DEFAULT_ONLY GraphEditMinimap.stylebox.camera default=StyleBoxFlat(bg=#a6a6a633 border=1/1/1/1 border_color=#a6a6a673 radius=0/0/0/0 margin=0.0/0.0/0.0/0.0 expand=0.0/0.0/0.0/0.0 shadow=0 offset=(0.0, 0.0)) neocade=<missing>
INTENTIONAL_AUTHORED GraphEditMinimap.stylebox.node default=StyleBoxFlat(bg=#ffffffff border=0/0/0/0 border_color=#ccccccff radius=2/2/2/2 margin=0.0/0.0/0.0/0.0 expand=0.0/0.0/0.0/0.0 shadow=0 offset=(0.0, 0.0)) neocade=StyleBoxFlat(bg=#2a3c52ff border=1/1/1/1 border_color=#151e2dff radius=0/0/0/0 margin=0.0/0.0/0.0/0.0 expand=0.0/0.0/0.0/0.0 shadow=0 offset=(0.0, 0.0))
INTENTIONAL_AUTHORED GraphEditMinimap.stylebox.panel default=StyleBoxFlat(bg=#3d3d3dff border=0/0/0/0 border_color=#ccccccff radius=3/3/3/3 margin=0.0/0.0/0.0/0.0 expand=0.0/0.0/0.0/0.0 shadow=0 offset=(0.0, 0.0)) neocade=StyleBoxFlat(bg=#243952b8 border=1/1/1/1 border_color=#151e2d8c radius=0/0/0/0 margin=4.0/4.0/4.0/4.0 expand=0.0/0.0/0.0/0.0 shadow=0 offset=(0.0, 0.0))
INTENTIONAL_AUTHORED GraphEditMinimap.color.resizer_color default=#ffffffd9 neocade=#abaeb4a6
DEFAULT_ONLY GraphEditMinimap.icon.resizer default=Texture2D(size=(16.0, 16.0) path=) neocade=<missing>
INTENTIONAL_AUTHORED GraphElement.stylebox.panel default=<missing> neocade=StyleBoxFlat(bg=#212e42ff border=1/1/1/1 border_color=#0f1523ff radius=0/0/0/0 margin=10.0/8.0/10.0/8.0 expand=0.0/0.0/0.0/0.0 shadow=0 offset=(0.0, 0.0))
INTENTIONAL_AUTHORED GraphElement.stylebox.panel_selected default=<missing> neocade=StyleBoxFlat(bg=#2a3c52ff border=1/1/1/1 border_color=#f6fc4dff radius=0/0/0/0 margin=10.0/8.0/10.0/8.0 expand=0.0/0.0/0.0/0.0 shadow=0 offset=(0.0, 0.0))
INTENTIONAL_AUTHORED GraphElement.stylebox.titlebar default=<missing> neocade=StyleBoxFlat(bg=#2a3c52ff border=0/0/0/0 border_color=#2a3c52ff radius=0/0/0/0 margin=10.0/4.0/10.0/4.0 expand=0.0/0.0/0.0/0.0 shadow=0 offset=(0.0, 0.0))
INTENTIONAL_AUTHORED GraphElement.stylebox.titlebar_selected default=<missing> neocade=StyleBoxFlat(bg=#999c30ff border=1/1/1/1 border_color=#f6fc4dff radius=0/0/0/0 margin=10.0/4.0/10.0/4.0 expand=0.0/0.0/0.0/0.0 shadow=0 offset=(0.0, 0.0))
INTENTIONAL_AUTHORED GraphElement.color.resizer_color default=<missing> neocade=#abaeb4d9
INTENTIONAL_AUTHORED GraphFrame.stylebox.panel default=StyleBoxFlat(bg=#00000099 border=2/2/2/2 border_color=#00000099 radius=3/3/3/3 margin=18.0/12.0/18.0/12.0 expand=0.0/38.0/0.0/0.0 shadow=0 offset=(0.0, 0.0)) neocade=StyleBoxFlat(bg=#11182447 border=1/1/1/1 border_color=#0f1523ff radius=0/0/0/0 margin=10.0/8.0/10.0/8.0 expand=0.0/0.0/0.0/0.0 shadow=0 offset=(0.0, 0.0))
INTENTIONAL_AUTHORED GraphFrame.stylebox.panel_selected default=StyleBoxFlat(bg=#00000099 border=2/2/2/2 border_color=#39393999 radius=3/3/3/3 margin=18.0/12.0/18.0/12.0 expand=0.0/38.0/0.0/0.0 shadow=0 offset=(0.0, 0.0)) neocade=StyleBoxFlat(bg=#f6fc4d57 border=1/1/1/1 border_color=#0f1523ff radius=0/0/0/0 margin=10.0/8.0/10.0/8.0 expand=0.0/0.0/0.0/0.0 shadow=0 offset=(0.0, 0.0))
INTENTIONAL_AUTHORED GraphFrame.stylebox.titlebar default=StyleBoxEmpty neocade=StyleBoxFlat(bg=#212e426b border=1/1/1/1 border_color=#0f1523ff radius=0/0/0/0 margin=10.0/4.0/10.0/4.0 expand=0.0/0.0/0.0/0.0 shadow=0 offset=(0.0, 0.0))
INTENTIONAL_AUTHORED GraphFrame.stylebox.titlebar_selected default=StyleBoxEmpty neocade=StyleBoxFlat(bg=#999c3075 border=1/1/1/1 border_color=#0f1523ff radius=0/0/0/0 margin=10.0/4.0/10.0/4.0 expand=0.0/0.0/0.0/0.0 shadow=0 offset=(0.0, 0.0))
INTENTIONAL_AUTHORED GraphFrame.color.resizer_color default=#dfdfdfff neocade=#abaeb4d9
INTENTIONAL_AUTHORED GraphFrame.icon.resizer default=Texture2D(size=(16.0, 16.0) path=) neocade=Texture2D(size=(16.0, 16.0) path=res://addons/neocade_theme/icons/graph_resizer.svg)
DEFAULT_ONLY GraphFrameTitleLabel.stylebox.normal default=StyleBoxEmpty neocade=<missing>
INTENTIONAL_AUTHORED GraphFrameTitleLabel.color.font_outline_color default=#ffffffff neocade=#0f1523ff
DEFAULT_ONLY GraphFrameTitleLabel.color.font_shadow_color default=#00000000 neocade=<missing>
DEFAULT_ONLY GraphFrameTitleLabel.constant.line_spacing default=3 neocade=<missing>
DEFAULT_ONLY GraphFrameTitleLabel.constant.outline_size default=0 neocade=<missing>
DEFAULT_ONLY GraphFrameTitleLabel.constant.shadow_offset_x default=1 neocade=<missing>
DEFAULT_ONLY GraphFrameTitleLabel.constant.shadow_offset_y default=1 neocade=<missing>
DEFAULT_ONLY GraphFrameTitleLabel.constant.shadow_outline_size default=1 neocade=<missing>
INTENTIONAL_AUTHORED GraphFrameTitleLabel.font_size.font_size default=22 neocade=14
INTENTIONAL_AUTHORED GraphNode.stylebox.panel default=StyleBoxFlat(bg=#1a1a1a99 border=0/0/0/0 border_color=#53535399 radius=3/3/3/3 margin=18.0/12.0/18.0/12.0 expand=0.0/0.0/0.0/0.0 shadow=0 offset=(0.0, 0.0)) neocade=StyleBoxFlat(bg=#212e42ff border=1/1/1/1 border_color=#0f1523ff radius=0/0/0/0 margin=10.0/8.0/10.0/8.0 expand=0.0/0.0/0.0/0.0 shadow=0 offset=(0.0, 0.0))
INTENTIONAL_AUTHORED GraphNode.stylebox.panel_focus default=StyleBoxFlat(bg=#ffffffbf border=2/2/2/2 border_color=#ccccccff radius=3/3/3/3 margin=4.0/4.0/4.0/4.0 expand=2.0/2.0/2.0/2.0 shadow=0 offset=(0.0, 0.0)) neocade=StyleBoxFlat(bg=#00000000 border=2/2/2/2 border_color=#f6fc4dff radius=0/0/0/0 margin=-1.0/-1.0/-1.0/-1.0 expand=0.0/0.0/0.0/0.0 shadow=0 offset=(0.0, 0.0))
INTENTIONAL_AUTHORED GraphNode.stylebox.panel_selected default=StyleBoxFlat(bg=#1a1a1a99 border=0/0/0/0 border_color=#9f9f9f99 radius=3/3/3/3 margin=18.0/12.0/18.0/12.0 expand=0.0/0.0/0.0/0.0 shadow=0 offset=(0.0, 0.0)) neocade=StyleBoxFlat(bg=#2a3c52ff border=1/1/1/1 border_color=#0f1523ff radius=0/0/0/0 margin=10.0/8.0/10.0/8.0 expand=0.0/0.0/0.0/0.0 shadow=0 offset=(0.0, 0.0))
INTENTIONAL_AUTHORED GraphNode.stylebox.slot default=StyleBoxEmpty neocade=StyleBoxFlat(bg=#11182442 border=1/1/1/1 border_color=#0f1523ff radius=4/4/4/4 margin=6.0/2.0/6.0/2.0 expand=0.0/0.0/0.0/0.0 shadow=0 offset=(0.0, 0.0))
INTENTIONAL_AUTHORED GraphNode.stylebox.slot_selected default=StyleBoxFlat(bg=#ffffffbf border=2/2/2/2 border_color=#ccccccff radius=3/3/3/3 margin=4.0/4.0/4.0/4.0 expand=2.0/2.0/2.0/2.0 shadow=0 offset=(0.0, 0.0)) neocade=StyleBoxFlat(bg=#f6fc4d4d border=1/1/1/1 border_color=#0f1523ff radius=4/4/4/4 margin=6.0/2.0/6.0/2.0 expand=0.0/0.0/0.0/0.0 shadow=0 offset=(0.0, 0.0))
INTENTIONAL_AUTHORED GraphNode.stylebox.titlebar default=StyleBoxFlat(bg=#5e5e5e99 border=0/0/0/0 border_color=#ccccccff radius=3/3/3/3 margin=4.0/4.0/4.0/4.0 expand=0.0/0.0/0.0/0.0 shadow=0 offset=(0.0, 0.0)) neocade=StyleBoxFlat(bg=#2a3c52ff border=1/1/1/1 border_color=#0f1523ff radius=0/0/0/0 margin=10.0/5.0/10.0/5.0 expand=0.0/0.0/0.0/0.0 shadow=0 offset=(0.0, 0.0))
INTENTIONAL_AUTHORED GraphNode.stylebox.titlebar_selected default=StyleBoxFlat(bg=#ff9f9f99 border=0/0/0/0 border_color=#53535399 radius=3/3/3/3 margin=18.0/12.0/18.0/12.0 expand=0.0/0.0/0.0/0.0 shadow=0 offset=(0.0, 0.0)) neocade=StyleBoxFlat(bg=#999c309e border=1/1/1/1 border_color=#0f1523ff radius=0/0/0/0 margin=10.0/5.0/10.0/5.0 expand=0.0/0.0/0.0/0.0 shadow=0 offset=(0.0, 0.0))
INTENTIONAL_AUTHORED GraphNode.color.resizer_color default=#dfdfdfff neocade=#abaeb4e5
INTENTIONAL_AUTHORED GraphNode.constant.port_h_offset default=0 neocade=8
INTENTIONAL_AUTHORED GraphNode.constant.separation default=2 neocade=4
INTENTIONAL_AUTHORED GraphNode.icon.port default=Texture2D(size=(10.0, 10.0) path=) neocade=Texture2D(size=(16.0, 16.0) path=res://addons/neocade_theme/icons/graph_port.svg)
INTENTIONAL_AUTHORED GraphNode.icon.resizer default=Texture2D(size=(16.0, 16.0) path=) neocade=Texture2D(size=(16.0, 16.0) path=res://addons/neocade_theme/icons/graph_resizer.svg)
DEFAULT_ONLY GraphNodeTitleLabel.stylebox.normal default=StyleBoxEmpty neocade=<missing>
DEFAULT_ONLY GraphNodeTitleLabel.color.font_color default=#dfdfdfff neocade=<missing>
DEFAULT_ONLY GraphNodeTitleLabel.color.font_outline_color default=#000000ff neocade=<missing>
INTENTIONAL_AUTHORED GraphNodeTitleLabel.color.font_shadow_color default=#00000000 neocade=#0f15231a
DEFAULT_ONLY GraphNodeTitleLabel.constant.line_spacing default=3 neocade=<missing>
DEFAULT_ONLY GraphNodeTitleLabel.constant.outline_size default=0 neocade=<missing>
DEFAULT_ONLY GraphNodeTitleLabel.constant.shadow_offset_x default=1 neocade=<missing>
DEFAULT_ONLY GraphNodeTitleLabel.constant.shadow_offset_y default=1 neocade=<missing>
DEFAULT_ONLY GraphNodeTitleLabel.constant.shadow_outline_size default=1 neocade=<missing>
INTENTIONAL_AUTHORED GraphNodeTitleLabel.font.font default=Font(path=) neocade=Font(path=res://addons/neocade_theme/fonts/inter_variable.ttf)
INTENTIONAL_AUTHORED GraphNodeTitleLabel.font_size.font_size default=16 neocade=14
INTENTIONAL_AUTHORED GraphStateMachine.stylebox.error_panel default=<missing> neocade=StyleBoxFlat(bg=#c6315129 border=1/1/1/1 border_color=#c631518c radius=0/0/0/0 margin=0.0/0.0/0.0/0.0 expand=0.0/0.0/0.0/0.0 shadow=0 offset=(0.0, 0.0))
INTENTIONAL_AUTHORED GraphStateMachine.stylebox.node_frame default=<missing> neocade=StyleBoxFlat(bg=#2a3c52ff border=1/1/1/1 border_color=#151e2dff radius=0/0/0/0 margin=6.0/4.0/6.0/4.0 expand=0.0/0.0/0.0/0.0 shadow=0 offset=(0.0, 0.0))
INTENTIONAL_AUTHORED GraphStateMachine.stylebox.node_frame_end default=<missing> neocade=StyleBoxFlat(bg=#c6315133 border=1/1/1/1 border_color=#c63151d9 radius=0/0/0/0 margin=6.0/4.0/6.0/4.0 expand=0.0/0.0/0.0/0.0 shadow=0 offset=(0.0, 0.0))
INTENTIONAL_AUTHORED GraphStateMachine.stylebox.node_frame_playing default=<missing> neocade=StyleBoxFlat(bg=#f4ee4238 border=1/1/1/1 border_color=#f4ee42d9 radius=0/0/0/0 margin=6.0/4.0/6.0/4.0 expand=0.0/0.0/0.0/0.0 shadow=0 offset=(0.0, 0.0))
INTENTIONAL_AUTHORED GraphStateMachine.stylebox.node_frame_selected default=<missing> neocade=StyleBoxFlat(bg=#2a3c52ff border=1/1/1/1 border_color=#f6fc4dff radius=0/0/0/0 margin=6.0/4.0/6.0/4.0 expand=0.0/0.0/0.0/0.0 shadow=0 offset=(0.0, 0.0))
INTENTIONAL_AUTHORED GraphStateMachine.stylebox.node_frame_start default=<missing> neocade=StyleBoxFlat(bg=#3cdf8233 border=1/1/1/1 border_color=#3cdf82d9 radius=0/0/0/0 margin=6.0/4.0/6.0/4.0 expand=0.0/0.0/0.0/0.0 shadow=0 offset=(0.0, 0.0))
INTENTIONAL_AUTHORED GraphStateMachine.stylebox.panel default=<missing> neocade=StyleBoxFlat(bg=#243952ff border=0/0/0/0 border_color=#243952ff radius=0/0/0/0 margin=0.0/0.0/0.0/0.0 expand=0.0/0.0/0.0/0.0 shadow=0 offset=(0.0, 0.0))
INTENTIONAL_AUTHORED GraphStateMachine.color.focus_color default=<missing> neocade=#f6fc4dcc
INTENTIONAL_AUTHORED GraphStateMachine.color.guideline_color default=<missing> neocade=#abaeb438
INTENTIONAL_AUTHORED GraphStateMachine.color.highlight_color default=<missing> neocade=#f6fc4dff
INTENTIONAL_AUTHORED GraphStateMachine.color.highlight_disabled_color default=<missing> neocade=#f6fc4d6b
INTENTIONAL_AUTHORED GraphStateMachine.color.node_title_font_color default=<missing> neocade=#ffffffff
INTENTIONAL_AUTHORED GraphStateMachine.color.playback_background_color default=<missing> neocade=#2a3c5238
INTENTIONAL_AUTHORED GraphStateMachine.color.playback_color default=<missing> neocade=#ffffffff
INTENTIONAL_AUTHORED GraphStateMachine.color.transition_color default=<missing> neocade=#ffffffff
INTENTIONAL_AUTHORED GraphStateMachine.color.transition_disabled_color default=<missing> neocade=#abaeb46b
INTENTIONAL_AUTHORED GraphStateMachine.color.transition_icon_color default=<missing> neocade=#ffffffff
INTENTIONAL_AUTHORED GraphStateMachine.color.transition_icon_disabled_color default=<missing> neocade=#abaeb46b
INTENTIONAL_AUTHORED HBoxContainer.constant.separation default=4 neocade=2
DEFAULT_ONLY HFlowContainer.constant.h_separation default=4 neocade=<missing>
DEFAULT_ONLY HFlowContainer.constant.v_separation default=4 neocade=<missing>
INTENTIONAL_AUTHORED HScrollBar.stylebox.grabber default=StyleBoxFlat(bg=#ffffff66 border=0/0/0/0 border_color=#ccccccff radius=10/10/10/10 margin=4.0/4.0/4.0/4.0 expand=0.0/0.0/0.0/0.0 shadow=0 offset=(0.0, 0.0)) neocade=StyleBoxFlat(bg=#58e77952 border=0/0/0/0 border_color=#0f1523ff radius=0/0/0/0 margin=4.0/4.0/4.0/4.0 expand=0.0/0.0/0.0/0.0 shadow=0 offset=(0.0, 0.0))
INTENTIONAL_AUTHORED HScrollBar.stylebox.grabber_highlight default=StyleBoxFlat(bg=#ffffffbf border=0/0/0/0 border_color=#ccccccff radius=10/10/10/10 margin=4.0/4.0/4.0/4.0 expand=0.0/0.0/0.0/0.0 shadow=0 offset=(0.0, 0.0)) neocade=StyleBoxFlat(bg=#58e77980 border=0/0/0/0 border_color=#0f1523ff radius=0/0/0/0 margin=4.0/4.0/4.0/4.0 expand=0.0/0.0/0.0/0.0 shadow=0 offset=(0.0, 0.0))
INTENTIONAL_AUTHORED HScrollBar.stylebox.grabber_pressed default=StyleBoxFlat(bg=#bfbfbfbf border=0/0/0/0 border_color=#ccccccff radius=10/10/10/10 margin=4.0/4.0/4.0/4.0 expand=0.0/0.0/0.0/0.0 shadow=0 offset=(0.0, 0.0)) neocade=StyleBoxFlat(bg=#58e77980 border=0/0/0/0 border_color=#0f1523ff radius=0/0/0/0 margin=4.0/4.0/4.0/4.0 expand=0.0/0.0/0.0/0.0 shadow=0 offset=(0.0, 0.0))
INTENTIONAL_AUTHORED HScrollBar.stylebox.scroll default=StyleBoxFlat(bg=#1a1a1a99 border=0/0/0/0 border_color=#ccccccff radius=10/10/10/10 margin=0.0/4.0/0.0/4.0 expand=0.0/0.0/0.0/0.0 shadow=0 offset=(0.0, 0.0)) neocade=StyleBoxFlat(bg=#11182400 border=0/0/0/0 border_color=#0f1523ff radius=0/0/0/0 margin=0.0/4.0/0.0/4.0 expand=0.0/0.0/0.0/0.0 shadow=0 offset=(0.0, 0.0))
INTENTIONAL_AUTHORED HScrollBar.stylebox.scroll_focus default=StyleBoxFlat(bg=#ffffffbf border=2/2/2/2 border_color=#ccccccff radius=3/3/3/3 margin=4.0/4.0/4.0/4.0 expand=2.0/2.0/2.0/2.0 shadow=0 offset=(0.0, 0.0)) neocade=StyleBoxFlat(bg=#11182400 border=0/0/0/0 border_color=#0f1523ff radius=0/0/0/0 margin=0.0/4.0/0.0/4.0 expand=0.0/0.0/0.0/0.0 shadow=0 offset=(0.0, 0.0))
INTENTIONAL_AUTHORED HScrollBar.constant.padding_bottom default=<missing> neocade=0
INTENTIONAL_AUTHORED HScrollBar.constant.padding_top default=<missing> neocade=0
INTENTIONAL_AUTHORED HSlider.stylebox.grabber_area default=StyleBoxFlat(bg=#ffffff66 border=0/0/0/0 border_color=#ccccccff radius=4/4/4/4 margin=4.0/4.0/4.0/4.0 expand=0.0/0.0/0.0/0.0 shadow=0 offset=(0.0, 0.0)) neocade=StyleBoxFlat(bg=#58e779ff border=1/1/1/1 border_color=#0f1523ff radius=0/0/0/0 margin=0.0/2.0/0.0/2.0 expand=0.0/0.0/0.0/0.0 shadow=0 offset=(0.0, 0.0))
INTENTIONAL_AUTHORED HSlider.stylebox.grabber_area_highlight default=StyleBoxFlat(bg=#ffffffbf border=0/0/0/0 border_color=#ccccccff radius=4/4/4/4 margin=4.0/4.0/4.0/4.0 expand=0.0/0.0/0.0/0.0 shadow=0 offset=(0.0, 0.0)) neocade=StyleBoxFlat(bg=#58e779ff border=1/1/1/1 border_color=#0f1523ff radius=0/0/0/0 margin=0.0/2.0/0.0/2.0 expand=0.0/0.0/0.0/0.0 shadow=0 offset=(0.0, 0.0))
INTENTIONAL_AUTHORED HSlider.stylebox.slider default=StyleBoxFlat(bg=#1a1a1a99 border=0/0/0/0 border_color=#ccccccff radius=4/4/4/4 margin=4.0/4.0/4.0/4.0 expand=0.0/0.0/0.0/0.0 shadow=0 offset=(0.0, 0.0)) neocade=StyleBoxFlat(bg=#111824ff border=1/1/1/1 border_color=#0f1523ff radius=0/0/0/0 margin=0.0/2.0/0.0/2.0 expand=0.0/0.0/0.0/0.0 shadow=0 offset=(0.0, 0.0))
INTENTIONAL_AUTHORED HSlider.constant.center_grabber default=0 neocade=1
INTENTIONAL_AUTHORED HSlider.constant.tick_offset default=0 neocade=8
INTENTIONAL_AUTHORED HSlider.icon.tick default=Texture2D(size=(4.0, 8.0) path=) neocade=Texture2D(size=(16.0, 16.0) path=res://addons/neocade_theme/icons/slider_tick.svg)
INTENTIONAL_AUTHORED HSplitContainer.constant.separation default=12 neocade=6
INTENTIONAL_AUTHORED HSplitContainer.icon.grabber default=Texture2D(size=(8.0, 48.0) path=) neocade=Texture2D(size=(6.0, 48.0) path=)
INTENTIONAL_AUTHORED HSplitContainer.icon.touch_dragger default=Texture2D(size=(30.0, 60.0) path=) neocade=Texture2D(size=(16.0, 16.0) path=res://addons/neocade_theme/icons/split_touch_dragger_h.svg)
INTENTIONAL_AUTHORED HeaderLarge.color.font_color default=<missing> neocade=#ffffffff
INTENTIONAL_AUTHORED HeaderLarge.font.font default=Font(path=) neocade=Font(path=res://addons/neocade_theme/fonts/inter_header_large.tres)
INTENTIONAL_AUTHORED HeaderLarge.font_size.font_size default=28 neocade=36
INTENTIONAL_AUTHORED HeaderMedium.color.font_color default=<missing> neocade=#ffffffff
INTENTIONAL_AUTHORED HeaderMedium.font.font default=Font(path=) neocade=Font(path=res://addons/neocade_theme/fonts/inter_header_medium.tres)
INTENTIONAL_AUTHORED HeaderMedium.font_size.font_size default=24 neocade=22
INTENTIONAL_AUTHORED HeaderSmall.color.font_color default=<missing> neocade=#ffffffff
INTENTIONAL_AUTHORED HeaderSmall.font.font default=Font(path=) neocade=Font(path=res://addons/neocade_theme/fonts/inter_header_small.tres)
INTENTIONAL_AUTHORED HeaderSmall.font_size.font_size default=20 neocade=14
INTENTIONAL_AUTHORED HeroPanel.stylebox.panel default=<missing> neocade=StyleBoxFlat(bg=#2a3c52ff border=1/1/1/2 border_color=#1a2533ff radius=0/0/0/0 margin=14.0/12.0/14.0/13.0 expand=0.0/0.0/0.0/0.0 shadow=0 offset=(0.0, 0.0))
INTENTIONAL_AUTHORED HeroPanel.color.font_color default=<missing> neocade=#ffffffff
INTENTIONAL_AUTHORED HeroPanel.font.font default=Font(path=) neocade=Font(path=res://addons/neocade_theme/fonts/inter_header_medium.tres)
INTENTIONAL_AUTHORED IconButton.stylebox.disabled default=<missing> neocade=StyleBoxFlat(bg=#717742ff border=0/0/0/0 border_color=#0f1523ff radius=0/0/0/0 margin=8.0/8.0/8.0/8.0 expand=0.0/0.0/0.0/0.0 shadow=0 offset=(0.0, 0.0))
INTENTIONAL_AUTHORED IconButton.stylebox.focus default=<missing> neocade=StyleBoxFlat(bg=#00000000 border=2/2/2/2 border_color=#f6fc4dff radius=0/0/0/0 margin=-1.0/-1.0/-1.0/-1.0 expand=0.0/0.0/0.0/0.0 shadow=0 offset=(0.0, 0.0))
INTENTIONAL_AUTHORED IconButton.stylebox.hover default=<missing> neocade=StyleBoxFlat(bg=#e5df3eff border=1/1/1/2 border_color=#8e8b26ff radius=0/0/0/0 margin=8.0/8.0/8.0/9.0 expand=0.0/0.0/0.0/0.0 shadow=0 offset=(0.0, 0.0))
INTENTIONAL_AUTHORED IconButton.stylebox.hover_pressed default=<missing> neocade=StyleBoxFlat(bg=#dbd63bff border=1/1/1/1 border_color=#807e29ff radius=0/0/0/0 margin=8.0/8.0/8.0/8.0 expand=0.0/0.0/0.0/0.0 shadow=0 offset=(0.0, 0.0))
INTENTIONAL_AUTHORED IconButton.stylebox.normal default=<missing> neocade=StyleBoxFlat(bg=#f4ee42ff border=1/1/1/2 border_color=#979329ff radius=0/0/0/0 margin=8.0/8.0/8.0/9.0 expand=0.0/0.0/0.0/0.0 shadow=0 offset=(0.0, 0.0))
INTENTIONAL_AUTHORED IconButton.stylebox.pressed default=<missing> neocade=StyleBoxFlat(bg=#dbd63bff border=1/1/1/1 border_color=#807e29ff radius=0/0/0/0 margin=8.0/8.0/8.0/8.0 expand=0.0/0.0/0.0/0.0 shadow=0 offset=(0.0, 0.0))
INTENTIONAL_AUTHORED IconButton.color.font_color default=<missing> neocade=#ffffffff
INTENTIONAL_AUTHORED IconButton.color.font_disabled_color default=<missing> neocade=#ffffff6b
INTENTIONAL_AUTHORED IconButton.color.font_focus_color default=<missing> neocade=#ffffffff
INTENTIONAL_AUTHORED IconButton.color.font_hover_color default=<missing> neocade=#ffffffff
INTENTIONAL_AUTHORED IconButton.color.font_hover_pressed_color default=<missing> neocade=#ffffffff
INTENTIONAL_AUTHORED IconButton.color.font_pressed_color default=<missing> neocade=#ffffffff
INTENTIONAL_AUTHORED IconButton.color.icon_disabled_color default=<missing> neocade=#abaeb46b
INTENTIONAL_AUTHORED IconButton.color.icon_focus_color default=<missing> neocade=#f6fc4dff
INTENTIONAL_AUTHORED IconButton.color.icon_hover_color default=<missing> neocade=#f6fc4dff
INTENTIONAL_AUTHORED IconButton.color.icon_hover_pressed_color default=<missing> neocade=#f6fc4dff
INTENTIONAL_AUTHORED IconButton.color.icon_normal_color default=<missing> neocade=#ffffffff
INTENTIONAL_AUTHORED IconButton.color.icon_pressed_color default=<missing> neocade=#f6fc4dff
INTENTIONAL_AUTHORED IconButton.constant.h_separation default=<missing> neocade=0
INTENTIONAL_AUTHORED IconButton.font.font default=Font(path=) neocade=Font(path=res://addons/neocade_theme/fonts/inter_variable.ttf)
INTENTIONAL_AUTHORED IconButton.font_size.font_size default=16 neocade=14
DEFAULT_ONLY Icons.icon.close default=Texture2D(size=(16.0, 16.0) path=) neocade=<missing>
INTENTIONAL_AUTHORED InfoLabel.color.font_color default=<missing> neocade=#2278c0ff
INTENTIONAL_AUTHORED InfoLabel.font.font default=Font(path=) neocade=Font(path=res://addons/neocade_theme/fonts/inter_variable.ttf)
INTENTIONAL_AUTHORED InfoLabel.font_size.font_size default=16 neocade=14
INTENTIONAL_AUTHORED InfoPanel.stylebox.panel default=<missing> neocade=StyleBoxFlat(bg=#2278c00f border=1/1/1/2 border_color=#154a77ff radius=0/0/0/0 margin=12.0/10.0/12.0/11.0 expand=0.0/0.0/0.0/0.0 shadow=0 offset=(0.0, 0.0))
INTENTIONAL_AUTHORED InfoText.color.default_color default=<missing> neocade=#ffffffff
INTENTIONAL_AUTHORED InfoText.color.font_selected_color default=<missing> neocade=#000000ff
INTENTIONAL_AUTHORED InfoText.color.selection_color default=<missing> neocade=#999c30ff
INTENTIONAL_AUTHORED InfoText.font.normal_font default=Font(path=) neocade=Font(path=res://addons/neocade_theme/fonts/inter_variable.ttf)
INTENTIONAL_AUTHORED InfoText.font_size.normal_font_size default=16 neocade=14
INTENTIONAL_AUTHORED ItemList.stylebox.cursor default=StyleBoxFlat(bg=#ffffffbf border=2/2/2/2 border_color=#ccccccff radius=3/3/3/3 margin=4.0/4.0/4.0/4.0 expand=2.0/2.0/2.0/2.0 shadow=0 offset=(0.0, 0.0)) neocade=StyleBoxFlat(bg=#e5df3eb8 border=0/0/0/0 border_color=#0f1523ff radius=0/0/0/0 margin=0.0/0.0/0.0/0.0 expand=0.0/0.0/0.0/0.0 shadow=0 offset=(0.0, 0.0))
INTENTIONAL_AUTHORED ItemList.stylebox.cursor_unfocused default=StyleBoxFlat(bg=#ffffffbf border=2/2/2/2 border_color=#ccccccff radius=3/3/3/3 margin=4.0/4.0/4.0/4.0 expand=2.0/2.0/2.0/2.0 shadow=0 offset=(0.0, 0.0)) neocade=StyleBoxFlat(bg=#e5df3e75 border=0/0/0/0 border_color=#0f1523ff radius=0/0/0/0 margin=0.0/0.0/0.0/0.0 expand=0.0/0.0/0.0/0.0 shadow=0 offset=(0.0, 0.0))
INTENTIONAL_AUTHORED ItemList.stylebox.focus default=StyleBoxFlat(bg=#ffffffbf border=2/2/2/2 border_color=#ccccccff radius=3/3/3/3 margin=4.0/4.0/4.0/4.0 expand=2.0/2.0/2.0/2.0 shadow=0 offset=(0.0, 0.0)) neocade=StyleBoxFlat(bg=#00000000 border=2/2/2/2 border_color=#f6fc4dff radius=0/0/0/0 margin=-1.0/-1.0/-1.0/-1.0 expand=0.0/0.0/0.0/0.0 shadow=0 offset=(0.0, 0.0))
INTENTIONAL_AUTHORED ItemList.stylebox.hovered default=StyleBoxFlat(bg=#ffffff12 border=0/0/0/0 border_color=#ccccccff radius=3/3/3/3 margin=4.0/4.0/4.0/4.0 expand=0.0/0.0/0.0/0.0 shadow=0 offset=(0.0, 0.0)) neocade=StyleBoxFlat(bg=#e5df3eff border=0/0/0/0 border_color=#0f1523ff radius=0/0/0/0 margin=0.0/0.0/0.0/0.0 expand=0.0/0.0/0.0/0.0 shadow=0 offset=(0.0, 0.0))
INTENTIONAL_AUTHORED ItemList.stylebox.hovered_selected default=StyleBoxFlat(bg=#ffffff66 border=0/0/0/0 border_color=#ccccccff radius=3/3/3/3 margin=4.0/4.0/4.0/4.0 expand=0.0/0.0/0.0/0.0 shadow=0 offset=(0.0, 0.0)) neocade=StyleBoxFlat(bg=#f6fc4dff border=0/0/0/0 border_color=#f6fc4dff radius=0/0/0/0 margin=0.0/0.0/0.0/0.0 expand=0.0/0.0/0.0/0.0 shadow=0 offset=(0.0, 0.0))
INTENTIONAL_AUTHORED ItemList.stylebox.hovered_selected_focus default=StyleBoxFlat(bg=#ffffff66 border=0/0/0/0 border_color=#ccccccff radius=3/3/3/3 margin=4.0/4.0/4.0/4.0 expand=0.0/0.0/0.0/0.0 shadow=0 offset=(0.0, 0.0)) neocade=StyleBoxFlat(bg=#f6fc4dff border=0/0/0/0 border_color=#f6fc4dff radius=0/0/0/0 margin=0.0/0.0/0.0/0.0 expand=0.0/0.0/0.0/0.0 shadow=0 offset=(0.0, 0.0))
INTENTIONAL_AUTHORED ItemList.stylebox.panel default=StyleBoxFlat(bg=#1a1a1a99 border=0/0/0/0 border_color=#ccccccff radius=3/3/3/3 margin=4.0/4.0/4.0/4.0 expand=0.0/0.0/0.0/0.0 shadow=0 offset=(0.0, 0.0)) neocade=StyleBoxFlat(bg=#111824ff border=0/0/0/0 border_color=#111824ff radius=0/0/0/0 margin=0.0/0.0/0.0/0.0 expand=0.0/0.0/0.0/0.0 shadow=0 offset=(0.0, 0.0))
INTENTIONAL_AUTHORED ItemList.stylebox.selected default=StyleBoxFlat(bg=#ffffff4d border=0/0/0/0 border_color=#ccccccff radius=3/3/3/3 margin=4.0/4.0/4.0/4.0 expand=0.0/0.0/0.0/0.0 shadow=0 offset=(0.0, 0.0)) neocade=StyleBoxFlat(bg=#f6fc4dff border=3/0/0/0 border_color=#8f9334ff radius=0/0/0/0 margin=0.0/0.0/0.0/0.0 expand=0.0/0.0/0.0/0.0 shadow=0 offset=(0.0, 0.0))
INTENTIONAL_AUTHORED ItemList.stylebox.selected_focus default=StyleBoxFlat(bg=#ffffff4d border=0/0/0/0 border_color=#ccccccff radius=3/3/3/3 margin=4.0/4.0/4.0/4.0 expand=0.0/0.0/0.0/0.0 shadow=0 offset=(0.0, 0.0)) neocade=StyleBoxFlat(bg=#f6fc4dff border=3/0/0/0 border_color=#8f9334ff radius=0/0/0/0 margin=0.0/0.0/0.0/0.0 expand=0.0/0.0/0.0/0.0 shadow=0 offset=(0.0, 0.0))
INTENTIONAL_AUTHORED ItemList.color.font_color default=#a6a6a6ff neocade=#ffffffff
INTENTIONAL_AUTHORED ItemList.color.font_hovered_color default=#f2f2f2ff neocade=#ffffffff
INTENTIONAL_AUTHORED ItemList.color.font_hovered_selected_color default=#ffffffff neocade=#000000ff
INTENTIONAL_AUTHORED ItemList.color.font_outline_color default=#000000ff neocade=#11182400
INTENTIONAL_AUTHORED ItemList.color.font_selected_color default=#ffffffff neocade=#000000ff
INTENTIONAL_AUTHORED ItemList.color.guide_color default=#b2b2b240 neocade=#11182400
INTENTIONAL_AUTHORED ItemList.constant.h_separation default=4 neocade=8
INTENTIONAL_AUTHORED ItemList.constant.icon_margin default=4 neocade=6
INTENTIONAL_AUTHORED ItemList.constant.v_separation default=4 neocade=8
INTENTIONAL_AUTHORED ItemList.font.font default=Font(path=) neocade=Font(path=res://addons/neocade_theme/fonts/inter_variable.ttf)
INTENTIONAL_AUTHORED ItemList.font_size.font_size default=16 neocade=14
INTENTIONAL_AUTHORED ItemList.icon.scroll_hint default=Texture2D(size=(32.0, 24.0) path=) neocade=Texture2D(size=(16.0, 12.0) path=res://addons/neocade_theme/icons/tree_scroll_hint.svg)
INTENTIONAL_AUTHORED Kicker.color.font_color default=<missing> neocade=#f6fc4dff
INTENTIONAL_AUTHORED Kicker.font.font default=Font(path=) neocade=Font(path=res://addons/neocade_theme/fonts/inter_variable.ttf)
INTENTIONAL_AUTHORED Kicker.font_size.font_size default=16 neocade=12
INTENTIONAL_AUTHORED Label.stylebox.focus default=StyleBoxFlat(bg=#ffffffbf border=2/2/2/2 border_color=#ccccccff radius=3/3/3/3 margin=4.0/4.0/4.0/4.0 expand=2.0/2.0/2.0/2.0 shadow=0 offset=(0.0, 0.0)) neocade=StyleBoxFlat(bg=#00000000 border=2/2/2/2 border_color=#f6fc4dff radius=0/0/0/0 margin=-1.0/-1.0/-1.0/-1.0 expand=0.0/0.0/0.0/0.0 shadow=0 offset=(0.0, 0.0))
INTENTIONAL_AUTHORED Label.stylebox.normal default=StyleBoxEmpty neocade=StyleBoxEmpty
DEFAULT_ONLY Label.color.font_outline_color default=#000000ff neocade=<missing>
DEFAULT_ONLY Label.color.font_shadow_color default=#00000000 neocade=<missing>
DEFAULT_ONLY Label.constant.line_spacing default=3 neocade=<missing>
DEFAULT_ONLY Label.constant.outline_size default=0 neocade=<missing>
DEFAULT_ONLY Label.constant.shadow_offset_x default=1 neocade=<missing>
DEFAULT_ONLY Label.constant.shadow_offset_y default=1 neocade=<missing>
DEFAULT_ONLY Label.constant.shadow_outline_size default=1 neocade=<missing>
INTENTIONAL_AUTHORED Label.font.font default=Font(path=) neocade=Font(path=res://addons/neocade_theme/fonts/inter_variable.ttf)
INTENTIONAL_AUTHORED Label.font_size.font_size default=16 neocade=14
INTENTIONAL_AUTHORED LineEdit.stylebox.focus default=StyleBoxFlat(bg=#ffffffbf border=2/2/2/2 border_color=#ccccccff radius=3/3/3/3 margin=4.0/4.0/4.0/4.0 expand=2.0/2.0/2.0/2.0 shadow=0 offset=(0.0, 0.0)) neocade=StyleBoxFlat(bg=#00000000 border=2/2/2/2 border_color=#f6fc4dff radius=0/0/0/0 margin=-1.0/-1.0/-1.0/-1.0 expand=0.0/0.0/0.0/0.0 shadow=0 offset=(0.0, 0.0))
INTENTIONAL_AUTHORED LineEdit.stylebox.normal default=StyleBoxFlat(bg=#1a1a1a99 border=0/0/0/2 border_color=#00000099 radius=3/3/3/3 margin=4.0/4.0/4.0/4.0 expand=0.0/0.0/0.0/0.0 shadow=0 offset=(0.0, 0.0)) neocade=StyleBoxFlat(bg=#2c4865ff border=1/1/1/1 border_color=#21364eff radius=0/0/0/0 margin=10.0/6.0/10.0/6.0 expand=0.0/0.0/0.0/0.0 shadow=0 offset=(0.0, 0.0))
INTENTIONAL_AUTHORED LineEdit.stylebox.read_only default=StyleBoxFlat(bg=#1a1a1a4d border=0/0/0/2 border_color=#0000004d radius=3/3/3/3 margin=4.0/4.0/4.0/4.0 expand=0.0/0.0/0.0/0.0 shadow=0 offset=(0.0, 0.0)) neocade=StyleBoxFlat(bg=#7177426b border=0/0/0/0 border_color=#0f1523ff radius=0/0/0/0 margin=10.0/6.0/10.0/6.0 expand=0.0/0.0/0.0/0.0 shadow=0 offset=(0.0, 0.0))
INTENTIONAL_AUTHORED LineEdit.color.caret_color default=#f2f2f2ff neocade=#f6fc4dff
INTENTIONAL_AUTHORED LineEdit.color.clear_button_color default=#dfdfdfff neocade=#abaeb4ff
INTENTIONAL_AUTHORED LineEdit.color.font_color default=#dfdfdfff neocade=#ffffffff
DEFAULT_ONLY LineEdit.color.font_outline_color default=#000000ff neocade=<missing>
INTENTIONAL_AUTHORED LineEdit.color.font_placeholder_color default=#dfdfdf99 neocade=#abaeb4ff
INTENTIONAL_AUTHORED LineEdit.color.font_selected_color default=#ffffffff neocade=#000000ff
INTENTIONAL_AUTHORED LineEdit.color.font_uneditable_color default=#dfdfdf80 neocade=#abaeb46b
INTENTIONAL_AUTHORED LineEdit.color.selection_color default=#808080ff neocade=#f6fc4dff
DEFAULT_ONLY LineEdit.constant.caret_width default=1 neocade=<missing>
DEFAULT_ONLY LineEdit.constant.minimum_character_width default=4 neocade=<missing>
DEFAULT_ONLY LineEdit.constant.outline_size default=0 neocade=<missing>
INTENTIONAL_AUTHORED LineEdit.font.font default=Font(path=) neocade=Font(path=res://addons/neocade_theme/fonts/inter_variable.ttf)
INTENTIONAL_AUTHORED LineEdit.font_size.font_size default=16 neocade=14
INTENTIONAL_AUTHORED LineEdit.icon.clear default=Texture2D(size=(16.0, 16.0) path=) neocade=Texture2D(size=(16.0, 16.0) path=res://addons/neocade_theme/icons/clear.svg)
DEFAULT_ONLY LinkButton.stylebox.focus default=StyleBoxFlat(bg=#ffffffbf border=2/2/2/2 border_color=#ccccccff radius=3/3/3/3 margin=4.0/4.0/4.0/4.0 expand=2.0/2.0/2.0/2.0 shadow=0 offset=(0.0, 0.0)) neocade=<missing>
INTENTIONAL_AUTHORED LinkButton.color.font_color default=#dfdfdfff neocade=#f6fc4dff
INTENTIONAL_AUTHORED LinkButton.color.font_disabled_color default=<missing> neocade=#f6fc4d6b
INTENTIONAL_AUTHORED LinkButton.color.font_focus_color default=#f2f2f2ff neocade=#f6fc4dff
INTENTIONAL_AUTHORED LinkButton.color.font_hover_color default=#f2f2f2ff neocade=#8f9334ff
INTENTIONAL_AUTHORED LinkButton.color.font_hover_pressed_color default=<missing> neocade=#8f9334ff
DEFAULT_ONLY LinkButton.color.font_outline_color default=#000000ff neocade=<missing>
INTENTIONAL_AUTHORED LinkButton.color.font_pressed_color default=#ffffffff neocade=#f6fc4dff
DEFAULT_ONLY LinkButton.constant.outline_size default=0 neocade=<missing>
INTENTIONAL_AUTHORED LinkButton.font.font default=Font(path=) neocade=Font(path=res://addons/neocade_theme/fonts/inter_variable.ttf)
INTENTIONAL_AUTHORED LinkButton.font_size.font_size default=16 neocade=14
INTENTIONAL_AUTHORED MenuBar.stylebox.disabled default=StyleBoxFlat(bg=#1a1a1a4d border=0/0/0/0 border_color=#ccccccff radius=3/3/3/3 margin=4.0/4.0/4.0/4.0 expand=0.0/0.0/0.0/0.0 shadow=0 offset=(0.0, 0.0)) neocade=StyleBoxFlat(bg=#151e2f6b border=1/1/1/1 border_color=#0f1523ff radius=0/0/0/0 margin=8.0/3.0/8.0/3.0 expand=0.0/0.0/0.0/0.0 shadow=0 offset=(0.0, 0.0))
INTENTIONAL_AUTHORED MenuBar.stylebox.hover default=StyleBoxFlat(bg=#39393999 border=0/0/0/0 border_color=#ccccccff radius=3/3/3/3 margin=4.0/4.0/4.0/4.0 expand=0.0/0.0/0.0/0.0 shadow=0 offset=(0.0, 0.0)) neocade=StyleBoxFlat(bg=#3080c4ff border=0/0/0/0 border_color=#0f1523ff radius=0/0/0/0 margin=8.0/3.0/8.0/3.0 expand=0.0/0.0/0.0/0.0 shadow=0 offset=(0.0, 0.0))
INTENTIONAL_AUTHORED MenuBar.stylebox.normal default=StyleBoxFlat(bg=#1a1a1a99 border=0/0/0/0 border_color=#ccccccff radius=3/3/3/3 margin=4.0/4.0/4.0/4.0 expand=0.0/0.0/0.0/0.0 shadow=0 offset=(0.0, 0.0)) neocade=StyleBoxFlat(bg=#151e2f00 border=1/1/1/1 border_color=#0f1523ff radius=0/0/0/0 margin=8.0/3.0/8.0/3.0 expand=0.0/0.0/0.0/0.0 shadow=0 offset=(0.0, 0.0))
INTENTIONAL_AUTHORED MenuBar.stylebox.pressed default=StyleBoxFlat(bg=#00000099 border=0/0/0/0 border_color=#ccccccff radius=3/3/3/3 margin=4.0/4.0/4.0/4.0 expand=0.0/0.0/0.0/0.0 shadow=0 offset=(0.0, 0.0)) neocade=StyleBoxFlat(bg=#3885c7ff border=0/0/0/0 border_color=#0f1523ff radius=0/0/0/0 margin=8.0/3.0/8.0/3.0 expand=0.0/0.0/0.0/0.0 shadow=0 offset=(0.0, 0.0))
INTENTIONAL_AUTHORED MenuBar.color.font_color default=#dfdfdfff neocade=#ffffffff
INTENTIONAL_AUTHORED MenuBar.color.font_disabled_color default=#dfdfdf80 neocade=#ffffff6b
INTENTIONAL_AUTHORED MenuBar.color.font_focus_color default=#f2f2f2ff neocade=#f6fc4dff
INTENTIONAL_AUTHORED MenuBar.color.font_hover_color default=#f2f2f2ff neocade=#000000ff
INTENTIONAL_AUTHORED MenuBar.color.font_outline_color default=#000000ff neocade=#0f1523ff
INTENTIONAL_AUTHORED MenuBar.color.font_pressed_color default=#ffffffff neocade=#000000ff
INTENTIONAL_AUTHORED MenuBar.font.font default=Font(path=) neocade=Font(path=res://addons/neocade_theme/fonts/inter_variable.ttf)
INTENTIONAL_AUTHORED MenuBar.font_size.font_size default=16 neocade=14
INTENTIONAL_AUTHORED MenuButton.stylebox.disabled default=StyleBoxFlat(bg=#1a1a1a4d border=0/0/0/0 border_color=#ccccccff radius=3/3/3/3 margin=4.0/4.0/4.0/4.0 expand=0.0/0.0/0.0/0.0 shadow=0 offset=(0.0, 0.0)) neocade=StyleBoxFlat(bg=#717742ff border=0/0/0/0 border_color=#0f1523ff radius=0/0/0/0 margin=10.0/5.0/10.0/5.0 expand=0.0/0.0/0.0/0.0 shadow=0 offset=(0.0, 0.0))
INTENTIONAL_AUTHORED MenuButton.stylebox.focus default=StyleBoxFlat(bg=#ffffffbf border=2/2/2/2 border_color=#ccccccff radius=3/3/3/3 margin=4.0/4.0/4.0/4.0 expand=2.0/2.0/2.0/2.0 shadow=0 offset=(0.0, 0.0)) neocade=StyleBoxFlat(bg=#00000000 border=2/2/2/2 border_color=#f6fc4dff radius=0/0/0/0 margin=-1.0/-1.0/-1.0/-1.0 expand=0.0/0.0/0.0/0.0 shadow=0 offset=(0.0, 0.0))
INTENTIONAL_AUTHORED MenuButton.stylebox.hover default=StyleBoxFlat(bg=#39393999 border=0/0/0/0 border_color=#ccccccff radius=3/3/3/3 margin=4.0/4.0/4.0/4.0 expand=0.0/0.0/0.0/0.0 shadow=0 offset=(0.0, 0.0)) neocade=StyleBoxFlat(bg=#3080c4ff border=1/1/1/2 border_color=#151c29ff radius=0/0/0/0 margin=10.0/5.0/10.0/6.0 expand=0.0/0.0/0.0/0.0 shadow=0 offset=(0.0, 0.0))
INTENTIONAL_AUTHORED MenuButton.stylebox.hover_pressed default=<missing> neocade=StyleBoxFlat(bg=#3885c7ff border=1/1/1/1 border_color=#154674ff radius=0/0/0/0 margin=10.0/5.0/10.0/5.0 expand=0.0/0.0/0.0/0.0 shadow=0 offset=(0.0, 0.0))
INTENTIONAL_AUTHORED MenuButton.stylebox.normal default=StyleBoxFlat(bg=#1a1a1a99 border=0/0/0/0 border_color=#ccccccff radius=3/3/3/3 margin=4.0/4.0/4.0/4.0 expand=0.0/0.0/0.0/0.0 shadow=0 offset=(0.0, 0.0)) neocade=StyleBoxFlat(bg=#2278c0ff border=1/1/1/2 border_color=#151c29ff radius=0/0/0/0 margin=10.0/5.0/10.0/6.0 expand=0.0/0.0/0.0/0.0 shadow=0 offset=(0.0, 0.0))
INTENTIONAL_AUTHORED MenuButton.stylebox.pressed default=StyleBoxFlat(bg=#00000099 border=0/0/0/0 border_color=#ccccccff radius=3/3/3/3 margin=4.0/4.0/4.0/4.0 expand=0.0/0.0/0.0/0.0 shadow=0 offset=(0.0, 0.0)) neocade=StyleBoxFlat(bg=#3885c7ff border=1/1/1/1 border_color=#154674ff radius=0/0/0/0 margin=10.0/5.0/10.0/5.0 expand=0.0/0.0/0.0/0.0 shadow=0 offset=(0.0, 0.0))
INTENTIONAL_AUTHORED MenuButton.color.font_color default=#dfdfdfff neocade=#ffffffff
INTENTIONAL_AUTHORED MenuButton.color.font_disabled_color default=#ffffff4d neocade=#ffffff6b
INTENTIONAL_AUTHORED MenuButton.color.font_focus_color default=#f2f2f2ff neocade=#ffffffff
INTENTIONAL_AUTHORED MenuButton.color.font_hover_color default=#f2f2f2ff neocade=#000000ff
DEFAULT_ONLY MenuButton.color.font_outline_color default=#000000ff neocade=<missing>
INTENTIONAL_AUTHORED MenuButton.color.font_pressed_color default=#ffffffff neocade=#000000ff
INTENTIONAL_AUTHORED MenuButton.constant.h_separation default=4 neocade=8
DEFAULT_ONLY MenuButton.constant.outline_size default=0 neocade=<missing>
INTENTIONAL_AUTHORED MenuButton.font.font default=Font(path=) neocade=Font(path=res://addons/neocade_theme/fonts/inter_variable.ttf)
INTENTIONAL_AUTHORED MenuButton.font_size.font_size default=16 neocade=14
INTENTIONAL_AUTHORED OptionButton.stylebox.disabled default=StyleBoxFlat(bg=#1a1a1a4d border=0/0/0/0 border_color=#ccccccff radius=3/3/3/3 margin=8.0/4.0/8.0/4.0 expand=0.0/0.0/0.0/0.0 shadow=0 offset=(0.0, 0.0)) neocade=StyleBoxFlat(bg=#717742ff border=0/0/0/0 border_color=#0f1523ff radius=0/0/0/0 margin=8.0/4.0/8.0/4.0 expand=0.0/0.0/0.0/0.0 shadow=0 offset=(0.0, 0.0))
DEFAULT_ONLY OptionButton.stylebox.disabled_mirrored default=StyleBoxFlat(bg=#1a1a1a4d border=0/0/0/0 border_color=#ccccccff radius=3/3/3/3 margin=8.0/4.0/8.0/4.0 expand=0.0/0.0/0.0/0.0 shadow=0 offset=(0.0, 0.0)) neocade=<missing>
INTENTIONAL_AUTHORED OptionButton.stylebox.focus default=StyleBoxFlat(bg=#ffffffbf border=2/2/2/2 border_color=#ccccccff radius=3/3/3/3 margin=4.0/4.0/4.0/4.0 expand=2.0/2.0/2.0/2.0 shadow=0 offset=(0.0, 0.0)) neocade=StyleBoxFlat(bg=#00000000 border=2/2/2/2 border_color=#f6fc4dff radius=0/0/0/0 margin=-1.0/-1.0/-1.0/-1.0 expand=0.0/0.0/0.0/0.0 shadow=0 offset=(0.0, 0.0))
INTENTIONAL_AUTHORED OptionButton.stylebox.hover default=StyleBoxFlat(bg=#39393999 border=0/0/0/0 border_color=#ccccccff radius=3/3/3/3 margin=8.0/4.0/8.0/4.0 expand=0.0/0.0/0.0/0.0 shadow=0 offset=(0.0, 0.0)) neocade=StyleBoxFlat(bg=#3080c4ff border=1/1/1/2 border_color=#151c29ff radius=0/0/0/0 margin=8.0/4.0/8.0/5.0 expand=0.0/0.0/0.0/0.0 shadow=0 offset=(0.0, 0.0))
DEFAULT_ONLY OptionButton.stylebox.hover_mirrored default=StyleBoxFlat(bg=#39393999 border=0/0/0/0 border_color=#ccccccff radius=3/3/3/3 margin=8.0/4.0/8.0/4.0 expand=0.0/0.0/0.0/0.0 shadow=0 offset=(0.0, 0.0)) neocade=<missing>
INTENTIONAL_AUTHORED OptionButton.stylebox.hover_pressed default=<missing> neocade=StyleBoxFlat(bg=#3885c7ff border=1/1/1/1 border_color=#154674ff radius=0/0/0/0 margin=8.0/4.0/8.0/4.0 expand=0.0/0.0/0.0/0.0 shadow=0 offset=(0.0, 0.0))
INTENTIONAL_AUTHORED OptionButton.stylebox.normal default=StyleBoxFlat(bg=#1a1a1a99 border=0/0/0/0 border_color=#ccccccff radius=3/3/3/3 margin=8.0/4.0/8.0/4.0 expand=0.0/0.0/0.0/0.0 shadow=0 offset=(0.0, 0.0)) neocade=StyleBoxFlat(bg=#2278c0ff border=1/1/1/2 border_color=#151c29ff radius=0/0/0/0 margin=8.0/4.0/8.0/5.0 expand=0.0/0.0/0.0/0.0 shadow=0 offset=(0.0, 0.0))
DEFAULT_ONLY OptionButton.stylebox.normal_mirrored default=StyleBoxFlat(bg=#1a1a1a99 border=0/0/0/0 border_color=#ccccccff radius=3/3/3/3 margin=8.0/4.0/8.0/4.0 expand=0.0/0.0/0.0/0.0 shadow=0 offset=(0.0, 0.0)) neocade=<missing>
INTENTIONAL_AUTHORED OptionButton.stylebox.pressed default=StyleBoxFlat(bg=#00000099 border=0/0/0/0 border_color=#ccccccff radius=3/3/3/3 margin=8.0/4.0/8.0/4.0 expand=0.0/0.0/0.0/0.0 shadow=0 offset=(0.0, 0.0)) neocade=StyleBoxFlat(bg=#3885c7ff border=1/1/1/1 border_color=#154674ff radius=0/0/0/0 margin=8.0/4.0/8.0/4.0 expand=0.0/0.0/0.0/0.0 shadow=0 offset=(0.0, 0.0))
DEFAULT_ONLY OptionButton.stylebox.pressed_mirrored default=StyleBoxFlat(bg=#00000099 border=0/0/0/0 border_color=#ccccccff radius=3/3/3/3 margin=8.0/4.0/8.0/4.0 expand=0.0/0.0/0.0/0.0 shadow=0 offset=(0.0, 0.0)) neocade=<missing>
INTENTIONAL_AUTHORED OptionButton.color.font_color default=#dfdfdfff neocade=#ffffffff
INTENTIONAL_AUTHORED OptionButton.color.font_disabled_color default=#dfdfdf80 neocade=#ffffff6b
INTENTIONAL_AUTHORED OptionButton.color.font_focus_color default=#f2f2f2ff neocade=#ffffffff
INTENTIONAL_AUTHORED OptionButton.color.font_hover_color default=#f2f2f2ff neocade=#000000ff
DEFAULT_ONLY OptionButton.color.font_hover_pressed_color default=#ffffffff neocade=<missing>
DEFAULT_ONLY OptionButton.color.font_outline_color default=#000000ff neocade=<missing>
INTENTIONAL_AUTHORED OptionButton.color.font_pressed_color default=#ffffffff neocade=#000000ff
INTENTIONAL_AUTHORED OptionButton.constant.arrow_margin default=4 neocade=6
DEFAULT_ONLY OptionButton.constant.modulate_arrow default=0 neocade=<missing>
DEFAULT_ONLY OptionButton.constant.outline_size default=0 neocade=<missing>
INTENTIONAL_AUTHORED OptionButton.font.font default=Font(path=) neocade=Font(path=res://addons/neocade_theme/fonts/inter_variable.ttf)
INTENTIONAL_AUTHORED OptionButton.font_size.font_size default=16 neocade=14
INTENTIONAL_AUTHORED OptionButton.icon.arrow default=Texture2D(size=(12.0, 12.0) path=) neocade=Texture2D(size=(16.0, 16.0) path=res://addons/neocade_theme/icons/arrow_down.svg)
INTENTIONAL_AUTHORED Panel.stylebox.panel default=StyleBoxFlat(bg=#1a1a1a99 border=0/0/0/0 border_color=#ccccccff radius=3/3/3/3 margin=0.0/0.0/0.0/0.0 expand=0.0/0.0/0.0/0.0 shadow=0 offset=(0.0, 0.0)) neocade=StyleBoxFlat(bg=#212e42ff border=1/1/1/2 border_color=#151c29ff radius=0/0/0/0 margin=0.0/0.0/0.0/1.0 expand=0.0/0.0/0.0/0.0 shadow=0 offset=(0.0, 0.0))
INTENTIONAL_AUTHORED PanelContainer.stylebox.panel default=StyleBoxFlat(bg=#1a1a1a99 border=0/0/0/0 border_color=#ccccccff radius=3/3/3/3 margin=0.0/0.0/0.0/0.0 expand=0.0/0.0/0.0/0.0 shadow=0 offset=(0.0, 0.0)) neocade=StyleBoxFlat(bg=#212e42ff border=1/1/1/2 border_color=#151c29ff radius=0/0/0/0 margin=10.0/8.0/10.0/9.0 expand=0.0/0.0/0.0/0.0 shadow=0 offset=(0.0, 0.0))
INTENTIONAL_AUTHORED PanelLabel.color.font_color default=<missing> neocade=#ffffffff
INTENTIONAL_AUTHORED PanelLabel.font.font default=Font(path=) neocade=Font(path=res://addons/neocade_theme/fonts/inter_variable.ttf)
INTENTIONAL_AUTHORED PanelLabel.font_size.font_size default=16 neocade=14
INTENTIONAL_AUTHORED PanelRichTextLabel.stylebox.focus default=<missing> neocade=StyleBoxFlat(bg=#151e2f00 border=0/0/0/0 border_color=#0f1523ff radius=0/0/0/0 margin=0.0/0.0/0.0/0.0 expand=0.0/0.0/0.0/0.0 shadow=0 offset=(0.0, 0.0))
INTENTIONAL_AUTHORED PanelRichTextLabel.stylebox.normal default=<missing> neocade=StyleBoxFlat(bg=#151e2f00 border=0/0/0/0 border_color=#0f1523ff radius=0/0/0/0 margin=0.0/0.0/0.0/0.0 expand=0.0/0.0/0.0/0.0 shadow=0 offset=(0.0, 0.0))
INTENTIONAL_AUTHORED PanelRichTextLabel.color.default_color default=<missing> neocade=#ffffffff
INTENTIONAL_AUTHORED PanelRichTextLabel.color.font_selected_color default=<missing> neocade=#000000ff
INTENTIONAL_AUTHORED PanelRichTextLabel.color.selection_color default=<missing> neocade=#f6fc4dff
INTENTIONAL_AUTHORED PanelRichTextLabel.font.normal_font default=Font(path=) neocade=Font(path=res://addons/neocade_theme/fonts/inter_variable.ttf)
INTENTIONAL_AUTHORED PanelRichTextLabel.font_size.normal_font_size default=16 neocade=14
INTENTIONAL_AUTHORED PopupDialog.stylebox.panel default=StyleBoxFlat(bg=#1a1a1a99 border=0/0/0/0 border_color=#ccccccff radius=3/3/3/3 margin=4.0/4.0/4.0/4.0 expand=0.0/0.0/0.0/0.0 shadow=0 offset=(0.0, 0.0)) neocade=StyleBoxFlat(bg=#151e2fff border=1/1/1/2 border_color=#0b0f16ff radius=0/0/0/0 margin=12.0/10.0/12.0/11.0 expand=0.0/0.0/0.0/0.0 shadow=0 offset=(0.0, 0.0))
INTENTIONAL_AUTHORED PopupMenu.stylebox.hover default=StyleBoxFlat(bg=#666666ff border=0/0/0/0 border_color=#ccccccff radius=3/3/3/3 margin=4.0/4.0/4.0/4.0 expand=0.0/0.0/0.0/0.0 shadow=0 offset=(0.0, 0.0)) neocade=StyleBoxFlat(bg=#3080c4ff border=0/0/0/0 border_color=#154674ff radius=0/0/0/0 margin=0.0/0.0/0.0/0.0 expand=0.0/0.0/0.0/0.0 shadow=0 offset=(0.0, 0.0))
INTENTIONAL_AUTHORED PopupMenu.stylebox.panel default=StyleBoxFlat(bg=#404040ff border=2/2/2/2 border_color=#2d2d2dff radius=3/3/3/3 margin=4.0/4.0/4.0/4.0 expand=0.0/0.0/0.0/0.0 shadow=0 offset=(0.0, 0.0)) neocade=StyleBoxFlat(bg=#1a2435ff border=1/1/1/2 border_color=#101621ff radius=0/0/0/0 margin=0.0/0.0/0.0/1.0 expand=0.0/0.0/0.0/0.0 shadow=0 offset=(0.0, 0.0))
INTENTIONAL_AUTHORED PopupMenu.color.font_accelerator_color default=#b2b2b2cc neocade=#abaeb4ff
INTENTIONAL_AUTHORED PopupMenu.color.font_color default=#dfdfdfff neocade=#ffffffff
INTENTIONAL_AUTHORED PopupMenu.color.font_disabled_color default=#666666cc neocade=#ffffff6b
INTENTIONAL_AUTHORED PopupMenu.color.font_hover_color default=#dfdfdfff neocade=#000000ff
INTENTIONAL_AUTHORED PopupMenu.color.font_outline_color default=#000000ff neocade=#0f1523ff
INTENTIONAL_AUTHORED PopupMenu.color.font_separator_color default=#dfdfdfff neocade=#abaeb4ff
INTENTIONAL_AUTHORED PopupMenu.color.font_separator_outline_color default=#000000ff neocade=#0f1523ff
INTENTIONAL_AUTHORED PopupMenu.constant.h_separation default=4 neocade=6
INTENTIONAL_AUTHORED PopupMenu.constant.icon_max_width default=0 neocade=18
INTENTIONAL_AUTHORED PopupMenu.constant.indent default=10 neocade=16
INTENTIONAL_AUTHORED PopupMenu.constant.item_end_padding default=2 neocade=8
INTENTIONAL_AUTHORED PopupMenu.constant.item_start_padding default=2 neocade=8
INTENTIONAL_AUTHORED PopupMenu.constant.search_bar_separation default=<missing> neocade=4
INTENTIONAL_AUTHORED PopupMenu.font.font default=Font(path=) neocade=Font(path=res://addons/neocade_theme/fonts/inter_variable.ttf)
INTENTIONAL_AUTHORED PopupMenu.font.font_separator default=Font(path=) neocade=Font(path=res://addons/neocade_theme/fonts/inter_variable.ttf)
INTENTIONAL_AUTHORED PopupMenu.font_size.font_separator_size default=16 neocade=12
INTENTIONAL_AUTHORED PopupMenu.font_size.font_size default=16 neocade=14
INTENTIONAL_AUTHORED PopupMenu.icon.checked default=Texture2D(size=(16.0, 16.0) path=) neocade=Texture2D(size=(24.0, 24.0) path=)
INTENTIONAL_AUTHORED PopupMenu.icon.checked_disabled default=Texture2D(size=(16.0, 16.0) path=) neocade=Texture2D(size=(24.0, 24.0) path=)
INTENTIONAL_AUTHORED PopupMenu.icon.radio_checked default=Texture2D(size=(16.0, 16.0) path=) neocade=Texture2D(size=(24.0, 24.0) path=)
INTENTIONAL_AUTHORED PopupMenu.icon.radio_checked_disabled default=Texture2D(size=(16.0, 16.0) path=) neocade=Texture2D(size=(24.0, 24.0) path=)
INTENTIONAL_AUTHORED PopupMenu.icon.radio_unchecked default=Texture2D(size=(16.0, 16.0) path=) neocade=Texture2D(size=(24.0, 24.0) path=)
INTENTIONAL_AUTHORED PopupMenu.icon.radio_unchecked_disabled default=Texture2D(size=(16.0, 16.0) path=) neocade=Texture2D(size=(24.0, 24.0) path=)
INTENTIONAL_AUTHORED PopupMenu.icon.search default=<missing> neocade=Texture2D(size=(24.0, 24.0) path=)
INTENTIONAL_AUTHORED PopupMenu.icon.submenu default=Texture2D(size=(8.0, 16.0) path=) neocade=Texture2D(size=(16.0, 16.0) path=res://addons/neocade_theme/icons/popup_submenu.svg)
INTENTIONAL_AUTHORED PopupMenu.icon.submenu_mirrored default=Texture2D(size=(8.0, 16.0) path=) neocade=Texture2D(size=(16.0, 16.0) path=res://addons/neocade_theme/icons/popup_submenu_mirrored.svg)
INTENTIONAL_AUTHORED PopupMenu.icon.unchecked default=Texture2D(size=(16.0, 16.0) path=) neocade=Texture2D(size=(24.0, 24.0) path=)
INTENTIONAL_AUTHORED PopupMenu.icon.unchecked_disabled default=Texture2D(size=(16.0, 16.0) path=) neocade=Texture2D(size=(24.0, 24.0) path=)
INTENTIONAL_AUTHORED PopupPanel.stylebox.panel default=StyleBoxFlat(bg=#1a1a1a99 border=0/0/0/0 border_color=#ccccccff radius=3/3/3/3 margin=4.0/4.0/4.0/4.0 expand=0.0/0.0/0.0/0.0 shadow=0 offset=(0.0, 0.0)) neocade=StyleBoxFlat(bg=#1a2435ff border=1/1/1/2 border_color=#101621ff radius=0/0/0/0 margin=8.0/6.0/8.0/7.0 expand=0.0/0.0/0.0/0.0 shadow=0 offset=(0.0, 0.0))
INTENTIONAL_AUTHORED PrimaryButton.stylebox.disabled default=<missing> neocade=StyleBoxFlat(bg=#3cdf826b border=0/0/0/0 border_color=#0f1523ff radius=0/0/0/0 margin=14.0/9.0/14.0/9.0 expand=0.0/0.0/0.0/0.0 shadow=0 offset=(0.0, 0.0))
INTENTIONAL_AUTHORED PrimaryButton.stylebox.focus default=<missing> neocade=StyleBoxFlat(bg=#00000000 border=2/2/2/2 border_color=#f6fc4dff radius=0/0/0/0 margin=-1.0/-1.0/-1.0/-1.0 expand=0.0/0.0/0.0/0.0 shadow=0 offset=(0.0, 0.0))
INTENTIONAL_AUTHORED PrimaryButton.stylebox.hover default=<missing> neocade=StyleBoxFlat(bg=#31b76aff border=1/1/1/3 border_color=#1f7142ff radius=0/0/0/0 margin=14.0/9.0/14.0/11.0 expand=0.0/0.0/0.0/0.0 shadow=0 offset=(0.0, 0.0))
INTENTIONAL_AUTHORED PrimaryButton.stylebox.hover_pressed default=<missing> neocade=StyleBoxFlat(bg=#2a9c5bff border=1/1/1/1 border_color=#289355ff radius=0/0/0/0 margin=14.0/9.0/14.0/9.0 expand=0.0/0.0/0.0/0.0 shadow=0 offset=(0.0, 0.0))
INTENTIONAL_AUTHORED PrimaryButton.stylebox.normal default=<missing> neocade=StyleBoxFlat(bg=#3cdf82ff border=1/1/1/3 border_color=#258a50ff radius=0/0/0/0 margin=14.0/9.0/14.0/11.0 expand=0.0/0.0/0.0/0.0 shadow=0 offset=(0.0, 0.0))
INTENTIONAL_AUTHORED PrimaryButton.stylebox.pressed default=<missing> neocade=StyleBoxFlat(bg=#2a9c5bff border=1/1/1/1 border_color=#289355ff radius=0/0/0/0 margin=14.0/9.0/14.0/9.0 expand=0.0/0.0/0.0/0.0 shadow=0 offset=(0.0, 0.0))
INTENTIONAL_AUTHORED PrimaryButton.color.font_color default=<missing> neocade=#000000ff
INTENTIONAL_AUTHORED PrimaryButton.color.font_disabled_color default=<missing> neocade=#0000006b
INTENTIONAL_AUTHORED PrimaryButton.color.font_focus_color default=<missing> neocade=#000000ff
INTENTIONAL_AUTHORED PrimaryButton.color.font_hover_color default=<missing> neocade=#000000ff
INTENTIONAL_AUTHORED PrimaryButton.color.font_hover_pressed_color default=<missing> neocade=#000000ff
INTENTIONAL_AUTHORED PrimaryButton.color.font_pressed_color default=<missing> neocade=#000000ff
INTENTIONAL_AUTHORED PrimaryButton.color.icon_disabled_color default=<missing> neocade=#0000006b
INTENTIONAL_AUTHORED PrimaryButton.color.icon_focus_color default=<missing> neocade=#000000ff
INTENTIONAL_AUTHORED PrimaryButton.color.icon_hover_color default=<missing> neocade=#000000ff
INTENTIONAL_AUTHORED PrimaryButton.color.icon_hover_pressed_color default=<missing> neocade=#000000ff
INTENTIONAL_AUTHORED PrimaryButton.color.icon_normal_color default=<missing> neocade=#000000ff
INTENTIONAL_AUTHORED PrimaryButton.color.icon_pressed_color default=<missing> neocade=#000000ff
INTENTIONAL_AUTHORED PrimaryButton.constant.h_separation default=<missing> neocade=8
INTENTIONAL_AUTHORED PrimaryButton.font.font default=Font(path=) neocade=Font(path=res://addons/neocade_theme/fonts/inter_variable.ttf)
INTENTIONAL_AUTHORED PrimaryButton.font_size.font_size default=16 neocade=14
INTENTIONAL_AUTHORED ProgressBar.stylebox.background default=StyleBoxFlat(bg=#1a1a1a4d border=0/0/0/0 border_color=#ccccccff radius=6/6/6/6 margin=2.0/2.0/2.0/2.0 expand=0.0/0.0/0.0/0.0 shadow=0 offset=(0.0, 0.0)) neocade=StyleBoxFlat(bg=#111824ff border=1/1/1/1 border_color=#0f1523ff radius=0/0/0/0 margin=0.0/0.0/0.0/0.0 expand=0.0/0.0/0.0/0.0 shadow=0 offset=(0.0, 0.0))
INTENTIONAL_AUTHORED ProgressBar.stylebox.fill default=StyleBoxFlat(bg=#ffffff66 border=0/0/0/0 border_color=#ccccccff radius=6/6/6/6 margin=2.0/2.0/2.0/2.0 expand=0.0/0.0/0.0/0.0 shadow=0 offset=(0.0, 0.0)) neocade=StyleBoxFlat(bg=#58e779ff border=1/1/1/1 border_color=#0f1523ff radius=0/0/0/0 margin=0.0/0.0/0.0/0.0 expand=0.0/0.0/0.0/0.0 shadow=0 offset=(0.0, 0.0))
INTENTIONAL_AUTHORED ProgressBar.color.font_color default=#f2f2f2ff neocade=#ffffffff
INTENTIONAL_AUTHORED ProgressBar.constant.outline_size default=0 neocade=4
INTENTIONAL_AUTHORED ProgressBar.font.font default=Font(path=) neocade=Font(path=res://addons/neocade_theme/fonts/inter_variable.ttf)
INTENTIONAL_AUTHORED ProgressBar.font_size.font_size default=16 neocade=14
INTENTIONAL_AUTHORED RichTextLabel.stylebox.focus default=StyleBoxFlat(bg=#ffffffbf border=2/2/2/2 border_color=#ccccccff radius=3/3/3/3 margin=4.0/4.0/4.0/4.0 expand=2.0/2.0/2.0/2.0 shadow=0 offset=(0.0, 0.0)) neocade=StyleBoxFlat(bg=#151e2f00 border=0/0/0/0 border_color=#0f1523ff radius=0/0/0/0 margin=0.0/0.0/0.0/0.0 expand=0.0/0.0/0.0/0.0 shadow=0 offset=(0.0, 0.0))
INTENTIONAL_AUTHORED RichTextLabel.stylebox.normal default=StyleBoxEmpty neocade=StyleBoxFlat(bg=#151e2f00 border=0/0/0/0 border_color=#0f1523ff radius=0/0/0/0 margin=0.0/0.0/0.0/0.0 expand=0.0/0.0/0.0/0.0 shadow=0 offset=(0.0, 0.0))
DEFAULT_ONLY RichTextLabel.color.font_outline_color default=#000000ff neocade=<missing>
INTENTIONAL_AUTHORED RichTextLabel.color.font_selected_color default=#00000000 neocade=#000000ff
DEFAULT_ONLY RichTextLabel.color.font_shadow_color default=#00000000 neocade=<missing>
INTENTIONAL_AUTHORED RichTextLabel.color.selection_color default=#1a1affcc neocade=#999c30ff
DEFAULT_ONLY RichTextLabel.color.table_border default=#00000000 neocade=<missing>
DEFAULT_ONLY RichTextLabel.color.table_even_row_bg default=#00000000 neocade=<missing>
DEFAULT_ONLY RichTextLabel.color.table_odd_row_bg default=#00000000 neocade=<missing>
DEFAULT_ONLY RichTextLabel.constant.line_separation default=0 neocade=<missing>
DEFAULT_ONLY RichTextLabel.constant.outline_size default=0 neocade=<missing>
DEFAULT_ONLY RichTextLabel.constant.paragraph_separation default=0 neocade=<missing>
DEFAULT_ONLY RichTextLabel.constant.shadow_offset_x default=1 neocade=<missing>
DEFAULT_ONLY RichTextLabel.constant.shadow_offset_y default=1 neocade=<missing>
DEFAULT_ONLY RichTextLabel.constant.shadow_outline_size default=1 neocade=<missing>
DEFAULT_ONLY RichTextLabel.constant.strikethrough_alpha default=50 neocade=<missing>
DEFAULT_ONLY RichTextLabel.constant.table_h_separation default=3 neocade=<missing>
DEFAULT_ONLY RichTextLabel.constant.table_v_separation default=3 neocade=<missing>
DEFAULT_ONLY RichTextLabel.constant.text_highlight_h_padding default=3 neocade=<missing>
DEFAULT_ONLY RichTextLabel.constant.text_highlight_v_padding default=3 neocade=<missing>
DEFAULT_ONLY RichTextLabel.constant.underline_alpha default=50 neocade=<missing>
INTENTIONAL_AUTHORED RichTextLabel.font.bold_font default=Font(path=) neocade=Font(path=res://addons/neocade_theme/fonts/inter_variable.ttf)
INTENTIONAL_AUTHORED RichTextLabel.font.bold_italics_font default=Font(path=) neocade=Font(path=res://addons/neocade_theme/fonts/inter_variable.ttf)
INTENTIONAL_AUTHORED RichTextLabel.font.italics_font default=Font(path=) neocade=Font(path=res://addons/neocade_theme/fonts/inter_variable.ttf)
INTENTIONAL_AUTHORED RichTextLabel.font.mono_font default=Font(path=) neocade=Font(path=res://addons/neocade_theme/fonts/inter_variable.ttf)
INTENTIONAL_AUTHORED RichTextLabel.font.normal_font default=Font(path=) neocade=Font(path=res://addons/neocade_theme/fonts/inter_variable.ttf)
INTENTIONAL_AUTHORED RichTextLabel.font_size.bold_font_size default=16 neocade=14
INTENTIONAL_AUTHORED RichTextLabel.font_size.bold_italics_font_size default=16 neocade=14
INTENTIONAL_AUTHORED RichTextLabel.font_size.italics_font_size default=16 neocade=14
INTENTIONAL_AUTHORED RichTextLabel.font_size.mono_font_size default=16 neocade=14
INTENTIONAL_AUTHORED RichTextLabel.font_size.normal_font_size default=16 neocade=14
DEFAULT_ONLY RichTextLabel.icon.horizontal_rule default=Texture2D(size=(2.0, 2.0) path=) neocade=<missing>
INTENTIONAL_AUTHORED ScrollContainer.stylebox.focus default=StyleBoxFlat(bg=#ffffffbf border=2/2/2/2 border_color=#ffffffbf radius=3/3/3/3 margin=4.0/4.0/4.0/4.0 expand=4.0/4.0/4.0/4.0 shadow=0 offset=(0.0, 0.0)) neocade=StyleBoxFlat(bg=#00000000 border=2/2/2/2 border_color=#f6fc4dff radius=0/0/0/0 margin=-1.0/-1.0/-1.0/-1.0 expand=0.0/0.0/0.0/0.0 shadow=0 offset=(0.0, 0.0))
INTENTIONAL_AUTHORED ScrollContainer.icon.scroll_hint_horizontal default=Texture2D(size=(24.0, 32.0) path=) neocade=Texture2D(size=(12.0, 16.0) path=res://addons/neocade_theme/icons/scroll_hint_horizontal.svg)
INTENTIONAL_AUTHORED ScrollContainer.icon.scroll_hint_vertical default=Texture2D(size=(32.0, 24.0) path=) neocade=Texture2D(size=(16.0, 12.0) path=res://addons/neocade_theme/icons/scroll_hint_vertical.svg)
DEFAULT_ONLY SpinBox.stylebox.down_background default=StyleBoxEmpty neocade=<missing>
DEFAULT_ONLY SpinBox.stylebox.down_background_disabled default=StyleBoxEmpty neocade=<missing>
INTENTIONAL_AUTHORED SpinBox.stylebox.down_background_hovered default=StyleBoxFlat(bg=#39393999 border=0/0/0/0 border_color=#ccccccff radius=3/3/3/3 margin=4.0/4.0/4.0/4.0 expand=0.0/0.0/0.0/0.0 shadow=0 offset=(0.0, 0.0)) neocade=StyleBoxFlat(bg=#e5df3eff border=0/0/0/0 border_color=#e5df3eff radius=0/0/0/0 margin=0.0/0.0/0.0/0.0 expand=0.0/0.0/0.0/0.0 shadow=0 offset=(0.0, 0.0))
INTENTIONAL_AUTHORED SpinBox.stylebox.down_background_pressed default=StyleBoxFlat(bg=#00000099 border=0/0/0/0 border_color=#ccccccff radius=3/3/3/3 margin=4.0/4.0/4.0/4.0 expand=0.0/0.0/0.0/0.0 shadow=0 offset=(0.0, 0.0)) neocade=StyleBoxFlat(bg=#dbd63bff border=0/0/0/0 border_color=#dbd63bff radius=0/0/0/0 margin=0.0/0.0/0.0/0.0 expand=0.0/0.0/0.0/0.0 shadow=0 offset=(0.0, 0.0))
DEFAULT_ONLY SpinBox.stylebox.field_and_buttons_separator default=StyleBoxEmpty neocade=<missing>
DEFAULT_ONLY SpinBox.stylebox.up_background default=StyleBoxEmpty neocade=<missing>
DEFAULT_ONLY SpinBox.stylebox.up_background_disabled default=StyleBoxEmpty neocade=<missing>
INTENTIONAL_AUTHORED SpinBox.stylebox.up_background_hovered default=StyleBoxFlat(bg=#39393999 border=0/0/0/0 border_color=#ccccccff radius=3/3/3/3 margin=4.0/4.0/4.0/4.0 expand=0.0/0.0/0.0/0.0 shadow=0 offset=(0.0, 0.0)) neocade=StyleBoxFlat(bg=#e5df3eff border=0/0/0/0 border_color=#e5df3eff radius=0/0/0/0 margin=0.0/0.0/0.0/0.0 expand=0.0/0.0/0.0/0.0 shadow=0 offset=(0.0, 0.0))
INTENTIONAL_AUTHORED SpinBox.stylebox.up_background_pressed default=StyleBoxFlat(bg=#00000099 border=0/0/0/0 border_color=#ccccccff radius=3/3/3/3 margin=4.0/4.0/4.0/4.0 expand=0.0/0.0/0.0/0.0 shadow=0 offset=(0.0, 0.0)) neocade=StyleBoxFlat(bg=#dbd63bff border=0/0/0/0 border_color=#dbd63bff radius=0/0/0/0 margin=0.0/0.0/0.0/0.0 expand=0.0/0.0/0.0/0.0 shadow=0 offset=(0.0, 0.0))
DEFAULT_ONLY SpinBox.stylebox.up_down_buttons_separator default=StyleBoxEmpty neocade=<missing>
INTENTIONAL_AUTHORED SpinBox.color.down_disabled_icon_modulate default=#dfdfdf80 neocade=#abaeb46b
INTENTIONAL_AUTHORED SpinBox.color.down_hover_icon_modulate default=#f2f2f2ff neocade=#ffffffff
INTENTIONAL_AUTHORED SpinBox.color.down_icon_modulate default=#dfdfdfff neocade=#ffffffff
INTENTIONAL_AUTHORED SpinBox.color.down_pressed_icon_modulate default=#f2f2f2ff neocade=#ffffffff
INTENTIONAL_AUTHORED SpinBox.color.up_disabled_icon_modulate default=#dfdfdf80 neocade=#abaeb46b
INTENTIONAL_AUTHORED SpinBox.color.up_hover_icon_modulate default=#f2f2f2ff neocade=#ffffffff
INTENTIONAL_AUTHORED SpinBox.color.up_icon_modulate default=#dfdfdfff neocade=#ffffffff
INTENTIONAL_AUTHORED SpinBox.color.up_pressed_icon_modulate default=#f2f2f2ff neocade=#ffffffff
INTENTIONAL_AUTHORED SpinBox.constant.buttons_vertical_separation default=0 neocade=2
INTENTIONAL_AUTHORED SpinBox.constant.field_and_buttons_separation default=2 neocade=4
DEFAULT_ONLY SpinBox.constant.set_min_buttons_width_from_icons default=1 neocade=<missing>
INTENTIONAL_AUTHORED SpinBox.icon.down default=Texture2D(size=(16.0, 8.0) path=) neocade=Texture2D(size=(16.0, 16.0) path=res://addons/neocade_theme/icons/spinbox_down.svg)
INTENTIONAL_AUTHORED SpinBox.icon.down_disabled default=Texture2D(size=(16.0, 8.0) path=) neocade=Texture2D(size=(16.0, 16.0) path=res://addons/neocade_theme/icons/spinbox_down.svg)
DEFAULT_ONLY SpinBox.icon.down_hover default=Texture2D(size=(16.0, 8.0) path=) neocade=<missing>
DEFAULT_ONLY SpinBox.icon.down_pressed default=Texture2D(size=(16.0, 8.0) path=) neocade=<missing>
INTENTIONAL_AUTHORED SpinBox.icon.up default=Texture2D(size=(16.0, 8.0) path=) neocade=Texture2D(size=(16.0, 16.0) path=res://addons/neocade_theme/icons/spinbox_up.svg)
INTENTIONAL_AUTHORED SpinBox.icon.up_disabled default=Texture2D(size=(16.0, 8.0) path=) neocade=Texture2D(size=(16.0, 16.0) path=res://addons/neocade_theme/icons/spinbox_up.svg)
DEFAULT_ONLY SpinBox.icon.up_hover default=Texture2D(size=(16.0, 8.0) path=) neocade=<missing>
DEFAULT_ONLY SpinBox.icon.up_pressed default=Texture2D(size=(16.0, 8.0) path=) neocade=<missing>
INTENTIONAL_AUTHORED SpinBox.icon.updown_disabled default=<missing> neocade=Texture2D(size=(0.0, 0.0) path=)
INTENTIONAL_AUTHORED SplitContainer.color.touch_dragger_color default=#ffffff4d neocade=#abaeb4ff
INTENTIONAL_AUTHORED SplitContainer.color.touch_dragger_hover_color default=#ffffff99 neocade=#58e779d6
INTENTIONAL_AUTHORED SplitContainer.color.touch_dragger_pressed_color default=#ffffffff neocade=#58e779ff
INTENTIONAL_AUTHORED SplitContainer.constant.separation default=12 neocade=6
INTENTIONAL_AUTHORED SplitContainer.icon.h_grabber default=Texture2D(size=(8.0, 48.0) path=) neocade=Texture2D(size=(6.0, 48.0) path=)
INTENTIONAL_AUTHORED SplitContainer.icon.h_touch_dragger default=Texture2D(size=(30.0, 60.0) path=) neocade=Texture2D(size=(16.0, 16.0) path=res://addons/neocade_theme/icons/split_touch_dragger_h.svg)
INTENTIONAL_AUTHORED SplitContainer.icon.v_grabber default=Texture2D(size=(48.0, 8.0) path=) neocade=Texture2D(size=(48.0, 6.0) path=)
INTENTIONAL_AUTHORED SplitContainer.icon.v_touch_dragger default=Texture2D(size=(60.0, 30.0) path=) neocade=Texture2D(size=(16.0, 16.0) path=res://addons/neocade_theme/icons/split_touch_dragger_v.svg)
INTENTIONAL_AUTHORED SuccessLabel.color.font_color default=<missing> neocade=#3cdf82ff
INTENTIONAL_AUTHORED SuccessLabel.font.font default=Font(path=) neocade=Font(path=res://addons/neocade_theme/fonts/inter_variable.ttf)
INTENTIONAL_AUTHORED SuccessLabel.font_size.font_size default=16 neocade=14
INTENTIONAL_AUTHORED SuccessPanel.stylebox.panel default=<missing> neocade=StyleBoxFlat(bg=#3cdf820f border=1/1/1/2 border_color=#258a50ff radius=0/0/0/0 margin=12.0/10.0/12.0/11.0 expand=0.0/0.0/0.0/0.0 shadow=0 offset=(0.0, 0.0))
INTENTIONAL_AUTHORED TabBar.stylebox.button_highlight default=StyleBoxFlat(bg=#1a1a1a99 border=0/0/0/0 border_color=#ccccccff radius=3/3/3/3 margin=4.0/4.0/4.0/4.0 expand=0.0/0.0/0.0/0.0 shadow=0 offset=(0.0, 0.0)) neocade=StyleBoxFlat(bg=#e5df3eff border=0/0/0/0 border_color=#85832bff radius=0/0/0/0 margin=4.0/4.0/4.0/4.0 expand=0.0/0.0/0.0/0.0 shadow=0 offset=(0.0, 0.0))
INTENTIONAL_AUTHORED TabBar.stylebox.button_pressed default=StyleBoxFlat(bg=#00000099 border=0/0/0/0 border_color=#ccccccff radius=3/3/3/3 margin=4.0/4.0/4.0/4.0 expand=0.0/0.0/0.0/0.0 shadow=0 offset=(0.0, 0.0)) neocade=StyleBoxFlat(bg=#dbd63bff border=0/0/0/0 border_color=#807e29ff radius=0/0/0/0 margin=4.0/4.0/4.0/4.0 expand=0.0/0.0/0.0/0.0 shadow=0 offset=(0.0, 0.0))
INTENTIONAL_AUTHORED TabBar.stylebox.tab_disabled default=StyleBoxFlat(bg=#1a1a1a4d border=1/0/1/0 border_color=#2d2d2dff radius=0/0/0/0 margin=10.0/4.0/10.0/4.0 expand=0.0/0.0/0.0/0.0 shadow=0 offset=(0.0, 0.0)) neocade=StyleBoxFlat(bg=#7177426b border=0/0/0/0 border_color=#0f1523ff radius=0/0/0/0 margin=12.0/5.0/12.0/5.0 expand=0.0/0.0/0.0/0.0 shadow=0 offset=(0.0, 0.0))
INTENTIONAL_AUTHORED TabBar.stylebox.tab_focus default=StyleBoxFlat(bg=#ffffffbf border=2/2/2/2 border_color=#ccccccff radius=3/3/3/3 margin=4.0/4.0/4.0/4.0 expand=2.0/2.0/2.0/2.0 shadow=0 offset=(0.0, 0.0)) neocade=StyleBoxFlat(bg=#00000000 border=2/2/2/2 border_color=#f6fc4dff radius=0/0/0/0 margin=-1.0/-1.0/-1.0/-1.0 expand=0.0/0.0/0.0/0.0 shadow=0 offset=(0.0, 0.0))
INTENTIONAL_AUTHORED TabBar.stylebox.tab_hovered default=StyleBoxFlat(bg=#1a1a1a4d border=1/0/1/0 border_color=#2d2d2dff radius=0/0/0/0 margin=10.0/4.0/10.0/4.0 expand=0.0/0.0/0.0/0.0 shadow=0 offset=(0.0, 0.0)) neocade=StyleBoxFlat(bg=#e5df3eff border=0/0/0/0 border_color=#0f1523ff radius=0/0/0/0 margin=12.0/5.0/12.0/5.0 expand=0.0/0.0/0.0/0.0 shadow=0 offset=(0.0, 0.0))
INTENTIONAL_AUTHORED TabBar.stylebox.tab_selected default=StyleBoxFlat(bg=#1a1a1a99 border=0/2/0/0 border_color=#ffffffbf radius=0/0/0/0 margin=10.0/4.0/10.0/4.0 expand=0.0/0.0/0.0/0.0 shadow=0 offset=(0.0, 0.0)) neocade=StyleBoxFlat(bg=#f6fc4dff border=0/2/0/0 border_color=#8f9334ff radius=0/0/0/0 margin=12.0/6.0/12.0/6.0 expand=0.0/0.0/0.0/0.0 shadow=0 offset=(0.0, 0.0))
INTENTIONAL_AUTHORED TabBar.stylebox.tab_unselected default=StyleBoxFlat(bg=#00000099 border=1/0/1/0 border_color=#2d2d2dff radius=0/0/0/0 margin=10.0/4.0/10.0/4.0 expand=0.0/0.0/0.0/0.0 shadow=0 offset=(0.0, 0.0)) neocade=StyleBoxFlat(bg=#f4ee42ff border=0/0/0/0 border_color=#0f1523ff radius=0/0/0/0 margin=12.0/5.0/12.0/5.0 expand=0.0/0.0/0.0/0.0 shadow=0 offset=(0.0, 0.0))
INTENTIONAL_AUTHORED TabBar.color.drop_mark_color default=#ffffffff neocade=#f6fc4dff
INTENTIONAL_AUTHORED TabBar.color.font_disabled_color default=#dfdfdf80 neocade=#abaeb46b
INTENTIONAL_AUTHORED TabBar.color.font_hovered_color default=#f2f2f2ff neocade=#ffffffff
INTENTIONAL_AUTHORED TabBar.color.font_outline_color default=#000000ff neocade=#0f1523ff
INTENTIONAL_AUTHORED TabBar.color.font_selected_color default=#f2f2f2ff neocade=#000000ff
INTENTIONAL_AUTHORED TabBar.color.font_unselected_color default=#b2b2b2ff neocade=#abaeb4ff
INTENTIONAL_AUTHORED TabBar.color.icon_disabled_color default=#ffffffff neocade=#abaeb46b
INTENTIONAL_AUTHORED TabBar.color.icon_selected_color default=#ffffffff neocade=#000000ff
INTENTIONAL_AUTHORED TabBar.color.icon_unselected_color default=#ffffffff neocade=#abaeb4ff
INTENTIONAL_AUTHORED TabBar.constant.h_separation default=4 neocade=2
INTENTIONAL_AUTHORED TabBar.constant.hover_switch_wait_msec default=500 neocade=180
INTENTIONAL_AUTHORED TabBar.constant.tab_separation default=<missing> neocade=1
INTENTIONAL_AUTHORED TabBar.font.font default=Font(path=) neocade=Font(path=res://addons/neocade_theme/fonts/inter_variable.ttf)
INTENTIONAL_AUTHORED TabBar.font_size.font_size default=16 neocade=14
INTENTIONAL_AUTHORED TabBar.icon.close default=Texture2D(size=(16.0, 16.0) path=) neocade=Texture2D(size=(16.0, 16.0) path=res://addons/neocade_theme/icons/close.svg)
INTENTIONAL_AUTHORED TabBar.icon.decrement default=Texture2D(size=(16.0, 16.0) path=) neocade=Texture2D(size=(16.0, 16.0) path=res://addons/neocade_theme/icons/tab_decrement.svg)
INTENTIONAL_AUTHORED TabBar.icon.decrement_highlight default=Texture2D(size=(16.0, 16.0) path=) neocade=Texture2D(size=(16.0, 16.0) path=res://addons/neocade_theme/icons/tab_decrement.svg)
INTENTIONAL_AUTHORED TabBar.icon.drop_mark default=Texture2D(size=(16.0, 32.0) path=) neocade=Texture2D(size=(16.0, 16.0) path=res://addons/neocade_theme/icons/tab_drop_mark.svg)
INTENTIONAL_AUTHORED TabBar.icon.increment default=Texture2D(size=(16.0, 16.0) path=) neocade=Texture2D(size=(16.0, 16.0) path=res://addons/neocade_theme/icons/tab_increment.svg)
INTENTIONAL_AUTHORED TabBar.icon.increment_highlight default=Texture2D(size=(16.0, 16.0) path=) neocade=Texture2D(size=(16.0, 16.0) path=res://addons/neocade_theme/icons/tab_increment.svg)
INTENTIONAL_AUTHORED TabContainer.stylebox.panel default=StyleBoxFlat(bg=#1a1a1a99 border=0/0/0/0 border_color=#ccccccff radius=3/3/3/3 margin=0.0/0.0/0.0/0.0 expand=0.0/0.0/0.0/0.0 shadow=0 offset=(0.0, 0.0)) neocade=StyleBoxFlat(bg=#212e42ff border=1/1/1/2 border_color=#151c29ff radius=0/0/0/0 margin=0.0/0.0/0.0/1.0 expand=0.0/0.0/0.0/0.0 shadow=0 offset=(0.0, 0.0))
INTENTIONAL_AUTHORED TabContainer.stylebox.tab_disabled default=StyleBoxFlat(bg=#1a1a1a4d border=1/0/1/0 border_color=#2d2d2dff radius=0/0/0/0 margin=10.0/4.0/10.0/4.0 expand=0.0/0.0/0.0/0.0 shadow=0 offset=(0.0, 0.0)) neocade=StyleBoxFlat(bg=#7177426b border=0/0/0/0 border_color=#0f1523ff radius=0/0/0/0 margin=12.0/5.0/12.0/5.0 expand=0.0/0.0/0.0/0.0 shadow=0 offset=(0.0, 0.0))
INTENTIONAL_AUTHORED TabContainer.stylebox.tab_focus default=StyleBoxFlat(bg=#ffffffbf border=2/2/2/2 border_color=#ccccccff radius=3/3/3/3 margin=4.0/4.0/4.0/4.0 expand=2.0/2.0/2.0/2.0 shadow=0 offset=(0.0, 0.0)) neocade=StyleBoxFlat(bg=#00000000 border=2/2/2/2 border_color=#f6fc4dff radius=0/0/0/0 margin=-1.0/-1.0/-1.0/-1.0 expand=0.0/0.0/0.0/0.0 shadow=0 offset=(0.0, 0.0))
INTENTIONAL_AUTHORED TabContainer.stylebox.tab_hovered default=StyleBoxFlat(bg=#1a1a1a4d border=1/0/1/0 border_color=#2d2d2dff radius=0/0/0/0 margin=10.0/4.0/10.0/4.0 expand=0.0/0.0/0.0/0.0 shadow=0 offset=(0.0, 0.0)) neocade=StyleBoxFlat(bg=#e5df3eff border=0/0/0/0 border_color=#0f1523ff radius=0/0/0/0 margin=12.0/5.0/12.0/5.0 expand=0.0/0.0/0.0/0.0 shadow=0 offset=(0.0, 0.0))
INTENTIONAL_AUTHORED TabContainer.stylebox.tab_selected default=StyleBoxFlat(bg=#1a1a1a99 border=0/2/0/0 border_color=#ffffffbf radius=0/0/0/0 margin=10.0/4.0/10.0/4.0 expand=0.0/0.0/0.0/0.0 shadow=0 offset=(0.0, 0.0)) neocade=StyleBoxFlat(bg=#f6fc4dff border=0/2/0/0 border_color=#8f9334ff radius=0/0/0/0 margin=12.0/6.0/12.0/6.0 expand=0.0/0.0/0.0/0.0 shadow=0 offset=(0.0, 0.0))
INTENTIONAL_AUTHORED TabContainer.stylebox.tab_unselected default=StyleBoxFlat(bg=#00000099 border=1/0/1/0 border_color=#2d2d2dff radius=0/0/0/0 margin=10.0/4.0/10.0/4.0 expand=0.0/0.0/0.0/0.0 shadow=0 offset=(0.0, 0.0)) neocade=StyleBoxFlat(bg=#f4ee42ff border=0/0/0/0 border_color=#0f1523ff radius=0/0/0/0 margin=12.0/5.0/12.0/5.0 expand=0.0/0.0/0.0/0.0 shadow=0 offset=(0.0, 0.0))
INTENTIONAL_AUTHORED TabContainer.color.drop_mark_color default=#ffffffff neocade=#f6fc4dff
INTENTIONAL_AUTHORED TabContainer.color.font_disabled_color default=#dfdfdf80 neocade=#abaeb46b
INTENTIONAL_AUTHORED TabContainer.color.font_hovered_color default=#f2f2f2ff neocade=#ffffffff
INTENTIONAL_AUTHORED TabContainer.color.font_outline_color default=#000000ff neocade=#0f1523ff
INTENTIONAL_AUTHORED TabContainer.color.font_selected_color default=#f2f2f2ff neocade=#000000ff
INTENTIONAL_AUTHORED TabContainer.color.font_unselected_color default=#b2b2b2ff neocade=#abaeb4ff
INTENTIONAL_AUTHORED TabContainer.color.icon_disabled_color default=#ffffffff neocade=#abaeb46b
INTENTIONAL_AUTHORED TabContainer.color.icon_selected_color default=#ffffffff neocade=#000000ff
INTENTIONAL_AUTHORED TabContainer.color.icon_unselected_color default=#ffffffff neocade=#abaeb4ff
INTENTIONAL_AUTHORED TabContainer.constant.icon_separation default=4 neocade=6
INTENTIONAL_AUTHORED TabContainer.constant.side_margin default=8 neocade=0
INTENTIONAL_AUTHORED TabContainer.constant.tab_separation default=<missing> neocade=1
INTENTIONAL_AUTHORED TabContainer.font.font default=Font(path=) neocade=Font(path=res://addons/neocade_theme/fonts/inter_variable.ttf)
INTENTIONAL_AUTHORED TabContainer.font_size.font_size default=16 neocade=14
INTENTIONAL_AUTHORED TabContainer.icon.decrement default=Texture2D(size=(16.0, 16.0) path=) neocade=Texture2D(size=(16.0, 16.0) path=res://addons/neocade_theme/icons/tab_decrement.svg)
INTENTIONAL_AUTHORED TabContainer.icon.decrement_highlight default=Texture2D(size=(16.0, 16.0) path=) neocade=Texture2D(size=(16.0, 16.0) path=res://addons/neocade_theme/icons/tab_decrement.svg)
INTENTIONAL_AUTHORED TabContainer.icon.drop_mark default=Texture2D(size=(16.0, 32.0) path=) neocade=Texture2D(size=(16.0, 16.0) path=res://addons/neocade_theme/icons/tab_drop_mark.svg)
INTENTIONAL_AUTHORED TabContainer.icon.increment default=Texture2D(size=(16.0, 16.0) path=) neocade=Texture2D(size=(16.0, 16.0) path=res://addons/neocade_theme/icons/tab_increment.svg)
INTENTIONAL_AUTHORED TabContainer.icon.increment_highlight default=Texture2D(size=(16.0, 16.0) path=) neocade=Texture2D(size=(16.0, 16.0) path=res://addons/neocade_theme/icons/tab_increment.svg)
INTENTIONAL_AUTHORED TabContainer.icon.menu default=Texture2D(size=(16.0, 16.0) path=) neocade=Texture2D(size=(24.0, 24.0) path=res://addons/neocade_theme/icons/tab_menu.svg)
INTENTIONAL_AUTHORED TabContainer.icon.menu_highlight default=Texture2D(size=(16.0, 16.0) path=) neocade=Texture2D(size=(24.0, 24.0) path=res://addons/neocade_theme/icons/tab_menu.svg)
INTENTIONAL_AUTHORED TextEdit.stylebox.focus default=StyleBoxFlat(bg=#ffffffbf border=2/2/2/2 border_color=#ccccccff radius=3/3/3/3 margin=4.0/4.0/4.0/4.0 expand=2.0/2.0/2.0/2.0 shadow=0 offset=(0.0, 0.0)) neocade=StyleBoxFlat(bg=#00000000 border=2/2/2/2 border_color=#f6fc4dff radius=0/0/0/0 margin=-1.0/-1.0/-1.0/-1.0 expand=0.0/0.0/0.0/0.0 shadow=0 offset=(0.0, 0.0))
INTENTIONAL_AUTHORED TextEdit.stylebox.normal default=StyleBoxFlat(bg=#1a1a1a99 border=0/0/0/2 border_color=#00000099 radius=3/3/3/3 margin=4.0/4.0/4.0/4.0 expand=0.0/0.0/0.0/0.0 shadow=0 offset=(0.0, 0.0)) neocade=StyleBoxFlat(bg=#2c4865ff border=1/1/1/1 border_color=#21364eff radius=0/0/0/0 margin=10.0/7.0/10.0/7.0 expand=0.0/0.0/0.0/0.0 shadow=0 offset=(0.0, 0.0))
INTENTIONAL_AUTHORED TextEdit.stylebox.read_only default=StyleBoxFlat(bg=#1a1a1a4d border=0/0/0/2 border_color=#0000004d radius=3/3/3/3 margin=4.0/4.0/4.0/4.0 expand=0.0/0.0/0.0/0.0 shadow=0 offset=(0.0, 0.0)) neocade=StyleBoxFlat(bg=#2639516b border=0/0/0/0 border_color=#0f1523ff radius=0/0/0/0 margin=10.0/7.0/10.0/7.0 expand=0.0/0.0/0.0/0.0 shadow=0 offset=(0.0, 0.0))
DEFAULT_ONLY TextEdit.color.background_color default=#00000000 neocade=<missing>
DEFAULT_ONLY TextEdit.color.caret_background_color default=#000000ff neocade=<missing>
INTENTIONAL_AUTHORED TextEdit.color.caret_color default=#dfdfdfff neocade=#f6fc4dff
INTENTIONAL_AUTHORED TextEdit.color.current_line_color default=#404042cc neocade=#212e42ff
INTENTIONAL_AUTHORED TextEdit.color.font_color default=#dfdfdfff neocade=#ffffffff
DEFAULT_ONLY TextEdit.color.font_outline_color default=#000000ff neocade=<missing>
INTENTIONAL_AUTHORED TextEdit.color.font_placeholder_color default=#dfdfdf99 neocade=#abaeb4ff
INTENTIONAL_AUTHORED TextEdit.color.font_readonly_color default=#dfdfdf80 neocade=#abaeb46b
INTENTIONAL_AUTHORED TextEdit.color.font_selected_color default=#00000000 neocade=#000000ff
DEFAULT_ONLY TextEdit.color.search_result_border_color default=#4d4d4d66 neocade=<missing>
DEFAULT_ONLY TextEdit.color.search_result_color default=#4d4d4dff neocade=<missing>
INTENTIONAL_AUTHORED TextEdit.color.selection_color default=#808080ff neocade=#f6fc4dff
DEFAULT_ONLY TextEdit.color.word_highlighted_color default=#80808040 neocade=<missing>
DEFAULT_ONLY TextEdit.constant.caret_width default=1 neocade=<missing>
DEFAULT_ONLY TextEdit.constant.line_spacing default=4 neocade=<missing>
DEFAULT_ONLY TextEdit.constant.outline_size default=0 neocade=<missing>
DEFAULT_ONLY TextEdit.constant.wrap_offset default=10 neocade=<missing>
INTENTIONAL_AUTHORED TextEdit.font.font default=Font(path=) neocade=Font(path=res://addons/neocade_theme/fonts/inter_variable.ttf)
INTENTIONAL_AUTHORED TextEdit.font_size.font_size default=16 neocade=14
DEFAULT_ONLY TextEdit.icon.space default=Texture2D(size=(8.0, 8.0) path=) neocade=<missing>
DEFAULT_ONLY TextEdit.icon.tab default=Texture2D(size=(8.0, 8.0) path=) neocade=<missing>
INTENTIONAL_AUTHORED TooltipLabel.color.font_color default=#dfdfdfff neocade=#ffffffff
INTENTIONAL_AUTHORED TooltipLabel.color.font_outline_color default=#000000ff neocade=#0f1523ff
INTENTIONAL_AUTHORED TooltipLabel.color.font_shadow_color default=#00000000 neocade=#151e2f00
INTENTIONAL_AUTHORED TooltipLabel.constant.shadow_offset_x default=1 neocade=0
INTENTIONAL_AUTHORED TooltipLabel.constant.shadow_offset_y default=1 neocade=0
INTENTIONAL_AUTHORED TooltipLabel.font.font default=Font(path=) neocade=Font(path=res://addons/neocade_theme/fonts/inter_variable.ttf)
INTENTIONAL_AUTHORED TooltipLabel.font_size.font_size default=16 neocade=14
INTENTIONAL_AUTHORED TooltipPanel.stylebox.panel default=StyleBoxFlat(bg=#00000080 border=0/0/0/0 border_color=#ccccccff radius=3/3/3/3 margin=8.0/2.0/8.0/2.0 expand=0.0/0.0/0.0/0.0 shadow=0 offset=(0.0, 0.0)) neocade=StyleBoxFlat(bg=#1a2435ff border=1/1/1/2 border_color=#101621ff radius=0/0/0/0 margin=4.0/2.0/4.0/3.0 expand=0.0/0.0/0.0/0.0 shadow=0 offset=(0.0, 0.0))
INTENTIONAL_AUTHORED Tree.stylebox.button_hover default=StyleBoxFlat(bg=#39393999 border=0/0/0/0 border_color=#ccccccff radius=3/3/3/3 margin=4.0/4.0/4.0/4.0 expand=0.0/0.0/0.0/0.0 shadow=0 offset=(0.0, 0.0)) neocade=StyleBoxFlat(bg=#e5df3eff border=0/0/0/0 border_color=#e5df3eff radius=0/0/0/0 margin=6.0/0.0/6.0/0.0 expand=0.0/0.0/0.0/0.0 shadow=0 offset=(0.0, 0.0))
INTENTIONAL_AUTHORED Tree.stylebox.button_pressed default=StyleBoxFlat(bg=#00000099 border=0/0/0/0 border_color=#ccccccff radius=3/3/3/3 margin=4.0/4.0/4.0/4.0 expand=0.0/0.0/0.0/0.0 shadow=0 offset=(0.0, 0.0)) neocade=StyleBoxFlat(bg=#dbd63bff border=0/0/0/0 border_color=#dbd63bff radius=0/0/0/0 margin=6.0/0.0/6.0/0.0 expand=0.0/0.0/0.0/0.0 shadow=0 offset=(0.0, 0.0))
INTENTIONAL_AUTHORED Tree.stylebox.cursor default=StyleBoxFlat(bg=#ffffffbf border=2/2/2/2 border_color=#ccccccff radius=3/3/3/3 margin=4.0/4.0/4.0/4.0 expand=2.0/2.0/2.0/2.0 shadow=0 offset=(0.0, 0.0)) neocade=StyleBoxFlat(bg=#e5df3eb8 border=0/0/0/0 border_color=#e5df3eff radius=0/0/0/0 margin=0.0/0.0/0.0/0.0 expand=0.0/0.0/0.0/0.0 shadow=0 offset=(0.0, 0.0))
INTENTIONAL_AUTHORED Tree.stylebox.cursor_unfocused default=StyleBoxFlat(bg=#ffffffbf border=2/2/2/2 border_color=#ccccccff radius=3/3/3/3 margin=4.0/4.0/4.0/4.0 expand=2.0/2.0/2.0/2.0 shadow=0 offset=(0.0, 0.0)) neocade=StyleBoxFlat(bg=#e5df3e75 border=0/0/0/0 border_color=#e5df3eff radius=0/0/0/0 margin=0.0/0.0/0.0/0.0 expand=0.0/0.0/0.0/0.0 shadow=0 offset=(0.0, 0.0))
INTENTIONAL_AUTHORED Tree.stylebox.custom_button default=StyleBoxFlat(bg=#1a1a1a99 border=0/0/0/0 border_color=#ccccccff radius=3/3/3/3 margin=4.0/4.0/4.0/4.0 expand=0.0/0.0/0.0/0.0 shadow=0 offset=(0.0, 0.0)) neocade=StyleBoxFlat(bg=#f4ee42ff border=0/0/0/0 border_color=#f4ee42ff radius=0/0/0/0 margin=6.0/0.0/6.0/0.0 expand=0.0/0.0/0.0/0.0 shadow=0 offset=(0.0, 0.0))
INTENTIONAL_AUTHORED Tree.stylebox.custom_button_hover default=StyleBoxFlat(bg=#39393999 border=0/0/0/0 border_color=#ccccccff radius=3/3/3/3 margin=4.0/4.0/4.0/4.0 expand=0.0/0.0/0.0/0.0 shadow=0 offset=(0.0, 0.0)) neocade=StyleBoxFlat(bg=#e5df3eff border=0/0/0/0 border_color=#e5df3eff radius=0/0/0/0 margin=6.0/0.0/6.0/0.0 expand=0.0/0.0/0.0/0.0 shadow=0 offset=(0.0, 0.0))
INTENTIONAL_AUTHORED Tree.stylebox.custom_button_pressed default=StyleBoxFlat(bg=#00000099 border=0/0/0/0 border_color=#ccccccff radius=3/3/3/3 margin=4.0/4.0/4.0/4.0 expand=0.0/0.0/0.0/0.0 shadow=0 offset=(0.0, 0.0)) neocade=StyleBoxFlat(bg=#dbd63bff border=0/0/0/0 border_color=#dbd63bff radius=0/0/0/0 margin=6.0/0.0/6.0/0.0 expand=0.0/0.0/0.0/0.0 shadow=0 offset=(0.0, 0.0))
INTENTIONAL_AUTHORED Tree.stylebox.focus default=StyleBoxFlat(bg=#ffffffbf border=2/2/2/2 border_color=#ccccccff radius=3/3/3/3 margin=4.0/4.0/4.0/4.0 expand=2.0/2.0/2.0/2.0 shadow=0 offset=(0.0, 0.0)) neocade=StyleBoxFlat(bg=#00000000 border=2/2/2/2 border_color=#f6fc4dff radius=0/0/0/0 margin=-1.0/-1.0/-1.0/-1.0 expand=0.0/0.0/0.0/0.0 shadow=0 offset=(0.0, 0.0))
INTENTIONAL_AUTHORED Tree.stylebox.hovered default=StyleBoxFlat(bg=#ffffff12 border=0/0/0/0 border_color=#ccccccff radius=3/3/3/3 margin=4.0/4.0/4.0/4.0 expand=0.0/0.0/0.0/0.0 shadow=0 offset=(0.0, 0.0)) neocade=StyleBoxFlat(bg=#e5df3eff border=0/0/0/0 border_color=#e5df3eff radius=0/0/0/0 margin=0.0/0.0/0.0/0.0 expand=0.0/0.0/0.0/0.0 shadow=0 offset=(0.0, 0.0))
INTENTIONAL_AUTHORED Tree.stylebox.hovered_dimmed default=StyleBoxFlat(bg=#ffffff08 border=0/0/0/0 border_color=#ccccccff radius=3/3/3/3 margin=4.0/4.0/4.0/4.0 expand=0.0/0.0/0.0/0.0 shadow=0 offset=(0.0, 0.0)) neocade=StyleBoxFlat(bg=#e5df3e8c border=0/0/0/0 border_color=#e5df3eff radius=0/0/0/0 margin=0.0/0.0/0.0/0.0 expand=0.0/0.0/0.0/0.0 shadow=0 offset=(0.0, 0.0))
INTENTIONAL_AUTHORED Tree.stylebox.hovered_selected default=StyleBoxFlat(bg=#ffffff66 border=0/0/0/0 border_color=#ccccccff radius=3/3/3/3 margin=4.0/4.0/4.0/4.0 expand=0.0/0.0/0.0/0.0 shadow=0 offset=(0.0, 0.0)) neocade=StyleBoxFlat(bg=#f6fc4dff border=0/0/0/0 border_color=#f6fc4dff radius=0/0/0/0 margin=0.0/0.0/0.0/0.0 expand=0.0/0.0/0.0/0.0 shadow=0 offset=(0.0, 0.0))
INTENTIONAL_AUTHORED Tree.stylebox.hovered_selected_focus default=StyleBoxFlat(bg=#ffffff66 border=0/0/0/0 border_color=#ccccccff radius=3/3/3/3 margin=4.0/4.0/4.0/4.0 expand=0.0/0.0/0.0/0.0 shadow=0 offset=(0.0, 0.0)) neocade=StyleBoxFlat(bg=#f6fc4dff border=0/0/0/0 border_color=#f6fc4dff radius=0/0/0/0 margin=0.0/0.0/0.0/0.0 expand=0.0/0.0/0.0/0.0 shadow=0 offset=(0.0, 0.0))
INTENTIONAL_AUTHORED Tree.stylebox.panel default=StyleBoxFlat(bg=#1a1a1a99 border=0/0/0/0 border_color=#ccccccff radius=3/3/3/3 margin=4.0/4.0/4.0/5.0 expand=0.0/0.0/0.0/0.0 shadow=0 offset=(0.0, 0.0)) neocade=StyleBoxFlat(bg=#f4ee42ff border=1/1/1/1 border_color=#8d8b2dff radius=0/0/0/0 margin=0.0/0.0/0.0/0.0 expand=0.0/0.0/0.0/0.0 shadow=0 offset=(0.0, 0.0))
INTENTIONAL_AUTHORED Tree.stylebox.selected default=StyleBoxFlat(bg=#ffffff4d border=0/0/0/0 border_color=#ccccccff radius=3/3/3/3 margin=4.0/4.0/4.0/4.0 expand=0.0/0.0/0.0/0.0 shadow=0 offset=(0.0, 0.0)) neocade=StyleBoxFlat(bg=#f6fc4dff border=3/0/0/0 border_color=#8f9334ff radius=0/0/0/0 margin=0.0/0.0/0.0/0.0 expand=0.0/0.0/0.0/0.0 shadow=0 offset=(0.0, 0.0))
INTENTIONAL_AUTHORED Tree.stylebox.selected_focus default=StyleBoxFlat(bg=#ffffff4d border=0/0/0/0 border_color=#ccccccff radius=3/3/3/3 margin=4.0/4.0/4.0/4.0 expand=0.0/0.0/0.0/0.0 shadow=0 offset=(0.0, 0.0)) neocade=StyleBoxFlat(bg=#f6fc4dff border=3/0/0/0 border_color=#8f9334ff radius=0/0/0/0 margin=0.0/0.0/0.0/0.0 expand=0.0/0.0/0.0/0.0 shadow=0 offset=(0.0, 0.0))
INTENTIONAL_AUTHORED Tree.stylebox.title_button_hover default=StyleBoxFlat(bg=#1a1a1a99 border=0/0/0/0 border_color=#ccccccff radius=3/3/3/3 margin=4.0/4.0/4.0/4.0 expand=0.0/0.0/0.0/0.0 shadow=0 offset=(0.0, 0.0)) neocade=StyleBoxFlat(bg=#e5df3eff border=0/0/0/0 border_color=#e5df3eff radius=0/0/0/0 margin=0.0/0.0/0.0/0.0 expand=0.0/0.0/0.0/0.0 shadow=0 offset=(0.0, 0.0))
INTENTIONAL_AUTHORED Tree.stylebox.title_button_normal default=StyleBoxFlat(bg=#00000099 border=0/0/0/0 border_color=#ccccccff radius=3/3/3/3 margin=4.0/4.0/4.0/4.0 expand=0.0/0.0/0.0/0.0 shadow=0 offset=(0.0, 0.0)) neocade=StyleBoxFlat(bg=#f4ee42ff border=0/0/0/0 border_color=#f4ee42ff radius=0/0/0/0 margin=0.0/0.0/0.0/0.0 expand=0.0/0.0/0.0/0.0 shadow=0 offset=(0.0, 0.0))
INTENTIONAL_AUTHORED Tree.stylebox.title_button_pressed default=StyleBoxFlat(bg=#39393999 border=0/0/0/0 border_color=#ccccccff radius=3/3/3/3 margin=4.0/4.0/4.0/4.0 expand=0.0/0.0/0.0/0.0 shadow=0 offset=(0.0, 0.0)) neocade=StyleBoxFlat(bg=#dbd63bff border=0/0/0/0 border_color=#dbd63bff radius=0/0/0/0 margin=0.0/0.0/0.0/0.0 expand=0.0/0.0/0.0/0.0 shadow=0 offset=(0.0, 0.0))
INTENTIONAL_AUTHORED Tree.color.children_hl_line_color default=#454545ff neocade=#abaeb457
INTENTIONAL_AUTHORED Tree.color.custom_button_font_highlight default=#f2f2f2ff neocade=#f6fc4dff
INTENTIONAL_AUTHORED Tree.color.drop_position_color default=#ffffffff neocade=#f6fc4dff
INTENTIONAL_AUTHORED Tree.color.font_color default=#b2b2b2ff neocade=#ffffffff
INTENTIONAL_AUTHORED Tree.color.font_disabled_color default=#dfdfdf80 neocade=#ffffff6b
INTENTIONAL_AUTHORED Tree.color.font_hovered_color default=#f2f2f2ff neocade=#ffffffff
INTENTIONAL_AUTHORED Tree.color.font_hovered_dimmed_color default=#dfdfdfff neocade=#abaeb4ff
INTENTIONAL_AUTHORED Tree.color.font_hovered_selected_color default=#ffffffff neocade=#000000ff
INTENTIONAL_AUTHORED Tree.color.font_outline_color default=#000000ff neocade=#0f1523ff
INTENTIONAL_AUTHORED Tree.color.font_selected_color default=#ffffffff neocade=#000000ff
INTENTIONAL_AUTHORED Tree.color.guide_color default=#b2b2b240 neocade=#11182400
INTENTIONAL_AUTHORED Tree.color.parent_hl_line_color default=#454545ff neocade=#abaeb494
INTENTIONAL_AUTHORED Tree.color.relationship_line_color default=#454545ff neocade=#abaeb447
INTENTIONAL_AUTHORED Tree.color.title_button_color default=#dfdfdfff neocade=#ffffffff
INTENTIONAL_AUTHORED Tree.constant.check_h_separation default=4 neocade=6
INTENTIONAL_AUTHORED Tree.constant.dragging_unfold_wait_msec default=500 neocade=1000
INTENTIONAL_AUTHORED Tree.constant.draw_guides default=1 neocade=0
INTENTIONAL_AUTHORED Tree.constant.draw_relationship_lines default=0 neocade=1
INTENTIONAL_AUTHORED Tree.constant.h_separation default=4 neocade=8
INTENTIONAL_AUTHORED Tree.constant.icon_h_separation default=4 neocade=6
INTENTIONAL_AUTHORED Tree.constant.inner_item_margin_bottom default=0 neocade=2
INTENTIONAL_AUTHORED Tree.constant.inner_item_margin_left default=0 neocade=4
INTENTIONAL_AUTHORED Tree.constant.inner_item_margin_right default=0 neocade=4
INTENTIONAL_AUTHORED Tree.constant.inner_item_margin_top default=0 neocade=2
INTENTIONAL_AUTHORED Tree.constant.item_margin default=16 neocade=18
INTENTIONAL_AUTHORED Tree.constant.parent_hl_line_margin default=0 neocade=3
INTENTIONAL_AUTHORED Tree.constant.relationship_line_width default=1 neocade=0
INTENTIONAL_AUTHORED Tree.constant.scroll_border default=4 neocade=18
INTENTIONAL_AUTHORED Tree.constant.scrollbar_margin_bottom default=-1 neocade=0
INTENTIONAL_AUTHORED Tree.constant.scrollbar_margin_left default=-1 neocade=0
INTENTIONAL_AUTHORED Tree.constant.scrollbar_margin_right default=-1 neocade=0
INTENTIONAL_AUTHORED Tree.constant.scrollbar_margin_top default=-1 neocade=0
INTENTIONAL_AUTHORED Tree.constant.v_separation default=4 neocade=2
INTENTIONAL_AUTHORED Tree.font.font default=Font(path=) neocade=Font(path=res://addons/neocade_theme/fonts/inter_variable.ttf)
INTENTIONAL_AUTHORED Tree.font.title_button_font default=Font(path=) neocade=Font(path=res://addons/neocade_theme/fonts/inter_header_small.tres)
INTENTIONAL_AUTHORED Tree.font_size.font_size default=16 neocade=14
INTENTIONAL_AUTHORED Tree.font_size.title_button_font_size default=16 neocade=14
INTENTIONAL_AUTHORED Tree.icon.arrow default=Texture2D(size=(16.0, 16.0) path=) neocade=Texture2D(size=(16.0, 16.0) path=res://addons/neocade_theme/icons/disclosure_expanded.svg)
INTENTIONAL_AUTHORED Tree.icon.arrow_collapsed default=Texture2D(size=(16.0, 16.0) path=) neocade=Texture2D(size=(16.0, 16.0) path=res://addons/neocade_theme/icons/disclosure_collapsed.svg)
INTENTIONAL_AUTHORED Tree.icon.arrow_collapsed_mirrored default=Texture2D(size=(16.0, 16.0) path=) neocade=Texture2D(size=(16.0, 16.0) path=res://addons/neocade_theme/icons/disclosure_collapsed_mirrored.svg)
INTENTIONAL_AUTHORED Tree.icon.checked default=Texture2D(size=(16.0, 16.0) path=) neocade=Texture2D(size=(24.0, 24.0) path=res://addons/neocade_theme/icons/checkbox_checked.svg)
INTENTIONAL_AUTHORED Tree.icon.checked_disabled default=Texture2D(size=(16.0, 16.0) path=) neocade=Texture2D(size=(24.0, 24.0) path=res://addons/neocade_theme/icons/checkbox_checked.svg)
INTENTIONAL_AUTHORED Tree.icon.indeterminate default=Texture2D(size=(16.0, 16.0) path=) neocade=Texture2D(size=(16.0, 16.0) path=res://addons/neocade_theme/icons/tree_indeterminate.svg)
INTENTIONAL_AUTHORED Tree.icon.indeterminate_disabled default=Texture2D(size=(16.0, 16.0) path=) neocade=Texture2D(size=(16.0, 16.0) path=res://addons/neocade_theme/icons/tree_indeterminate.svg)
INTENTIONAL_AUTHORED Tree.icon.scroll_hint default=Texture2D(size=(32.0, 24.0) path=) neocade=Texture2D(size=(16.0, 12.0) path=res://addons/neocade_theme/icons/tree_scroll_hint.svg)
INTENTIONAL_AUTHORED Tree.icon.select_arrow default=Texture2D(size=(12.0, 12.0) path=) neocade=Texture2D(size=(16.0, 16.0) path=res://addons/neocade_theme/icons/tree_select_arrow.svg)
INTENTIONAL_AUTHORED Tree.icon.unchecked default=Texture2D(size=(16.0, 16.0) path=) neocade=Texture2D(size=(24.0, 24.0) path=res://addons/neocade_theme/icons/checkbox_unchecked.svg)
INTENTIONAL_AUTHORED Tree.icon.unchecked_disabled default=Texture2D(size=(16.0, 16.0) path=) neocade=Texture2D(size=(24.0, 24.0) path=res://addons/neocade_theme/icons/checkbox_unchecked.svg)
INTENTIONAL_AUTHORED Tree.icon.updown default=Texture2D(size=(16.0, 16.0) path=) neocade=Texture2D(size=(16.0, 16.0) path=res://addons/neocade_theme/icons/tree_updown.svg)
INTENTIONAL_AUTHORED VBoxContainer.constant.separation default=4 neocade=2
DEFAULT_ONLY VFlowContainer.constant.h_separation default=4 neocade=<missing>
DEFAULT_ONLY VFlowContainer.constant.v_separation default=4 neocade=<missing>
INTENTIONAL_AUTHORED VScrollBar.stylebox.grabber default=StyleBoxFlat(bg=#ffffff66 border=0/0/0/0 border_color=#ccccccff radius=10/10/10/10 margin=4.0/4.0/4.0/4.0 expand=0.0/0.0/0.0/0.0 shadow=0 offset=(0.0, 0.0)) neocade=StyleBoxFlat(bg=#58e77952 border=0/0/0/0 border_color=#0f1523ff radius=0/0/0/0 margin=4.0/4.0/4.0/4.0 expand=0.0/0.0/0.0/0.0 shadow=0 offset=(0.0, 0.0))
INTENTIONAL_AUTHORED VScrollBar.stylebox.grabber_highlight default=StyleBoxFlat(bg=#ffffffbf border=0/0/0/0 border_color=#ccccccff radius=10/10/10/10 margin=4.0/4.0/4.0/4.0 expand=0.0/0.0/0.0/0.0 shadow=0 offset=(0.0, 0.0)) neocade=StyleBoxFlat(bg=#58e77980 border=0/0/0/0 border_color=#0f1523ff radius=0/0/0/0 margin=4.0/4.0/4.0/4.0 expand=0.0/0.0/0.0/0.0 shadow=0 offset=(0.0, 0.0))
INTENTIONAL_AUTHORED VScrollBar.stylebox.grabber_pressed default=StyleBoxFlat(bg=#bfbfbfbf border=0/0/0/0 border_color=#ccccccff radius=10/10/10/10 margin=4.0/4.0/4.0/4.0 expand=0.0/0.0/0.0/0.0 shadow=0 offset=(0.0, 0.0)) neocade=StyleBoxFlat(bg=#58e77980 border=0/0/0/0 border_color=#0f1523ff radius=0/0/0/0 margin=4.0/4.0/4.0/4.0 expand=0.0/0.0/0.0/0.0 shadow=0 offset=(0.0, 0.0))
INTENTIONAL_AUTHORED VScrollBar.stylebox.scroll default=StyleBoxFlat(bg=#1a1a1a99 border=0/0/0/0 border_color=#ccccccff radius=10/10/10/10 margin=4.0/0.0/4.0/0.0 expand=0.0/0.0/0.0/0.0 shadow=0 offset=(0.0, 0.0)) neocade=StyleBoxFlat(bg=#11182400 border=0/0/0/0 border_color=#0f1523ff radius=0/0/0/0 margin=4.0/0.0/4.0/0.0 expand=0.0/0.0/0.0/0.0 shadow=0 offset=(0.0, 0.0))
INTENTIONAL_AUTHORED VScrollBar.stylebox.scroll_focus default=StyleBoxFlat(bg=#ffffffbf border=2/2/2/2 border_color=#ccccccff radius=3/3/3/3 margin=4.0/4.0/4.0/4.0 expand=2.0/2.0/2.0/2.0 shadow=0 offset=(0.0, 0.0)) neocade=StyleBoxFlat(bg=#11182400 border=0/0/0/0 border_color=#0f1523ff radius=0/0/0/0 margin=4.0/0.0/4.0/0.0 expand=0.0/0.0/0.0/0.0 shadow=0 offset=(0.0, 0.0))
INTENTIONAL_AUTHORED VScrollBar.constant.padding_left default=<missing> neocade=0
INTENTIONAL_AUTHORED VScrollBar.constant.padding_right default=<missing> neocade=0
INTENTIONAL_AUTHORED VSlider.stylebox.grabber_area default=StyleBoxFlat(bg=#ffffff66 border=0/0/0/0 border_color=#ccccccff radius=4/4/4/4 margin=4.0/4.0/4.0/4.0 expand=0.0/0.0/0.0/0.0 shadow=0 offset=(0.0, 0.0)) neocade=StyleBoxFlat(bg=#58e779ff border=1/1/1/1 border_color=#0f1523ff radius=0/0/0/0 margin=2.0/0.0/2.0/0.0 expand=0.0/0.0/0.0/0.0 shadow=0 offset=(0.0, 0.0))
INTENTIONAL_AUTHORED VSlider.stylebox.grabber_area_highlight default=StyleBoxFlat(bg=#ffffffbf border=0/0/0/0 border_color=#ccccccff radius=4/4/4/4 margin=4.0/4.0/4.0/4.0 expand=0.0/0.0/0.0/0.0 shadow=0 offset=(0.0, 0.0)) neocade=StyleBoxFlat(bg=#58e779ff border=1/1/1/1 border_color=#0f1523ff radius=0/0/0/0 margin=2.0/0.0/2.0/0.0 expand=0.0/0.0/0.0/0.0 shadow=0 offset=(0.0, 0.0))
INTENTIONAL_AUTHORED VSlider.stylebox.slider default=StyleBoxFlat(bg=#1a1a1a99 border=0/0/0/0 border_color=#ccccccff radius=4/4/4/4 margin=4.0/4.0/4.0/4.0 expand=0.0/0.0/0.0/0.0 shadow=0 offset=(0.0, 0.0)) neocade=StyleBoxFlat(bg=#111824ff border=1/1/1/1 border_color=#0f1523ff radius=0/0/0/0 margin=2.0/0.0/2.0/0.0 expand=0.0/0.0/0.0/0.0 shadow=0 offset=(0.0, 0.0))
INTENTIONAL_AUTHORED VSlider.constant.center_grabber default=0 neocade=1
INTENTIONAL_AUTHORED VSlider.constant.tick_offset default=0 neocade=8
INTENTIONAL_AUTHORED VSlider.icon.tick default=Texture2D(size=(8.0, 4.0) path=) neocade=Texture2D(size=(16.0, 16.0) path=res://addons/neocade_theme/icons/slider_tick.svg)
INTENTIONAL_AUTHORED VSplitContainer.constant.separation default=12 neocade=6
INTENTIONAL_AUTHORED VSplitContainer.icon.grabber default=Texture2D(size=(48.0, 8.0) path=) neocade=Texture2D(size=(48.0, 6.0) path=)
INTENTIONAL_AUTHORED VSplitContainer.icon.touch_dragger default=Texture2D(size=(60.0, 30.0) path=) neocade=Texture2D(size=(16.0, 16.0) path=res://addons/neocade_theme/icons/split_touch_dragger_v.svg)
INTENTIONAL_AUTHORED WarningLabel.color.font_color default=<missing> neocade=#f4ee42ff
INTENTIONAL_AUTHORED WarningLabel.font.font default=Font(path=) neocade=Font(path=res://addons/neocade_theme/fonts/inter_variable.ttf)
INTENTIONAL_AUTHORED WarningLabel.font_size.font_size default=16 neocade=14
INTENTIONAL_AUTHORED WarningPanel.stylebox.panel default=<missing> neocade=StyleBoxFlat(bg=#f4ee420f border=1/1/1/2 border_color=#979329ff radius=0/0/0/0 margin=12.0/10.0/12.0/11.0 expand=0.0/0.0/0.0/0.0 shadow=0 offset=(0.0, 0.0))
INTENTIONAL_AUTHORED Window.stylebox.embedded_border default=StyleBoxFlat(bg=#404040ff border=0/0/0/0 border_color=#ccccccff radius=3/3/3/3 margin=10.0/28.0/10.0/8.0 expand=8.0/32.0/8.0/6.0 shadow=0 offset=(0.0, 0.0)) neocade=StyleBoxFlat(bg=#f4ee42ff border=1/1/1/2 border_color=#979329ff radius=0/0/0/0 margin=10.0/28.0/10.0/9.0 expand=8.0/32.0/8.0/6.0 shadow=0 offset=(0.0, 0.0))
INTENTIONAL_AUTHORED Window.stylebox.embedded_unfocused_border default=StyleBoxFlat(bg=#666666ff border=0/0/0/0 border_color=#ccccccff radius=3/3/3/3 margin=10.0/28.0/10.0/8.0 expand=8.0/32.0/8.0/6.0 shadow=0 offset=(0.0, 0.0)) neocade=StyleBoxFlat(bg=#f4ee42ff border=1/1/1/2 border_color=#979329ff radius=0/0/0/0 margin=10.0/28.0/10.0/9.0 expand=8.0/32.0/8.0/6.0 shadow=0 offset=(0.0, 0.0))
INTENTIONAL_AUTHORED Window.color.title_color default=#dfdfdfff neocade=#ffffffff
INTENTIONAL_AUTHORED Window.color.title_outline_modulate default=#000000ff neocade=#0f1523ff
INTENTIONAL_AUTHORED Window.constant.title_height default=36 neocade=32
INTENTIONAL_AUTHORED Window.font.title_font default=Font(path=) neocade=Font(path=res://addons/neocade_theme/fonts/inter_header_small.tres)
INTENTIONAL_AUTHORED Window.icon.close default=Texture2D(size=(16.0, 16.0) path=) neocade=Texture2D(size=(16.0, 16.0) path=res://addons/neocade_theme/icons/close.svg)
INTENTIONAL_AUTHORED Window.icon.close_pressed default=Texture2D(size=(16.0, 16.0) path=) neocade=Texture2D(size=(16.0, 16.0) path=res://addons/neocade_theme/icons/close.svg)
INTENTIONAL_AUTHORED WindowContentPanel.stylebox.panel default=<missing> neocade=StyleBoxFlat(bg=#111824ff border=0/0/0/0 border_color=#0f1523ff radius=0/0/0/0 margin=0.0/0.0/0.0/0.0 expand=0.0/0.0/0.0/0.0 shadow=0 offset=(0.0, 0.0))

## pulse-mobile-flat
INTENTIONAL_AUTHORED AccentPanel.stylebox.panel default=<missing> neocade=StyleBoxFlat(bg=#f6fc4d0f border=1/1/1/1 border_color=#0f1523ff radius=0/0/0/0 margin=18.0/15.0/18.0/15.0 expand=0.0/0.0/0.0/0.0 shadow=0 offset=(0.0, 0.0))
INTENTIONAL_AUTHORED AcceptDialog.stylebox.panel default=StyleBoxFlat(bg=#404040ff border=0/0/0/0 border_color=#ccccccff radius=0/0/0/0 margin=8.0/8.0/8.0/8.0 expand=0.0/0.0/0.0/0.0 shadow=0 offset=(0.0, 0.0)) neocade=StyleBoxFlat(bg=#151e2fff border=1/1/1/1 border_color=#0f1523ff radius=0/0/0/0 margin=18.0/15.0/18.0/15.0 expand=0.0/0.0/0.0/0.0 shadow=0 offset=(0.0, 0.0))
INTENTIONAL_AUTHORED AcceptDialog.constant.buttons_separation default=10 neocade=12
DEFAULT_ONLY BoxContainer.constant.separation default=4 neocade=<missing>
INTENTIONAL_AUTHORED Button.stylebox.disabled default=StyleBoxFlat(bg=#1a1a1a4d border=0/0/0/0 border_color=#ccccccff radius=3/3/3/3 margin=4.0/4.0/4.0/4.0 expand=0.0/0.0/0.0/0.0 shadow=0 offset=(0.0, 0.0)) neocade=StyleBoxFlat(bg=#717742ff border=0/0/0/0 border_color=#0f1523ff radius=0/0/0/0 margin=18.0/14.0/18.0/14.0 expand=0.0/0.0/0.0/0.0 shadow=0 offset=(0.0, 0.0))
INTENTIONAL_AUTHORED Button.stylebox.disabled_mirrored default=<missing> neocade=StyleBoxFlat(bg=#717742ff border=0/0/0/0 border_color=#0f1523ff radius=0/0/0/0 margin=18.0/14.0/18.0/14.0 expand=0.0/0.0/0.0/0.0 shadow=0 offset=(0.0, 0.0))
INTENTIONAL_AUTHORED Button.stylebox.focus default=StyleBoxFlat(bg=#ffffffbf border=2/2/2/2 border_color=#ccccccff radius=3/3/3/3 margin=4.0/4.0/4.0/4.0 expand=2.0/2.0/2.0/2.0 shadow=0 offset=(0.0, 0.0)) neocade=StyleBoxFlat(bg=#00000000 border=2/2/2/2 border_color=#f6fc4dff radius=0/0/0/0 margin=-1.0/-1.0/-1.0/-1.0 expand=0.0/0.0/0.0/0.0 shadow=0 offset=(0.0, 0.0))
INTENTIONAL_AUTHORED Button.stylebox.hover default=StyleBoxFlat(bg=#39393999 border=0/0/0/0 border_color=#ccccccff radius=3/3/3/3 margin=4.0/4.0/4.0/4.0 expand=0.0/0.0/0.0/0.0 shadow=0 offset=(0.0, 0.0)) neocade=StyleBoxFlat(bg=#e5df3eff border=1/1/1/1 border_color=#85832bff radius=0/0/0/0 margin=18.0/14.0/18.0/14.0 expand=0.0/0.0/0.0/0.0 shadow=0 offset=(0.0, 0.0))
INTENTIONAL_AUTHORED Button.stylebox.hover_mirrored default=<missing> neocade=StyleBoxFlat(bg=#e5df3eff border=1/1/1/1 border_color=#85832bff radius=0/0/0/0 margin=18.0/14.0/18.0/14.0 expand=0.0/0.0/0.0/0.0 shadow=0 offset=(0.0, 0.0))
INTENTIONAL_AUTHORED Button.stylebox.hover_pressed default=<missing> neocade=StyleBoxFlat(bg=#dbd63bff border=1/1/1/1 border_color=#807e29ff radius=0/0/0/0 margin=18.0/14.0/18.0/14.0 expand=0.0/0.0/0.0/0.0 shadow=0 offset=(0.0, 0.0))
INTENTIONAL_AUTHORED Button.stylebox.hover_pressed_mirrored default=<missing> neocade=StyleBoxFlat(bg=#dbd63bff border=1/1/1/1 border_color=#807e29ff radius=0/0/0/0 margin=18.0/14.0/18.0/14.0 expand=0.0/0.0/0.0/0.0 shadow=0 offset=(0.0, 0.0))
INTENTIONAL_AUTHORED Button.stylebox.normal default=StyleBoxFlat(bg=#1a1a1a99 border=0/0/0/0 border_color=#ccccccff radius=3/3/3/3 margin=4.0/4.0/4.0/4.0 expand=0.0/0.0/0.0/0.0 shadow=0 offset=(0.0, 0.0)) neocade=StyleBoxFlat(bg=#f4ee42ff border=1/1/1/1 border_color=#8d8b2dff radius=0/0/0/0 margin=18.0/14.0/18.0/14.0 expand=0.0/0.0/0.0/0.0 shadow=0 offset=(0.0, 0.0))
INTENTIONAL_AUTHORED Button.stylebox.normal_mirrored default=<missing> neocade=StyleBoxFlat(bg=#f4ee42ff border=1/1/1/1 border_color=#8d8b2dff radius=0/0/0/0 margin=18.0/14.0/18.0/14.0 expand=0.0/0.0/0.0/0.0 shadow=0 offset=(0.0, 0.0))
INTENTIONAL_AUTHORED Button.stylebox.pressed default=StyleBoxFlat(bg=#00000099 border=0/0/0/0 border_color=#ccccccff radius=3/3/3/3 margin=4.0/4.0/4.0/4.0 expand=0.0/0.0/0.0/0.0 shadow=0 offset=(0.0, 0.0)) neocade=StyleBoxFlat(bg=#dbd63bff border=1/1/1/1 border_color=#807e29ff radius=0/0/0/0 margin=18.0/14.0/18.0/14.0 expand=0.0/0.0/0.0/0.0 shadow=0 offset=(0.0, 0.0))
INTENTIONAL_AUTHORED Button.stylebox.pressed_mirrored default=<missing> neocade=StyleBoxFlat(bg=#dbd63bff border=1/1/1/1 border_color=#807e29ff radius=0/0/0/0 margin=18.0/14.0/18.0/14.0 expand=0.0/0.0/0.0/0.0 shadow=0 offset=(0.0, 0.0))
INTENTIONAL_AUTHORED Button.color.font_color default=#dfdfdfff neocade=#000000ff
INTENTIONAL_AUTHORED Button.color.font_disabled_color default=#dfdfdf80 neocade=#0000006b
INTENTIONAL_AUTHORED Button.color.font_focus_color default=#f2f2f2ff neocade=#000000ff
INTENTIONAL_AUTHORED Button.color.font_hover_color default=#f2f2f2ff neocade=#000000ff
INTENTIONAL_AUTHORED Button.color.font_hover_pressed_color default=#ffffffff neocade=#000000ff
DEFAULT_ONLY Button.color.font_outline_color default=#000000ff neocade=<missing>
INTENTIONAL_AUTHORED Button.color.font_pressed_color default=#ffffffff neocade=#000000ff
INTENTIONAL_AUTHORED Button.color.icon_disabled_color default=#ffffff66 neocade=#0000006b
INTENTIONAL_AUTHORED Button.color.icon_focus_color default=#ffffffff neocade=#000000ff
INTENTIONAL_AUTHORED Button.color.icon_hover_color default=#ffffffff neocade=#000000ff
INTENTIONAL_AUTHORED Button.color.icon_hover_pressed_color default=#ffffffff neocade=#000000ff
INTENTIONAL_AUTHORED Button.color.icon_normal_color default=#ffffffff neocade=#000000ff
INTENTIONAL_AUTHORED Button.color.icon_pressed_color default=#ffffffff neocade=#000000ff
DEFAULT_ONLY Button.constant.align_to_largest_stylebox default=0 neocade=<missing>
INTENTIONAL_AUTHORED Button.constant.h_separation default=4 neocade=12
DEFAULT_ONLY Button.constant.icon_max_width default=0 neocade=<missing>
DEFAULT_ONLY Button.constant.outline_size default=0 neocade=<missing>
INTENTIONAL_AUTHORED Button.font.font default=Font(path=) neocade=Font(path=res://addons/neocade_theme/fonts/inter_variable.ttf)
INTENTIONAL_AUTHORED Caption.color.font_color default=<missing> neocade=#ffffffff
INTENTIONAL_AUTHORED Caption.font.font default=Font(path=) neocade=Font(path=res://addons/neocade_theme/fonts/inter_variable.ttf)
INTENTIONAL_AUTHORED Caption.font_size.font_size default=16 neocade=14
INTENTIONAL_AUTHORED CardPanel.stylebox.panel default=<missing> neocade=StyleBoxFlat(bg=#212e42ff border=1/1/1/1 border_color=#0f1523ff radius=0/0/0/0 margin=18.0/15.0/18.0/15.0 expand=0.0/0.0/0.0/0.0 shadow=0 offset=(0.0, 0.0))
INTENTIONAL_AUTHORED CardPanel.color.font_color default=<missing> neocade=#ffffffff
INTENTIONAL_AUTHORED CardPanel.font.font default=Font(path=) neocade=Font(path=res://addons/neocade_theme/fonts/inter_variable.ttf)
INTENTIONAL_AUTHORED CheckBox.stylebox.disabled default=StyleBoxEmpty neocade=StyleBoxFlat(bg=#212e4200 border=0/0/0/0 border_color=#0f1523ff radius=0/0/0/0 margin=6.0/2.0/6.0/2.0 expand=0.0/0.0/0.0/0.0 shadow=0 offset=(0.0, 0.0))
INTENTIONAL_AUTHORED CheckBox.stylebox.disabled_mirrored default=<missing> neocade=StyleBoxFlat(bg=#212e4200 border=0/0/0/0 border_color=#0f1523ff radius=0/0/0/0 margin=6.0/2.0/6.0/2.0 expand=0.0/0.0/0.0/0.0 shadow=0 offset=(0.0, 0.0))
INTENTIONAL_AUTHORED CheckBox.stylebox.focus default=StyleBoxFlat(bg=#ffffffbf border=2/2/2/2 border_color=#ccccccff radius=3/3/3/3 margin=4.0/4.0/4.0/4.0 expand=2.0/2.0/2.0/2.0 shadow=0 offset=(0.0, 0.0)) neocade=StyleBoxFlat(bg=#00000000 border=2/2/2/2 border_color=#f6fc4dff radius=0/0/0/0 margin=-1.0/-1.0/-1.0/-1.0 expand=0.0/0.0/0.0/0.0 shadow=0 offset=(0.0, 0.0))
INTENTIONAL_AUTHORED CheckBox.stylebox.hover default=StyleBoxEmpty neocade=StyleBoxFlat(bg=#242b3c00 border=0/0/0/0 border_color=#0f1523ff radius=0/0/0/0 margin=6.0/2.0/6.0/2.0 expand=0.0/0.0/0.0/0.0 shadow=0 offset=(0.0, 0.0))
INTENTIONAL_AUTHORED CheckBox.stylebox.hover_mirrored default=<missing> neocade=StyleBoxFlat(bg=#242b3c00 border=0/0/0/0 border_color=#0f1523ff radius=0/0/0/0 margin=6.0/2.0/6.0/2.0 expand=0.0/0.0/0.0/0.0 shadow=0 offset=(0.0, 0.0))
INTENTIONAL_AUTHORED CheckBox.stylebox.hover_pressed default=StyleBoxEmpty neocade=StyleBoxFlat(bg=#131b2a00 border=0/0/0/0 border_color=#0f1523ff radius=0/0/0/0 margin=6.0/2.0/6.0/2.0 expand=0.0/0.0/0.0/0.0 shadow=0 offset=(0.0, 0.0))
INTENTIONAL_AUTHORED CheckBox.stylebox.hover_pressed_mirrored default=<missing> neocade=StyleBoxFlat(bg=#131b2a00 border=0/0/0/0 border_color=#0f1523ff radius=0/0/0/0 margin=6.0/2.0/6.0/2.0 expand=0.0/0.0/0.0/0.0 shadow=0 offset=(0.0, 0.0))
INTENTIONAL_AUTHORED CheckBox.stylebox.normal default=StyleBoxEmpty neocade=StyleBoxFlat(bg=#212e4200 border=0/0/0/0 border_color=#0f1523ff radius=0/0/0/0 margin=6.0/2.0/6.0/2.0 expand=0.0/0.0/0.0/0.0 shadow=0 offset=(0.0, 0.0))
INTENTIONAL_AUTHORED CheckBox.stylebox.normal_mirrored default=<missing> neocade=StyleBoxFlat(bg=#212e4200 border=0/0/0/0 border_color=#0f1523ff radius=0/0/0/0 margin=6.0/2.0/6.0/2.0 expand=0.0/0.0/0.0/0.0 shadow=0 offset=(0.0, 0.0))
INTENTIONAL_AUTHORED CheckBox.stylebox.pressed default=StyleBoxEmpty neocade=StyleBoxFlat(bg=#131b2a00 border=0/0/0/0 border_color=#0f1523ff radius=0/0/0/0 margin=6.0/2.0/6.0/2.0 expand=0.0/0.0/0.0/0.0 shadow=0 offset=(0.0, 0.0))
INTENTIONAL_AUTHORED CheckBox.stylebox.pressed_mirrored default=<missing> neocade=StyleBoxFlat(bg=#131b2a00 border=0/0/0/0 border_color=#0f1523ff radius=0/0/0/0 margin=6.0/2.0/6.0/2.0 expand=0.0/0.0/0.0/0.0 shadow=0 offset=(0.0, 0.0))
INTENTIONAL_AUTHORED CheckBox.color.checkbox_checked_color default=#ffffffff neocade=#58e779ff
INTENTIONAL_AUTHORED CheckBox.color.checkbox_unchecked_color default=#ffffffff neocade=#367457ff
INTENTIONAL_AUTHORED CheckBox.color.font_color default=#dfdfdfff neocade=#ffffffff
INTENTIONAL_AUTHORED CheckBox.color.font_disabled_color default=#dfdfdf80 neocade=#ffffff6b
INTENTIONAL_AUTHORED CheckBox.color.font_focus_color default=#f2f2f2ff neocade=#ffffffff
INTENTIONAL_AUTHORED CheckBox.color.font_hover_color default=#f2f2f2ff neocade=#ffffffff
DEFAULT_ONLY CheckBox.color.font_outline_color default=#000000ff neocade=<missing>
INTENTIONAL_AUTHORED CheckBox.constant.h_separation default=4 neocade=12
DEFAULT_ONLY CheckBox.constant.outline_size default=0 neocade=<missing>
INTENTIONAL_AUTHORED CheckBox.font.font default=Font(path=) neocade=Font(path=res://addons/neocade_theme/fonts/inter_variable.ttf)
INTENTIONAL_AUTHORED CheckBox.icon.checked default=Texture2D(size=(16.0, 16.0) path=) neocade=Texture2D(size=(40.0, 40.0) path=)
INTENTIONAL_AUTHORED CheckBox.icon.checked_disabled default=Texture2D(size=(16.0, 16.0) path=) neocade=Texture2D(size=(40.0, 40.0) path=)
INTENTIONAL_AUTHORED CheckBox.icon.radio_checked default=Texture2D(size=(16.0, 16.0) path=) neocade=Texture2D(size=(40.0, 40.0) path=)
INTENTIONAL_AUTHORED CheckBox.icon.radio_checked_disabled default=Texture2D(size=(16.0, 16.0) path=) neocade=Texture2D(size=(40.0, 40.0) path=)
INTENTIONAL_AUTHORED CheckBox.icon.radio_unchecked default=Texture2D(size=(16.0, 16.0) path=) neocade=Texture2D(size=(40.0, 40.0) path=)
INTENTIONAL_AUTHORED CheckBox.icon.radio_unchecked_disabled default=Texture2D(size=(16.0, 16.0) path=) neocade=Texture2D(size=(40.0, 40.0) path=)
INTENTIONAL_AUTHORED CheckBox.icon.unchecked default=Texture2D(size=(16.0, 16.0) path=) neocade=Texture2D(size=(40.0, 40.0) path=)
INTENTIONAL_AUTHORED CheckBox.icon.unchecked_disabled default=Texture2D(size=(16.0, 16.0) path=) neocade=Texture2D(size=(40.0, 40.0) path=)
INTENTIONAL_AUTHORED CheckBoxNoIconTint.color.icon_hover_color default=<missing> neocade=#ffffffff
INTENTIONAL_AUTHORED CheckBoxNoIconTint.color.icon_hover_pressed_color default=<missing> neocade=#ffffffff
INTENTIONAL_AUTHORED CheckBoxNoIconTint.color.icon_pressed_color default=<missing> neocade=#ffffffff
INTENTIONAL_AUTHORED CheckButton.stylebox.disabled default=StyleBoxEmpty neocade=StyleBoxFlat(bg=#212e4200 border=0/0/0/0 border_color=#0f1523ff radius=0/0/0/0 margin=6.0/2.0/6.0/2.0 expand=0.0/0.0/0.0/0.0 shadow=0 offset=(0.0, 0.0))
INTENTIONAL_AUTHORED CheckButton.stylebox.disabled_mirrored default=<missing> neocade=StyleBoxFlat(bg=#212e4200 border=0/0/0/0 border_color=#0f1523ff radius=0/0/0/0 margin=6.0/2.0/6.0/2.0 expand=0.0/0.0/0.0/0.0 shadow=0 offset=(0.0, 0.0))
INTENTIONAL_AUTHORED CheckButton.stylebox.focus default=StyleBoxFlat(bg=#ffffffbf border=2/2/2/2 border_color=#ccccccff radius=3/3/3/3 margin=4.0/4.0/4.0/4.0 expand=2.0/2.0/2.0/2.0 shadow=0 offset=(0.0, 0.0)) neocade=StyleBoxFlat(bg=#00000000 border=2/2/2/2 border_color=#f6fc4dff radius=0/0/0/0 margin=-1.0/-1.0/-1.0/-1.0 expand=0.0/0.0/0.0/0.0 shadow=0 offset=(0.0, 0.0))
INTENTIONAL_AUTHORED CheckButton.stylebox.hover default=StyleBoxEmpty neocade=StyleBoxFlat(bg=#242b3c00 border=0/0/0/0 border_color=#0f1523ff radius=0/0/0/0 margin=6.0/2.0/6.0/2.0 expand=0.0/0.0/0.0/0.0 shadow=0 offset=(0.0, 0.0))
INTENTIONAL_AUTHORED CheckButton.stylebox.hover_mirrored default=<missing> neocade=StyleBoxFlat(bg=#242b3c00 border=0/0/0/0 border_color=#0f1523ff radius=0/0/0/0 margin=6.0/2.0/6.0/2.0 expand=0.0/0.0/0.0/0.0 shadow=0 offset=(0.0, 0.0))
INTENTIONAL_AUTHORED CheckButton.stylebox.hover_pressed default=StyleBoxEmpty neocade=StyleBoxFlat(bg=#131b2a00 border=0/0/0/0 border_color=#0f1523ff radius=0/0/0/0 margin=6.0/2.0/6.0/2.0 expand=0.0/0.0/0.0/0.0 shadow=0 offset=(0.0, 0.0))
INTENTIONAL_AUTHORED CheckButton.stylebox.hover_pressed_mirrored default=<missing> neocade=StyleBoxFlat(bg=#131b2a00 border=0/0/0/0 border_color=#0f1523ff radius=0/0/0/0 margin=6.0/2.0/6.0/2.0 expand=0.0/0.0/0.0/0.0 shadow=0 offset=(0.0, 0.0))
INTENTIONAL_AUTHORED CheckButton.stylebox.normal default=StyleBoxEmpty neocade=StyleBoxFlat(bg=#212e4200 border=0/0/0/0 border_color=#0f1523ff radius=0/0/0/0 margin=6.0/2.0/6.0/2.0 expand=0.0/0.0/0.0/0.0 shadow=0 offset=(0.0, 0.0))
INTENTIONAL_AUTHORED CheckButton.stylebox.normal_mirrored default=<missing> neocade=StyleBoxFlat(bg=#212e4200 border=0/0/0/0 border_color=#0f1523ff radius=0/0/0/0 margin=6.0/2.0/6.0/2.0 expand=0.0/0.0/0.0/0.0 shadow=0 offset=(0.0, 0.0))
INTENTIONAL_AUTHORED CheckButton.stylebox.pressed default=StyleBoxEmpty neocade=StyleBoxFlat(bg=#131b2a00 border=0/0/0/0 border_color=#0f1523ff radius=0/0/0/0 margin=6.0/2.0/6.0/2.0 expand=0.0/0.0/0.0/0.0 shadow=0 offset=(0.0, 0.0))
INTENTIONAL_AUTHORED CheckButton.stylebox.pressed_mirrored default=<missing> neocade=StyleBoxFlat(bg=#131b2a00 border=0/0/0/0 border_color=#0f1523ff radius=0/0/0/0 margin=6.0/2.0/6.0/2.0 expand=0.0/0.0/0.0/0.0 shadow=0 offset=(0.0, 0.0))
INTENTIONAL_AUTHORED CheckButton.color.button_checked_color default=#ffffffff neocade=#58e779ff
INTENTIONAL_AUTHORED CheckButton.color.button_unchecked_color default=#ffffffff neocade=#367457ff
INTENTIONAL_AUTHORED CheckButton.color.font_color default=#dfdfdfff neocade=#ffffffff
INTENTIONAL_AUTHORED CheckButton.color.font_disabled_color default=#dfdfdf80 neocade=#ffffff6b
INTENTIONAL_AUTHORED CheckButton.color.font_focus_color default=#f2f2f2ff neocade=#ffffffff
INTENTIONAL_AUTHORED CheckButton.color.font_hover_color default=#f2f2f2ff neocade=#ffffffff
DEFAULT_ONLY CheckButton.color.font_outline_color default=#000000ff neocade=<missing>
DEFAULT_ONLY CheckButton.constant.check_v_offset default=0 neocade=<missing>
DEFAULT_ONLY CheckButton.constant.h_separation default=4 neocade=<missing>
DEFAULT_ONLY CheckButton.constant.outline_size default=0 neocade=<missing>
INTENTIONAL_AUTHORED CheckButton.font.font default=Font(path=) neocade=Font(path=res://addons/neocade_theme/fonts/inter_variable.ttf)
INTENTIONAL_AUTHORED CheckButton.icon.checked default=Texture2D(size=(32.0, 16.0) path=) neocade=Texture2D(size=(57.0, 30.0) path=)
INTENTIONAL_AUTHORED CheckButton.icon.checked_disabled default=Texture2D(size=(32.0, 16.0) path=) neocade=Texture2D(size=(57.0, 30.0) path=)
INTENTIONAL_AUTHORED CheckButton.icon.checked_disabled_mirrored default=Texture2D(size=(32.0, 16.0) path=) neocade=Texture2D(size=(57.0, 30.0) path=)
INTENTIONAL_AUTHORED CheckButton.icon.checked_mirrored default=Texture2D(size=(32.0, 16.0) path=) neocade=Texture2D(size=(57.0, 30.0) path=)
INTENTIONAL_AUTHORED CheckButton.icon.unchecked default=Texture2D(size=(32.0, 16.0) path=) neocade=Texture2D(size=(57.0, 30.0) path=)
INTENTIONAL_AUTHORED CheckButton.icon.unchecked_disabled default=Texture2D(size=(32.0, 16.0) path=) neocade=Texture2D(size=(57.0, 30.0) path=)
INTENTIONAL_AUTHORED CheckButton.icon.unchecked_disabled_mirrored default=Texture2D(size=(32.0, 16.0) path=) neocade=Texture2D(size=(57.0, 30.0) path=)
INTENTIONAL_AUTHORED CheckButton.icon.unchecked_mirrored default=Texture2D(size=(32.0, 16.0) path=) neocade=Texture2D(size=(57.0, 30.0) path=)
INTENTIONAL_AUTHORED CodeEdit.stylebox.completion default=StyleBoxFlat(bg=#1a1a1a99 border=0/0/0/0 border_color=#ccccccff radius=3/3/3/3 margin=0.0/0.0/0.0/0.0 expand=0.0/0.0/0.0/0.0 shadow=0 offset=(0.0, 0.0)) neocade=StyleBoxFlat(bg=#243952ff border=1/1/1/1 border_color=#080c16ff radius=0/0/0/0 margin=0.0/0.0/0.0/0.0 expand=0.0/0.0/0.0/0.0 shadow=0 offset=(0.0, 0.0))
INTENTIONAL_AUTHORED CodeEdit.stylebox.focus default=StyleBoxFlat(bg=#ffffffbf border=2/2/2/2 border_color=#ccccccff radius=3/3/3/3 margin=4.0/4.0/4.0/4.0 expand=2.0/2.0/2.0/2.0 shadow=0 offset=(0.0, 0.0)) neocade=StyleBoxFlat(bg=#00000000 border=2/2/2/2 border_color=#f6fc4dff radius=0/0/0/0 margin=-1.0/-1.0/-1.0/-1.0 expand=0.0/0.0/0.0/0.0 shadow=0 offset=(0.0, 0.0))
INTENTIONAL_AUTHORED CodeEdit.stylebox.normal default=StyleBoxFlat(bg=#1a1a1a99 border=0/0/0/2 border_color=#00000099 radius=3/3/3/3 margin=4.0/4.0/4.0/4.0 expand=0.0/0.0/0.0/0.0 shadow=0 offset=(0.0, 0.0)) neocade=StyleBoxFlat(bg=#243952ff border=0/0/0/0 border_color=#243952ff radius=0/0/0/0 margin=15.0/11.0/15.0/11.0 expand=0.0/0.0/0.0/0.0 shadow=0 offset=(0.0, 0.0))
INTENTIONAL_AUTHORED CodeEdit.stylebox.read_only default=StyleBoxFlat(bg=#1a1a1a4d border=0/0/0/2 border_color=#0000004d radius=3/3/3/3 margin=4.0/4.0/4.0/4.0 expand=0.0/0.0/0.0/0.0 shadow=0 offset=(0.0, 0.0)) neocade=StyleBoxFlat(bg=#2639516b border=0/0/0/0 border_color=#0f1523ff radius=0/0/0/0 margin=15.0/11.0/15.0/11.0 expand=0.0/0.0/0.0/0.0 shadow=0 offset=(0.0, 0.0))
DEFAULT_ONLY CodeEdit.color.background_color default=#00000000 neocade=<missing>
INTENTIONAL_AUTHORED CodeEdit.color.bookmark_color default=#80a3ffcc neocade=#f4ee42ff
INTENTIONAL_AUTHORED CodeEdit.color.brace_mismatch_color default=#ff3333ff neocade=#c63151ff
INTENTIONAL_AUTHORED CodeEdit.color.breakpoint_color default=#e54a4dff neocade=#c63151ff
DEFAULT_ONLY CodeEdit.color.caret_background_color default=#000000ff neocade=<missing>
INTENTIONAL_AUTHORED CodeEdit.color.caret_color default=#dfdfdfff neocade=#f6fc4dff
INTENTIONAL_AUTHORED CodeEdit.color.code_folding_color default=#cccccccc neocade=#abaeb4ff
INTENTIONAL_AUTHORED CodeEdit.color.completion_background_color default=#2b2933ff neocade=#243952ff
INTENTIONAL_AUTHORED CodeEdit.color.completion_existing_color default=#dedede21 neocade=#e5df3eb8
INTENTIONAL_AUTHORED CodeEdit.color.completion_scroll_color default=#ffffff4a neocade=#abaeb45c
INTENTIONAL_AUTHORED CodeEdit.color.completion_scroll_hovered_color default=#ffffff66 neocade=#ffffff80
INTENTIONAL_AUTHORED CodeEdit.color.completion_selected_color default=#424245ff neocade=#dbd63bdb
INTENTIONAL_AUTHORED CodeEdit.color.current_line_color default=#404042cc neocade=#364960ff
INTENTIONAL_AUTHORED CodeEdit.color.executing_line_color default=#fae345ff neocade=#f6fc4dff
INTENTIONAL_AUTHORED CodeEdit.color.folded_code_region_color default=#ad75c433 neocade=#abaeb45c
INTENTIONAL_AUTHORED CodeEdit.color.font_color default=#dfdfdfff neocade=#ffffffff
DEFAULT_ONLY CodeEdit.color.font_outline_color default=#000000ff neocade=<missing>
INTENTIONAL_AUTHORED CodeEdit.color.font_placeholder_color default=#dfdfdf99 neocade=#abaeb4ff
INTENTIONAL_AUTHORED CodeEdit.color.font_readonly_color default=#dfdfdf80 neocade=#abaeb46b
INTENTIONAL_AUTHORED CodeEdit.color.font_selected_color default=#00000000 neocade=#000000ff
INTENTIONAL_AUTHORED CodeEdit.color.line_length_guideline_color default=#4d80cc1a neocade=#0f1523ff
INTENTIONAL_AUTHORED CodeEdit.color.line_number_color default=#ababab66 neocade=#abaeb4ff
INTENTIONAL_AUTHORED CodeEdit.color.search_result_border_color default=#4d4d4d66 neocade=#f4ee42a3
INTENTIONAL_AUTHORED CodeEdit.color.search_result_color default=#4d4d4dff neocade=#f4ee4233
INTENTIONAL_AUTHORED CodeEdit.color.selection_color default=#808080ff neocade=#f6fc4dff
INTENTIONAL_AUTHORED CodeEdit.color.word_highlighted_color default=#cce5e526 neocade=#f6fc4d29
INTENTIONAL_AUTHORED CodeEdit.constant.line_spacing default=4 neocade=6
INTENTIONAL_AUTHORED CodeEdit.font.font default=Font(path=) neocade=Font(path=res://addons/neocade_theme/fonts/inter_variable.ttf)
DEFAULT_ONLY CodeEdit.icon.bookmark default=Texture2D(size=(16.0, 16.0) path=) neocade=<missing>
DEFAULT_ONLY CodeEdit.icon.breakpoint default=Texture2D(size=(16.0, 16.0) path=) neocade=<missing>
DEFAULT_ONLY CodeEdit.icon.can_fold default=Texture2D(size=(16.0, 16.0) path=) neocade=<missing>
DEFAULT_ONLY CodeEdit.icon.can_fold_code_region default=Texture2D(size=(12.0, 12.0) path=) neocade=<missing>
DEFAULT_ONLY CodeEdit.icon.completion_color_bg default=Texture2D(size=(16.0, 16.0) path=) neocade=<missing>
DEFAULT_ONLY CodeEdit.icon.executing_line default=Texture2D(size=(16.0, 16.0) path=) neocade=<missing>
INTENTIONAL_AUTHORED CodeEdit.icon.folded default=Texture2D(size=(16.0, 16.0) path=) neocade=Texture2D(size=(16.0, 16.0) path=res://addons/neocade_theme/icons/code_folded.svg)
DEFAULT_ONLY CodeEdit.icon.folded_code_region default=Texture2D(size=(12.0, 12.0) path=) neocade=<missing>
DEFAULT_ONLY CodeEdit.icon.folded_eol_icon default=Texture2D(size=(14.0, 8.0) path=) neocade=<missing>
DEFAULT_ONLY CodeEdit.icon.space default=Texture2D(size=(8.0, 8.0) path=) neocade=<missing>
DEFAULT_ONLY CodeEdit.icon.tab default=Texture2D(size=(8.0, 8.0) path=) neocade=<missing>
INTENTIONAL_AUTHORED CodeLabel.color.font_color default=<missing> neocade=#ffffffff
INTENTIONAL_AUTHORED CodeLabel.font.font default=Font(path=) neocade=Font(path=res://addons/neocade_theme/fonts/inter_variable.ttf)
INTENTIONAL_AUTHORED CodeLabel.font_size.font_size default=16 neocade=14
INTENTIONAL_AUTHORED ColorPicker.stylebox.picker_focus_circle default=StyleBoxFlat(bg=#ffffffbf border=2/2/2/2 border_color=#ccccccff radius=256/256/256/256 margin=4.0/4.0/4.0/4.0 expand=0.0/0.0/0.0/0.0 shadow=0 offset=(0.0, 0.0)) neocade=StyleBoxFlat(bg=#00000000 border=2/2/2/2 border_color=#f6fc4dff radius=999/999/999/999 margin=-1.0/-1.0/-1.0/-1.0 expand=0.0/0.0/0.0/0.0 shadow=0 offset=(0.0, 0.0))
INTENTIONAL_AUTHORED ColorPicker.stylebox.picker_focus_rectangle default=StyleBoxFlat(bg=#ffffffbf border=2/2/2/2 border_color=#ccccccff radius=3/3/3/3 margin=4.0/4.0/4.0/4.0 expand=2.0/2.0/2.0/2.0 shadow=0 offset=(0.0, 0.0)) neocade=StyleBoxFlat(bg=#00000000 border=2/2/2/2 border_color=#f6fc4dff radius=2/2/2/2 margin=-1.0/-1.0/-1.0/-1.0 expand=0.0/0.0/0.0/0.0 shadow=0 offset=(0.0, 0.0))
INTENTIONAL_AUTHORED ColorPicker.stylebox.sample_focus default=StyleBoxFlat(bg=#ffffffbf border=2/2/2/2 border_color=#ccccccff radius=3/3/3/3 margin=4.0/4.0/4.0/4.0 expand=2.0/2.0/2.0/2.0 shadow=0 offset=(0.0, 0.0)) neocade=StyleBoxFlat(bg=#00000000 border=2/2/2/2 border_color=#f6fc4dff radius=0/0/0/0 margin=-1.0/-1.0/-1.0/-1.0 expand=0.0/0.0/0.0/0.0 shadow=0 offset=(0.0, 0.0))
INTENTIONAL_AUTHORED ColorPicker.color.focused_not_editing_cursor_color default=#ffffff46 neocade=#f6fc4dff
INTENTIONAL_AUTHORED ColorPicker.constant.h_width default=30 neocade=24
INTENTIONAL_AUTHORED ColorPicker.constant.label_width default=10 neocade=64
INTENTIONAL_AUTHORED ColorPicker.constant.margin default=4 neocade=12
INTENTIONAL_AUTHORED ColorPicker.constant.sv_height default=256 neocade=180
INTENTIONAL_AUTHORED ColorPicker.constant.sv_width default=256 neocade=240
INTENTIONAL_AUTHORED ColorPicker.icon.add_preset default=Texture2D(size=(16.0, 16.0) path=) neocade=Texture2D(size=(16.0, 16.0) path=res://addons/neocade_theme/icons/colorpicker_add_preset.svg)
INTENTIONAL_AUTHORED ColorPicker.icon.bar_arrow default=Texture2D(size=(16.0, 16.0) path=) neocade=Texture2D(size=(16.0, 16.0) path=res://addons/neocade_theme/icons/colorpicker_bar_arrow.svg)
INTENTIONAL_AUTHORED ColorPicker.icon.color_script default=Texture2D(size=(16.0, 16.0) path=) neocade=Texture2D(size=(16.0, 16.0) path=res://addons/neocade_theme/icons/colorpicker_color_script.svg)
INTENTIONAL_AUTHORED ColorPicker.icon.expanded_arrow default=Texture2D(size=(16.0, 16.0) path=) neocade=Texture2D(size=(16.0, 16.0) path=res://addons/neocade_theme/icons/colorpicker_expanded_arrow.svg)
INTENTIONAL_AUTHORED ColorPicker.icon.folded_arrow default=Texture2D(size=(16.0, 16.0) path=) neocade=Texture2D(size=(16.0, 16.0) path=res://addons/neocade_theme/icons/colorpicker_folded_arrow.svg)
INTENTIONAL_AUTHORED ColorPicker.icon.menu_option default=Texture2D(size=(16.0, 16.0) path=) neocade=Texture2D(size=(16.0, 16.0) path=res://addons/neocade_theme/icons/colorpicker_menu_option.svg)
INTENTIONAL_AUTHORED ColorPicker.icon.overbright_indicator default=Texture2D(size=(16.0, 16.0) path=) neocade=Texture2D(size=(16.0, 16.0) path=res://addons/neocade_theme/icons/colorpicker_overbright_indicator.svg)
INTENTIONAL_AUTHORED ColorPicker.icon.picker_cursor default=Texture2D(size=(12.0, 12.0) path=) neocade=Texture2D(size=(16.0, 16.0) path=res://addons/neocade_theme/icons/colorpicker_picker_cursor.svg)
INTENTIONAL_AUTHORED ColorPicker.icon.picker_cursor_bg default=Texture2D(size=(12.0, 12.0) path=) neocade=Texture2D(size=(16.0, 16.0) path=res://addons/neocade_theme/icons/colorpicker_picker_cursor_bg.svg)
INTENTIONAL_AUTHORED ColorPicker.icon.sample_bg default=Texture2D(size=(16.0, 16.0) path=) neocade=Texture2D(size=(8.0, 8.0) path=res://addons/neocade_theme/icons/colorpicker_sample_bg.svg)
INTENTIONAL_AUTHORED ColorPicker.icon.sample_revert default=Texture2D(size=(16.0, 16.0) path=) neocade=Texture2D(size=(16.0, 16.0) path=res://addons/neocade_theme/icons/colorpicker_sample_revert.svg)
INTENTIONAL_AUTHORED ColorPicker.icon.screen_picker default=Texture2D(size=(16.0, 16.0) path=) neocade=Texture2D(size=(16.0, 16.0) path=res://addons/neocade_theme/icons/colorpicker_screen_picker.svg)
INTENTIONAL_AUTHORED ColorPicker.icon.shape_circle default=Texture2D(size=(16.0, 16.0) path=) neocade=Texture2D(size=(16.0, 16.0) path=res://addons/neocade_theme/icons/colorpicker_shape_circle.svg)
INTENTIONAL_AUTHORED ColorPicker.icon.shape_rect default=Texture2D(size=(16.0, 16.0) path=) neocade=Texture2D(size=(16.0, 16.0) path=res://addons/neocade_theme/icons/colorpicker_shape_rect.svg)
INTENTIONAL_AUTHORED ColorPicker.icon.shape_rect_wheel default=Texture2D(size=(16.0, 16.0) path=) neocade=Texture2D(size=(16.0, 16.0) path=res://addons/neocade_theme/icons/colorpicker_shape_rect_wheel.svg)
INTENTIONAL_AUTHORED ColorPickerButton.stylebox.disabled default=StyleBoxFlat(bg=#1a1a1a4d border=0/0/0/0 border_color=#ccccccff radius=3/3/3/3 margin=4.0/4.0/4.0/4.0 expand=0.0/0.0/0.0/0.0 shadow=0 offset=(0.0, 0.0)) neocade=StyleBoxFlat(bg=#717742ff border=0/0/0/0 border_color=#0f1523ff radius=0/0/0/0 margin=2.0/2.0/2.0/2.0 expand=0.0/0.0/0.0/0.0 shadow=0 offset=(0.0, 0.0))
INTENTIONAL_AUTHORED ColorPickerButton.stylebox.focus default=StyleBoxFlat(bg=#ffffffbf border=2/2/2/2 border_color=#ccccccff radius=3/3/3/3 margin=4.0/4.0/4.0/4.0 expand=2.0/2.0/2.0/2.0 shadow=0 offset=(0.0, 0.0)) neocade=StyleBoxFlat(bg=#00000000 border=2/2/2/2 border_color=#f6fc4dff radius=0/0/0/0 margin=-1.0/-1.0/-1.0/-1.0 expand=0.0/0.0/0.0/0.0 shadow=0 offset=(0.0, 0.0))
INTENTIONAL_AUTHORED ColorPickerButton.stylebox.hover default=StyleBoxFlat(bg=#39393999 border=0/0/0/0 border_color=#ccccccff radius=3/3/3/3 margin=4.0/4.0/4.0/4.0 expand=0.0/0.0/0.0/0.0 shadow=0 offset=(0.0, 0.0)) neocade=StyleBoxFlat(bg=#e5df3eff border=1/1/1/1 border_color=#85832bff radius=0/0/0/0 margin=2.0/2.0/2.0/2.0 expand=0.0/0.0/0.0/0.0 shadow=0 offset=(0.0, 0.0))
INTENTIONAL_AUTHORED ColorPickerButton.stylebox.normal default=StyleBoxFlat(bg=#1a1a1a99 border=0/0/0/0 border_color=#ccccccff radius=3/3/3/3 margin=4.0/4.0/4.0/4.0 expand=0.0/0.0/0.0/0.0 shadow=0 offset=(0.0, 0.0)) neocade=StyleBoxFlat(bg=#f4ee42ff border=1/1/1/1 border_color=#8d8b2dff radius=0/0/0/0 margin=2.0/2.0/2.0/2.0 expand=0.0/0.0/0.0/0.0 shadow=0 offset=(0.0, 0.0))
INTENTIONAL_AUTHORED ColorPickerButton.stylebox.pressed default=StyleBoxFlat(bg=#00000099 border=0/0/0/0 border_color=#ccccccff radius=3/3/3/3 margin=4.0/4.0/4.0/4.0 expand=0.0/0.0/0.0/0.0 shadow=0 offset=(0.0, 0.0)) neocade=StyleBoxFlat(bg=#dbd63bff border=1/1/1/1 border_color=#807e29ff radius=0/0/0/0 margin=2.0/2.0/2.0/2.0 expand=0.0/0.0/0.0/0.0 shadow=0 offset=(0.0, 0.0))
INTENTIONAL_AUTHORED ColorPickerButton.color.font_color default=#ffffffff neocade=#000000ff
INTENTIONAL_AUTHORED ColorPickerButton.color.font_disabled_color default=#e5e5e54d neocade=#ffffff6b
INTENTIONAL_AUTHORED ColorPickerButton.color.font_focus_color default=#ffffffff neocade=#000000ff
INTENTIONAL_AUTHORED ColorPickerButton.color.font_hover_color default=#ffffffff neocade=#000000ff
INTENTIONAL_AUTHORED ColorPickerButton.color.font_outline_color default=#000000ff neocade=#0f1523ff
INTENTIONAL_AUTHORED ColorPickerButton.color.font_pressed_color default=#ccccccff neocade=#000000ff
INTENTIONAL_AUTHORED ColorPickerButton.constant.h_separation default=4 neocade=12
INTENTIONAL_AUTHORED ColorPickerButton.font.font default=Font(path=) neocade=Font(path=res://addons/neocade_theme/fonts/inter_variable.ttf)
INTENTIONAL_AUTHORED ColorPickerButton.icon.bg default=Texture2D(size=(16.0, 16.0) path=) neocade=Texture2D(size=(8.0, 8.0) path=res://addons/neocade_theme/icons/colorpicker_button_bg.svg)
INTENTIONAL_AUTHORED ColorPresetButton.stylebox.preset_fg default=StyleBoxFlat(bg=#ffffffff border=0/0/0/0 border_color=#ccccccff radius=2/2/2/2 margin=2.0/2.0/2.0/2.0 expand=0.0/0.0/0.0/0.0 shadow=0 offset=(0.0, 0.0)) neocade=StyleBoxFlat(bg=#f4ee42ff border=1/1/1/1 border_color=#8d8b2dff radius=0/0/0/0 margin=0.0/0.0/0.0/0.0 expand=0.0/0.0/0.0/0.0 shadow=0 offset=(0.0, 0.0))
INTENTIONAL_AUTHORED ColorPresetButton.stylebox.preset_focus default=StyleBoxFlat(bg=#ffffffbf border=2/2/2/2 border_color=#ccccccff radius=3/3/3/3 margin=4.0/4.0/4.0/4.0 expand=2.0/2.0/2.0/2.0 shadow=0 offset=(0.0, 0.0)) neocade=StyleBoxFlat(bg=#00000000 border=2/2/2/2 border_color=#f6fc4dff radius=0/0/0/0 margin=-1.0/-1.0/-1.0/-1.0 expand=0.0/0.0/0.0/0.0 shadow=0 offset=(0.0, 0.0))
INTENTIONAL_AUTHORED ColorPresetButton.icon.overbright_indicator default=Texture2D(size=(16.0, 16.0) path=) neocade=Texture2D(size=(16.0, 16.0) path=res://addons/neocade_theme/icons/colorpicker_overbright_indicator.svg)
INTENTIONAL_AUTHORED ColorPresetButton.icon.preset_bg default=Texture2D(size=(16.0, 16.0) path=) neocade=Texture2D(size=(8.0, 8.0) path=res://addons/neocade_theme/icons/colorpicker_sample_bg.svg)
INTENTIONAL_AUTHORED ConfirmationDialog.stylebox.panel default=<missing> neocade=StyleBoxFlat(bg=#151e2fff border=1/1/1/1 border_color=#0f1523ff radius=0/0/0/0 margin=18.0/15.0/18.0/15.0 expand=0.0/0.0/0.0/0.0 shadow=0 offset=(0.0, 0.0))
INTENTIONAL_AUTHORED ConfirmationDialog.constant.buttons_separation default=<missing> neocade=12
INTENTIONAL_AUTHORED DangerButton.stylebox.disabled default=<missing> neocade=StyleBoxFlat(bg=#c631516b border=0/0/0/0 border_color=#0f1523ff radius=0/0/0/0 margin=18.0/14.0/18.0/14.0 expand=0.0/0.0/0.0/0.0 shadow=0 offset=(0.0, 0.0))
INTENTIONAL_AUTHORED DangerButton.stylebox.focus default=<missing> neocade=StyleBoxFlat(bg=#00000000 border=2/2/2/2 border_color=#f6fc4dff radius=0/0/0/0 margin=-1.0/-1.0/-1.0/-1.0 expand=0.0/0.0/0.0/0.0 shadow=0 offset=(0.0, 0.0))
INTENTIONAL_AUTHORED DangerButton.stylebox.hover default=<missing> neocade=StyleBoxFlat(bg=#d05670ff border=1/1/1/1 border_color=#d36079ff radius=0/0/0/0 margin=18.0/14.0/18.0/14.0 expand=0.0/0.0/0.0/0.0 shadow=0 offset=(0.0, 0.0))
INTENTIONAL_AUTHORED DangerButton.stylebox.hover_pressed default=<missing> neocade=StyleBoxFlat(bg=#d76f85ff border=1/1/1/1 border_color=#d9778dff radius=0/0/0/0 margin=18.0/14.0/18.0/14.0 expand=0.0/0.0/0.0/0.0 shadow=0 offset=(0.0, 0.0))
INTENTIONAL_AUTHORED DangerButton.stylebox.normal default=<missing> neocade=StyleBoxFlat(bg=#c63151ff border=1/1/1/1 border_color=#752037ff radius=0/0/0/0 margin=18.0/14.0/18.0/14.0 expand=0.0/0.0/0.0/0.0 shadow=0 offset=(0.0, 0.0))
INTENTIONAL_AUTHORED DangerButton.stylebox.pressed default=<missing> neocade=StyleBoxFlat(bg=#d76f85ff border=1/1/1/1 border_color=#d9778dff radius=0/0/0/0 margin=18.0/14.0/18.0/14.0 expand=0.0/0.0/0.0/0.0 shadow=0 offset=(0.0, 0.0))
INTENTIONAL_AUTHORED DangerButton.color.font_color default=<missing> neocade=#ffffffff
INTENTIONAL_AUTHORED DangerButton.color.font_disabled_color default=<missing> neocade=#ffffff6b
INTENTIONAL_AUTHORED DangerButton.color.font_focus_color default=<missing> neocade=#ffffffff
INTENTIONAL_AUTHORED DangerButton.color.font_hover_color default=<missing> neocade=#ffffffff
INTENTIONAL_AUTHORED DangerButton.color.font_hover_pressed_color default=<missing> neocade=#ffffffff
INTENTIONAL_AUTHORED DangerButton.color.font_pressed_color default=<missing> neocade=#ffffffff
INTENTIONAL_AUTHORED DangerButton.color.icon_disabled_color default=<missing> neocade=#ffffff6b
INTENTIONAL_AUTHORED DangerButton.color.icon_focus_color default=<missing> neocade=#ffffffff
INTENTIONAL_AUTHORED DangerButton.color.icon_hover_color default=<missing> neocade=#ffffffff
INTENTIONAL_AUTHORED DangerButton.color.icon_hover_pressed_color default=<missing> neocade=#ffffffff
INTENTIONAL_AUTHORED DangerButton.color.icon_normal_color default=<missing> neocade=#ffffffff
INTENTIONAL_AUTHORED DangerButton.color.icon_pressed_color default=<missing> neocade=#ffffffff
INTENTIONAL_AUTHORED DangerButton.constant.h_separation default=<missing> neocade=12
INTENTIONAL_AUTHORED DangerButton.font.font default=Font(path=) neocade=Font(path=res://addons/neocade_theme/fonts/inter_variable.ttf)
INTENTIONAL_AUTHORED DangerLabel.color.font_color default=<missing> neocade=#c63151ff
INTENTIONAL_AUTHORED DangerLabel.font.font default=Font(path=) neocade=Font(path=res://addons/neocade_theme/fonts/inter_variable.ttf)
INTENTIONAL_AUTHORED DangerPanel.stylebox.panel default=<missing> neocade=StyleBoxFlat(bg=#c631510f border=1/1/1/1 border_color=#0f1523ff radius=0/0/0/0 margin=18.0/15.0/18.0/15.0 expand=0.0/0.0/0.0/0.0 shadow=0 offset=(0.0, 0.0))
INTENTIONAL_AUTHORED DialogLabel.color.font_color default=<missing> neocade=#ffffffff
INTENTIONAL_AUTHORED DialogLabel.font.font default=Font(path=) neocade=Font(path=res://addons/neocade_theme/fonts/inter_variable.ttf)
INTENTIONAL_AUTHORED DialogRichTextLabel.stylebox.focus default=<missing> neocade=StyleBoxFlat(bg=#151e2f00 border=0/0/0/0 border_color=#0f1523ff radius=0/0/0/0 margin=0.0/0.0/0.0/0.0 expand=0.0/0.0/0.0/0.0 shadow=0 offset=(0.0, 0.0))
INTENTIONAL_AUTHORED DialogRichTextLabel.stylebox.normal default=<missing> neocade=StyleBoxFlat(bg=#151e2f00 border=0/0/0/0 border_color=#0f1523ff radius=0/0/0/0 margin=0.0/0.0/0.0/0.0 expand=0.0/0.0/0.0/0.0 shadow=0 offset=(0.0, 0.0))
INTENTIONAL_AUTHORED DialogRichTextLabel.color.default_color default=<missing> neocade=#ffffffff
INTENTIONAL_AUTHORED DialogRichTextLabel.color.font_selected_color default=<missing> neocade=#000000ff
INTENTIONAL_AUTHORED DialogRichTextLabel.color.selection_color default=<missing> neocade=#f6fc4dff
INTENTIONAL_AUTHORED DialogRichTextLabel.font.normal_font default=Font(path=) neocade=Font(path=res://addons/neocade_theme/fonts/inter_variable.ttf)
INTENTIONAL_AUTHORED FileDialog.color.file_disabled_color default=#ffffff40 neocade=#abaeb46b
INTENTIONAL_AUTHORED FileDialog.color.folder_icon_color default=#ffffffff neocade=#999c30ff
INTENTIONAL_AUTHORED FileDialog.constant.thumbnail_size default=64 neocade=128
INTENTIONAL_AUTHORED FileDialog.icon.back_folder default=Texture2D(size=(16.0, 16.0) path=) neocade=Texture2D(size=(16.0, 16.0) path=res://addons/neocade_theme/icons/filedialog_back_folder.svg)
INTENTIONAL_AUTHORED FileDialog.icon.clear default=Texture2D(size=(16.0, 16.0) path=) neocade=Texture2D(size=(16.0, 16.0) path=res://addons/neocade_theme/icons/filedialog_clear.svg)
INTENTIONAL_AUTHORED FileDialog.icon.create_folder default=Texture2D(size=(16.0, 16.0) path=) neocade=Texture2D(size=(16.0, 16.0) path=res://addons/neocade_theme/icons/filedialog_create_folder.svg)
INTENTIONAL_AUTHORED FileDialog.icon.favorite default=Texture2D(size=(16.0, 16.0) path=) neocade=Texture2D(size=(16.0, 16.0) path=res://addons/neocade_theme/icons/filedialog_favorite.svg)
INTENTIONAL_AUTHORED FileDialog.icon.favorite_down default=Texture2D(size=(16.0, 16.0) path=) neocade=Texture2D(size=(16.0, 16.0) path=res://addons/neocade_theme/icons/filedialog_favorite_down.svg)
INTENTIONAL_AUTHORED FileDialog.icon.favorite_up default=Texture2D(size=(16.0, 16.0) path=) neocade=Texture2D(size=(16.0, 16.0) path=res://addons/neocade_theme/icons/filedialog_favorite_up.svg)
INTENTIONAL_AUTHORED FileDialog.icon.file default=Texture2D(size=(16.0, 16.0) path=) neocade=Texture2D(size=(16.0, 16.0) path=res://addons/neocade_theme/icons/filedialog_file.svg)
INTENTIONAL_AUTHORED FileDialog.icon.file_thumbnail default=Texture2D(size=(64.0, 64.0) path=) neocade=Texture2D(size=(96.0, 96.0) path=res://addons/neocade_theme/icons/filedialog_file_thumbnail.svg)
INTENTIONAL_AUTHORED FileDialog.icon.folder default=Texture2D(size=(16.0, 16.0) path=) neocade=Texture2D(size=(16.0, 16.0) path=res://addons/neocade_theme/icons/filedialog_folder.svg)
INTENTIONAL_AUTHORED FileDialog.icon.folder_thumbnail default=Texture2D(size=(64.0, 64.0) path=) neocade=Texture2D(size=(96.0, 96.0) path=res://addons/neocade_theme/icons/filedialog_folder_thumbnail.svg)
INTENTIONAL_AUTHORED FileDialog.icon.forward_folder default=Texture2D(size=(16.0, 16.0) path=) neocade=Texture2D(size=(16.0, 16.0) path=res://addons/neocade_theme/icons/filedialog_forward_folder.svg)
INTENTIONAL_AUTHORED FileDialog.icon.list_mode default=Texture2D(size=(16.0, 16.0) path=) neocade=Texture2D(size=(16.0, 16.0) path=res://addons/neocade_theme/icons/filedialog_list_mode.svg)
INTENTIONAL_AUTHORED FileDialog.icon.load default=Texture2D(size=(16.0, 16.0) path=) neocade=Texture2D(size=(16.0, 16.0) path=res://addons/neocade_theme/icons/filedialog_load.svg)
INTENTIONAL_AUTHORED FileDialog.icon.parent_folder default=Texture2D(size=(16.0, 16.0) path=) neocade=Texture2D(size=(16.0, 16.0) path=res://addons/neocade_theme/icons/filedialog_parent_folder.svg)
INTENTIONAL_AUTHORED FileDialog.icon.reload default=Texture2D(size=(16.0, 16.0) path=) neocade=Texture2D(size=(16.0, 16.0) path=res://addons/neocade_theme/icons/filedialog_reload.svg)
INTENTIONAL_AUTHORED FileDialog.icon.save default=Texture2D(size=(16.0, 16.0) path=) neocade=Texture2D(size=(16.0, 16.0) path=res://addons/neocade_theme/icons/filedialog_save.svg)
INTENTIONAL_AUTHORED FileDialog.icon.sort default=Texture2D(size=(16.0, 16.0) path=) neocade=Texture2D(size=(16.0, 16.0) path=res://addons/neocade_theme/icons/filedialog_sort.svg)
INTENTIONAL_AUTHORED FileDialog.icon.thumbnail_mode default=Texture2D(size=(16.0, 16.0) path=) neocade=Texture2D(size=(16.0, 16.0) path=res://addons/neocade_theme/icons/filedialog_thumbnail_mode.svg)
INTENTIONAL_AUTHORED FileDialog.icon.toggle_filename_filter default=Texture2D(size=(16.0, 16.0) path=) neocade=Texture2D(size=(16.0, 16.0) path=res://addons/neocade_theme/icons/filedialog_toggle_filename_filter.svg)
INTENTIONAL_AUTHORED FileDialog.icon.toggle_hidden default=Texture2D(size=(16.0, 16.0) path=) neocade=Texture2D(size=(16.0, 16.0) path=res://addons/neocade_theme/icons/filedialog_toggle_hidden.svg)
INTENTIONAL_AUTHORED FilledTabContainer.stylebox.tabbar_background default=<missing> neocade=StyleBoxFlat(bg=#151e2fff border=0/0/0/0 border_color=#0f1523ff radius=0/0/0/0 margin=0.0/0.0/0.0/0.0 expand=0.0/0.0/0.0/0.0 shadow=0 offset=(0.0, 0.0))
INTENTIONAL_AUTHORED FlatButton.stylebox.disabled default=StyleBoxEmpty neocade=StyleBoxFlat(bg=#212e4200 border=0/0/0/0 border_color=#0f1523ff radius=0/0/0/0 margin=16.0/18.0/16.0/18.0 expand=0.0/0.0/0.0/0.0 shadow=0 offset=(0.0, 0.0))
INTENTIONAL_AUTHORED FlatButton.stylebox.disabled_mirrored default=<missing> neocade=StyleBoxFlat(bg=#212e4200 border=0/0/0/0 border_color=#0f1523ff radius=0/0/0/0 margin=16.0/18.0/16.0/18.0 expand=0.0/0.0/0.0/0.0 shadow=0 offset=(0.0, 0.0))
INTENTIONAL_AUTHORED FlatButton.stylebox.focus default=<missing> neocade=StyleBoxFlat(bg=#00000000 border=2/2/2/2 border_color=#f6fc4dff radius=0/0/0/0 margin=-1.0/-1.0/-1.0/-1.0 expand=0.0/0.0/0.0/0.0 shadow=0 offset=(0.0, 0.0))
INTENTIONAL_AUTHORED FlatButton.stylebox.hover default=StyleBoxEmpty neocade=StyleBoxFlat(bg=#e5df3eff border=0/0/0/0 border_color=#0f1523ff radius=0/0/0/0 margin=16.0/18.0/16.0/18.0 expand=0.0/0.0/0.0/0.0 shadow=0 offset=(0.0, 0.0))
INTENTIONAL_AUTHORED FlatButton.stylebox.hover_mirrored default=<missing> neocade=StyleBoxFlat(bg=#e5df3eff border=0/0/0/0 border_color=#0f1523ff radius=0/0/0/0 margin=16.0/18.0/16.0/18.0 expand=0.0/0.0/0.0/0.0 shadow=0 offset=(0.0, 0.0))
INTENTIONAL_AUTHORED FlatButton.stylebox.hover_pressed default=<missing> neocade=StyleBoxFlat(bg=#dbd63bff border=0/0/0/0 border_color=#0f1523ff radius=0/0/0/0 margin=16.0/18.0/16.0/18.0 expand=0.0/0.0/0.0/0.0 shadow=0 offset=(0.0, 0.0))
INTENTIONAL_AUTHORED FlatButton.stylebox.hover_pressed_mirrored default=<missing> neocade=StyleBoxFlat(bg=#dbd63bff border=0/0/0/0 border_color=#0f1523ff radius=0/0/0/0 margin=16.0/18.0/16.0/18.0 expand=0.0/0.0/0.0/0.0 shadow=0 offset=(0.0, 0.0))
INTENTIONAL_AUTHORED FlatButton.stylebox.normal default=StyleBoxEmpty neocade=StyleBoxFlat(bg=#212e4200 border=0/0/0/0 border_color=#0f1523ff radius=0/0/0/0 margin=16.0/18.0/16.0/18.0 expand=0.0/0.0/0.0/0.0 shadow=0 offset=(0.0, 0.0))
INTENTIONAL_AUTHORED FlatButton.stylebox.normal_mirrored default=<missing> neocade=StyleBoxFlat(bg=#212e4200 border=0/0/0/0 border_color=#0f1523ff radius=0/0/0/0 margin=16.0/18.0/16.0/18.0 expand=0.0/0.0/0.0/0.0 shadow=0 offset=(0.0, 0.0))
INTENTIONAL_AUTHORED FlatButton.stylebox.pressed default=StyleBoxFlat(bg=#00000082 border=0/0/0/0 border_color=#ccccccff radius=3/3/3/3 margin=4.0/4.0/4.0/4.0 expand=0.0/0.0/0.0/0.0 shadow=0 offset=(0.0, 0.0)) neocade=StyleBoxFlat(bg=#dbd63bff border=0/0/0/0 border_color=#0f1523ff radius=0/0/0/0 margin=16.0/18.0/16.0/18.0 expand=0.0/0.0/0.0/0.0 shadow=0 offset=(0.0, 0.0))
INTENTIONAL_AUTHORED FlatButton.stylebox.pressed_mirrored default=<missing> neocade=StyleBoxFlat(bg=#dbd63bff border=0/0/0/0 border_color=#0f1523ff radius=0/0/0/0 margin=16.0/18.0/16.0/18.0 expand=0.0/0.0/0.0/0.0 shadow=0 offset=(0.0, 0.0))
INTENTIONAL_AUTHORED FlatButton.color.font_color default=<missing> neocade=#ffffffff
INTENTIONAL_AUTHORED FlatButton.color.font_disabled_color default=<missing> neocade=#ffffff6b
INTENTIONAL_AUTHORED FlatButton.color.font_focus_color default=<missing> neocade=#ffffffff
INTENTIONAL_AUTHORED FlatButton.color.font_hover_color default=<missing> neocade=#ffffffff
INTENTIONAL_AUTHORED FlatButton.color.font_hover_pressed_color default=<missing> neocade=#ffffffff
INTENTIONAL_AUTHORED FlatButton.color.font_pressed_color default=<missing> neocade=#ffffffff
INTENTIONAL_AUTHORED FlatButton.color.icon_disabled_color default=<missing> neocade=#ffffff6b
INTENTIONAL_AUTHORED FlatButton.color.icon_focus_color default=<missing> neocade=#ffffffff
INTENTIONAL_AUTHORED FlatButton.color.icon_hover_color default=<missing> neocade=#ffffffff
INTENTIONAL_AUTHORED FlatButton.color.icon_hover_pressed_color default=<missing> neocade=#f6fc4dff
INTENTIONAL_AUTHORED FlatButton.color.icon_normal_color default=<missing> neocade=#ffffffff
INTENTIONAL_AUTHORED FlatButton.color.icon_pressed_color default=<missing> neocade=#f6fc4dff
INTENTIONAL_AUTHORED FlatButton.constant.h_separation default=<missing> neocade=4
INTENTIONAL_AUTHORED FlatButton.font.font default=Font(path=) neocade=Font(path=res://addons/neocade_theme/fonts/inter_variable.ttf)
INTENTIONAL_AUTHORED FlatButtonNoIconTint.color.icon_hover_color default=<missing> neocade=#ffffffff
INTENTIONAL_AUTHORED FlatButtonNoIconTint.color.icon_hover_pressed_color default=<missing> neocade=#ffffffff
INTENTIONAL_AUTHORED FlatButtonNoIconTint.color.icon_pressed_color default=<missing> neocade=#ffffffff
INTENTIONAL_AUTHORED FlatMenuButton.stylebox.disabled default=StyleBoxEmpty neocade=StyleBoxFlat(bg=#212e4200 border=0/0/0/0 border_color=#0f1523ff radius=0/0/0/0 margin=16.0/18.0/16.0/18.0 expand=0.0/0.0/0.0/0.0 shadow=0 offset=(0.0, 0.0))
INTENTIONAL_AUTHORED FlatMenuButton.stylebox.disabled_mirrored default=<missing> neocade=StyleBoxFlat(bg=#212e4200 border=0/0/0/0 border_color=#0f1523ff radius=0/0/0/0 margin=16.0/18.0/16.0/18.0 expand=0.0/0.0/0.0/0.0 shadow=0 offset=(0.0, 0.0))
INTENTIONAL_AUTHORED FlatMenuButton.stylebox.focus default=<missing> neocade=StyleBoxFlat(bg=#212e4200 border=0/0/0/0 border_color=#0f1523ff radius=0/0/0/0 margin=16.0/18.0/16.0/18.0 expand=0.0/0.0/0.0/0.0 shadow=0 offset=(0.0, 0.0))
INTENTIONAL_AUTHORED FlatMenuButton.stylebox.hover default=StyleBoxEmpty neocade=StyleBoxFlat(bg=#e5df3eff border=0/0/0/0 border_color=#0f1523ff radius=0/0/0/0 margin=16.0/18.0/16.0/18.0 expand=0.0/0.0/0.0/0.0 shadow=0 offset=(0.0, 0.0))
INTENTIONAL_AUTHORED FlatMenuButton.stylebox.hover_mirrored default=<missing> neocade=StyleBoxFlat(bg=#e5df3eff border=0/0/0/0 border_color=#0f1523ff radius=0/0/0/0 margin=16.0/18.0/16.0/18.0 expand=0.0/0.0/0.0/0.0 shadow=0 offset=(0.0, 0.0))
INTENTIONAL_AUTHORED FlatMenuButton.stylebox.hover_pressed default=<missing> neocade=StyleBoxFlat(bg=#dbd63bff border=0/0/0/0 border_color=#0f1523ff radius=0/0/0/0 margin=16.0/18.0/16.0/18.0 expand=0.0/0.0/0.0/0.0 shadow=0 offset=(0.0, 0.0))
INTENTIONAL_AUTHORED FlatMenuButton.stylebox.hover_pressed_mirrored default=<missing> neocade=StyleBoxFlat(bg=#dbd63bff border=0/0/0/0 border_color=#0f1523ff radius=0/0/0/0 margin=16.0/18.0/16.0/18.0 expand=0.0/0.0/0.0/0.0 shadow=0 offset=(0.0, 0.0))
INTENTIONAL_AUTHORED FlatMenuButton.stylebox.normal default=StyleBoxEmpty neocade=StyleBoxFlat(bg=#212e4200 border=0/0/0/0 border_color=#0f1523ff radius=0/0/0/0 margin=16.0/18.0/16.0/18.0 expand=0.0/0.0/0.0/0.0 shadow=0 offset=(0.0, 0.0))
INTENTIONAL_AUTHORED FlatMenuButton.stylebox.normal_mirrored default=<missing> neocade=StyleBoxFlat(bg=#212e4200 border=0/0/0/0 border_color=#0f1523ff radius=0/0/0/0 margin=16.0/18.0/16.0/18.0 expand=0.0/0.0/0.0/0.0 shadow=0 offset=(0.0, 0.0))
INTENTIONAL_AUTHORED FlatMenuButton.stylebox.pressed default=StyleBoxFlat(bg=#00000082 border=0/0/0/0 border_color=#ccccccff radius=3/3/3/3 margin=4.0/4.0/4.0/4.0 expand=0.0/0.0/0.0/0.0 shadow=0 offset=(0.0, 0.0)) neocade=StyleBoxFlat(bg=#dbd63bff border=0/0/0/0 border_color=#0f1523ff radius=0/0/0/0 margin=16.0/18.0/16.0/18.0 expand=0.0/0.0/0.0/0.0 shadow=0 offset=(0.0, 0.0))
INTENTIONAL_AUTHORED FlatMenuButton.stylebox.pressed_mirrored default=<missing> neocade=StyleBoxFlat(bg=#dbd63bff border=0/0/0/0 border_color=#0f1523ff radius=0/0/0/0 margin=16.0/18.0/16.0/18.0 expand=0.0/0.0/0.0/0.0 shadow=0 offset=(0.0, 0.0))
INTENTIONAL_AUTHORED FlatMenuButton.color.font_color default=<missing> neocade=#ffffffff
INTENTIONAL_AUTHORED FlatMenuButton.color.font_disabled_color default=<missing> neocade=#ffffff6b
INTENTIONAL_AUTHORED FlatMenuButton.color.font_focus_color default=<missing> neocade=#ffffffff
INTENTIONAL_AUTHORED FlatMenuButton.color.font_hover_color default=<missing> neocade=#ffffffff
INTENTIONAL_AUTHORED FlatMenuButton.color.font_hover_pressed_color default=<missing> neocade=#ffffffff
INTENTIONAL_AUTHORED FlatMenuButton.color.font_pressed_color default=<missing> neocade=#ffffffff
INTENTIONAL_AUTHORED FlatMenuButton.color.icon_disabled_color default=<missing> neocade=#ffffff6b
INTENTIONAL_AUTHORED FlatMenuButton.color.icon_focus_color default=<missing> neocade=#ffffffff
INTENTIONAL_AUTHORED FlatMenuButton.color.icon_hover_color default=<missing> neocade=#ffffffff
INTENTIONAL_AUTHORED FlatMenuButton.color.icon_hover_pressed_color default=<missing> neocade=#f6fc4dff
INTENTIONAL_AUTHORED FlatMenuButton.color.icon_normal_color default=<missing> neocade=#ffffffff
INTENTIONAL_AUTHORED FlatMenuButton.color.icon_pressed_color default=<missing> neocade=#f6fc4dff
INTENTIONAL_AUTHORED FlatMenuButton.constant.h_separation default=<missing> neocade=4
INTENTIONAL_AUTHORED FlatMenuButton.font.font default=Font(path=) neocade=Font(path=res://addons/neocade_theme/fonts/inter_variable.ttf)
INTENTIONAL_AUTHORED FlatMenuButtonNoIconTint.color.icon_hover_color default=<missing> neocade=#ffffffff
INTENTIONAL_AUTHORED FlatMenuButtonNoIconTint.color.icon_hover_pressed_color default=<missing> neocade=#ffffffff
INTENTIONAL_AUTHORED FlatMenuButtonNoIconTint.color.icon_pressed_color default=<missing> neocade=#ffffffff
INTENTIONAL_AUTHORED FoldableContainer.stylebox.focus default=StyleBoxFlat(bg=#ffffffbf border=2/2/2/2 border_color=#ccccccff radius=3/3/3/3 margin=4.0/4.0/4.0/4.0 expand=0.0/0.0/0.0/0.0 shadow=0 offset=(0.0, 0.0)) neocade=StyleBoxFlat(bg=#00000000 border=2/2/2/2 border_color=#f6fc4dff radius=0/0/0/0 margin=-1.0/-1.0/-1.0/-1.0 expand=0.0/0.0/0.0/0.0 shadow=0 offset=(0.0, 0.0))
INTENTIONAL_AUTHORED FoldableContainer.stylebox.panel default=StyleBoxFlat(bg=#1a1a1a99 border=0/0/0/0 border_color=#ccccccff radius=0/0/3/3 margin=4.0/4.0/4.0/4.0 expand=0.0/0.0/0.0/0.0 shadow=0 offset=(0.0, 0.0)) neocade=StyleBoxFlat(bg=#212e42ff border=1/1/1/1 border_color=#0f1523ff radius=0/0/0/0 margin=12.0/12.0/12.0/12.0 expand=0.0/0.0/0.0/0.0 shadow=0 offset=(0.0, 0.0))
INTENTIONAL_AUTHORED FoldableContainer.stylebox.title_collapsed_hover_panel default=StyleBoxFlat(bg=#39393999 border=0/0/0/0 border_color=#ccccccff radius=3/3/3/3 margin=4.0/4.0/4.0/4.0 expand=0.0/0.0/0.0/0.0 shadow=0 offset=(0.0, 0.0)) neocade=StyleBoxFlat(bg=#e5df3eff border=0/0/0/0 border_color=#0f1523ff radius=0/0/0/0 margin=12.0/15.0/12.0/15.0 expand=0.0/0.0/0.0/0.0 shadow=0 offset=(0.0, 0.0))
INTENTIONAL_AUTHORED FoldableContainer.stylebox.title_collapsed_panel default=StyleBoxFlat(bg=#00000099 border=0/0/0/0 border_color=#ccccccff radius=3/3/3/3 margin=4.0/4.0/4.0/4.0 expand=0.0/0.0/0.0/0.0 shadow=0 offset=(0.0, 0.0)) neocade=StyleBoxFlat(bg=#212e42ff border=1/1/1/1 border_color=#0f1523ff radius=0/0/0/0 margin=12.0/15.0/12.0/15.0 expand=0.0/0.0/0.0/0.0 shadow=0 offset=(0.0, 0.0))
INTENTIONAL_AUTHORED FoldableContainer.stylebox.title_hover_panel default=StyleBoxFlat(bg=#39393999 border=0/0/0/0 border_color=#ccccccff radius=3/3/0/0 margin=4.0/4.0/4.0/4.0 expand=0.0/0.0/0.0/0.0 shadow=0 offset=(0.0, 0.0)) neocade=StyleBoxFlat(bg=#e5df3eff border=0/0/0/0 border_color=#0f1523ff radius=0/0/0/0 margin=12.0/15.0/12.0/15.0 expand=0.0/0.0/0.0/0.0 shadow=0 offset=(0.0, 0.0))
INTENTIONAL_AUTHORED FoldableContainer.stylebox.title_panel default=StyleBoxFlat(bg=#00000099 border=0/0/0/0 border_color=#ccccccff radius=3/3/0/0 margin=4.0/4.0/4.0/4.0 expand=0.0/0.0/0.0/0.0 shadow=0 offset=(0.0, 0.0)) neocade=StyleBoxFlat(bg=#2a3c52ff border=1/1/1/1 border_color=#0f1523ff radius=0/0/0/0 margin=12.0/15.0/12.0/15.0 expand=0.0/0.0/0.0/0.0 shadow=0 offset=(0.0, 0.0))
INTENTIONAL_AUTHORED FoldableContainer.color.font_color default=#dfdfdfff neocade=#ffffffff
INTENTIONAL_AUTHORED FoldableContainer.color.font_outline_color default=#ffffffff neocade=#0f1523ff
INTENTIONAL_AUTHORED FoldableContainer.color.hover_font_color default=#f2f2f2ff neocade=#ffffffff
INTENTIONAL_AUTHORED FoldableContainer.constant.h_separation default=2 neocade=12
INTENTIONAL_AUTHORED FoldableContainer.font.font default=Font(path=) neocade=Font(path=res://addons/neocade_theme/fonts/inter_variable.ttf)
INTENTIONAL_AUTHORED FoldableContainer.icon.expanded_arrow default=Texture2D(size=(16.0, 16.0) path=) neocade=Texture2D(size=(24.0, 24.0) path=)
INTENTIONAL_AUTHORED FoldableContainer.icon.expanded_arrow_mirrored default=Texture2D(size=(16.0, 16.0) path=) neocade=Texture2D(size=(24.0, 24.0) path=)
INTENTIONAL_AUTHORED FoldableContainer.icon.folded_arrow default=Texture2D(size=(16.0, 16.0) path=) neocade=Texture2D(size=(24.0, 24.0) path=)
INTENTIONAL_AUTHORED FoldableContainer.icon.folded_arrow_mirrored default=Texture2D(size=(16.0, 16.0) path=) neocade=Texture2D(size=(24.0, 24.0) path=)
INTENTIONAL_AUTHORED GhostButton.stylebox.disabled default=<missing> neocade=StyleBoxFlat(bg=#00000000 border=2/2/2/2 border_color=#f6fc4dff radius=0/0/0/0 margin=18.0/14.0/18.0/14.0 expand=0.0/0.0/0.0/0.0 shadow=0 offset=(0.0, 0.0))
INTENTIONAL_AUTHORED GhostButton.stylebox.focus default=<missing> neocade=StyleBoxFlat(bg=#00000000 border=2/2/2/2 border_color=#f6fc4dff radius=0/0/0/0 margin=-1.0/-1.0/-1.0/-1.0 expand=0.0/0.0/0.0/0.0 shadow=0 offset=(0.0, 0.0))
INTENTIONAL_AUTHORED GhostButton.stylebox.hover default=<missing> neocade=StyleBoxFlat(bg=#f6fc4d14 border=2/2/2/2 border_color=#f6fc4dff radius=0/0/0/0 margin=18.0/14.0/18.0/14.0 expand=0.0/0.0/0.0/0.0 shadow=0 offset=(0.0, 0.0))
INTENTIONAL_AUTHORED GhostButton.stylebox.hover_pressed default=<missing> neocade=StyleBoxFlat(bg=#f6fc4d1f border=2/2/2/2 border_color=#f6fc4dff radius=0/0/0/0 margin=18.0/14.0/18.0/14.0 expand=0.0/0.0/0.0/0.0 shadow=0 offset=(0.0, 0.0))
INTENTIONAL_AUTHORED GhostButton.stylebox.normal default=<missing> neocade=StyleBoxFlat(bg=#00000000 border=2/2/2/2 border_color=#f6fc4dff radius=0/0/0/0 margin=18.0/14.0/18.0/14.0 expand=0.0/0.0/0.0/0.0 shadow=0 offset=(0.0, 0.0))
INTENTIONAL_AUTHORED GhostButton.stylebox.pressed default=<missing> neocade=StyleBoxFlat(bg=#f6fc4d1f border=2/2/2/2 border_color=#f6fc4dff radius=0/0/0/0 margin=18.0/14.0/18.0/14.0 expand=0.0/0.0/0.0/0.0 shadow=0 offset=(0.0, 0.0))
INTENTIONAL_AUTHORED GhostButton.color.font_color default=<missing> neocade=#f6fc4dff
INTENTIONAL_AUTHORED GhostButton.color.font_disabled_color default=<missing> neocade=#f6fc4d6b
INTENTIONAL_AUTHORED GhostButton.color.font_focus_color default=<missing> neocade=#f6fc4dff
INTENTIONAL_AUTHORED GhostButton.color.font_hover_color default=<missing> neocade=#f6fc4dff
INTENTIONAL_AUTHORED GhostButton.color.font_hover_pressed_color default=<missing> neocade=#f6fc4dff
INTENTIONAL_AUTHORED GhostButton.color.font_pressed_color default=<missing> neocade=#f6fc4dff
INTENTIONAL_AUTHORED GhostButton.color.icon_disabled_color default=<missing> neocade=#f6fc4d6b
INTENTIONAL_AUTHORED GhostButton.color.icon_focus_color default=<missing> neocade=#f6fc4dff
INTENTIONAL_AUTHORED GhostButton.color.icon_hover_color default=<missing> neocade=#f6fc4dff
INTENTIONAL_AUTHORED GhostButton.color.icon_hover_pressed_color default=<missing> neocade=#f6fc4dff
INTENTIONAL_AUTHORED GhostButton.color.icon_normal_color default=<missing> neocade=#f6fc4dff
INTENTIONAL_AUTHORED GhostButton.color.icon_pressed_color default=<missing> neocade=#f6fc4dff
INTENTIONAL_AUTHORED GhostButton.constant.h_separation default=<missing> neocade=12
INTENTIONAL_AUTHORED GhostButton.font.font default=Font(path=) neocade=Font(path=res://addons/neocade_theme/fonts/inter_variable.ttf)
INTENTIONAL_AUTHORED GraphEdit.stylebox.menu_panel default=StyleBoxFlat(bg=#3d3d3d99 border=0/0/0/0 border_color=#ccccccff radius=3/3/3/3 margin=4.0/2.0/4.0/2.0 expand=0.0/0.0/0.0/0.0 shadow=0 offset=(0.0, 0.0)) neocade=StyleBoxFlat(bg=#212e42ff border=1/1/1/1 border_color=#0f1523ff radius=0/0/0/0 margin=9.0/6.0/9.0/6.0 expand=0.0/0.0/0.0/0.0 shadow=0 offset=(0.0, 0.0))
INTENTIONAL_AUTHORED GraphEdit.stylebox.panel default=StyleBoxFlat(bg=#1a1a1a99 border=0/0/0/0 border_color=#ccccccff radius=3/3/3/3 margin=4.0/4.0/4.0/5.0 expand=0.0/0.0/0.0/0.0 shadow=0 offset=(0.0, 0.0)) neocade=StyleBoxFlat(bg=#111824ff border=1/1/1/1 border_color=#0f1523ff radius=0/0/0/0 margin=0.0/0.0/0.0/0.0 expand=0.0/0.0/0.0/0.0 shadow=0 offset=(0.0, 0.0))
INTENTIONAL_AUTHORED GraphEdit.stylebox.panel_focus default=StyleBoxFlat(bg=#ffffffbf border=2/2/2/2 border_color=#ccccccff radius=3/3/3/3 margin=4.0/4.0/4.0/4.0 expand=2.0/2.0/2.0/2.0 shadow=0 offset=(0.0, 0.0)) neocade=StyleBoxFlat(bg=#00000000 border=2/2/2/2 border_color=#f6fc4dff radius=0/0/0/0 margin=-1.0/-1.0/-1.0/-1.0 expand=0.0/0.0/0.0/0.0 shadow=0 offset=(0.0, 0.0))
INTENTIONAL_AUTHORED GraphEdit.color.activity default=#ffffffff neocade=#f6fc4df2
INTENTIONAL_AUTHORED GraphEdit.color.connection_hover_tint_color default=#0000004d neocade=#f6fc4de0
INTENTIONAL_AUTHORED GraphEdit.color.connection_rim_color default=#1a1a1a99 neocade=#0f152399
INTENTIONAL_AUTHORED GraphEdit.color.connection_valid_target_tint_color default=#ffffff66 neocade=#3cdf82e0
INTENTIONAL_AUTHORED GraphEdit.color.grid_major default=#ffffff33 neocade=#0f15236b
INTENTIONAL_AUTHORED GraphEdit.color.grid_minor default=#ffffff0d neocade=#0f15232e
INTENTIONAL_AUTHORED GraphEdit.color.selection_fill default=#ffffff4d neocade=#f6fc4d3d
INTENTIONAL_AUTHORED GraphEdit.color.selection_stroke default=#ffffffcc neocade=#f6fc4dff
INTENTIONAL_AUTHORED GraphEdit.constant.connection_hover_thickness default=0 neocade=3
INTENTIONAL_AUTHORED GraphEdit.constant.port_hotzone_inner_extent default=22 neocade=12
INTENTIONAL_AUTHORED GraphEdit.constant.port_hotzone_outer_extent default=26 neocade=20
INTENTIONAL_AUTHORED GraphEdit.icon.grid_toggle default=Texture2D(size=(16.0, 16.0) path=) neocade=Texture2D(size=(16.0, 16.0) path=res://addons/neocade_theme/icons/graph_grid_toggle.svg)
INTENTIONAL_AUTHORED GraphEdit.icon.layout default=Texture2D(size=(16.0, 16.0) path=) neocade=Texture2D(size=(16.0, 16.0) path=res://addons/neocade_theme/icons/graph_layout.svg)
INTENTIONAL_AUTHORED GraphEdit.icon.minimap_toggle default=Texture2D(size=(16.0, 16.0) path=) neocade=Texture2D(size=(16.0, 16.0) path=res://addons/neocade_theme/icons/graph_minimap_toggle.svg)
INTENTIONAL_AUTHORED GraphEdit.icon.snapping_toggle default=Texture2D(size=(16.0, 16.0) path=) neocade=Texture2D(size=(16.0, 16.0) path=res://addons/neocade_theme/icons/graph_snapping_toggle.svg)
INTENTIONAL_AUTHORED GraphEdit.icon.zoom_in default=Texture2D(size=(16.0, 16.0) path=) neocade=Texture2D(size=(16.0, 16.0) path=res://addons/neocade_theme/icons/graph_zoom_in.svg)
INTENTIONAL_AUTHORED GraphEdit.icon.zoom_out default=Texture2D(size=(16.0, 16.0) path=) neocade=Texture2D(size=(16.0, 16.0) path=res://addons/neocade_theme/icons/graph_zoom_out.svg)
INTENTIONAL_AUTHORED GraphEdit.icon.zoom_reset default=Texture2D(size=(16.0, 16.0) path=) neocade=Texture2D(size=(16.0, 16.0) path=res://addons/neocade_theme/icons/graph_zoom_reset.svg)
DEFAULT_ONLY GraphEditMinimap.stylebox.camera default=StyleBoxFlat(bg=#a6a6a633 border=1/1/1/1 border_color=#a6a6a673 radius=0/0/0/0 margin=0.0/0.0/0.0/0.0 expand=0.0/0.0/0.0/0.0 shadow=0 offset=(0.0, 0.0)) neocade=<missing>
INTENTIONAL_AUTHORED GraphEditMinimap.stylebox.node default=StyleBoxFlat(bg=#ffffffff border=0/0/0/0 border_color=#ccccccff radius=2/2/2/2 margin=0.0/0.0/0.0/0.0 expand=0.0/0.0/0.0/0.0 shadow=0 offset=(0.0, 0.0)) neocade=StyleBoxFlat(bg=#2a3c52ff border=1/1/1/1 border_color=#151e2dff radius=0/0/0/0 margin=0.0/0.0/0.0/0.0 expand=0.0/0.0/0.0/0.0 shadow=0 offset=(0.0, 0.0))
INTENTIONAL_AUTHORED GraphEditMinimap.stylebox.panel default=StyleBoxFlat(bg=#3d3d3dff border=0/0/0/0 border_color=#ccccccff radius=3/3/3/3 margin=0.0/0.0/0.0/0.0 expand=0.0/0.0/0.0/0.0 shadow=0 offset=(0.0, 0.0)) neocade=StyleBoxFlat(bg=#243952b8 border=1/1/1/1 border_color=#151e2d8c radius=0/0/0/0 margin=6.0/6.0/6.0/6.0 expand=0.0/0.0/0.0/0.0 shadow=0 offset=(0.0, 0.0))
INTENTIONAL_AUTHORED GraphEditMinimap.color.resizer_color default=#ffffffd9 neocade=#abaeb4a6
DEFAULT_ONLY GraphEditMinimap.icon.resizer default=Texture2D(size=(16.0, 16.0) path=) neocade=<missing>
INTENTIONAL_AUTHORED GraphElement.stylebox.panel default=<missing> neocade=StyleBoxFlat(bg=#212e42ff border=1/1/1/1 border_color=#0f1523ff radius=0/0/0/0 margin=15.0/12.0/15.0/12.0 expand=0.0/0.0/0.0/0.0 shadow=0 offset=(0.0, 0.0))
INTENTIONAL_AUTHORED GraphElement.stylebox.panel_selected default=<missing> neocade=StyleBoxFlat(bg=#2a3c52ff border=1/1/1/1 border_color=#f6fc4dff radius=0/0/0/0 margin=15.0/12.0/15.0/12.0 expand=0.0/0.0/0.0/0.0 shadow=0 offset=(0.0, 0.0))
INTENTIONAL_AUTHORED GraphElement.stylebox.titlebar default=<missing> neocade=StyleBoxFlat(bg=#2a3c52ff border=0/0/0/0 border_color=#2a3c52ff radius=0/0/0/0 margin=15.0/6.0/15.0/6.0 expand=0.0/0.0/0.0/0.0 shadow=0 offset=(0.0, 0.0))
INTENTIONAL_AUTHORED GraphElement.stylebox.titlebar_selected default=<missing> neocade=StyleBoxFlat(bg=#999c30ff border=1/1/1/1 border_color=#f6fc4dff radius=0/0/0/0 margin=15.0/6.0/15.0/6.0 expand=0.0/0.0/0.0/0.0 shadow=0 offset=(0.0, 0.0))
INTENTIONAL_AUTHORED GraphElement.color.resizer_color default=<missing> neocade=#abaeb4d9
INTENTIONAL_AUTHORED GraphFrame.stylebox.panel default=StyleBoxFlat(bg=#00000099 border=2/2/2/2 border_color=#00000099 radius=3/3/3/3 margin=18.0/12.0/18.0/12.0 expand=0.0/38.0/0.0/0.0 shadow=0 offset=(0.0, 0.0)) neocade=StyleBoxFlat(bg=#11182447 border=1/1/1/1 border_color=#0f1523ff radius=0/0/0/0 margin=15.0/12.0/15.0/12.0 expand=0.0/0.0/0.0/0.0 shadow=0 offset=(0.0, 0.0))
INTENTIONAL_AUTHORED GraphFrame.stylebox.panel_selected default=StyleBoxFlat(bg=#00000099 border=2/2/2/2 border_color=#39393999 radius=3/3/3/3 margin=18.0/12.0/18.0/12.0 expand=0.0/38.0/0.0/0.0 shadow=0 offset=(0.0, 0.0)) neocade=StyleBoxFlat(bg=#f6fc4d57 border=1/1/1/1 border_color=#0f1523ff radius=0/0/0/0 margin=15.0/12.0/15.0/12.0 expand=0.0/0.0/0.0/0.0 shadow=0 offset=(0.0, 0.0))
INTENTIONAL_AUTHORED GraphFrame.stylebox.titlebar default=StyleBoxEmpty neocade=StyleBoxFlat(bg=#212e426b border=1/1/1/1 border_color=#0f1523ff radius=0/0/0/0 margin=15.0/6.0/15.0/6.0 expand=0.0/0.0/0.0/0.0 shadow=0 offset=(0.0, 0.0))
INTENTIONAL_AUTHORED GraphFrame.stylebox.titlebar_selected default=StyleBoxEmpty neocade=StyleBoxFlat(bg=#999c3075 border=1/1/1/1 border_color=#0f1523ff radius=0/0/0/0 margin=15.0/6.0/15.0/6.0 expand=0.0/0.0/0.0/0.0 shadow=0 offset=(0.0, 0.0))
INTENTIONAL_AUTHORED GraphFrame.color.resizer_color default=#dfdfdfff neocade=#abaeb4d9
INTENTIONAL_AUTHORED GraphFrame.icon.resizer default=Texture2D(size=(16.0, 16.0) path=) neocade=Texture2D(size=(16.0, 16.0) path=res://addons/neocade_theme/icons/graph_resizer.svg)
DEFAULT_ONLY GraphFrameTitleLabel.stylebox.normal default=StyleBoxEmpty neocade=<missing>
INTENTIONAL_AUTHORED GraphFrameTitleLabel.color.font_outline_color default=#ffffffff neocade=#0f1523ff
DEFAULT_ONLY GraphFrameTitleLabel.color.font_shadow_color default=#00000000 neocade=<missing>
DEFAULT_ONLY GraphFrameTitleLabel.constant.line_spacing default=3 neocade=<missing>
DEFAULT_ONLY GraphFrameTitleLabel.constant.outline_size default=0 neocade=<missing>
DEFAULT_ONLY GraphFrameTitleLabel.constant.shadow_offset_x default=1 neocade=<missing>
DEFAULT_ONLY GraphFrameTitleLabel.constant.shadow_offset_y default=1 neocade=<missing>
DEFAULT_ONLY GraphFrameTitleLabel.constant.shadow_outline_size default=1 neocade=<missing>
INTENTIONAL_AUTHORED GraphFrameTitleLabel.font_size.font_size default=22 neocade=16
INTENTIONAL_AUTHORED GraphNode.stylebox.panel default=StyleBoxFlat(bg=#1a1a1a99 border=0/0/0/0 border_color=#53535399 radius=3/3/3/3 margin=18.0/12.0/18.0/12.0 expand=0.0/0.0/0.0/0.0 shadow=0 offset=(0.0, 0.0)) neocade=StyleBoxFlat(bg=#212e42ff border=1/1/1/1 border_color=#0f1523ff radius=0/0/0/0 margin=15.0/12.0/15.0/12.0 expand=0.0/0.0/0.0/0.0 shadow=0 offset=(0.0, 0.0))
INTENTIONAL_AUTHORED GraphNode.stylebox.panel_focus default=StyleBoxFlat(bg=#ffffffbf border=2/2/2/2 border_color=#ccccccff radius=3/3/3/3 margin=4.0/4.0/4.0/4.0 expand=2.0/2.0/2.0/2.0 shadow=0 offset=(0.0, 0.0)) neocade=StyleBoxFlat(bg=#00000000 border=2/2/2/2 border_color=#f6fc4dff radius=0/0/0/0 margin=-1.0/-1.0/-1.0/-1.0 expand=0.0/0.0/0.0/0.0 shadow=0 offset=(0.0, 0.0))
INTENTIONAL_AUTHORED GraphNode.stylebox.panel_selected default=StyleBoxFlat(bg=#1a1a1a99 border=0/0/0/0 border_color=#9f9f9f99 radius=3/3/3/3 margin=18.0/12.0/18.0/12.0 expand=0.0/0.0/0.0/0.0 shadow=0 offset=(0.0, 0.0)) neocade=StyleBoxFlat(bg=#2a3c52ff border=1/1/1/1 border_color=#0f1523ff radius=0/0/0/0 margin=15.0/12.0/15.0/12.0 expand=0.0/0.0/0.0/0.0 shadow=0 offset=(0.0, 0.0))
INTENTIONAL_AUTHORED GraphNode.stylebox.slot default=StyleBoxEmpty neocade=StyleBoxFlat(bg=#11182442 border=1/1/1/1 border_color=#0f1523ff radius=4/4/4/4 margin=9.0/3.0/9.0/3.0 expand=0.0/0.0/0.0/0.0 shadow=0 offset=(0.0, 0.0))
INTENTIONAL_AUTHORED GraphNode.stylebox.slot_selected default=StyleBoxFlat(bg=#ffffffbf border=2/2/2/2 border_color=#ccccccff radius=3/3/3/3 margin=4.0/4.0/4.0/4.0 expand=2.0/2.0/2.0/2.0 shadow=0 offset=(0.0, 0.0)) neocade=StyleBoxFlat(bg=#f6fc4d4d border=1/1/1/1 border_color=#0f1523ff radius=4/4/4/4 margin=9.0/3.0/9.0/3.0 expand=0.0/0.0/0.0/0.0 shadow=0 offset=(0.0, 0.0))
INTENTIONAL_AUTHORED GraphNode.stylebox.titlebar default=StyleBoxFlat(bg=#5e5e5e99 border=0/0/0/0 border_color=#ccccccff radius=3/3/3/3 margin=4.0/4.0/4.0/4.0 expand=0.0/0.0/0.0/0.0 shadow=0 offset=(0.0, 0.0)) neocade=StyleBoxFlat(bg=#2a3c52ff border=1/1/1/1 border_color=#0f1523ff radius=0/0/0/0 margin=15.0/8.0/15.0/8.0 expand=0.0/0.0/0.0/0.0 shadow=0 offset=(0.0, 0.0))
INTENTIONAL_AUTHORED GraphNode.stylebox.titlebar_selected default=StyleBoxFlat(bg=#ff9f9f99 border=0/0/0/0 border_color=#53535399 radius=3/3/3/3 margin=18.0/12.0/18.0/12.0 expand=0.0/0.0/0.0/0.0 shadow=0 offset=(0.0, 0.0)) neocade=StyleBoxFlat(bg=#999c309e border=1/1/1/1 border_color=#0f1523ff radius=0/0/0/0 margin=15.0/8.0/15.0/8.0 expand=0.0/0.0/0.0/0.0 shadow=0 offset=(0.0, 0.0))
INTENTIONAL_AUTHORED GraphNode.color.resizer_color default=#dfdfdfff neocade=#abaeb4e5
INTENTIONAL_AUTHORED GraphNode.constant.port_h_offset default=0 neocade=8
INTENTIONAL_AUTHORED GraphNode.constant.separation default=2 neocade=4
INTENTIONAL_AUTHORED GraphNode.icon.port default=Texture2D(size=(10.0, 10.0) path=) neocade=Texture2D(size=(16.0, 16.0) path=res://addons/neocade_theme/icons/graph_port.svg)
INTENTIONAL_AUTHORED GraphNode.icon.resizer default=Texture2D(size=(16.0, 16.0) path=) neocade=Texture2D(size=(16.0, 16.0) path=res://addons/neocade_theme/icons/graph_resizer.svg)
DEFAULT_ONLY GraphNodeTitleLabel.stylebox.normal default=StyleBoxEmpty neocade=<missing>
DEFAULT_ONLY GraphNodeTitleLabel.color.font_color default=#dfdfdfff neocade=<missing>
DEFAULT_ONLY GraphNodeTitleLabel.color.font_outline_color default=#000000ff neocade=<missing>
INTENTIONAL_AUTHORED GraphNodeTitleLabel.color.font_shadow_color default=#00000000 neocade=#0f15231a
DEFAULT_ONLY GraphNodeTitleLabel.constant.line_spacing default=3 neocade=<missing>
DEFAULT_ONLY GraphNodeTitleLabel.constant.outline_size default=0 neocade=<missing>
DEFAULT_ONLY GraphNodeTitleLabel.constant.shadow_offset_x default=1 neocade=<missing>
DEFAULT_ONLY GraphNodeTitleLabel.constant.shadow_offset_y default=1 neocade=<missing>
DEFAULT_ONLY GraphNodeTitleLabel.constant.shadow_outline_size default=1 neocade=<missing>
INTENTIONAL_AUTHORED GraphNodeTitleLabel.font.font default=Font(path=) neocade=Font(path=res://addons/neocade_theme/fonts/inter_variable.ttf)
INTENTIONAL_AUTHORED GraphStateMachine.stylebox.error_panel default=<missing> neocade=StyleBoxFlat(bg=#c6315129 border=1/1/1/1 border_color=#c631518c radius=0/0/0/0 margin=0.0/0.0/0.0/0.0 expand=0.0/0.0/0.0/0.0 shadow=0 offset=(0.0, 0.0))
INTENTIONAL_AUTHORED GraphStateMachine.stylebox.node_frame default=<missing> neocade=StyleBoxFlat(bg=#2a3c52ff border=1/1/1/1 border_color=#151e2dff radius=0/0/0/0 margin=9.0/6.0/9.0/6.0 expand=0.0/0.0/0.0/0.0 shadow=0 offset=(0.0, 0.0))
INTENTIONAL_AUTHORED GraphStateMachine.stylebox.node_frame_end default=<missing> neocade=StyleBoxFlat(bg=#c6315133 border=1/1/1/1 border_color=#c63151d9 radius=0/0/0/0 margin=9.0/6.0/9.0/6.0 expand=0.0/0.0/0.0/0.0 shadow=0 offset=(0.0, 0.0))
INTENTIONAL_AUTHORED GraphStateMachine.stylebox.node_frame_playing default=<missing> neocade=StyleBoxFlat(bg=#f4ee4238 border=1/1/1/1 border_color=#f4ee42d9 radius=0/0/0/0 margin=9.0/6.0/9.0/6.0 expand=0.0/0.0/0.0/0.0 shadow=0 offset=(0.0, 0.0))
INTENTIONAL_AUTHORED GraphStateMachine.stylebox.node_frame_selected default=<missing> neocade=StyleBoxFlat(bg=#2a3c52ff border=1/1/1/1 border_color=#f6fc4dff radius=0/0/0/0 margin=9.0/6.0/9.0/6.0 expand=0.0/0.0/0.0/0.0 shadow=0 offset=(0.0, 0.0))
INTENTIONAL_AUTHORED GraphStateMachine.stylebox.node_frame_start default=<missing> neocade=StyleBoxFlat(bg=#3cdf8233 border=1/1/1/1 border_color=#3cdf82d9 radius=0/0/0/0 margin=9.0/6.0/9.0/6.0 expand=0.0/0.0/0.0/0.0 shadow=0 offset=(0.0, 0.0))
INTENTIONAL_AUTHORED GraphStateMachine.stylebox.panel default=<missing> neocade=StyleBoxFlat(bg=#243952ff border=0/0/0/0 border_color=#243952ff radius=0/0/0/0 margin=0.0/0.0/0.0/0.0 expand=0.0/0.0/0.0/0.0 shadow=0 offset=(0.0, 0.0))
INTENTIONAL_AUTHORED GraphStateMachine.color.focus_color default=<missing> neocade=#f6fc4dcc
INTENTIONAL_AUTHORED GraphStateMachine.color.guideline_color default=<missing> neocade=#abaeb438
INTENTIONAL_AUTHORED GraphStateMachine.color.highlight_color default=<missing> neocade=#f6fc4dff
INTENTIONAL_AUTHORED GraphStateMachine.color.highlight_disabled_color default=<missing> neocade=#f6fc4d6b
INTENTIONAL_AUTHORED GraphStateMachine.color.node_title_font_color default=<missing> neocade=#ffffffff
INTENTIONAL_AUTHORED GraphStateMachine.color.playback_background_color default=<missing> neocade=#2a3c5238
INTENTIONAL_AUTHORED GraphStateMachine.color.playback_color default=<missing> neocade=#ffffffff
INTENTIONAL_AUTHORED GraphStateMachine.color.transition_color default=<missing> neocade=#ffffffff
INTENTIONAL_AUTHORED GraphStateMachine.color.transition_disabled_color default=<missing> neocade=#abaeb46b
INTENTIONAL_AUTHORED GraphStateMachine.color.transition_icon_color default=<missing> neocade=#ffffffff
INTENTIONAL_AUTHORED GraphStateMachine.color.transition_icon_disabled_color default=<missing> neocade=#abaeb46b
INTENTIONAL_AUTHORED HBoxContainer.constant.separation default=4 neocade=2
DEFAULT_ONLY HFlowContainer.constant.h_separation default=4 neocade=<missing>
DEFAULT_ONLY HFlowContainer.constant.v_separation default=4 neocade=<missing>
INTENTIONAL_AUTHORED HScrollBar.stylebox.grabber default=StyleBoxFlat(bg=#ffffff66 border=0/0/0/0 border_color=#ccccccff radius=10/10/10/10 margin=4.0/4.0/4.0/4.0 expand=0.0/0.0/0.0/0.0 shadow=0 offset=(0.0, 0.0)) neocade=StyleBoxFlat(bg=#58e77952 border=0/0/0/0 border_color=#0f1523ff radius=0/0/0/0 margin=3.0/3.0/3.0/3.0 expand=0.0/0.0/0.0/0.0 shadow=0 offset=(0.0, 0.0))
INTENTIONAL_AUTHORED HScrollBar.stylebox.grabber_highlight default=StyleBoxFlat(bg=#ffffffbf border=0/0/0/0 border_color=#ccccccff radius=10/10/10/10 margin=4.0/4.0/4.0/4.0 expand=0.0/0.0/0.0/0.0 shadow=0 offset=(0.0, 0.0)) neocade=StyleBoxFlat(bg=#58e77980 border=0/0/0/0 border_color=#0f1523ff radius=0/0/0/0 margin=3.0/3.0/3.0/3.0 expand=0.0/0.0/0.0/0.0 shadow=0 offset=(0.0, 0.0))
INTENTIONAL_AUTHORED HScrollBar.stylebox.grabber_pressed default=StyleBoxFlat(bg=#bfbfbfbf border=0/0/0/0 border_color=#ccccccff radius=10/10/10/10 margin=4.0/4.0/4.0/4.0 expand=0.0/0.0/0.0/0.0 shadow=0 offset=(0.0, 0.0)) neocade=StyleBoxFlat(bg=#58e77980 border=0/0/0/0 border_color=#0f1523ff radius=0/0/0/0 margin=3.0/3.0/3.0/3.0 expand=0.0/0.0/0.0/0.0 shadow=0 offset=(0.0, 0.0))
INTENTIONAL_AUTHORED HScrollBar.stylebox.scroll default=StyleBoxFlat(bg=#1a1a1a99 border=0/0/0/0 border_color=#ccccccff radius=10/10/10/10 margin=0.0/4.0/0.0/4.0 expand=0.0/0.0/0.0/0.0 shadow=0 offset=(0.0, 0.0)) neocade=StyleBoxFlat(bg=#11182400 border=0/0/0/0 border_color=#0f1523ff radius=0/0/0/0 margin=0.0/3.0/0.0/3.0 expand=0.0/0.0/0.0/0.0 shadow=0 offset=(0.0, 0.0))
INTENTIONAL_AUTHORED HScrollBar.stylebox.scroll_focus default=StyleBoxFlat(bg=#ffffffbf border=2/2/2/2 border_color=#ccccccff radius=3/3/3/3 margin=4.0/4.0/4.0/4.0 expand=2.0/2.0/2.0/2.0 shadow=0 offset=(0.0, 0.0)) neocade=StyleBoxFlat(bg=#11182400 border=0/0/0/0 border_color=#0f1523ff radius=0/0/0/0 margin=0.0/3.0/0.0/3.0 expand=0.0/0.0/0.0/0.0 shadow=0 offset=(0.0, 0.0))
INTENTIONAL_AUTHORED HScrollBar.constant.padding_bottom default=<missing> neocade=0
INTENTIONAL_AUTHORED HScrollBar.constant.padding_top default=<missing> neocade=0
INTENTIONAL_AUTHORED HSlider.stylebox.grabber_area default=StyleBoxFlat(bg=#ffffff66 border=0/0/0/0 border_color=#ccccccff radius=4/4/4/4 margin=4.0/4.0/4.0/4.0 expand=0.0/0.0/0.0/0.0 shadow=0 offset=(0.0, 0.0)) neocade=StyleBoxFlat(bg=#58e779ff border=1/1/1/1 border_color=#0f1523ff radius=0/0/0/0 margin=0.0/4.0/0.0/4.0 expand=0.0/0.0/0.0/0.0 shadow=0 offset=(0.0, 0.0))
INTENTIONAL_AUTHORED HSlider.stylebox.grabber_area_highlight default=StyleBoxFlat(bg=#ffffffbf border=0/0/0/0 border_color=#ccccccff radius=4/4/4/4 margin=4.0/4.0/4.0/4.0 expand=0.0/0.0/0.0/0.0 shadow=0 offset=(0.0, 0.0)) neocade=StyleBoxFlat(bg=#58e779ff border=1/1/1/1 border_color=#0f1523ff radius=0/0/0/0 margin=0.0/4.0/0.0/4.0 expand=0.0/0.0/0.0/0.0 shadow=0 offset=(0.0, 0.0))
INTENTIONAL_AUTHORED HSlider.stylebox.slider default=StyleBoxFlat(bg=#1a1a1a99 border=0/0/0/0 border_color=#ccccccff radius=4/4/4/4 margin=4.0/4.0/4.0/4.0 expand=0.0/0.0/0.0/0.0 shadow=0 offset=(0.0, 0.0)) neocade=StyleBoxFlat(bg=#111824ff border=1/1/1/1 border_color=#0f1523ff radius=0/0/0/0 margin=0.0/4.0/0.0/4.0 expand=0.0/0.0/0.0/0.0 shadow=0 offset=(0.0, 0.0))
INTENTIONAL_AUTHORED HSlider.constant.center_grabber default=0 neocade=1
INTENTIONAL_AUTHORED HSlider.constant.tick_offset default=0 neocade=8
INTENTIONAL_AUTHORED HSlider.icon.grabber default=Texture2D(size=(16.0, 16.0) path=) neocade=Texture2D(size=(48.0, 48.0) path=)
INTENTIONAL_AUTHORED HSlider.icon.grabber_disabled default=Texture2D(size=(16.0, 16.0) path=) neocade=Texture2D(size=(48.0, 48.0) path=)
INTENTIONAL_AUTHORED HSlider.icon.grabber_highlight default=Texture2D(size=(16.0, 16.0) path=) neocade=Texture2D(size=(48.0, 48.0) path=)
INTENTIONAL_AUTHORED HSlider.icon.tick default=Texture2D(size=(4.0, 8.0) path=) neocade=Texture2D(size=(16.0, 16.0) path=res://addons/neocade_theme/icons/slider_tick.svg)
INTENTIONAL_AUTHORED HSplitContainer.constant.separation default=12 neocade=6
INTENTIONAL_AUTHORED HSplitContainer.icon.grabber default=Texture2D(size=(8.0, 48.0) path=) neocade=Texture2D(size=(6.0, 48.0) path=)
INTENTIONAL_AUTHORED HSplitContainer.icon.touch_dragger default=Texture2D(size=(30.0, 60.0) path=) neocade=Texture2D(size=(16.0, 16.0) path=res://addons/neocade_theme/icons/split_touch_dragger_h.svg)
INTENTIONAL_AUTHORED HeaderLarge.color.font_color default=<missing> neocade=#ffffffff
INTENTIONAL_AUTHORED HeaderLarge.font.font default=Font(path=) neocade=Font(path=res://addons/neocade_theme/fonts/inter_header_large.tres)
INTENTIONAL_AUTHORED HeaderLarge.font_size.font_size default=28 neocade=36
INTENTIONAL_AUTHORED HeaderMedium.color.font_color default=<missing> neocade=#ffffffff
INTENTIONAL_AUTHORED HeaderMedium.font.font default=Font(path=) neocade=Font(path=res://addons/neocade_theme/fonts/inter_header_medium.tres)
INTENTIONAL_AUTHORED HeaderMedium.font_size.font_size default=24 neocade=22
INTENTIONAL_AUTHORED HeaderSmall.color.font_color default=<missing> neocade=#ffffffff
INTENTIONAL_AUTHORED HeaderSmall.font.font default=Font(path=) neocade=Font(path=res://addons/neocade_theme/fonts/inter_header_small.tres)
INTENTIONAL_AUTHORED HeaderSmall.font_size.font_size default=20 neocade=16
INTENTIONAL_AUTHORED HeroPanel.stylebox.panel default=<missing> neocade=StyleBoxFlat(bg=#2a3c52ff border=1/1/1/1 border_color=#151e2dff radius=0/0/0/0 margin=21.0/18.0/21.0/18.0 expand=0.0/0.0/0.0/0.0 shadow=0 offset=(0.0, 0.0))
INTENTIONAL_AUTHORED HeroPanel.color.font_color default=<missing> neocade=#ffffffff
INTENTIONAL_AUTHORED HeroPanel.font.font default=Font(path=) neocade=Font(path=res://addons/neocade_theme/fonts/inter_header_medium.tres)
INTENTIONAL_AUTHORED IconButton.stylebox.disabled default=<missing> neocade=StyleBoxFlat(bg=#717742ff border=0/0/0/0 border_color=#0f1523ff radius=0/0/0/0 margin=16.0/16.0/16.0/16.0 expand=0.0/0.0/0.0/0.0 shadow=0 offset=(0.0, 0.0))
INTENTIONAL_AUTHORED IconButton.stylebox.focus default=<missing> neocade=StyleBoxFlat(bg=#00000000 border=2/2/2/2 border_color=#f6fc4dff radius=0/0/0/0 margin=-1.0/-1.0/-1.0/-1.0 expand=0.0/0.0/0.0/0.0 shadow=0 offset=(0.0, 0.0))
INTENTIONAL_AUTHORED IconButton.stylebox.hover default=<missing> neocade=StyleBoxFlat(bg=#e5df3eff border=1/1/1/1 border_color=#85832bff radius=0/0/0/0 margin=16.0/16.0/16.0/16.0 expand=0.0/0.0/0.0/0.0 shadow=0 offset=(0.0, 0.0))
INTENTIONAL_AUTHORED IconButton.stylebox.hover_pressed default=<missing> neocade=StyleBoxFlat(bg=#dbd63bff border=1/1/1/1 border_color=#807e29ff radius=0/0/0/0 margin=16.0/16.0/16.0/16.0 expand=0.0/0.0/0.0/0.0 shadow=0 offset=(0.0, 0.0))
INTENTIONAL_AUTHORED IconButton.stylebox.normal default=<missing> neocade=StyleBoxFlat(bg=#f4ee42ff border=1/1/1/1 border_color=#8d8b2dff radius=0/0/0/0 margin=16.0/16.0/16.0/16.0 expand=0.0/0.0/0.0/0.0 shadow=0 offset=(0.0, 0.0))
INTENTIONAL_AUTHORED IconButton.stylebox.pressed default=<missing> neocade=StyleBoxFlat(bg=#dbd63bff border=1/1/1/1 border_color=#807e29ff radius=0/0/0/0 margin=16.0/16.0/16.0/16.0 expand=0.0/0.0/0.0/0.0 shadow=0 offset=(0.0, 0.0))
INTENTIONAL_AUTHORED IconButton.color.font_color default=<missing> neocade=#ffffffff
INTENTIONAL_AUTHORED IconButton.color.font_disabled_color default=<missing> neocade=#ffffff6b
INTENTIONAL_AUTHORED IconButton.color.font_focus_color default=<missing> neocade=#ffffffff
INTENTIONAL_AUTHORED IconButton.color.font_hover_color default=<missing> neocade=#ffffffff
INTENTIONAL_AUTHORED IconButton.color.font_hover_pressed_color default=<missing> neocade=#ffffffff
INTENTIONAL_AUTHORED IconButton.color.font_pressed_color default=<missing> neocade=#ffffffff
INTENTIONAL_AUTHORED IconButton.color.icon_disabled_color default=<missing> neocade=#abaeb46b
INTENTIONAL_AUTHORED IconButton.color.icon_focus_color default=<missing> neocade=#f6fc4dff
INTENTIONAL_AUTHORED IconButton.color.icon_hover_color default=<missing> neocade=#f6fc4dff
INTENTIONAL_AUTHORED IconButton.color.icon_hover_pressed_color default=<missing> neocade=#f6fc4dff
INTENTIONAL_AUTHORED IconButton.color.icon_normal_color default=<missing> neocade=#ffffffff
INTENTIONAL_AUTHORED IconButton.color.icon_pressed_color default=<missing> neocade=#f6fc4dff
INTENTIONAL_AUTHORED IconButton.constant.h_separation default=<missing> neocade=0
INTENTIONAL_AUTHORED IconButton.font.font default=Font(path=) neocade=Font(path=res://addons/neocade_theme/fonts/inter_variable.ttf)
DEFAULT_ONLY Icons.icon.close default=Texture2D(size=(16.0, 16.0) path=) neocade=<missing>
INTENTIONAL_AUTHORED InfoLabel.color.font_color default=<missing> neocade=#2278c0ff
INTENTIONAL_AUTHORED InfoLabel.font.font default=Font(path=) neocade=Font(path=res://addons/neocade_theme/fonts/inter_variable.ttf)
INTENTIONAL_AUTHORED InfoPanel.stylebox.panel default=<missing> neocade=StyleBoxFlat(bg=#2278c00f border=1/1/1/1 border_color=#0f1523ff radius=0/0/0/0 margin=18.0/15.0/18.0/15.0 expand=0.0/0.0/0.0/0.0 shadow=0 offset=(0.0, 0.0))
INTENTIONAL_AUTHORED InfoText.color.default_color default=<missing> neocade=#ffffffff
INTENTIONAL_AUTHORED InfoText.color.font_selected_color default=<missing> neocade=#000000ff
INTENTIONAL_AUTHORED InfoText.color.selection_color default=<missing> neocade=#999c30ff
INTENTIONAL_AUTHORED InfoText.font.normal_font default=Font(path=) neocade=Font(path=res://addons/neocade_theme/fonts/inter_variable.ttf)
INTENTIONAL_AUTHORED ItemList.stylebox.cursor default=StyleBoxFlat(bg=#ffffffbf border=2/2/2/2 border_color=#ccccccff radius=3/3/3/3 margin=4.0/4.0/4.0/4.0 expand=2.0/2.0/2.0/2.0 shadow=0 offset=(0.0, 0.0)) neocade=StyleBoxFlat(bg=#e5df3eb8 border=0/0/0/0 border_color=#0f1523ff radius=0/0/0/0 margin=0.0/0.0/0.0/0.0 expand=0.0/0.0/0.0/0.0 shadow=0 offset=(0.0, 0.0))
INTENTIONAL_AUTHORED ItemList.stylebox.cursor_unfocused default=StyleBoxFlat(bg=#ffffffbf border=2/2/2/2 border_color=#ccccccff radius=3/3/3/3 margin=4.0/4.0/4.0/4.0 expand=2.0/2.0/2.0/2.0 shadow=0 offset=(0.0, 0.0)) neocade=StyleBoxFlat(bg=#e5df3e75 border=0/0/0/0 border_color=#0f1523ff radius=0/0/0/0 margin=0.0/0.0/0.0/0.0 expand=0.0/0.0/0.0/0.0 shadow=0 offset=(0.0, 0.0))
INTENTIONAL_AUTHORED ItemList.stylebox.focus default=StyleBoxFlat(bg=#ffffffbf border=2/2/2/2 border_color=#ccccccff radius=3/3/3/3 margin=4.0/4.0/4.0/4.0 expand=2.0/2.0/2.0/2.0 shadow=0 offset=(0.0, 0.0)) neocade=StyleBoxFlat(bg=#00000000 border=2/2/2/2 border_color=#f6fc4dff radius=0/0/0/0 margin=-1.0/-1.0/-1.0/-1.0 expand=0.0/0.0/0.0/0.0 shadow=0 offset=(0.0, 0.0))
INTENTIONAL_AUTHORED ItemList.stylebox.hovered default=StyleBoxFlat(bg=#ffffff12 border=0/0/0/0 border_color=#ccccccff radius=3/3/3/3 margin=4.0/4.0/4.0/4.0 expand=0.0/0.0/0.0/0.0 shadow=0 offset=(0.0, 0.0)) neocade=StyleBoxFlat(bg=#e5df3eff border=0/0/0/0 border_color=#0f1523ff radius=0/0/0/0 margin=0.0/0.0/0.0/0.0 expand=0.0/0.0/0.0/0.0 shadow=0 offset=(0.0, 0.0))
INTENTIONAL_AUTHORED ItemList.stylebox.hovered_selected default=StyleBoxFlat(bg=#ffffff66 border=0/0/0/0 border_color=#ccccccff radius=3/3/3/3 margin=4.0/4.0/4.0/4.0 expand=0.0/0.0/0.0/0.0 shadow=0 offset=(0.0, 0.0)) neocade=StyleBoxFlat(bg=#f6fc4dff border=0/0/0/0 border_color=#f6fc4dff radius=0/0/0/0 margin=0.0/0.0/0.0/0.0 expand=0.0/0.0/0.0/0.0 shadow=0 offset=(0.0, 0.0))
INTENTIONAL_AUTHORED ItemList.stylebox.hovered_selected_focus default=StyleBoxFlat(bg=#ffffff66 border=0/0/0/0 border_color=#ccccccff radius=3/3/3/3 margin=4.0/4.0/4.0/4.0 expand=0.0/0.0/0.0/0.0 shadow=0 offset=(0.0, 0.0)) neocade=StyleBoxFlat(bg=#f6fc4dff border=0/0/0/0 border_color=#f6fc4dff radius=0/0/0/0 margin=0.0/0.0/0.0/0.0 expand=0.0/0.0/0.0/0.0 shadow=0 offset=(0.0, 0.0))
INTENTIONAL_AUTHORED ItemList.stylebox.panel default=StyleBoxFlat(bg=#1a1a1a99 border=0/0/0/0 border_color=#ccccccff radius=3/3/3/3 margin=4.0/4.0/4.0/4.0 expand=0.0/0.0/0.0/0.0 shadow=0 offset=(0.0, 0.0)) neocade=StyleBoxFlat(bg=#111824ff border=0/0/0/0 border_color=#111824ff radius=0/0/0/0 margin=0.0/0.0/0.0/0.0 expand=0.0/0.0/0.0/0.0 shadow=0 offset=(0.0, 0.0))
INTENTIONAL_AUTHORED ItemList.stylebox.selected default=StyleBoxFlat(bg=#ffffff4d border=0/0/0/0 border_color=#ccccccff radius=3/3/3/3 margin=4.0/4.0/4.0/4.0 expand=0.0/0.0/0.0/0.0 shadow=0 offset=(0.0, 0.0)) neocade=StyleBoxFlat(bg=#f6fc4dff border=3/0/0/0 border_color=#8f9334ff radius=0/0/0/0 margin=0.0/0.0/0.0/0.0 expand=0.0/0.0/0.0/0.0 shadow=0 offset=(0.0, 0.0))
INTENTIONAL_AUTHORED ItemList.stylebox.selected_focus default=StyleBoxFlat(bg=#ffffff4d border=0/0/0/0 border_color=#ccccccff radius=3/3/3/3 margin=4.0/4.0/4.0/4.0 expand=0.0/0.0/0.0/0.0 shadow=0 offset=(0.0, 0.0)) neocade=StyleBoxFlat(bg=#f6fc4dff border=3/0/0/0 border_color=#8f9334ff radius=0/0/0/0 margin=0.0/0.0/0.0/0.0 expand=0.0/0.0/0.0/0.0 shadow=0 offset=(0.0, 0.0))
INTENTIONAL_AUTHORED ItemList.color.font_color default=#a6a6a6ff neocade=#ffffffff
INTENTIONAL_AUTHORED ItemList.color.font_hovered_color default=#f2f2f2ff neocade=#ffffffff
INTENTIONAL_AUTHORED ItemList.color.font_hovered_selected_color default=#ffffffff neocade=#000000ff
INTENTIONAL_AUTHORED ItemList.color.font_outline_color default=#000000ff neocade=#11182400
INTENTIONAL_AUTHORED ItemList.color.font_selected_color default=#ffffffff neocade=#000000ff
INTENTIONAL_AUTHORED ItemList.color.guide_color default=#b2b2b240 neocade=#11182400
INTENTIONAL_AUTHORED ItemList.constant.h_separation default=4 neocade=12
INTENTIONAL_AUTHORED ItemList.constant.icon_margin default=4 neocade=6
INTENTIONAL_AUTHORED ItemList.constant.v_separation default=4 neocade=29
INTENTIONAL_AUTHORED ItemList.font.font default=Font(path=) neocade=Font(path=res://addons/neocade_theme/fonts/inter_variable.ttf)
INTENTIONAL_AUTHORED ItemList.icon.scroll_hint default=Texture2D(size=(32.0, 24.0) path=) neocade=Texture2D(size=(16.0, 12.0) path=res://addons/neocade_theme/icons/tree_scroll_hint.svg)
INTENTIONAL_AUTHORED Kicker.color.font_color default=<missing> neocade=#f6fc4dff
INTENTIONAL_AUTHORED Kicker.font.font default=Font(path=) neocade=Font(path=res://addons/neocade_theme/fonts/inter_variable.ttf)
INTENTIONAL_AUTHORED Kicker.font_size.font_size default=16 neocade=13
INTENTIONAL_AUTHORED Label.stylebox.focus default=StyleBoxFlat(bg=#ffffffbf border=2/2/2/2 border_color=#ccccccff radius=3/3/3/3 margin=4.0/4.0/4.0/4.0 expand=2.0/2.0/2.0/2.0 shadow=0 offset=(0.0, 0.0)) neocade=StyleBoxFlat(bg=#00000000 border=2/2/2/2 border_color=#f6fc4dff radius=0/0/0/0 margin=-1.0/-1.0/-1.0/-1.0 expand=0.0/0.0/0.0/0.0 shadow=0 offset=(0.0, 0.0))
INTENTIONAL_AUTHORED Label.stylebox.normal default=StyleBoxEmpty neocade=StyleBoxEmpty
DEFAULT_ONLY Label.color.font_outline_color default=#000000ff neocade=<missing>
DEFAULT_ONLY Label.color.font_shadow_color default=#00000000 neocade=<missing>
DEFAULT_ONLY Label.constant.line_spacing default=3 neocade=<missing>
DEFAULT_ONLY Label.constant.outline_size default=0 neocade=<missing>
DEFAULT_ONLY Label.constant.shadow_offset_x default=1 neocade=<missing>
DEFAULT_ONLY Label.constant.shadow_offset_y default=1 neocade=<missing>
DEFAULT_ONLY Label.constant.shadow_outline_size default=1 neocade=<missing>
INTENTIONAL_AUTHORED Label.font.font default=Font(path=) neocade=Font(path=res://addons/neocade_theme/fonts/inter_variable.ttf)
INTENTIONAL_AUTHORED LineEdit.stylebox.focus default=StyleBoxFlat(bg=#ffffffbf border=2/2/2/2 border_color=#ccccccff radius=3/3/3/3 margin=4.0/4.0/4.0/4.0 expand=2.0/2.0/2.0/2.0 shadow=0 offset=(0.0, 0.0)) neocade=StyleBoxFlat(bg=#00000000 border=2/2/2/2 border_color=#f6fc4dff radius=0/0/0/0 margin=-1.0/-1.0/-1.0/-1.0 expand=0.0/0.0/0.0/0.0 shadow=0 offset=(0.0, 0.0))
INTENTIONAL_AUTHORED LineEdit.stylebox.normal default=StyleBoxFlat(bg=#1a1a1a99 border=0/0/0/2 border_color=#00000099 radius=3/3/3/3 margin=4.0/4.0/4.0/4.0 expand=0.0/0.0/0.0/0.0 shadow=0 offset=(0.0, 0.0)) neocade=StyleBoxFlat(bg=#2c4865ff border=1/1/1/1 border_color=#21364eff radius=0/0/0/0 margin=15.0/14.0/15.0/14.0 expand=0.0/0.0/0.0/0.0 shadow=0 offset=(0.0, 0.0))
INTENTIONAL_AUTHORED LineEdit.stylebox.read_only default=StyleBoxFlat(bg=#1a1a1a4d border=0/0/0/2 border_color=#0000004d radius=3/3/3/3 margin=4.0/4.0/4.0/4.0 expand=0.0/0.0/0.0/0.0 shadow=0 offset=(0.0, 0.0)) neocade=StyleBoxFlat(bg=#7177426b border=0/0/0/0 border_color=#0f1523ff radius=0/0/0/0 margin=15.0/14.0/15.0/14.0 expand=0.0/0.0/0.0/0.0 shadow=0 offset=(0.0, 0.0))
INTENTIONAL_AUTHORED LineEdit.color.caret_color default=#f2f2f2ff neocade=#f6fc4dff
INTENTIONAL_AUTHORED LineEdit.color.clear_button_color default=#dfdfdfff neocade=#abaeb4ff
INTENTIONAL_AUTHORED LineEdit.color.font_color default=#dfdfdfff neocade=#ffffffff
DEFAULT_ONLY LineEdit.color.font_outline_color default=#000000ff neocade=<missing>
INTENTIONAL_AUTHORED LineEdit.color.font_placeholder_color default=#dfdfdf99 neocade=#abaeb4ff
INTENTIONAL_AUTHORED LineEdit.color.font_selected_color default=#ffffffff neocade=#000000ff
INTENTIONAL_AUTHORED LineEdit.color.font_uneditable_color default=#dfdfdf80 neocade=#abaeb46b
INTENTIONAL_AUTHORED LineEdit.color.selection_color default=#808080ff neocade=#f6fc4dff
DEFAULT_ONLY LineEdit.constant.caret_width default=1 neocade=<missing>
DEFAULT_ONLY LineEdit.constant.minimum_character_width default=4 neocade=<missing>
DEFAULT_ONLY LineEdit.constant.outline_size default=0 neocade=<missing>
INTENTIONAL_AUTHORED LineEdit.font.font default=Font(path=) neocade=Font(path=res://addons/neocade_theme/fonts/inter_variable.ttf)
INTENTIONAL_AUTHORED LineEdit.icon.clear default=Texture2D(size=(16.0, 16.0) path=) neocade=Texture2D(size=(24.0, 24.0) path=)
DEFAULT_ONLY LinkButton.stylebox.focus default=StyleBoxFlat(bg=#ffffffbf border=2/2/2/2 border_color=#ccccccff radius=3/3/3/3 margin=4.0/4.0/4.0/4.0 expand=2.0/2.0/2.0/2.0 shadow=0 offset=(0.0, 0.0)) neocade=<missing>
INTENTIONAL_AUTHORED LinkButton.color.font_color default=#dfdfdfff neocade=#f6fc4dff
INTENTIONAL_AUTHORED LinkButton.color.font_disabled_color default=<missing> neocade=#f6fc4d6b
INTENTIONAL_AUTHORED LinkButton.color.font_focus_color default=#f2f2f2ff neocade=#f6fc4dff
INTENTIONAL_AUTHORED LinkButton.color.font_hover_color default=#f2f2f2ff neocade=#8f9334ff
INTENTIONAL_AUTHORED LinkButton.color.font_hover_pressed_color default=<missing> neocade=#8f9334ff
DEFAULT_ONLY LinkButton.color.font_outline_color default=#000000ff neocade=<missing>
INTENTIONAL_AUTHORED LinkButton.color.font_pressed_color default=#ffffffff neocade=#f6fc4dff
DEFAULT_ONLY LinkButton.constant.outline_size default=0 neocade=<missing>
INTENTIONAL_AUTHORED LinkButton.font.font default=Font(path=) neocade=Font(path=res://addons/neocade_theme/fonts/inter_variable.ttf)
INTENTIONAL_AUTHORED MenuBar.stylebox.disabled default=StyleBoxFlat(bg=#1a1a1a4d border=0/0/0/0 border_color=#ccccccff radius=3/3/3/3 margin=4.0/4.0/4.0/4.0 expand=0.0/0.0/0.0/0.0 shadow=0 offset=(0.0, 0.0)) neocade=StyleBoxFlat(bg=#151e2f6b border=1/1/1/1 border_color=#0f1523ff radius=0/0/0/0 margin=14.0/14.0/14.0/14.0 expand=0.0/0.0/0.0/0.0 shadow=0 offset=(0.0, 0.0))
INTENTIONAL_AUTHORED MenuBar.stylebox.hover default=StyleBoxFlat(bg=#39393999 border=0/0/0/0 border_color=#ccccccff radius=3/3/3/3 margin=4.0/4.0/4.0/4.0 expand=0.0/0.0/0.0/0.0 shadow=0 offset=(0.0, 0.0)) neocade=StyleBoxFlat(bg=#3080c4ff border=0/0/0/0 border_color=#0f1523ff radius=0/0/0/0 margin=14.0/14.0/14.0/14.0 expand=0.0/0.0/0.0/0.0 shadow=0 offset=(0.0, 0.0))
INTENTIONAL_AUTHORED MenuBar.stylebox.normal default=StyleBoxFlat(bg=#1a1a1a99 border=0/0/0/0 border_color=#ccccccff radius=3/3/3/3 margin=4.0/4.0/4.0/4.0 expand=0.0/0.0/0.0/0.0 shadow=0 offset=(0.0, 0.0)) neocade=StyleBoxFlat(bg=#151e2f00 border=1/1/1/1 border_color=#0f1523ff radius=0/0/0/0 margin=14.0/14.0/14.0/14.0 expand=0.0/0.0/0.0/0.0 shadow=0 offset=(0.0, 0.0))
INTENTIONAL_AUTHORED MenuBar.stylebox.pressed default=StyleBoxFlat(bg=#00000099 border=0/0/0/0 border_color=#ccccccff radius=3/3/3/3 margin=4.0/4.0/4.0/4.0 expand=0.0/0.0/0.0/0.0 shadow=0 offset=(0.0, 0.0)) neocade=StyleBoxFlat(bg=#3885c7ff border=0/0/0/0 border_color=#0f1523ff radius=0/0/0/0 margin=14.0/14.0/14.0/14.0 expand=0.0/0.0/0.0/0.0 shadow=0 offset=(0.0, 0.0))
INTENTIONAL_AUTHORED MenuBar.color.font_color default=#dfdfdfff neocade=#ffffffff
INTENTIONAL_AUTHORED MenuBar.color.font_disabled_color default=#dfdfdf80 neocade=#ffffff6b
INTENTIONAL_AUTHORED MenuBar.color.font_focus_color default=#f2f2f2ff neocade=#f6fc4dff
INTENTIONAL_AUTHORED MenuBar.color.font_hover_color default=#f2f2f2ff neocade=#000000ff
INTENTIONAL_AUTHORED MenuBar.color.font_outline_color default=#000000ff neocade=#0f1523ff
INTENTIONAL_AUTHORED MenuBar.color.font_pressed_color default=#ffffffff neocade=#000000ff
INTENTIONAL_AUTHORED MenuBar.font.font default=Font(path=) neocade=Font(path=res://addons/neocade_theme/fonts/inter_variable.ttf)
INTENTIONAL_AUTHORED MenuButton.stylebox.disabled default=StyleBoxFlat(bg=#1a1a1a4d border=0/0/0/0 border_color=#ccccccff radius=3/3/3/3 margin=4.0/4.0/4.0/4.0 expand=0.0/0.0/0.0/0.0 shadow=0 offset=(0.0, 0.0)) neocade=StyleBoxFlat(bg=#717742ff border=0/0/0/0 border_color=#0f1523ff radius=0/0/0/0 margin=15.0/14.0/15.0/14.0 expand=0.0/0.0/0.0/0.0 shadow=0 offset=(0.0, 0.0))
INTENTIONAL_AUTHORED MenuButton.stylebox.focus default=StyleBoxFlat(bg=#ffffffbf border=2/2/2/2 border_color=#ccccccff radius=3/3/3/3 margin=4.0/4.0/4.0/4.0 expand=2.0/2.0/2.0/2.0 shadow=0 offset=(0.0, 0.0)) neocade=StyleBoxFlat(bg=#00000000 border=2/2/2/2 border_color=#f6fc4dff radius=0/0/0/0 margin=-1.0/-1.0/-1.0/-1.0 expand=0.0/0.0/0.0/0.0 shadow=0 offset=(0.0, 0.0))
INTENTIONAL_AUTHORED MenuButton.stylebox.hover default=StyleBoxFlat(bg=#39393999 border=0/0/0/0 border_color=#ccccccff radius=3/3/3/3 margin=4.0/4.0/4.0/4.0 expand=0.0/0.0/0.0/0.0 shadow=0 offset=(0.0, 0.0)) neocade=StyleBoxFlat(bg=#3080c4ff border=1/1/1/1 border_color=#154674ff radius=0/0/0/0 margin=15.0/14.0/15.0/14.0 expand=0.0/0.0/0.0/0.0 shadow=0 offset=(0.0, 0.0))
INTENTIONAL_AUTHORED MenuButton.stylebox.hover_pressed default=<missing> neocade=StyleBoxFlat(bg=#3885c7ff border=1/1/1/1 border_color=#154674ff radius=0/0/0/0 margin=15.0/14.0/15.0/14.0 expand=0.0/0.0/0.0/0.0 shadow=0 offset=(0.0, 0.0))
INTENTIONAL_AUTHORED MenuButton.stylebox.normal default=StyleBoxFlat(bg=#1a1a1a99 border=0/0/0/0 border_color=#ccccccff radius=3/3/3/3 margin=4.0/4.0/4.0/4.0 expand=0.0/0.0/0.0/0.0 shadow=0 offset=(0.0, 0.0)) neocade=StyleBoxFlat(bg=#2278c0ff border=1/1/1/1 border_color=#154674ff radius=0/0/0/0 margin=15.0/14.0/15.0/14.0 expand=0.0/0.0/0.0/0.0 shadow=0 offset=(0.0, 0.0))
INTENTIONAL_AUTHORED MenuButton.stylebox.pressed default=StyleBoxFlat(bg=#00000099 border=0/0/0/0 border_color=#ccccccff radius=3/3/3/3 margin=4.0/4.0/4.0/4.0 expand=0.0/0.0/0.0/0.0 shadow=0 offset=(0.0, 0.0)) neocade=StyleBoxFlat(bg=#3885c7ff border=1/1/1/1 border_color=#154674ff radius=0/0/0/0 margin=15.0/14.0/15.0/14.0 expand=0.0/0.0/0.0/0.0 shadow=0 offset=(0.0, 0.0))
INTENTIONAL_AUTHORED MenuButton.color.font_color default=#dfdfdfff neocade=#ffffffff
INTENTIONAL_AUTHORED MenuButton.color.font_disabled_color default=#ffffff4d neocade=#ffffff6b
INTENTIONAL_AUTHORED MenuButton.color.font_focus_color default=#f2f2f2ff neocade=#ffffffff
INTENTIONAL_AUTHORED MenuButton.color.font_hover_color default=#f2f2f2ff neocade=#000000ff
DEFAULT_ONLY MenuButton.color.font_outline_color default=#000000ff neocade=<missing>
INTENTIONAL_AUTHORED MenuButton.color.font_pressed_color default=#ffffffff neocade=#000000ff
INTENTIONAL_AUTHORED MenuButton.constant.h_separation default=4 neocade=12
DEFAULT_ONLY MenuButton.constant.outline_size default=0 neocade=<missing>
INTENTIONAL_AUTHORED MenuButton.font.font default=Font(path=) neocade=Font(path=res://addons/neocade_theme/fonts/inter_variable.ttf)
INTENTIONAL_AUTHORED OptionButton.stylebox.disabled default=StyleBoxFlat(bg=#1a1a1a4d border=0/0/0/0 border_color=#ccccccff radius=3/3/3/3 margin=8.0/4.0/8.0/4.0 expand=0.0/0.0/0.0/0.0 shadow=0 offset=(0.0, 0.0)) neocade=StyleBoxFlat(bg=#717742ff border=0/0/0/0 border_color=#0f1523ff radius=0/0/0/0 margin=14.0/14.0/14.0/14.0 expand=0.0/0.0/0.0/0.0 shadow=0 offset=(0.0, 0.0))
DEFAULT_ONLY OptionButton.stylebox.disabled_mirrored default=StyleBoxFlat(bg=#1a1a1a4d border=0/0/0/0 border_color=#ccccccff radius=3/3/3/3 margin=8.0/4.0/8.0/4.0 expand=0.0/0.0/0.0/0.0 shadow=0 offset=(0.0, 0.0)) neocade=<missing>
INTENTIONAL_AUTHORED OptionButton.stylebox.focus default=StyleBoxFlat(bg=#ffffffbf border=2/2/2/2 border_color=#ccccccff radius=3/3/3/3 margin=4.0/4.0/4.0/4.0 expand=2.0/2.0/2.0/2.0 shadow=0 offset=(0.0, 0.0)) neocade=StyleBoxFlat(bg=#00000000 border=2/2/2/2 border_color=#f6fc4dff radius=0/0/0/0 margin=-1.0/-1.0/-1.0/-1.0 expand=0.0/0.0/0.0/0.0 shadow=0 offset=(0.0, 0.0))
INTENTIONAL_AUTHORED OptionButton.stylebox.hover default=StyleBoxFlat(bg=#39393999 border=0/0/0/0 border_color=#ccccccff radius=3/3/3/3 margin=8.0/4.0/8.0/4.0 expand=0.0/0.0/0.0/0.0 shadow=0 offset=(0.0, 0.0)) neocade=StyleBoxFlat(bg=#3080c4ff border=1/1/1/1 border_color=#154674ff radius=0/0/0/0 margin=14.0/14.0/14.0/14.0 expand=0.0/0.0/0.0/0.0 shadow=0 offset=(0.0, 0.0))
DEFAULT_ONLY OptionButton.stylebox.hover_mirrored default=StyleBoxFlat(bg=#39393999 border=0/0/0/0 border_color=#ccccccff radius=3/3/3/3 margin=8.0/4.0/8.0/4.0 expand=0.0/0.0/0.0/0.0 shadow=0 offset=(0.0, 0.0)) neocade=<missing>
INTENTIONAL_AUTHORED OptionButton.stylebox.hover_pressed default=<missing> neocade=StyleBoxFlat(bg=#3885c7ff border=1/1/1/1 border_color=#154674ff radius=0/0/0/0 margin=14.0/14.0/14.0/14.0 expand=0.0/0.0/0.0/0.0 shadow=0 offset=(0.0, 0.0))
INTENTIONAL_AUTHORED OptionButton.stylebox.normal default=StyleBoxFlat(bg=#1a1a1a99 border=0/0/0/0 border_color=#ccccccff radius=3/3/3/3 margin=8.0/4.0/8.0/4.0 expand=0.0/0.0/0.0/0.0 shadow=0 offset=(0.0, 0.0)) neocade=StyleBoxFlat(bg=#2278c0ff border=1/1/1/1 border_color=#154674ff radius=0/0/0/0 margin=14.0/14.0/14.0/14.0 expand=0.0/0.0/0.0/0.0 shadow=0 offset=(0.0, 0.0))
DEFAULT_ONLY OptionButton.stylebox.normal_mirrored default=StyleBoxFlat(bg=#1a1a1a99 border=0/0/0/0 border_color=#ccccccff radius=3/3/3/3 margin=8.0/4.0/8.0/4.0 expand=0.0/0.0/0.0/0.0 shadow=0 offset=(0.0, 0.0)) neocade=<missing>
INTENTIONAL_AUTHORED OptionButton.stylebox.pressed default=StyleBoxFlat(bg=#00000099 border=0/0/0/0 border_color=#ccccccff radius=3/3/3/3 margin=8.0/4.0/8.0/4.0 expand=0.0/0.0/0.0/0.0 shadow=0 offset=(0.0, 0.0)) neocade=StyleBoxFlat(bg=#3885c7ff border=1/1/1/1 border_color=#154674ff radius=0/0/0/0 margin=14.0/14.0/14.0/14.0 expand=0.0/0.0/0.0/0.0 shadow=0 offset=(0.0, 0.0))
DEFAULT_ONLY OptionButton.stylebox.pressed_mirrored default=StyleBoxFlat(bg=#00000099 border=0/0/0/0 border_color=#ccccccff radius=3/3/3/3 margin=8.0/4.0/8.0/4.0 expand=0.0/0.0/0.0/0.0 shadow=0 offset=(0.0, 0.0)) neocade=<missing>
INTENTIONAL_AUTHORED OptionButton.color.font_color default=#dfdfdfff neocade=#ffffffff
INTENTIONAL_AUTHORED OptionButton.color.font_disabled_color default=#dfdfdf80 neocade=#ffffff6b
INTENTIONAL_AUTHORED OptionButton.color.font_focus_color default=#f2f2f2ff neocade=#ffffffff
INTENTIONAL_AUTHORED OptionButton.color.font_hover_color default=#f2f2f2ff neocade=#000000ff
DEFAULT_ONLY OptionButton.color.font_hover_pressed_color default=#ffffffff neocade=<missing>
DEFAULT_ONLY OptionButton.color.font_outline_color default=#000000ff neocade=<missing>
INTENTIONAL_AUTHORED OptionButton.color.font_pressed_color default=#ffffffff neocade=#000000ff
INTENTIONAL_AUTHORED OptionButton.constant.arrow_margin default=4 neocade=6
DEFAULT_ONLY OptionButton.constant.modulate_arrow default=0 neocade=<missing>
DEFAULT_ONLY OptionButton.constant.outline_size default=0 neocade=<missing>
INTENTIONAL_AUTHORED OptionButton.font.font default=Font(path=) neocade=Font(path=res://addons/neocade_theme/fonts/inter_variable.ttf)
INTENTIONAL_AUTHORED OptionButton.icon.arrow default=Texture2D(size=(12.0, 12.0) path=) neocade=Texture2D(size=(16.0, 16.0) path=res://addons/neocade_theme/icons/arrow_down.svg)
INTENTIONAL_AUTHORED Panel.stylebox.panel default=StyleBoxFlat(bg=#1a1a1a99 border=0/0/0/0 border_color=#ccccccff radius=3/3/3/3 margin=0.0/0.0/0.0/0.0 expand=0.0/0.0/0.0/0.0 shadow=0 offset=(0.0, 0.0)) neocade=StyleBoxFlat(bg=#212e42ff border=1/1/1/1 border_color=#0f1523ff radius=0/0/0/0 margin=0.0/0.0/0.0/0.0 expand=0.0/0.0/0.0/0.0 shadow=0 offset=(0.0, 0.0))
INTENTIONAL_AUTHORED PanelContainer.stylebox.panel default=StyleBoxFlat(bg=#1a1a1a99 border=0/0/0/0 border_color=#ccccccff radius=3/3/3/3 margin=0.0/0.0/0.0/0.0 expand=0.0/0.0/0.0/0.0 shadow=0 offset=(0.0, 0.0)) neocade=StyleBoxFlat(bg=#212e42ff border=1/1/1/1 border_color=#0f1523ff radius=0/0/0/0 margin=15.0/12.0/15.0/12.0 expand=0.0/0.0/0.0/0.0 shadow=0 offset=(0.0, 0.0))
INTENTIONAL_AUTHORED PanelLabel.color.font_color default=<missing> neocade=#ffffffff
INTENTIONAL_AUTHORED PanelLabel.font.font default=Font(path=) neocade=Font(path=res://addons/neocade_theme/fonts/inter_variable.ttf)
INTENTIONAL_AUTHORED PanelRichTextLabel.stylebox.focus default=<missing> neocade=StyleBoxFlat(bg=#151e2f00 border=0/0/0/0 border_color=#0f1523ff radius=0/0/0/0 margin=0.0/0.0/0.0/0.0 expand=0.0/0.0/0.0/0.0 shadow=0 offset=(0.0, 0.0))
INTENTIONAL_AUTHORED PanelRichTextLabel.stylebox.normal default=<missing> neocade=StyleBoxFlat(bg=#151e2f00 border=0/0/0/0 border_color=#0f1523ff radius=0/0/0/0 margin=0.0/0.0/0.0/0.0 expand=0.0/0.0/0.0/0.0 shadow=0 offset=(0.0, 0.0))
INTENTIONAL_AUTHORED PanelRichTextLabel.color.default_color default=<missing> neocade=#ffffffff
INTENTIONAL_AUTHORED PanelRichTextLabel.color.font_selected_color default=<missing> neocade=#000000ff
INTENTIONAL_AUTHORED PanelRichTextLabel.color.selection_color default=<missing> neocade=#f6fc4dff
INTENTIONAL_AUTHORED PanelRichTextLabel.font.normal_font default=Font(path=) neocade=Font(path=res://addons/neocade_theme/fonts/inter_variable.ttf)
INTENTIONAL_AUTHORED PopupDialog.stylebox.panel default=StyleBoxFlat(bg=#1a1a1a99 border=0/0/0/0 border_color=#ccccccff radius=3/3/3/3 margin=4.0/4.0/4.0/4.0 expand=0.0/0.0/0.0/0.0 shadow=0 offset=(0.0, 0.0)) neocade=StyleBoxFlat(bg=#151e2fff border=1/1/1/1 border_color=#0f1523ff radius=0/0/0/0 margin=18.0/15.0/18.0/15.0 expand=0.0/0.0/0.0/0.0 shadow=0 offset=(0.0, 0.0))
INTENTIONAL_AUTHORED PopupMenu.stylebox.hover default=StyleBoxFlat(bg=#666666ff border=0/0/0/0 border_color=#ccccccff radius=3/3/3/3 margin=4.0/4.0/4.0/4.0 expand=0.0/0.0/0.0/0.0 shadow=0 offset=(0.0, 0.0)) neocade=StyleBoxFlat(bg=#3080c4ff border=0/0/0/0 border_color=#154674ff radius=0/0/0/0 margin=0.0/0.0/0.0/0.0 expand=0.0/0.0/0.0/0.0 shadow=0 offset=(0.0, 0.0))
INTENTIONAL_AUTHORED PopupMenu.stylebox.panel default=StyleBoxFlat(bg=#404040ff border=2/2/2/2 border_color=#2d2d2dff radius=3/3/3/3 margin=4.0/4.0/4.0/4.0 expand=0.0/0.0/0.0/0.0 shadow=0 offset=(0.0, 0.0)) neocade=StyleBoxFlat(bg=#1a2435ff border=1/1/1/1 border_color=#0a0f1bff radius=0/0/0/0 margin=0.0/0.0/0.0/0.0 expand=0.0/0.0/0.0/0.0 shadow=0 offset=(0.0, 0.0))
INTENTIONAL_AUTHORED PopupMenu.color.font_accelerator_color default=#b2b2b2cc neocade=#abaeb4ff
INTENTIONAL_AUTHORED PopupMenu.color.font_color default=#dfdfdfff neocade=#ffffffff
INTENTIONAL_AUTHORED PopupMenu.color.font_disabled_color default=#666666cc neocade=#ffffff6b
INTENTIONAL_AUTHORED PopupMenu.color.font_hover_color default=#dfdfdfff neocade=#000000ff
INTENTIONAL_AUTHORED PopupMenu.color.font_outline_color default=#000000ff neocade=#0f1523ff
INTENTIONAL_AUTHORED PopupMenu.color.font_separator_color default=#dfdfdfff neocade=#abaeb4ff
INTENTIONAL_AUTHORED PopupMenu.color.font_separator_outline_color default=#000000ff neocade=#0f1523ff
INTENTIONAL_AUTHORED PopupMenu.constant.h_separation default=4 neocade=6
INTENTIONAL_AUTHORED PopupMenu.constant.icon_max_width default=0 neocade=40
INTENTIONAL_AUTHORED PopupMenu.constant.indent default=10 neocade=16
INTENTIONAL_AUTHORED PopupMenu.constant.item_end_padding default=2 neocade=8
INTENTIONAL_AUTHORED PopupMenu.constant.item_start_padding default=2 neocade=8
INTENTIONAL_AUTHORED PopupMenu.constant.search_bar_separation default=<missing> neocade=4
INTENTIONAL_AUTHORED PopupMenu.font.font default=Font(path=) neocade=Font(path=res://addons/neocade_theme/fonts/inter_variable.ttf)
INTENTIONAL_AUTHORED PopupMenu.font.font_separator default=Font(path=) neocade=Font(path=res://addons/neocade_theme/fonts/inter_variable.ttf)
INTENTIONAL_AUTHORED PopupMenu.font_size.font_separator_size default=16 neocade=14
INTENTIONAL_AUTHORED PopupMenu.icon.checked default=Texture2D(size=(16.0, 16.0) path=) neocade=Texture2D(size=(40.0, 40.0) path=)
INTENTIONAL_AUTHORED PopupMenu.icon.checked_disabled default=Texture2D(size=(16.0, 16.0) path=) neocade=Texture2D(size=(40.0, 40.0) path=)
INTENTIONAL_AUTHORED PopupMenu.icon.radio_checked default=Texture2D(size=(16.0, 16.0) path=) neocade=Texture2D(size=(40.0, 40.0) path=)
INTENTIONAL_AUTHORED PopupMenu.icon.radio_checked_disabled default=Texture2D(size=(16.0, 16.0) path=) neocade=Texture2D(size=(40.0, 40.0) path=)
INTENTIONAL_AUTHORED PopupMenu.icon.radio_unchecked default=Texture2D(size=(16.0, 16.0) path=) neocade=Texture2D(size=(40.0, 40.0) path=)
INTENTIONAL_AUTHORED PopupMenu.icon.radio_unchecked_disabled default=Texture2D(size=(16.0, 16.0) path=) neocade=Texture2D(size=(40.0, 40.0) path=)
INTENTIONAL_AUTHORED PopupMenu.icon.search default=<missing> neocade=Texture2D(size=(32.0, 32.0) path=)
INTENTIONAL_AUTHORED PopupMenu.icon.submenu default=Texture2D(size=(8.0, 16.0) path=) neocade=Texture2D(size=(16.0, 16.0) path=res://addons/neocade_theme/icons/popup_submenu.svg)
INTENTIONAL_AUTHORED PopupMenu.icon.submenu_mirrored default=Texture2D(size=(8.0, 16.0) path=) neocade=Texture2D(size=(16.0, 16.0) path=res://addons/neocade_theme/icons/popup_submenu_mirrored.svg)
INTENTIONAL_AUTHORED PopupMenu.icon.unchecked default=Texture2D(size=(16.0, 16.0) path=) neocade=Texture2D(size=(40.0, 40.0) path=)
INTENTIONAL_AUTHORED PopupMenu.icon.unchecked_disabled default=Texture2D(size=(16.0, 16.0) path=) neocade=Texture2D(size=(40.0, 40.0) path=)
INTENTIONAL_AUTHORED PopupPanel.stylebox.panel default=StyleBoxFlat(bg=#1a1a1a99 border=0/0/0/0 border_color=#ccccccff radius=3/3/3/3 margin=4.0/4.0/4.0/4.0 expand=0.0/0.0/0.0/0.0 shadow=0 offset=(0.0, 0.0)) neocade=StyleBoxFlat(bg=#1a2435ff border=1/1/1/1 border_color=#0a0f1bff radius=0/0/0/0 margin=12.0/9.0/12.0/9.0 expand=0.0/0.0/0.0/0.0 shadow=0 offset=(0.0, 0.0))
INTENTIONAL_AUTHORED PrimaryButton.stylebox.disabled default=<missing> neocade=StyleBoxFlat(bg=#3cdf826b border=0/0/0/0 border_color=#0f1523ff radius=0/0/0/0 margin=18.0/14.0/18.0/14.0 expand=0.0/0.0/0.0/0.0 shadow=0 offset=(0.0, 0.0))
INTENTIONAL_AUTHORED PrimaryButton.stylebox.focus default=<missing> neocade=StyleBoxFlat(bg=#00000000 border=2/2/2/2 border_color=#f6fc4dff radius=0/0/0/0 margin=-1.0/-1.0/-1.0/-1.0 expand=0.0/0.0/0.0/0.0 shadow=0 offset=(0.0, 0.0))
INTENTIONAL_AUTHORED PrimaryButton.stylebox.hover default=<missing> neocade=StyleBoxFlat(bg=#31b76aff border=1/1/1/1 border_color=#237c4eff radius=0/0/0/0 margin=18.0/14.0/18.0/14.0 expand=0.0/0.0/0.0/0.0 shadow=0 offset=(0.0, 0.0))
INTENTIONAL_AUTHORED PrimaryButton.stylebox.hover_pressed default=<missing> neocade=StyleBoxFlat(bg=#2a9c5bff border=1/1/1/1 border_color=#289355ff radius=0/0/0/0 margin=18.0/14.0/18.0/14.0 expand=0.0/0.0/0.0/0.0 shadow=0 offset=(0.0, 0.0))
INTENTIONAL_AUTHORED PrimaryButton.stylebox.normal default=<missing> neocade=StyleBoxFlat(bg=#3cdf82ff border=1/1/1/1 border_color=#237c4eff radius=0/0/0/0 margin=18.0/14.0/18.0/14.0 expand=0.0/0.0/0.0/0.0 shadow=0 offset=(0.0, 0.0))
INTENTIONAL_AUTHORED PrimaryButton.stylebox.pressed default=<missing> neocade=StyleBoxFlat(bg=#2a9c5bff border=1/1/1/1 border_color=#289355ff radius=0/0/0/0 margin=18.0/14.0/18.0/14.0 expand=0.0/0.0/0.0/0.0 shadow=0 offset=(0.0, 0.0))
INTENTIONAL_AUTHORED PrimaryButton.color.font_color default=<missing> neocade=#000000ff
INTENTIONAL_AUTHORED PrimaryButton.color.font_disabled_color default=<missing> neocade=#0000006b
INTENTIONAL_AUTHORED PrimaryButton.color.font_focus_color default=<missing> neocade=#000000ff
INTENTIONAL_AUTHORED PrimaryButton.color.font_hover_color default=<missing> neocade=#000000ff
INTENTIONAL_AUTHORED PrimaryButton.color.font_hover_pressed_color default=<missing> neocade=#000000ff
INTENTIONAL_AUTHORED PrimaryButton.color.font_pressed_color default=<missing> neocade=#000000ff
INTENTIONAL_AUTHORED PrimaryButton.color.icon_disabled_color default=<missing> neocade=#0000006b
INTENTIONAL_AUTHORED PrimaryButton.color.icon_focus_color default=<missing> neocade=#000000ff
INTENTIONAL_AUTHORED PrimaryButton.color.icon_hover_color default=<missing> neocade=#000000ff
INTENTIONAL_AUTHORED PrimaryButton.color.icon_hover_pressed_color default=<missing> neocade=#000000ff
INTENTIONAL_AUTHORED PrimaryButton.color.icon_normal_color default=<missing> neocade=#000000ff
INTENTIONAL_AUTHORED PrimaryButton.color.icon_pressed_color default=<missing> neocade=#000000ff
INTENTIONAL_AUTHORED PrimaryButton.constant.h_separation default=<missing> neocade=12
INTENTIONAL_AUTHORED PrimaryButton.font.font default=Font(path=) neocade=Font(path=res://addons/neocade_theme/fonts/inter_variable.ttf)
INTENTIONAL_AUTHORED ProgressBar.stylebox.background default=StyleBoxFlat(bg=#1a1a1a4d border=0/0/0/0 border_color=#ccccccff radius=6/6/6/6 margin=2.0/2.0/2.0/2.0 expand=0.0/0.0/0.0/0.0 shadow=0 offset=(0.0, 0.0)) neocade=StyleBoxFlat(bg=#111824ff border=1/1/1/1 border_color=#0f1523ff radius=0/0/0/0 margin=0.0/0.0/0.0/0.0 expand=0.0/0.0/0.0/0.0 shadow=0 offset=(0.0, 0.0))
INTENTIONAL_AUTHORED ProgressBar.stylebox.fill default=StyleBoxFlat(bg=#ffffff66 border=0/0/0/0 border_color=#ccccccff radius=6/6/6/6 margin=2.0/2.0/2.0/2.0 expand=0.0/0.0/0.0/0.0 shadow=0 offset=(0.0, 0.0)) neocade=StyleBoxFlat(bg=#58e779ff border=1/1/1/1 border_color=#0f1523ff radius=0/0/0/0 margin=0.0/0.0/0.0/0.0 expand=0.0/0.0/0.0/0.0 shadow=0 offset=(0.0, 0.0))
INTENTIONAL_AUTHORED ProgressBar.color.font_color default=#f2f2f2ff neocade=#ffffffff
INTENTIONAL_AUTHORED ProgressBar.constant.outline_size default=0 neocade=4
INTENTIONAL_AUTHORED ProgressBar.font.font default=Font(path=) neocade=Font(path=res://addons/neocade_theme/fonts/inter_variable.ttf)
INTENTIONAL_AUTHORED RichTextLabel.stylebox.focus default=StyleBoxFlat(bg=#ffffffbf border=2/2/2/2 border_color=#ccccccff radius=3/3/3/3 margin=4.0/4.0/4.0/4.0 expand=2.0/2.0/2.0/2.0 shadow=0 offset=(0.0, 0.0)) neocade=StyleBoxFlat(bg=#151e2f00 border=0/0/0/0 border_color=#0f1523ff radius=0/0/0/0 margin=0.0/0.0/0.0/0.0 expand=0.0/0.0/0.0/0.0 shadow=0 offset=(0.0, 0.0))
INTENTIONAL_AUTHORED RichTextLabel.stylebox.normal default=StyleBoxEmpty neocade=StyleBoxFlat(bg=#151e2f00 border=0/0/0/0 border_color=#0f1523ff radius=0/0/0/0 margin=0.0/0.0/0.0/0.0 expand=0.0/0.0/0.0/0.0 shadow=0 offset=(0.0, 0.0))
DEFAULT_ONLY RichTextLabel.color.font_outline_color default=#000000ff neocade=<missing>
INTENTIONAL_AUTHORED RichTextLabel.color.font_selected_color default=#00000000 neocade=#000000ff
DEFAULT_ONLY RichTextLabel.color.font_shadow_color default=#00000000 neocade=<missing>
INTENTIONAL_AUTHORED RichTextLabel.color.selection_color default=#1a1affcc neocade=#999c30ff
DEFAULT_ONLY RichTextLabel.color.table_border default=#00000000 neocade=<missing>
DEFAULT_ONLY RichTextLabel.color.table_even_row_bg default=#00000000 neocade=<missing>
DEFAULT_ONLY RichTextLabel.color.table_odd_row_bg default=#00000000 neocade=<missing>
DEFAULT_ONLY RichTextLabel.constant.line_separation default=0 neocade=<missing>
DEFAULT_ONLY RichTextLabel.constant.outline_size default=0 neocade=<missing>
DEFAULT_ONLY RichTextLabel.constant.paragraph_separation default=0 neocade=<missing>
DEFAULT_ONLY RichTextLabel.constant.shadow_offset_x default=1 neocade=<missing>
DEFAULT_ONLY RichTextLabel.constant.shadow_offset_y default=1 neocade=<missing>
DEFAULT_ONLY RichTextLabel.constant.shadow_outline_size default=1 neocade=<missing>
DEFAULT_ONLY RichTextLabel.constant.strikethrough_alpha default=50 neocade=<missing>
DEFAULT_ONLY RichTextLabel.constant.table_h_separation default=3 neocade=<missing>
DEFAULT_ONLY RichTextLabel.constant.table_v_separation default=3 neocade=<missing>
DEFAULT_ONLY RichTextLabel.constant.text_highlight_h_padding default=3 neocade=<missing>
DEFAULT_ONLY RichTextLabel.constant.text_highlight_v_padding default=3 neocade=<missing>
DEFAULT_ONLY RichTextLabel.constant.underline_alpha default=50 neocade=<missing>
INTENTIONAL_AUTHORED RichTextLabel.font.bold_font default=Font(path=) neocade=Font(path=res://addons/neocade_theme/fonts/inter_variable.ttf)
INTENTIONAL_AUTHORED RichTextLabel.font.bold_italics_font default=Font(path=) neocade=Font(path=res://addons/neocade_theme/fonts/inter_variable.ttf)
INTENTIONAL_AUTHORED RichTextLabel.font.italics_font default=Font(path=) neocade=Font(path=res://addons/neocade_theme/fonts/inter_variable.ttf)
INTENTIONAL_AUTHORED RichTextLabel.font.mono_font default=Font(path=) neocade=Font(path=res://addons/neocade_theme/fonts/inter_variable.ttf)
INTENTIONAL_AUTHORED RichTextLabel.font.normal_font default=Font(path=) neocade=Font(path=res://addons/neocade_theme/fonts/inter_variable.ttf)
DEFAULT_ONLY RichTextLabel.icon.horizontal_rule default=Texture2D(size=(2.0, 2.0) path=) neocade=<missing>
INTENTIONAL_AUTHORED ScrollContainer.stylebox.focus default=StyleBoxFlat(bg=#ffffffbf border=2/2/2/2 border_color=#ffffffbf radius=3/3/3/3 margin=4.0/4.0/4.0/4.0 expand=4.0/4.0/4.0/4.0 shadow=0 offset=(0.0, 0.0)) neocade=StyleBoxFlat(bg=#00000000 border=2/2/2/2 border_color=#f6fc4dff radius=0/0/0/0 margin=-1.0/-1.0/-1.0/-1.0 expand=0.0/0.0/0.0/0.0 shadow=0 offset=(0.0, 0.0))
INTENTIONAL_AUTHORED ScrollContainer.icon.scroll_hint_horizontal default=Texture2D(size=(24.0, 32.0) path=) neocade=Texture2D(size=(12.0, 16.0) path=res://addons/neocade_theme/icons/scroll_hint_horizontal.svg)
INTENTIONAL_AUTHORED ScrollContainer.icon.scroll_hint_vertical default=Texture2D(size=(32.0, 24.0) path=) neocade=Texture2D(size=(16.0, 12.0) path=res://addons/neocade_theme/icons/scroll_hint_vertical.svg)
DEFAULT_ONLY SpinBox.stylebox.down_background default=StyleBoxEmpty neocade=<missing>
DEFAULT_ONLY SpinBox.stylebox.down_background_disabled default=StyleBoxEmpty neocade=<missing>
INTENTIONAL_AUTHORED SpinBox.stylebox.down_background_hovered default=StyleBoxFlat(bg=#39393999 border=0/0/0/0 border_color=#ccccccff radius=3/3/3/3 margin=4.0/4.0/4.0/4.0 expand=0.0/0.0/0.0/0.0 shadow=0 offset=(0.0, 0.0)) neocade=StyleBoxFlat(bg=#e5df3eff border=0/0/0/0 border_color=#e5df3eff radius=0/0/0/0 margin=0.0/0.0/0.0/0.0 expand=0.0/0.0/0.0/0.0 shadow=0 offset=(0.0, 0.0))
INTENTIONAL_AUTHORED SpinBox.stylebox.down_background_pressed default=StyleBoxFlat(bg=#00000099 border=0/0/0/0 border_color=#ccccccff radius=3/3/3/3 margin=4.0/4.0/4.0/4.0 expand=0.0/0.0/0.0/0.0 shadow=0 offset=(0.0, 0.0)) neocade=StyleBoxFlat(bg=#dbd63bff border=0/0/0/0 border_color=#dbd63bff radius=0/0/0/0 margin=0.0/0.0/0.0/0.0 expand=0.0/0.0/0.0/0.0 shadow=0 offset=(0.0, 0.0))
DEFAULT_ONLY SpinBox.stylebox.field_and_buttons_separator default=StyleBoxEmpty neocade=<missing>
DEFAULT_ONLY SpinBox.stylebox.up_background default=StyleBoxEmpty neocade=<missing>
DEFAULT_ONLY SpinBox.stylebox.up_background_disabled default=StyleBoxEmpty neocade=<missing>
INTENTIONAL_AUTHORED SpinBox.stylebox.up_background_hovered default=StyleBoxFlat(bg=#39393999 border=0/0/0/0 border_color=#ccccccff radius=3/3/3/3 margin=4.0/4.0/4.0/4.0 expand=0.0/0.0/0.0/0.0 shadow=0 offset=(0.0, 0.0)) neocade=StyleBoxFlat(bg=#e5df3eff border=0/0/0/0 border_color=#e5df3eff radius=0/0/0/0 margin=0.0/0.0/0.0/0.0 expand=0.0/0.0/0.0/0.0 shadow=0 offset=(0.0, 0.0))
INTENTIONAL_AUTHORED SpinBox.stylebox.up_background_pressed default=StyleBoxFlat(bg=#00000099 border=0/0/0/0 border_color=#ccccccff radius=3/3/3/3 margin=4.0/4.0/4.0/4.0 expand=0.0/0.0/0.0/0.0 shadow=0 offset=(0.0, 0.0)) neocade=StyleBoxFlat(bg=#dbd63bff border=0/0/0/0 border_color=#dbd63bff radius=0/0/0/0 margin=0.0/0.0/0.0/0.0 expand=0.0/0.0/0.0/0.0 shadow=0 offset=(0.0, 0.0))
DEFAULT_ONLY SpinBox.stylebox.up_down_buttons_separator default=StyleBoxEmpty neocade=<missing>
INTENTIONAL_AUTHORED SpinBox.color.down_disabled_icon_modulate default=#dfdfdf80 neocade=#abaeb46b
INTENTIONAL_AUTHORED SpinBox.color.down_hover_icon_modulate default=#f2f2f2ff neocade=#ffffffff
INTENTIONAL_AUTHORED SpinBox.color.down_icon_modulate default=#dfdfdfff neocade=#ffffffff
INTENTIONAL_AUTHORED SpinBox.color.down_pressed_icon_modulate default=#f2f2f2ff neocade=#ffffffff
INTENTIONAL_AUTHORED SpinBox.color.up_disabled_icon_modulate default=#dfdfdf80 neocade=#abaeb46b
INTENTIONAL_AUTHORED SpinBox.color.up_hover_icon_modulate default=#f2f2f2ff neocade=#ffffffff
INTENTIONAL_AUTHORED SpinBox.color.up_icon_modulate default=#dfdfdfff neocade=#ffffffff
INTENTIONAL_AUTHORED SpinBox.color.up_pressed_icon_modulate default=#f2f2f2ff neocade=#ffffffff
INTENTIONAL_AUTHORED SpinBox.constant.buttons_vertical_separation default=0 neocade=2
INTENTIONAL_AUTHORED SpinBox.constant.buttons_width default=16 neocade=24
INTENTIONAL_AUTHORED SpinBox.constant.field_and_buttons_separation default=2 neocade=4
DEFAULT_ONLY SpinBox.constant.set_min_buttons_width_from_icons default=1 neocade=<missing>
INTENTIONAL_AUTHORED SpinBox.icon.down default=Texture2D(size=(16.0, 8.0) path=) neocade=Texture2D(size=(16.0, 16.0) path=res://addons/neocade_theme/icons/spinbox_down.svg)
INTENTIONAL_AUTHORED SpinBox.icon.down_disabled default=Texture2D(size=(16.0, 8.0) path=) neocade=Texture2D(size=(16.0, 16.0) path=res://addons/neocade_theme/icons/spinbox_down.svg)
DEFAULT_ONLY SpinBox.icon.down_hover default=Texture2D(size=(16.0, 8.0) path=) neocade=<missing>
DEFAULT_ONLY SpinBox.icon.down_pressed default=Texture2D(size=(16.0, 8.0) path=) neocade=<missing>
INTENTIONAL_AUTHORED SpinBox.icon.up default=Texture2D(size=(16.0, 8.0) path=) neocade=Texture2D(size=(16.0, 16.0) path=res://addons/neocade_theme/icons/spinbox_up.svg)
INTENTIONAL_AUTHORED SpinBox.icon.up_disabled default=Texture2D(size=(16.0, 8.0) path=) neocade=Texture2D(size=(16.0, 16.0) path=res://addons/neocade_theme/icons/spinbox_up.svg)
DEFAULT_ONLY SpinBox.icon.up_hover default=Texture2D(size=(16.0, 8.0) path=) neocade=<missing>
DEFAULT_ONLY SpinBox.icon.up_pressed default=Texture2D(size=(16.0, 8.0) path=) neocade=<missing>
INTENTIONAL_AUTHORED SpinBox.icon.updown_disabled default=<missing> neocade=Texture2D(size=(0.0, 0.0) path=)
INTENTIONAL_AUTHORED SplitContainer.color.touch_dragger_color default=#ffffff4d neocade=#abaeb4ff
INTENTIONAL_AUTHORED SplitContainer.color.touch_dragger_hover_color default=#ffffff99 neocade=#58e779d6
INTENTIONAL_AUTHORED SplitContainer.color.touch_dragger_pressed_color default=#ffffffff neocade=#58e779ff
INTENTIONAL_AUTHORED SplitContainer.constant.separation default=12 neocade=6
INTENTIONAL_AUTHORED SplitContainer.icon.h_grabber default=Texture2D(size=(8.0, 48.0) path=) neocade=Texture2D(size=(6.0, 48.0) path=)
INTENTIONAL_AUTHORED SplitContainer.icon.h_touch_dragger default=Texture2D(size=(30.0, 60.0) path=) neocade=Texture2D(size=(16.0, 16.0) path=res://addons/neocade_theme/icons/split_touch_dragger_h.svg)
INTENTIONAL_AUTHORED SplitContainer.icon.v_grabber default=Texture2D(size=(48.0, 8.0) path=) neocade=Texture2D(size=(48.0, 6.0) path=)
INTENTIONAL_AUTHORED SplitContainer.icon.v_touch_dragger default=Texture2D(size=(60.0, 30.0) path=) neocade=Texture2D(size=(16.0, 16.0) path=res://addons/neocade_theme/icons/split_touch_dragger_v.svg)
INTENTIONAL_AUTHORED SuccessLabel.color.font_color default=<missing> neocade=#3cdf82ff
INTENTIONAL_AUTHORED SuccessLabel.font.font default=Font(path=) neocade=Font(path=res://addons/neocade_theme/fonts/inter_variable.ttf)
INTENTIONAL_AUTHORED SuccessPanel.stylebox.panel default=<missing> neocade=StyleBoxFlat(bg=#3cdf820f border=1/1/1/1 border_color=#0f1523ff radius=0/0/0/0 margin=18.0/15.0/18.0/15.0 expand=0.0/0.0/0.0/0.0 shadow=0 offset=(0.0, 0.0))
INTENTIONAL_AUTHORED TabBar.stylebox.button_highlight default=StyleBoxFlat(bg=#1a1a1a99 border=0/0/0/0 border_color=#ccccccff radius=3/3/3/3 margin=4.0/4.0/4.0/4.0 expand=0.0/0.0/0.0/0.0 shadow=0 offset=(0.0, 0.0)) neocade=StyleBoxFlat(bg=#e5df3eff border=0/0/0/0 border_color=#85832bff radius=0/0/0/0 margin=8.0/14.0/8.0/14.0 expand=0.0/0.0/0.0/0.0 shadow=0 offset=(0.0, 0.0))
INTENTIONAL_AUTHORED TabBar.stylebox.button_pressed default=StyleBoxFlat(bg=#00000099 border=0/0/0/0 border_color=#ccccccff radius=3/3/3/3 margin=4.0/4.0/4.0/4.0 expand=0.0/0.0/0.0/0.0 shadow=0 offset=(0.0, 0.0)) neocade=StyleBoxFlat(bg=#dbd63bff border=0/0/0/0 border_color=#807e29ff radius=0/0/0/0 margin=8.0/14.0/8.0/14.0 expand=0.0/0.0/0.0/0.0 shadow=0 offset=(0.0, 0.0))
INTENTIONAL_AUTHORED TabBar.stylebox.tab_disabled default=StyleBoxFlat(bg=#1a1a1a4d border=1/0/1/0 border_color=#2d2d2dff radius=0/0/0/0 margin=10.0/4.0/10.0/4.0 expand=0.0/0.0/0.0/0.0 shadow=0 offset=(0.0, 0.0)) neocade=StyleBoxFlat(bg=#7177426b border=0/0/0/0 border_color=#0f1523ff radius=0/0/0/0 margin=18.0/14.0/18.0/14.0 expand=0.0/0.0/0.0/0.0 shadow=0 offset=(0.0, 0.0))
INTENTIONAL_AUTHORED TabBar.stylebox.tab_focus default=StyleBoxFlat(bg=#ffffffbf border=2/2/2/2 border_color=#ccccccff radius=3/3/3/3 margin=4.0/4.0/4.0/4.0 expand=2.0/2.0/2.0/2.0 shadow=0 offset=(0.0, 0.0)) neocade=StyleBoxFlat(bg=#00000000 border=2/2/2/2 border_color=#f6fc4dff radius=0/0/0/0 margin=-1.0/-1.0/-1.0/-1.0 expand=0.0/0.0/0.0/0.0 shadow=0 offset=(0.0, 0.0))
INTENTIONAL_AUTHORED TabBar.stylebox.tab_hovered default=StyleBoxFlat(bg=#1a1a1a4d border=1/0/1/0 border_color=#2d2d2dff radius=0/0/0/0 margin=10.0/4.0/10.0/4.0 expand=0.0/0.0/0.0/0.0 shadow=0 offset=(0.0, 0.0)) neocade=StyleBoxFlat(bg=#e5df3eff border=0/0/0/0 border_color=#0f1523ff radius=0/0/0/0 margin=18.0/14.0/18.0/14.0 expand=0.0/0.0/0.0/0.0 shadow=0 offset=(0.0, 0.0))
INTENTIONAL_AUTHORED TabBar.stylebox.tab_selected default=StyleBoxFlat(bg=#1a1a1a99 border=0/2/0/0 border_color=#ffffffbf radius=0/0/0/0 margin=10.0/4.0/10.0/4.0 expand=0.0/0.0/0.0/0.0 shadow=0 offset=(0.0, 0.0)) neocade=StyleBoxFlat(bg=#f6fc4dff border=0/2/0/0 border_color=#8f9334ff radius=0/0/0/0 margin=18.0/14.0/18.0/14.0 expand=0.0/0.0/0.0/0.0 shadow=0 offset=(0.0, 0.0))
INTENTIONAL_AUTHORED TabBar.stylebox.tab_unselected default=StyleBoxFlat(bg=#00000099 border=1/0/1/0 border_color=#2d2d2dff radius=0/0/0/0 margin=10.0/4.0/10.0/4.0 expand=0.0/0.0/0.0/0.0 shadow=0 offset=(0.0, 0.0)) neocade=StyleBoxFlat(bg=#f4ee42ff border=0/0/0/0 border_color=#0f1523ff radius=0/0/0/0 margin=18.0/14.0/18.0/14.0 expand=0.0/0.0/0.0/0.0 shadow=0 offset=(0.0, 0.0))
INTENTIONAL_AUTHORED TabBar.color.drop_mark_color default=#ffffffff neocade=#f6fc4dff
INTENTIONAL_AUTHORED TabBar.color.font_disabled_color default=#dfdfdf80 neocade=#abaeb46b
INTENTIONAL_AUTHORED TabBar.color.font_hovered_color default=#f2f2f2ff neocade=#ffffffff
INTENTIONAL_AUTHORED TabBar.color.font_outline_color default=#000000ff neocade=#0f1523ff
INTENTIONAL_AUTHORED TabBar.color.font_selected_color default=#f2f2f2ff neocade=#000000ff
INTENTIONAL_AUTHORED TabBar.color.font_unselected_color default=#b2b2b2ff neocade=#abaeb4ff
INTENTIONAL_AUTHORED TabBar.color.icon_disabled_color default=#ffffffff neocade=#abaeb46b
INTENTIONAL_AUTHORED TabBar.color.icon_selected_color default=#ffffffff neocade=#000000ff
INTENTIONAL_AUTHORED TabBar.color.icon_unselected_color default=#ffffffff neocade=#abaeb4ff
INTENTIONAL_AUTHORED TabBar.constant.h_separation default=4 neocade=2
INTENTIONAL_AUTHORED TabBar.constant.hover_switch_wait_msec default=500 neocade=180
INTENTIONAL_AUTHORED TabBar.constant.tab_separation default=<missing> neocade=1
INTENTIONAL_AUTHORED TabBar.font.font default=Font(path=) neocade=Font(path=res://addons/neocade_theme/fonts/inter_variable.ttf)
INTENTIONAL_AUTHORED TabBar.icon.close default=Texture2D(size=(16.0, 16.0) path=) neocade=Texture2D(size=(16.0, 16.0) path=res://addons/neocade_theme/icons/close.svg)
INTENTIONAL_AUTHORED TabBar.icon.decrement default=Texture2D(size=(16.0, 16.0) path=) neocade=Texture2D(size=(24.0, 24.0) path=)
INTENTIONAL_AUTHORED TabBar.icon.decrement_highlight default=Texture2D(size=(16.0, 16.0) path=) neocade=Texture2D(size=(24.0, 24.0) path=)
INTENTIONAL_AUTHORED TabBar.icon.drop_mark default=Texture2D(size=(16.0, 32.0) path=) neocade=Texture2D(size=(16.0, 16.0) path=res://addons/neocade_theme/icons/tab_drop_mark.svg)
INTENTIONAL_AUTHORED TabBar.icon.increment default=Texture2D(size=(16.0, 16.0) path=) neocade=Texture2D(size=(24.0, 24.0) path=)
INTENTIONAL_AUTHORED TabBar.icon.increment_highlight default=Texture2D(size=(16.0, 16.0) path=) neocade=Texture2D(size=(24.0, 24.0) path=)
INTENTIONAL_AUTHORED TabContainer.stylebox.panel default=StyleBoxFlat(bg=#1a1a1a99 border=0/0/0/0 border_color=#ccccccff radius=3/3/3/3 margin=0.0/0.0/0.0/0.0 expand=0.0/0.0/0.0/0.0 shadow=0 offset=(0.0, 0.0)) neocade=StyleBoxFlat(bg=#212e42ff border=1/1/1/1 border_color=#0f1523ff radius=0/0/0/0 margin=0.0/0.0/0.0/0.0 expand=0.0/0.0/0.0/0.0 shadow=0 offset=(0.0, 0.0))
INTENTIONAL_AUTHORED TabContainer.stylebox.tab_disabled default=StyleBoxFlat(bg=#1a1a1a4d border=1/0/1/0 border_color=#2d2d2dff radius=0/0/0/0 margin=10.0/4.0/10.0/4.0 expand=0.0/0.0/0.0/0.0 shadow=0 offset=(0.0, 0.0)) neocade=StyleBoxFlat(bg=#7177426b border=0/0/0/0 border_color=#0f1523ff radius=0/0/0/0 margin=18.0/14.0/18.0/14.0 expand=0.0/0.0/0.0/0.0 shadow=0 offset=(0.0, 0.0))
INTENTIONAL_AUTHORED TabContainer.stylebox.tab_focus default=StyleBoxFlat(bg=#ffffffbf border=2/2/2/2 border_color=#ccccccff radius=3/3/3/3 margin=4.0/4.0/4.0/4.0 expand=2.0/2.0/2.0/2.0 shadow=0 offset=(0.0, 0.0)) neocade=StyleBoxFlat(bg=#00000000 border=2/2/2/2 border_color=#f6fc4dff radius=0/0/0/0 margin=-1.0/-1.0/-1.0/-1.0 expand=0.0/0.0/0.0/0.0 shadow=0 offset=(0.0, 0.0))
INTENTIONAL_AUTHORED TabContainer.stylebox.tab_hovered default=StyleBoxFlat(bg=#1a1a1a4d border=1/0/1/0 border_color=#2d2d2dff radius=0/0/0/0 margin=10.0/4.0/10.0/4.0 expand=0.0/0.0/0.0/0.0 shadow=0 offset=(0.0, 0.0)) neocade=StyleBoxFlat(bg=#e5df3eff border=0/0/0/0 border_color=#0f1523ff radius=0/0/0/0 margin=18.0/14.0/18.0/14.0 expand=0.0/0.0/0.0/0.0 shadow=0 offset=(0.0, 0.0))
INTENTIONAL_AUTHORED TabContainer.stylebox.tab_selected default=StyleBoxFlat(bg=#1a1a1a99 border=0/2/0/0 border_color=#ffffffbf radius=0/0/0/0 margin=10.0/4.0/10.0/4.0 expand=0.0/0.0/0.0/0.0 shadow=0 offset=(0.0, 0.0)) neocade=StyleBoxFlat(bg=#f6fc4dff border=0/2/0/0 border_color=#8f9334ff radius=0/0/0/0 margin=18.0/14.0/18.0/14.0 expand=0.0/0.0/0.0/0.0 shadow=0 offset=(0.0, 0.0))
INTENTIONAL_AUTHORED TabContainer.stylebox.tab_unselected default=StyleBoxFlat(bg=#00000099 border=1/0/1/0 border_color=#2d2d2dff radius=0/0/0/0 margin=10.0/4.0/10.0/4.0 expand=0.0/0.0/0.0/0.0 shadow=0 offset=(0.0, 0.0)) neocade=StyleBoxFlat(bg=#f4ee42ff border=0/0/0/0 border_color=#0f1523ff radius=0/0/0/0 margin=18.0/14.0/18.0/14.0 expand=0.0/0.0/0.0/0.0 shadow=0 offset=(0.0, 0.0))
INTENTIONAL_AUTHORED TabContainer.color.drop_mark_color default=#ffffffff neocade=#f6fc4dff
INTENTIONAL_AUTHORED TabContainer.color.font_disabled_color default=#dfdfdf80 neocade=#abaeb46b
INTENTIONAL_AUTHORED TabContainer.color.font_hovered_color default=#f2f2f2ff neocade=#ffffffff
INTENTIONAL_AUTHORED TabContainer.color.font_outline_color default=#000000ff neocade=#0f1523ff
INTENTIONAL_AUTHORED TabContainer.color.font_selected_color default=#f2f2f2ff neocade=#000000ff
INTENTIONAL_AUTHORED TabContainer.color.font_unselected_color default=#b2b2b2ff neocade=#abaeb4ff
INTENTIONAL_AUTHORED TabContainer.color.icon_disabled_color default=#ffffffff neocade=#abaeb46b
INTENTIONAL_AUTHORED TabContainer.color.icon_selected_color default=#ffffffff neocade=#000000ff
INTENTIONAL_AUTHORED TabContainer.color.icon_unselected_color default=#ffffffff neocade=#abaeb4ff
INTENTIONAL_AUTHORED TabContainer.constant.icon_separation default=4 neocade=6
INTENTIONAL_AUTHORED TabContainer.constant.side_margin default=8 neocade=0
INTENTIONAL_AUTHORED TabContainer.constant.tab_separation default=<missing> neocade=1
INTENTIONAL_AUTHORED TabContainer.font.font default=Font(path=) neocade=Font(path=res://addons/neocade_theme/fonts/inter_variable.ttf)
INTENTIONAL_AUTHORED TabContainer.icon.decrement default=Texture2D(size=(16.0, 16.0) path=) neocade=Texture2D(size=(24.0, 24.0) path=)
INTENTIONAL_AUTHORED TabContainer.icon.decrement_highlight default=Texture2D(size=(16.0, 16.0) path=) neocade=Texture2D(size=(24.0, 24.0) path=)
INTENTIONAL_AUTHORED TabContainer.icon.drop_mark default=Texture2D(size=(16.0, 32.0) path=) neocade=Texture2D(size=(16.0, 16.0) path=res://addons/neocade_theme/icons/tab_drop_mark.svg)
INTENTIONAL_AUTHORED TabContainer.icon.increment default=Texture2D(size=(16.0, 16.0) path=) neocade=Texture2D(size=(24.0, 24.0) path=)
INTENTIONAL_AUTHORED TabContainer.icon.increment_highlight default=Texture2D(size=(16.0, 16.0) path=) neocade=Texture2D(size=(24.0, 24.0) path=)
INTENTIONAL_AUTHORED TabContainer.icon.menu default=Texture2D(size=(16.0, 16.0) path=) neocade=Texture2D(size=(24.0, 24.0) path=res://addons/neocade_theme/icons/tab_menu.svg)
INTENTIONAL_AUTHORED TabContainer.icon.menu_highlight default=Texture2D(size=(16.0, 16.0) path=) neocade=Texture2D(size=(24.0, 24.0) path=res://addons/neocade_theme/icons/tab_menu.svg)
INTENTIONAL_AUTHORED TextEdit.stylebox.focus default=StyleBoxFlat(bg=#ffffffbf border=2/2/2/2 border_color=#ccccccff radius=3/3/3/3 margin=4.0/4.0/4.0/4.0 expand=2.0/2.0/2.0/2.0 shadow=0 offset=(0.0, 0.0)) neocade=StyleBoxFlat(bg=#00000000 border=2/2/2/2 border_color=#f6fc4dff radius=0/0/0/0 margin=-1.0/-1.0/-1.0/-1.0 expand=0.0/0.0/0.0/0.0 shadow=0 offset=(0.0, 0.0))
INTENTIONAL_AUTHORED TextEdit.stylebox.normal default=StyleBoxFlat(bg=#1a1a1a99 border=0/0/0/2 border_color=#00000099 radius=3/3/3/3 margin=4.0/4.0/4.0/4.0 expand=0.0/0.0/0.0/0.0 shadow=0 offset=(0.0, 0.0)) neocade=StyleBoxFlat(bg=#2c4865ff border=1/1/1/1 border_color=#21364eff radius=0/0/0/0 margin=15.0/11.0/15.0/11.0 expand=0.0/0.0/0.0/0.0 shadow=0 offset=(0.0, 0.0))
INTENTIONAL_AUTHORED TextEdit.stylebox.read_only default=StyleBoxFlat(bg=#1a1a1a4d border=0/0/0/2 border_color=#0000004d radius=3/3/3/3 margin=4.0/4.0/4.0/4.0 expand=0.0/0.0/0.0/0.0 shadow=0 offset=(0.0, 0.0)) neocade=StyleBoxFlat(bg=#2639516b border=0/0/0/0 border_color=#0f1523ff radius=0/0/0/0 margin=15.0/11.0/15.0/11.0 expand=0.0/0.0/0.0/0.0 shadow=0 offset=(0.0, 0.0))
DEFAULT_ONLY TextEdit.color.background_color default=#00000000 neocade=<missing>
DEFAULT_ONLY TextEdit.color.caret_background_color default=#000000ff neocade=<missing>
INTENTIONAL_AUTHORED TextEdit.color.caret_color default=#dfdfdfff neocade=#f6fc4dff
INTENTIONAL_AUTHORED TextEdit.color.current_line_color default=#404042cc neocade=#212e42ff
INTENTIONAL_AUTHORED TextEdit.color.font_color default=#dfdfdfff neocade=#ffffffff
DEFAULT_ONLY TextEdit.color.font_outline_color default=#000000ff neocade=<missing>
INTENTIONAL_AUTHORED TextEdit.color.font_placeholder_color default=#dfdfdf99 neocade=#abaeb4ff
INTENTIONAL_AUTHORED TextEdit.color.font_readonly_color default=#dfdfdf80 neocade=#abaeb46b
INTENTIONAL_AUTHORED TextEdit.color.font_selected_color default=#00000000 neocade=#000000ff
DEFAULT_ONLY TextEdit.color.search_result_border_color default=#4d4d4d66 neocade=<missing>
DEFAULT_ONLY TextEdit.color.search_result_color default=#4d4d4dff neocade=<missing>
INTENTIONAL_AUTHORED TextEdit.color.selection_color default=#808080ff neocade=#f6fc4dff
DEFAULT_ONLY TextEdit.color.word_highlighted_color default=#80808040 neocade=<missing>
DEFAULT_ONLY TextEdit.constant.caret_width default=1 neocade=<missing>
DEFAULT_ONLY TextEdit.constant.line_spacing default=4 neocade=<missing>
DEFAULT_ONLY TextEdit.constant.outline_size default=0 neocade=<missing>
DEFAULT_ONLY TextEdit.constant.wrap_offset default=10 neocade=<missing>
INTENTIONAL_AUTHORED TextEdit.font.font default=Font(path=) neocade=Font(path=res://addons/neocade_theme/fonts/inter_variable.ttf)
DEFAULT_ONLY TextEdit.icon.space default=Texture2D(size=(8.0, 8.0) path=) neocade=<missing>
DEFAULT_ONLY TextEdit.icon.tab default=Texture2D(size=(8.0, 8.0) path=) neocade=<missing>
INTENTIONAL_AUTHORED TooltipLabel.color.font_color default=#dfdfdfff neocade=#ffffffff
INTENTIONAL_AUTHORED TooltipLabel.color.font_outline_color default=#000000ff neocade=#0f1523ff
INTENTIONAL_AUTHORED TooltipLabel.color.font_shadow_color default=#00000000 neocade=#151e2f00
INTENTIONAL_AUTHORED TooltipLabel.constant.shadow_offset_x default=1 neocade=0
INTENTIONAL_AUTHORED TooltipLabel.constant.shadow_offset_y default=1 neocade=0
INTENTIONAL_AUTHORED TooltipLabel.font.font default=Font(path=) neocade=Font(path=res://addons/neocade_theme/fonts/inter_variable.ttf)
INTENTIONAL_AUTHORED TooltipPanel.stylebox.panel default=StyleBoxFlat(bg=#00000080 border=0/0/0/0 border_color=#ccccccff radius=3/3/3/3 margin=8.0/2.0/8.0/2.0 expand=0.0/0.0/0.0/0.0 shadow=0 offset=(0.0, 0.0)) neocade=StyleBoxFlat(bg=#1a2435ff border=1/1/1/1 border_color=#0a0f1bff radius=0/0/0/0 margin=8.0/6.0/8.0/6.0 expand=0.0/0.0/0.0/0.0 shadow=0 offset=(0.0, 0.0))
INTENTIONAL_AUTHORED Tree.stylebox.button_hover default=StyleBoxFlat(bg=#39393999 border=0/0/0/0 border_color=#ccccccff radius=3/3/3/3 margin=4.0/4.0/4.0/4.0 expand=0.0/0.0/0.0/0.0 shadow=0 offset=(0.0, 0.0)) neocade=StyleBoxFlat(bg=#e5df3eff border=0/0/0/0 border_color=#e5df3eff radius=0/0/0/0 margin=9.0/0.0/9.0/0.0 expand=0.0/0.0/0.0/0.0 shadow=0 offset=(0.0, 0.0))
INTENTIONAL_AUTHORED Tree.stylebox.button_pressed default=StyleBoxFlat(bg=#00000099 border=0/0/0/0 border_color=#ccccccff radius=3/3/3/3 margin=4.0/4.0/4.0/4.0 expand=0.0/0.0/0.0/0.0 shadow=0 offset=(0.0, 0.0)) neocade=StyleBoxFlat(bg=#dbd63bff border=0/0/0/0 border_color=#dbd63bff radius=0/0/0/0 margin=9.0/0.0/9.0/0.0 expand=0.0/0.0/0.0/0.0 shadow=0 offset=(0.0, 0.0))
INTENTIONAL_AUTHORED Tree.stylebox.cursor default=StyleBoxFlat(bg=#ffffffbf border=2/2/2/2 border_color=#ccccccff radius=3/3/3/3 margin=4.0/4.0/4.0/4.0 expand=2.0/2.0/2.0/2.0 shadow=0 offset=(0.0, 0.0)) neocade=StyleBoxFlat(bg=#e5df3eb8 border=0/0/0/0 border_color=#e5df3eff radius=0/0/0/0 margin=0.0/0.0/0.0/0.0 expand=0.0/0.0/0.0/0.0 shadow=0 offset=(0.0, 0.0))
INTENTIONAL_AUTHORED Tree.stylebox.cursor_unfocused default=StyleBoxFlat(bg=#ffffffbf border=2/2/2/2 border_color=#ccccccff radius=3/3/3/3 margin=4.0/4.0/4.0/4.0 expand=2.0/2.0/2.0/2.0 shadow=0 offset=(0.0, 0.0)) neocade=StyleBoxFlat(bg=#e5df3e75 border=0/0/0/0 border_color=#e5df3eff radius=0/0/0/0 margin=0.0/0.0/0.0/0.0 expand=0.0/0.0/0.0/0.0 shadow=0 offset=(0.0, 0.0))
INTENTIONAL_AUTHORED Tree.stylebox.custom_button default=StyleBoxFlat(bg=#1a1a1a99 border=0/0/0/0 border_color=#ccccccff radius=3/3/3/3 margin=4.0/4.0/4.0/4.0 expand=0.0/0.0/0.0/0.0 shadow=0 offset=(0.0, 0.0)) neocade=StyleBoxFlat(bg=#f4ee42ff border=0/0/0/0 border_color=#f4ee42ff radius=0/0/0/0 margin=9.0/0.0/9.0/0.0 expand=0.0/0.0/0.0/0.0 shadow=0 offset=(0.0, 0.0))
INTENTIONAL_AUTHORED Tree.stylebox.custom_button_hover default=StyleBoxFlat(bg=#39393999 border=0/0/0/0 border_color=#ccccccff radius=3/3/3/3 margin=4.0/4.0/4.0/4.0 expand=0.0/0.0/0.0/0.0 shadow=0 offset=(0.0, 0.0)) neocade=StyleBoxFlat(bg=#e5df3eff border=0/0/0/0 border_color=#e5df3eff radius=0/0/0/0 margin=9.0/0.0/9.0/0.0 expand=0.0/0.0/0.0/0.0 shadow=0 offset=(0.0, 0.0))
INTENTIONAL_AUTHORED Tree.stylebox.custom_button_pressed default=StyleBoxFlat(bg=#00000099 border=0/0/0/0 border_color=#ccccccff radius=3/3/3/3 margin=4.0/4.0/4.0/4.0 expand=0.0/0.0/0.0/0.0 shadow=0 offset=(0.0, 0.0)) neocade=StyleBoxFlat(bg=#dbd63bff border=0/0/0/0 border_color=#dbd63bff radius=0/0/0/0 margin=9.0/0.0/9.0/0.0 expand=0.0/0.0/0.0/0.0 shadow=0 offset=(0.0, 0.0))
INTENTIONAL_AUTHORED Tree.stylebox.focus default=StyleBoxFlat(bg=#ffffffbf border=2/2/2/2 border_color=#ccccccff radius=3/3/3/3 margin=4.0/4.0/4.0/4.0 expand=2.0/2.0/2.0/2.0 shadow=0 offset=(0.0, 0.0)) neocade=StyleBoxFlat(bg=#00000000 border=2/2/2/2 border_color=#f6fc4dff radius=0/0/0/0 margin=-1.0/-1.0/-1.0/-1.0 expand=0.0/0.0/0.0/0.0 shadow=0 offset=(0.0, 0.0))
INTENTIONAL_AUTHORED Tree.stylebox.hovered default=StyleBoxFlat(bg=#ffffff12 border=0/0/0/0 border_color=#ccccccff radius=3/3/3/3 margin=4.0/4.0/4.0/4.0 expand=0.0/0.0/0.0/0.0 shadow=0 offset=(0.0, 0.0)) neocade=StyleBoxFlat(bg=#e5df3eff border=0/0/0/0 border_color=#e5df3eff radius=0/0/0/0 margin=0.0/0.0/0.0/0.0 expand=0.0/0.0/0.0/0.0 shadow=0 offset=(0.0, 0.0))
INTENTIONAL_AUTHORED Tree.stylebox.hovered_dimmed default=StyleBoxFlat(bg=#ffffff08 border=0/0/0/0 border_color=#ccccccff radius=3/3/3/3 margin=4.0/4.0/4.0/4.0 expand=0.0/0.0/0.0/0.0 shadow=0 offset=(0.0, 0.0)) neocade=StyleBoxFlat(bg=#e5df3e8c border=0/0/0/0 border_color=#e5df3eff radius=0/0/0/0 margin=0.0/0.0/0.0/0.0 expand=0.0/0.0/0.0/0.0 shadow=0 offset=(0.0, 0.0))
INTENTIONAL_AUTHORED Tree.stylebox.hovered_selected default=StyleBoxFlat(bg=#ffffff66 border=0/0/0/0 border_color=#ccccccff radius=3/3/3/3 margin=4.0/4.0/4.0/4.0 expand=0.0/0.0/0.0/0.0 shadow=0 offset=(0.0, 0.0)) neocade=StyleBoxFlat(bg=#f6fc4dff border=0/0/0/0 border_color=#f6fc4dff radius=0/0/0/0 margin=0.0/0.0/0.0/0.0 expand=0.0/0.0/0.0/0.0 shadow=0 offset=(0.0, 0.0))
INTENTIONAL_AUTHORED Tree.stylebox.hovered_selected_focus default=StyleBoxFlat(bg=#ffffff66 border=0/0/0/0 border_color=#ccccccff radius=3/3/3/3 margin=4.0/4.0/4.0/4.0 expand=0.0/0.0/0.0/0.0 shadow=0 offset=(0.0, 0.0)) neocade=StyleBoxFlat(bg=#f6fc4dff border=0/0/0/0 border_color=#f6fc4dff radius=0/0/0/0 margin=0.0/0.0/0.0/0.0 expand=0.0/0.0/0.0/0.0 shadow=0 offset=(0.0, 0.0))
INTENTIONAL_AUTHORED Tree.stylebox.panel default=StyleBoxFlat(bg=#1a1a1a99 border=0/0/0/0 border_color=#ccccccff radius=3/3/3/3 margin=4.0/4.0/4.0/5.0 expand=0.0/0.0/0.0/0.0 shadow=0 offset=(0.0, 0.0)) neocade=StyleBoxFlat(bg=#f4ee42ff border=1/1/1/1 border_color=#8d8b2dff radius=0/0/0/0 margin=0.0/0.0/0.0/0.0 expand=0.0/0.0/0.0/0.0 shadow=0 offset=(0.0, 0.0))
INTENTIONAL_AUTHORED Tree.stylebox.selected default=StyleBoxFlat(bg=#ffffff4d border=0/0/0/0 border_color=#ccccccff radius=3/3/3/3 margin=4.0/4.0/4.0/4.0 expand=0.0/0.0/0.0/0.0 shadow=0 offset=(0.0, 0.0)) neocade=StyleBoxFlat(bg=#f6fc4dff border=3/0/0/0 border_color=#8f9334ff radius=0/0/0/0 margin=0.0/0.0/0.0/0.0 expand=0.0/0.0/0.0/0.0 shadow=0 offset=(0.0, 0.0))
INTENTIONAL_AUTHORED Tree.stylebox.selected_focus default=StyleBoxFlat(bg=#ffffff4d border=0/0/0/0 border_color=#ccccccff radius=3/3/3/3 margin=4.0/4.0/4.0/4.0 expand=0.0/0.0/0.0/0.0 shadow=0 offset=(0.0, 0.0)) neocade=StyleBoxFlat(bg=#f6fc4dff border=3/0/0/0 border_color=#8f9334ff radius=0/0/0/0 margin=0.0/0.0/0.0/0.0 expand=0.0/0.0/0.0/0.0 shadow=0 offset=(0.0, 0.0))
INTENTIONAL_AUTHORED Tree.stylebox.title_button_hover default=StyleBoxFlat(bg=#1a1a1a99 border=0/0/0/0 border_color=#ccccccff radius=3/3/3/3 margin=4.0/4.0/4.0/4.0 expand=0.0/0.0/0.0/0.0 shadow=0 offset=(0.0, 0.0)) neocade=StyleBoxFlat(bg=#e5df3eff border=0/0/0/0 border_color=#e5df3eff radius=0/0/0/0 margin=0.0/0.0/0.0/0.0 expand=0.0/0.0/0.0/0.0 shadow=0 offset=(0.0, 0.0))
INTENTIONAL_AUTHORED Tree.stylebox.title_button_normal default=StyleBoxFlat(bg=#00000099 border=0/0/0/0 border_color=#ccccccff radius=3/3/3/3 margin=4.0/4.0/4.0/4.0 expand=0.0/0.0/0.0/0.0 shadow=0 offset=(0.0, 0.0)) neocade=StyleBoxFlat(bg=#f4ee42ff border=0/0/0/0 border_color=#f4ee42ff radius=0/0/0/0 margin=0.0/0.0/0.0/0.0 expand=0.0/0.0/0.0/0.0 shadow=0 offset=(0.0, 0.0))
INTENTIONAL_AUTHORED Tree.stylebox.title_button_pressed default=StyleBoxFlat(bg=#39393999 border=0/0/0/0 border_color=#ccccccff radius=3/3/3/3 margin=4.0/4.0/4.0/4.0 expand=0.0/0.0/0.0/0.0 shadow=0 offset=(0.0, 0.0)) neocade=StyleBoxFlat(bg=#dbd63bff border=0/0/0/0 border_color=#dbd63bff radius=0/0/0/0 margin=0.0/0.0/0.0/0.0 expand=0.0/0.0/0.0/0.0 shadow=0 offset=(0.0, 0.0))
INTENTIONAL_AUTHORED Tree.color.children_hl_line_color default=#454545ff neocade=#abaeb457
INTENTIONAL_AUTHORED Tree.color.custom_button_font_highlight default=#f2f2f2ff neocade=#f6fc4dff
INTENTIONAL_AUTHORED Tree.color.drop_position_color default=#ffffffff neocade=#f6fc4dff
INTENTIONAL_AUTHORED Tree.color.font_color default=#b2b2b2ff neocade=#ffffffff
INTENTIONAL_AUTHORED Tree.color.font_disabled_color default=#dfdfdf80 neocade=#ffffff6b
INTENTIONAL_AUTHORED Tree.color.font_hovered_color default=#f2f2f2ff neocade=#ffffffff
INTENTIONAL_AUTHORED Tree.color.font_hovered_dimmed_color default=#dfdfdfff neocade=#abaeb4ff
INTENTIONAL_AUTHORED Tree.color.font_hovered_selected_color default=#ffffffff neocade=#000000ff
INTENTIONAL_AUTHORED Tree.color.font_outline_color default=#000000ff neocade=#0f1523ff
INTENTIONAL_AUTHORED Tree.color.font_selected_color default=#ffffffff neocade=#000000ff
INTENTIONAL_AUTHORED Tree.color.guide_color default=#b2b2b240 neocade=#11182400
INTENTIONAL_AUTHORED Tree.color.parent_hl_line_color default=#454545ff neocade=#abaeb494
INTENTIONAL_AUTHORED Tree.color.relationship_line_color default=#454545ff neocade=#abaeb447
INTENTIONAL_AUTHORED Tree.color.title_button_color default=#dfdfdfff neocade=#ffffffff
INTENTIONAL_AUTHORED Tree.constant.check_h_separation default=4 neocade=6
INTENTIONAL_AUTHORED Tree.constant.dragging_unfold_wait_msec default=500 neocade=1000
INTENTIONAL_AUTHORED Tree.constant.draw_guides default=1 neocade=0
INTENTIONAL_AUTHORED Tree.constant.draw_relationship_lines default=0 neocade=1
INTENTIONAL_AUTHORED Tree.constant.h_separation default=4 neocade=8
INTENTIONAL_AUTHORED Tree.constant.icon_h_separation default=4 neocade=6
INTENTIONAL_AUTHORED Tree.constant.inner_item_margin_bottom default=0 neocade=2
INTENTIONAL_AUTHORED Tree.constant.inner_item_margin_left default=0 neocade=4
INTENTIONAL_AUTHORED Tree.constant.inner_item_margin_right default=0 neocade=4
INTENTIONAL_AUTHORED Tree.constant.inner_item_margin_top default=0 neocade=2
INTENTIONAL_AUTHORED Tree.constant.item_margin default=16 neocade=18
INTENTIONAL_AUTHORED Tree.constant.parent_hl_line_margin default=0 neocade=3
INTENTIONAL_AUTHORED Tree.constant.relationship_line_width default=1 neocade=0
INTENTIONAL_AUTHORED Tree.constant.scroll_border default=4 neocade=18
INTENTIONAL_AUTHORED Tree.constant.scrollbar_margin_bottom default=-1 neocade=0
INTENTIONAL_AUTHORED Tree.constant.scrollbar_margin_left default=-1 neocade=0
INTENTIONAL_AUTHORED Tree.constant.scrollbar_margin_right default=-1 neocade=0
INTENTIONAL_AUTHORED Tree.constant.scrollbar_margin_top default=-1 neocade=0
INTENTIONAL_AUTHORED Tree.constant.v_separation default=4 neocade=29
INTENTIONAL_AUTHORED Tree.font.font default=Font(path=) neocade=Font(path=res://addons/neocade_theme/fonts/inter_variable.ttf)
INTENTIONAL_AUTHORED Tree.font.title_button_font default=Font(path=) neocade=Font(path=res://addons/neocade_theme/fonts/inter_header_small.tres)
INTENTIONAL_AUTHORED Tree.icon.arrow default=Texture2D(size=(16.0, 16.0) path=) neocade=Texture2D(size=(16.0, 16.0) path=res://addons/neocade_theme/icons/disclosure_expanded.svg)
INTENTIONAL_AUTHORED Tree.icon.arrow_collapsed default=Texture2D(size=(16.0, 16.0) path=) neocade=Texture2D(size=(16.0, 16.0) path=res://addons/neocade_theme/icons/disclosure_collapsed.svg)
INTENTIONAL_AUTHORED Tree.icon.arrow_collapsed_mirrored default=Texture2D(size=(16.0, 16.0) path=) neocade=Texture2D(size=(16.0, 16.0) path=res://addons/neocade_theme/icons/disclosure_collapsed_mirrored.svg)
INTENTIONAL_AUTHORED Tree.icon.checked default=Texture2D(size=(16.0, 16.0) path=) neocade=Texture2D(size=(24.0, 24.0) path=res://addons/neocade_theme/icons/checkbox_checked.svg)
INTENTIONAL_AUTHORED Tree.icon.checked_disabled default=Texture2D(size=(16.0, 16.0) path=) neocade=Texture2D(size=(24.0, 24.0) path=res://addons/neocade_theme/icons/checkbox_checked.svg)
INTENTIONAL_AUTHORED Tree.icon.indeterminate default=Texture2D(size=(16.0, 16.0) path=) neocade=Texture2D(size=(16.0, 16.0) path=res://addons/neocade_theme/icons/tree_indeterminate.svg)
INTENTIONAL_AUTHORED Tree.icon.indeterminate_disabled default=Texture2D(size=(16.0, 16.0) path=) neocade=Texture2D(size=(16.0, 16.0) path=res://addons/neocade_theme/icons/tree_indeterminate.svg)
INTENTIONAL_AUTHORED Tree.icon.scroll_hint default=Texture2D(size=(32.0, 24.0) path=) neocade=Texture2D(size=(16.0, 12.0) path=res://addons/neocade_theme/icons/tree_scroll_hint.svg)
INTENTIONAL_AUTHORED Tree.icon.select_arrow default=Texture2D(size=(12.0, 12.0) path=) neocade=Texture2D(size=(16.0, 16.0) path=res://addons/neocade_theme/icons/tree_select_arrow.svg)
INTENTIONAL_AUTHORED Tree.icon.unchecked default=Texture2D(size=(16.0, 16.0) path=) neocade=Texture2D(size=(24.0, 24.0) path=res://addons/neocade_theme/icons/checkbox_unchecked.svg)
INTENTIONAL_AUTHORED Tree.icon.unchecked_disabled default=Texture2D(size=(16.0, 16.0) path=) neocade=Texture2D(size=(24.0, 24.0) path=res://addons/neocade_theme/icons/checkbox_unchecked.svg)
INTENTIONAL_AUTHORED Tree.icon.updown default=Texture2D(size=(16.0, 16.0) path=) neocade=Texture2D(size=(16.0, 16.0) path=res://addons/neocade_theme/icons/tree_updown.svg)
INTENTIONAL_AUTHORED VBoxContainer.constant.separation default=4 neocade=2
DEFAULT_ONLY VFlowContainer.constant.h_separation default=4 neocade=<missing>
DEFAULT_ONLY VFlowContainer.constant.v_separation default=4 neocade=<missing>
INTENTIONAL_AUTHORED VScrollBar.stylebox.grabber default=StyleBoxFlat(bg=#ffffff66 border=0/0/0/0 border_color=#ccccccff radius=10/10/10/10 margin=4.0/4.0/4.0/4.0 expand=0.0/0.0/0.0/0.0 shadow=0 offset=(0.0, 0.0)) neocade=StyleBoxFlat(bg=#58e77952 border=0/0/0/0 border_color=#0f1523ff radius=0/0/0/0 margin=3.0/3.0/3.0/3.0 expand=0.0/0.0/0.0/0.0 shadow=0 offset=(0.0, 0.0))
INTENTIONAL_AUTHORED VScrollBar.stylebox.grabber_highlight default=StyleBoxFlat(bg=#ffffffbf border=0/0/0/0 border_color=#ccccccff radius=10/10/10/10 margin=4.0/4.0/4.0/4.0 expand=0.0/0.0/0.0/0.0 shadow=0 offset=(0.0, 0.0)) neocade=StyleBoxFlat(bg=#58e77980 border=0/0/0/0 border_color=#0f1523ff radius=0/0/0/0 margin=3.0/3.0/3.0/3.0 expand=0.0/0.0/0.0/0.0 shadow=0 offset=(0.0, 0.0))
INTENTIONAL_AUTHORED VScrollBar.stylebox.grabber_pressed default=StyleBoxFlat(bg=#bfbfbfbf border=0/0/0/0 border_color=#ccccccff radius=10/10/10/10 margin=4.0/4.0/4.0/4.0 expand=0.0/0.0/0.0/0.0 shadow=0 offset=(0.0, 0.0)) neocade=StyleBoxFlat(bg=#58e77980 border=0/0/0/0 border_color=#0f1523ff radius=0/0/0/0 margin=3.0/3.0/3.0/3.0 expand=0.0/0.0/0.0/0.0 shadow=0 offset=(0.0, 0.0))
INTENTIONAL_AUTHORED VScrollBar.stylebox.scroll default=StyleBoxFlat(bg=#1a1a1a99 border=0/0/0/0 border_color=#ccccccff radius=10/10/10/10 margin=4.0/0.0/4.0/0.0 expand=0.0/0.0/0.0/0.0 shadow=0 offset=(0.0, 0.0)) neocade=StyleBoxFlat(bg=#11182400 border=0/0/0/0 border_color=#0f1523ff radius=0/0/0/0 margin=3.0/0.0/3.0/0.0 expand=0.0/0.0/0.0/0.0 shadow=0 offset=(0.0, 0.0))
INTENTIONAL_AUTHORED VScrollBar.stylebox.scroll_focus default=StyleBoxFlat(bg=#ffffffbf border=2/2/2/2 border_color=#ccccccff radius=3/3/3/3 margin=4.0/4.0/4.0/4.0 expand=2.0/2.0/2.0/2.0 shadow=0 offset=(0.0, 0.0)) neocade=StyleBoxFlat(bg=#11182400 border=0/0/0/0 border_color=#0f1523ff radius=0/0/0/0 margin=3.0/0.0/3.0/0.0 expand=0.0/0.0/0.0/0.0 shadow=0 offset=(0.0, 0.0))
INTENTIONAL_AUTHORED VScrollBar.constant.padding_left default=<missing> neocade=0
INTENTIONAL_AUTHORED VScrollBar.constant.padding_right default=<missing> neocade=0
INTENTIONAL_AUTHORED VSlider.stylebox.grabber_area default=StyleBoxFlat(bg=#ffffff66 border=0/0/0/0 border_color=#ccccccff radius=4/4/4/4 margin=4.0/4.0/4.0/4.0 expand=0.0/0.0/0.0/0.0 shadow=0 offset=(0.0, 0.0)) neocade=StyleBoxFlat(bg=#58e779ff border=1/1/1/1 border_color=#0f1523ff radius=0/0/0/0 margin=4.0/0.0/4.0/0.0 expand=0.0/0.0/0.0/0.0 shadow=0 offset=(0.0, 0.0))
INTENTIONAL_AUTHORED VSlider.stylebox.grabber_area_highlight default=StyleBoxFlat(bg=#ffffffbf border=0/0/0/0 border_color=#ccccccff radius=4/4/4/4 margin=4.0/4.0/4.0/4.0 expand=0.0/0.0/0.0/0.0 shadow=0 offset=(0.0, 0.0)) neocade=StyleBoxFlat(bg=#58e779ff border=1/1/1/1 border_color=#0f1523ff radius=0/0/0/0 margin=4.0/0.0/4.0/0.0 expand=0.0/0.0/0.0/0.0 shadow=0 offset=(0.0, 0.0))
INTENTIONAL_AUTHORED VSlider.stylebox.slider default=StyleBoxFlat(bg=#1a1a1a99 border=0/0/0/0 border_color=#ccccccff radius=4/4/4/4 margin=4.0/4.0/4.0/4.0 expand=0.0/0.0/0.0/0.0 shadow=0 offset=(0.0, 0.0)) neocade=StyleBoxFlat(bg=#111824ff border=1/1/1/1 border_color=#0f1523ff radius=0/0/0/0 margin=4.0/0.0/4.0/0.0 expand=0.0/0.0/0.0/0.0 shadow=0 offset=(0.0, 0.0))
INTENTIONAL_AUTHORED VSlider.constant.center_grabber default=0 neocade=1
INTENTIONAL_AUTHORED VSlider.constant.tick_offset default=0 neocade=8
INTENTIONAL_AUTHORED VSlider.icon.grabber default=Texture2D(size=(16.0, 16.0) path=) neocade=Texture2D(size=(48.0, 48.0) path=)
INTENTIONAL_AUTHORED VSlider.icon.grabber_disabled default=Texture2D(size=(16.0, 16.0) path=) neocade=Texture2D(size=(48.0, 48.0) path=)
INTENTIONAL_AUTHORED VSlider.icon.grabber_highlight default=Texture2D(size=(16.0, 16.0) path=) neocade=Texture2D(size=(48.0, 48.0) path=)
INTENTIONAL_AUTHORED VSlider.icon.tick default=Texture2D(size=(8.0, 4.0) path=) neocade=Texture2D(size=(16.0, 16.0) path=res://addons/neocade_theme/icons/slider_tick.svg)
INTENTIONAL_AUTHORED VSplitContainer.constant.separation default=12 neocade=6
INTENTIONAL_AUTHORED VSplitContainer.icon.grabber default=Texture2D(size=(48.0, 8.0) path=) neocade=Texture2D(size=(48.0, 6.0) path=)
INTENTIONAL_AUTHORED VSplitContainer.icon.touch_dragger default=Texture2D(size=(60.0, 30.0) path=) neocade=Texture2D(size=(16.0, 16.0) path=res://addons/neocade_theme/icons/split_touch_dragger_v.svg)
INTENTIONAL_AUTHORED WarningLabel.color.font_color default=<missing> neocade=#f4ee42ff
INTENTIONAL_AUTHORED WarningLabel.font.font default=Font(path=) neocade=Font(path=res://addons/neocade_theme/fonts/inter_variable.ttf)
INTENTIONAL_AUTHORED WarningPanel.stylebox.panel default=<missing> neocade=StyleBoxFlat(bg=#f4ee420f border=1/1/1/1 border_color=#0f1523ff radius=0/0/0/0 margin=18.0/15.0/18.0/15.0 expand=0.0/0.0/0.0/0.0 shadow=0 offset=(0.0, 0.0))
INTENTIONAL_AUTHORED Window.stylebox.embedded_border default=StyleBoxFlat(bg=#404040ff border=0/0/0/0 border_color=#ccccccff radius=3/3/3/3 margin=10.0/28.0/10.0/8.0 expand=8.0/32.0/8.0/6.0 shadow=0 offset=(0.0, 0.0)) neocade=StyleBoxFlat(bg=#f4ee42ff border=1/1/1/1 border_color=#8d8b2dff radius=0/0/0/0 margin=15.0/42.0/15.0/12.0 expand=12.0/48.0/12.0/9.0 shadow=0 offset=(0.0, 0.0))
INTENTIONAL_AUTHORED Window.stylebox.embedded_unfocused_border default=StyleBoxFlat(bg=#666666ff border=0/0/0/0 border_color=#ccccccff radius=3/3/3/3 margin=10.0/28.0/10.0/8.0 expand=8.0/32.0/8.0/6.0 shadow=0 offset=(0.0, 0.0)) neocade=StyleBoxFlat(bg=#f4ee42ff border=1/1/1/1 border_color=#8d8b2dff radius=0/0/0/0 margin=15.0/42.0/15.0/12.0 expand=12.0/48.0/12.0/9.0 shadow=0 offset=(0.0, 0.0))
INTENTIONAL_AUTHORED Window.color.title_color default=#dfdfdfff neocade=#ffffffff
INTENTIONAL_AUTHORED Window.color.title_outline_modulate default=#000000ff neocade=#0f1523ff
INTENTIONAL_AUTHORED Window.constant.close_h_offset default=18 neocade=36
INTENTIONAL_AUTHORED Window.constant.close_v_offset default=24 neocade=40
INTENTIONAL_AUTHORED Window.constant.title_height default=36 neocade=48
INTENTIONAL_AUTHORED Window.font.title_font default=Font(path=) neocade=Font(path=res://addons/neocade_theme/fonts/inter_header_small.tres)
INTENTIONAL_AUTHORED Window.icon.close default=Texture2D(size=(16.0, 16.0) path=) neocade=Texture2D(size=(32.0, 32.0) path=)
INTENTIONAL_AUTHORED Window.icon.close_pressed default=Texture2D(size=(16.0, 16.0) path=) neocade=Texture2D(size=(32.0, 32.0) path=)
INTENTIONAL_AUTHORED WindowContentPanel.stylebox.panel default=<missing> neocade=StyleBoxFlat(bg=#111824ff border=0/0/0/0 border_color=#0f1523ff radius=0/0/0/0 margin=0.0/0.0/0.0/0.0 expand=0.0/0.0/0.0/0.0 shadow=0 offset=(0.0, 0.0))


Summary:
- SAME=344
- FALLS_BACK=0
- INTENTIONAL_AUTHORED=2470
- UNINTENTIONAL_EXTRA=0
- UNINTENTIONAL_STYLE=0
- NEOCADE_ONLY=0
- DEFAULT_ONLY=333
