

# Expected temporary editor sentinels
# Live editor Control tree sentinel resolved values
# Merged editor theme sentinel slots not authored by NeoCade
# interface/theme/accent_color = 00ffff
# interface/theme/base_color = ff00ff
LEAK control_color source=accent path=/root/@EditorNode@18065/@Panel@14/@Control@40/@EditorDock@18133/@GridMapEditor@18132/@HBoxContainer@18096/@SpinBox@18118 class=SpinBox variation= type=SpinBox slot=down_pressed_icon_modulate value=00ffffff
LEAK control_color source=accent path=/root/@EditorNode@18065/@Panel@14/@Control@40/@EditorDock@18133/@GridMapEditor@18132/@HBoxContainer@18096/@SpinBox@18118 class=SpinBox variation= type=SpinBox slot=up_pressed_icon_modulate value=00ffffff
LEAK control_color source=accent path=/root/@EditorNode@18065/@Panel@14/@Control@40/AnimationTree/@VBoxContainer@12189/@MarginContainer@12196/@AnimationNodeBlendSpace1DEditor@12601/@HBoxContainer@12397/@HBoxContainer@12422/@SpinBox@12427 class=SpinBox variation= type=SpinBox slot=down_pressed_icon_modulate value=00ffffff
LEAK control_color source=accent path=/root/@EditorNode@18065/@Panel@14/@Control@40/AnimationTree/@VBoxContainer@12189/@MarginContainer@12196/@AnimationNodeBlendSpace1DEditor@12601/@HBoxContainer@12397/@HBoxContainer@12422/@SpinBox@12427 class=SpinBox variation= type=SpinBox slot=up_pressed_icon_modulate value=00ffffff
LEAK control_color source=accent path=/root/@EditorNode@18065/@Panel@14/@Control@40/AnimationTree/@VBoxContainer@12189/@MarginContainer@12196/@AnimationNodeBlendSpace1DEditor@12601/@HBoxContainer@12397/@SpinBox@12407 class=SpinBox variation= type=SpinBox slot=down_pressed_icon_modulate value=00ffffff
LEAK control_color source=accent path=/root/@EditorNode@18065/@Panel@14/@Control@40/AnimationTree/@VBoxContainer@12189/@MarginContainer@12196/@AnimationNodeBlendSpace1DEditor@12601/@HBoxContainer@12397/@SpinBox@12407 class=SpinBox variation= type=SpinBox slot=up_pressed_icon_modulate value=00ffffff
LEAK control_color source=accent path=/root/@EditorNode@18065/@Panel@14/@Control@40/AnimationTree/@VBoxContainer@12189/@MarginContainer@12196/@AnimationNodeBlendSpace1DEditor@12601/@VBoxContainer@12429/@HBoxContainer@12432/@SpinBox@12437 class=SpinBox variation= type=SpinBox slot=down_pressed_icon_modulate value=00ffffff
LEAK control_color source=accent path=/root/@EditorNode@18065/@Panel@14/@Control@40/AnimationTree/@VBoxContainer@12189/@MarginContainer@12196/@AnimationNodeBlendSpace1DEditor@12601/@VBoxContainer@12429/@HBoxContainer@12432/@SpinBox@12437 class=SpinBox variation= type=SpinBox slot=up_pressed_icon_modulate value=00ffffff
LEAK control_color source=accent path=/root/@EditorNode@18065/@Panel@14/@Control@40/AnimationTree/@VBoxContainer@12189/@MarginContainer@12196/@AnimationNodeBlendSpace1DEditor@12601/@VBoxContainer@12429/@HBoxContainer@12432/@SpinBox@12441 class=SpinBox variation= type=SpinBox slot=down_pressed_icon_modulate value=00ffffff
LEAK control_color source=accent path=/root/@EditorNode@18065/@Panel@14/@Control@40/AnimationTree/@VBoxContainer@12189/@MarginContainer@12196/@AnimationNodeBlendSpace1DEditor@12601/@VBoxContainer@12429/@HBoxContainer@12432/@SpinBox@12441 class=SpinBox variation= type=SpinBox slot=up_pressed_icon_modulate value=00ffffff
LEAK control_color source=accent path=/root/@EditorNode@18065/@Panel@14/@Control@40/AnimationTree/@VBoxContainer@12189/@MarginContainer@12196/@AnimationNodeBlendSpace2DEditor@12827/@HBoxContainer@12602/@HBoxContainer@12633/@SpinBox@12638 class=SpinBox variation= type=SpinBox slot=down_pressed_icon_modulate value=00ffffff
LEAK control_color source=accent path=/root/@EditorNode@18065/@Panel@14/@Control@40/AnimationTree/@VBoxContainer@12189/@MarginContainer@12196/@AnimationNodeBlendSpace2DEditor@12827/@HBoxContainer@12602/@HBoxContainer@12633/@SpinBox@12638 class=SpinBox variation= type=SpinBox slot=up_pressed_icon_modulate value=00ffffff
LEAK control_color source=accent path=/root/@EditorNode@18065/@Panel@14/@Control@40/AnimationTree/@VBoxContainer@12189/@MarginContainer@12196/@AnimationNodeBlendSpace2DEditor@12827/@HBoxContainer@12602/@HBoxContainer@12633/@SpinBox@12641 class=SpinBox variation= type=SpinBox slot=down_pressed_icon_modulate value=00ffffff
LEAK control_color source=accent path=/root/@EditorNode@18065/@Panel@14/@Control@40/AnimationTree/@VBoxContainer@12189/@MarginContainer@12196/@AnimationNodeBlendSpace2DEditor@12827/@HBoxContainer@12602/@HBoxContainer@12633/@SpinBox@12641 class=SpinBox variation= type=SpinBox slot=up_pressed_icon_modulate value=00ffffff
LEAK control_color source=accent path=/root/@EditorNode@18065/@Panel@14/@Control@40/AnimationTree/@VBoxContainer@12189/@MarginContainer@12196/@AnimationNodeBlendSpace2DEditor@12827/@HBoxContainer@12602/@SpinBox@12615 class=SpinBox variation= type=SpinBox slot=down_pressed_icon_modulate value=00ffffff
LEAK control_color source=accent path=/root/@EditorNode@18065/@Panel@14/@Control@40/AnimationTree/@VBoxContainer@12189/@MarginContainer@12196/@AnimationNodeBlendSpace2DEditor@12827/@HBoxContainer@12602/@SpinBox@12615 class=SpinBox variation= type=SpinBox slot=up_pressed_icon_modulate value=00ffffff
LEAK control_color source=accent path=/root/@EditorNode@18065/@Panel@14/@Control@40/AnimationTree/@VBoxContainer@12189/@MarginContainer@12196/@AnimationNodeBlendSpace2DEditor@12827/@HBoxContainer@12602/@SpinBox@12618 class=SpinBox variation= type=SpinBox slot=down_pressed_icon_modulate value=00ffffff
LEAK control_color source=accent path=/root/@EditorNode@18065/@Panel@14/@Control@40/AnimationTree/@VBoxContainer@12189/@MarginContainer@12196/@AnimationNodeBlendSpace2DEditor@12827/@HBoxContainer@12602/@SpinBox@12618 class=SpinBox variation= type=SpinBox slot=up_pressed_icon_modulate value=00ffffff
LEAK control_color source=accent path=/root/@EditorNode@18065/@Panel@14/@Control@40/AnimationTree/@VBoxContainer@12189/@MarginContainer@12196/@AnimationNodeBlendSpace2DEditor@12827/@HBoxContainer@12643/@GridContainer@12644/@HBoxContainer@12658/@SpinBox@12661 class=SpinBox variation= type=SpinBox slot=down_pressed_icon_modulate value=00ffffff
LEAK control_color source=accent path=/root/@EditorNode@18065/@Panel@14/@Control@40/AnimationTree/@VBoxContainer@12189/@MarginContainer@12196/@AnimationNodeBlendSpace2DEditor@12827/@HBoxContainer@12643/@GridContainer@12644/@HBoxContainer@12658/@SpinBox@12661 class=SpinBox variation= type=SpinBox slot=up_pressed_icon_modulate value=00ffffff
LEAK control_color source=accent path=/root/@EditorNode@18065/@Panel@14/@Control@40/AnimationTree/@VBoxContainer@12189/@MarginContainer@12196/@AnimationNodeBlendSpace2DEditor@12827/@HBoxContainer@12643/@GridContainer@12644/@HBoxContainer@12658/@SpinBox@12667 class=SpinBox variation= type=SpinBox slot=down_pressed_icon_modulate value=00ffffff
LEAK control_color source=accent path=/root/@EditorNode@18065/@Panel@14/@Control@40/AnimationTree/@VBoxContainer@12189/@MarginContainer@12196/@AnimationNodeBlendSpace2DEditor@12827/@HBoxContainer@12643/@GridContainer@12644/@HBoxContainer@12658/@SpinBox@12667 class=SpinBox variation= type=SpinBox slot=up_pressed_icon_modulate value=00ffffff
LEAK control_color source=accent path=/root/@EditorNode@18065/@Panel@14/@Control@40/AnimationTree/@VBoxContainer@12189/@MarginContainer@12196/@AnimationNodeBlendSpace2DEditor@12827/@HBoxContainer@12643/@GridContainer@12644/@VBoxContainer@12645/@SpinBox@12648 class=SpinBox variation= type=SpinBox slot=down_pressed_icon_modulate value=00ffffff
LEAK control_color source=accent path=/root/@EditorNode@18065/@Panel@14/@Control@40/AnimationTree/@VBoxContainer@12189/@MarginContainer@12196/@AnimationNodeBlendSpace2DEditor@12827/@HBoxContainer@12643/@GridContainer@12644/@VBoxContainer@12645/@SpinBox@12648 class=SpinBox variation= type=SpinBox slot=up_pressed_icon_modulate value=00ffffff
LEAK control_color source=accent path=/root/@EditorNode@18065/@Panel@14/@Control@40/AnimationTree/@VBoxContainer@12189/@MarginContainer@12196/@AnimationNodeBlendSpace2DEditor@12827/@HBoxContainer@12643/@GridContainer@12644/@VBoxContainer@12645/@SpinBox@12654 class=SpinBox variation= type=SpinBox slot=down_pressed_icon_modulate value=00ffffff
LEAK control_color source=accent path=/root/@EditorNode@18065/@Panel@14/@Control@40/AnimationTree/@VBoxContainer@12189/@MarginContainer@12196/@AnimationNodeBlendSpace2DEditor@12827/@HBoxContainer@12643/@GridContainer@12644/@VBoxContainer@12645/@SpinBox@12654 class=SpinBox variation= type=SpinBox slot=up_pressed_icon_modulate value=00ffffff
LEAK control_color source=accent path=/root/@EditorNode@18065/@Panel@14/@Control@40/Polygon/@VBoxContainer@16672/@HBoxContainer@16678/@SpinBox@16694 class=SpinBox variation= type=SpinBox slot=down_pressed_icon_modulate value=00ffffff
LEAK control_color source=accent path=/root/@EditorNode@18065/@Panel@14/@Control@40/Polygon/@VBoxContainer@16672/@HBoxContainer@16678/@SpinBox@16694 class=SpinBox variation= type=SpinBox slot=up_pressed_icon_modulate value=00ffffff
LEAK control_color source=accent path=/root/@EditorNode@18065/@Panel@14/@Control@40/SpriteFrames/@HSplitContainer@14628/@VBoxContainer@14629/@MarginContainer@14631/VBoxContainer/@HBoxContainer@14632/@SpinBox@14646 class=SpinBox variation= type=SpinBox slot=down_pressed_icon_modulate value=00ffffff
LEAK control_color source=accent path=/root/@EditorNode@18065/@Panel@14/@Control@40/SpriteFrames/@HSplitContainer@14628/@VBoxContainer@14629/@MarginContainer@14631/VBoxContainer/@HBoxContainer@14632/@SpinBox@14646 class=SpinBox variation= type=SpinBox slot=up_pressed_icon_modulate value=00ffffff
LEAK control_color source=accent path=/root/@EditorNode@18065/@Panel@14/@Control@40/SpriteFrames/@HSplitContainer@14628/@VBoxContainer@14663/@MarginContainer@14665/VBoxContainer/@HFlowContainer@14666/@HBoxContainer@14688/@SpinBox@14692 class=SpinBox variation= type=SpinBox slot=down_pressed_icon_modulate value=00ffffff
LEAK control_color source=accent path=/root/@EditorNode@18065/@Panel@14/@Control@40/SpriteFrames/@HSplitContainer@14628/@VBoxContainer@14663/@MarginContainer@14665/VBoxContainer/@HFlowContainer@14666/@HBoxContainer@14688/@SpinBox@14692 class=SpinBox variation= type=SpinBox slot=up_pressed_icon_modulate value=00ffffff
LEAK control_color source=accent path=/root/@EditorNode@18065/@Panel@14/@Control@40/TileMap/@GridContainer@17304/@FlowContainer@17411/@BoxContainer@17416/@BoxContainer@17328/@SpinBox@17327 class=SpinBox variation= type=SpinBox slot=down_pressed_icon_modulate value=00ffffff
LEAK control_color source=accent path=/root/@EditorNode@18065/@Panel@14/@Control@40/TileMap/@GridContainer@17304/@FlowContainer@17411/@BoxContainer@17416/@BoxContainer@17328/@SpinBox@17327 class=SpinBox variation= type=SpinBox slot=up_pressed_icon_modulate value=00ffffff
LEAK control_color source=accent path=/root/@EditorNode@18065/@Panel@14/@VBoxContainer@15/DockHSplitMain/@VBoxContainer@28/DockVSplitCenter/@EditorBottomPanel@7422/Animation/@VBoxContainer@11222/@HBoxContainer@11223/@SpinBox@11232 class=SpinBox variation= type=SpinBox slot=down_pressed_icon_modulate value=00ffffff
LEAK control_color source=accent path=/root/@EditorNode@18065/@Panel@14/@VBoxContainer@15/DockHSplitMain/@VBoxContainer@28/DockVSplitCenter/@EditorBottomPanel@7422/Animation/@VBoxContainer@11222/@HBoxContainer@11223/@SpinBox@11232 class=SpinBox variation= type=SpinBox slot=up_pressed_icon_modulate value=00ffffff
LEAK control_color source=accent path=/root/@EditorNode@18065/@Panel@14/@VBoxContainer@15/DockHSplitMain/@VBoxContainer@28/DockVSplitCenter/@EditorBottomPanel@7422/Debugger/@TabContainer@8422/Session 1/@TabContainer@8425/Profiler/@HBoxContainer@8690/@HBoxContainer@8718/@SpinBox@8722 class=SpinBox variation= type=SpinBox slot=down_pressed_icon_modulate value=00ffffff
LEAK control_color source=accent path=/root/@EditorNode@18065/@Panel@14/@VBoxContainer@15/DockHSplitMain/@VBoxContainer@28/DockVSplitCenter/@EditorBottomPanel@7422/Debugger/@TabContainer@8422/Session 1/@TabContainer@8425/Profiler/@HBoxContainer@8690/@HBoxContainer@8718/@SpinBox@8722 class=SpinBox variation= type=SpinBox slot=up_pressed_icon_modulate value=00ffffff
LEAK control_color source=accent path=/root/@EditorNode@18065/@Panel@14/@VBoxContainer@15/DockHSplitMain/@VBoxContainer@28/DockVSplitCenter/@EditorBottomPanel@7422/Debugger/@TabContainer@8422/Session 1/@TabContainer@8425/Visual Profiler/@HBoxContainer@8742/@HBoxContainer@8760/@SpinBox@8764 class=SpinBox variation= type=SpinBox slot=down_pressed_icon_modulate value=00ffffff
LEAK control_color source=accent path=/root/@EditorNode@18065/@Panel@14/@VBoxContainer@15/DockHSplitMain/@VBoxContainer@28/DockVSplitCenter/@EditorBottomPanel@7422/Debugger/@TabContainer@8422/Session 1/@TabContainer@8425/Visual Profiler/@HBoxContainer@8742/@HBoxContainer@8760/@SpinBox@8764 class=SpinBox variation= type=SpinBox slot=up_pressed_icon_modulate value=00ffffff
LEAK control_stylebox bg_source=accent border_source= path=/root/@EditorNode@18065/@Panel@14/@Control@40/Theme class=ThemeEditor variation= type=ThemeEditor slot=preview_picker_label bg=008080ff border=ccccccff
LEAK control_stylebox bg_source=base border_source= path=/root/@EditorNode@18065/@Panel@14/@Control@40/@EditorDock@17845/@ReplicationEditor@17844/@VBoxContainer@17728/@HBoxContainer@17821/@Button@17828 class=Button variation=FlatButton type=Button slot=hover_mirrored bg=ff40ffff border=ccccccff
LEAK control_stylebox bg_source=base border_source= path=/root/@EditorNode@18065/@Panel@14/@Control@40/@EditorDock@17845/@ReplicationEditor@17844/@VBoxContainer@17728/@HBoxContainer@17821/@Button@17828 class=Button variation=FlatButton type=Button slot=hover_pressed_mirrored bg=ff40ffff border=ccccccff
LEAK control_stylebox bg_source=base border_source= path=/root/@EditorNode@18065/@Panel@14/@Control@40/@EditorDock@17845/@ReplicationEditor@17844/@VBoxContainer@17728/@HBoxContainer@17821/@Button@17828 class=Button variation=FlatButton type=Button slot=pressed_mirrored bg=ff40ffff border=ccccccff
LEAK control_stylebox bg_source=base border_source= path=/root/@EditorNode@18065/@Panel@14/@Control@40/@EditorDock@17845/@ReplicationEditor@17844/@VBoxContainer@17728/@HBoxContainer@17821/@Button@17828 class=Button variation=FlatButton type=FlatButton slot=hover_mirrored bg=ff40ffff border=ccccccff
LEAK control_stylebox bg_source=base border_source= path=/root/@EditorNode@18065/@Panel@14/@Control@40/@EditorDock@17845/@ReplicationEditor@17844/@VBoxContainer@17728/@HBoxContainer@17821/@Button@17828 class=Button variation=FlatButton type=FlatButton slot=hover_pressed_mirrored bg=ff40ffff border=ccccccff
LEAK control_stylebox bg_source=base border_source= path=/root/@EditorNode@18065/@Panel@14/@Control@40/@EditorDock@17845/@ReplicationEditor@17844/@VBoxContainer@17728/@HBoxContainer@17821/@Button@17828 class=Button variation=FlatButton type=FlatButton slot=pressed_mirrored bg=ff40ffff border=ccccccff
LEAK control_stylebox bg_source=base border_source= path=/root/@EditorNode@18065/@Panel@14/@Control@40/@EditorDock@18133/@GridMapEditor@18132/@HBoxContainer@18096/@Button@18124 class=Button variation=FlatButton type=Button slot=hover_mirrored bg=ff40ffff border=ccccccff
LEAK control_stylebox bg_source=base border_source= path=/root/@EditorNode@18065/@Panel@14/@Control@40/@EditorDock@18133/@GridMapEditor@18132/@HBoxContainer@18096/@Button@18124 class=Button variation=FlatButton type=Button slot=hover_pressed_mirrored bg=ff40ffff border=ccccccff
LEAK control_stylebox bg_source=base border_source= path=/root/@EditorNode@18065/@Panel@14/@Control@40/@EditorDock@18133/@GridMapEditor@18132/@HBoxContainer@18096/@Button@18124 class=Button variation=FlatButton type=Button slot=pressed_mirrored bg=ff40ffff border=ccccccff
LEAK control_stylebox bg_source=base border_source= path=/root/@EditorNode@18065/@Panel@14/@Control@40/@EditorDock@18133/@GridMapEditor@18132/@HBoxContainer@18096/@Button@18124 class=Button variation=FlatButton type=FlatButton slot=hover_mirrored bg=ff40ffff border=ccccccff
LEAK control_stylebox bg_source=base border_source= path=/root/@EditorNode@18065/@Panel@14/@Control@40/@EditorDock@18133/@GridMapEditor@18132/@HBoxContainer@18096/@Button@18124 class=Button variation=FlatButton type=FlatButton slot=hover_pressed_mirrored bg=ff40ffff border=ccccccff
LEAK control_stylebox bg_source=base border_source= path=/root/@EditorNode@18065/@Panel@14/@Control@40/@EditorDock@18133/@GridMapEditor@18132/@HBoxContainer@18096/@Button@18124 class=Button variation=FlatButton type=FlatButton slot=pressed_mirrored bg=ff40ffff border=ccccccff
LEAK control_stylebox bg_source=base border_source= path=/root/@EditorNode@18065/@Panel@14/@Control@40/@EditorDock@18133/@GridMapEditor@18132/@HBoxContainer@18096/@Button@18125 class=Button variation=FlatButton type=Button slot=hover_mirrored bg=ff40ffff border=ccccccff
LEAK control_stylebox bg_source=base border_source= path=/root/@EditorNode@18065/@Panel@14/@Control@40/@EditorDock@18133/@GridMapEditor@18132/@HBoxContainer@18096/@Button@18125 class=Button variation=FlatButton type=Button slot=hover_pressed_mirrored bg=ff40ffff border=ccccccff
LEAK control_stylebox bg_source=base border_source= path=/root/@EditorNode@18065/@Panel@14/@Control@40/@EditorDock@18133/@GridMapEditor@18132/@HBoxContainer@18096/@Button@18125 class=Button variation=FlatButton type=Button slot=pressed_mirrored bg=ff40ffff border=ccccccff
LEAK control_stylebox bg_source=base border_source= path=/root/@EditorNode@18065/@Panel@14/@Control@40/@EditorDock@18133/@GridMapEditor@18132/@HBoxContainer@18096/@Button@18125 class=Button variation=FlatButton type=FlatButton slot=hover_mirrored bg=ff40ffff border=ccccccff
LEAK control_stylebox bg_source=base border_source= path=/root/@EditorNode@18065/@Panel@14/@Control@40/@EditorDock@18133/@GridMapEditor@18132/@HBoxContainer@18096/@Button@18125 class=Button variation=FlatButton type=FlatButton slot=hover_pressed_mirrored bg=ff40ffff border=ccccccff
LEAK control_stylebox bg_source=base border_source= path=/root/@EditorNode@18065/@Panel@14/@Control@40/@EditorDock@18133/@GridMapEditor@18132/@HBoxContainer@18096/@Button@18125 class=Button variation=FlatButton type=FlatButton slot=pressed_mirrored bg=ff40ffff border=ccccccff
LEAK control_stylebox bg_source=base border_source= path=/root/@EditorNode@18065/@Panel@14/@Control@40/@EditorDock@18133/@GridMapEditor@18132/@HBoxContainer@18096/@HBoxContainer@18097/@Button@18098 class=Button variation=FlatButton type=Button slot=hover_mirrored bg=ff40ffff border=ccccccff
LEAK control_stylebox bg_source=base border_source= path=/root/@EditorNode@18065/@Panel@14/@Control@40/@EditorDock@18133/@GridMapEditor@18132/@HBoxContainer@18096/@HBoxContainer@18097/@Button@18098 class=Button variation=FlatButton type=Button slot=hover_pressed_mirrored bg=ff40ffff border=ccccccff
LEAK control_stylebox bg_source=base border_source= path=/root/@EditorNode@18065/@Panel@14/@Control@40/@EditorDock@18133/@GridMapEditor@18132/@HBoxContainer@18096/@HBoxContainer@18097/@Button@18098 class=Button variation=FlatButton type=Button slot=pressed_mirrored bg=ff40ffff border=ccccccff
LEAK control_stylebox bg_source=base border_source= path=/root/@EditorNode@18065/@Panel@14/@Control@40/@EditorDock@18133/@GridMapEditor@18132/@HBoxContainer@18096/@HBoxContainer@18097/@Button@18098 class=Button variation=FlatButton type=FlatButton slot=hover_mirrored bg=ff40ffff border=ccccccff
LEAK control_stylebox bg_source=base border_source= path=/root/@EditorNode@18065/@Panel@14/@Control@40/@EditorDock@18133/@GridMapEditor@18132/@HBoxContainer@18096/@HBoxContainer@18097/@Button@18098 class=Button variation=FlatButton type=FlatButton slot=hover_pressed_mirrored bg=ff40ffff border=ccccccff
LEAK control_stylebox bg_source=base border_source= path=/root/@EditorNode@18065/@Panel@14/@Control@40/@EditorDock@18133/@GridMapEditor@18132/@HBoxContainer@18096/@HBoxContainer@18097/@Button@18098 class=Button variation=FlatButton type=FlatButton slot=pressed_mirrored bg=ff40ffff border=ccccccff
LEAK control_stylebox bg_source=base border_source= path=/root/@EditorNode@18065/@Panel@14/@Control@40/@EditorDock@18133/@GridMapEditor@18132/@HBoxContainer@18096/@HBoxContainer@18097/@Button@18100 class=Button variation=FlatButton type=Button slot=hover_mirrored bg=ff40ffff border=ccccccff
LEAK control_stylebox bg_source=base border_source= path=/root/@EditorNode@18065/@Panel@14/@Control@40/@EditorDock@18133/@GridMapEditor@18132/@HBoxContainer@18096/@HBoxContainer@18097/@Button@18100 class=Button variation=FlatButton type=Button slot=hover_pressed_mirrored bg=ff40ffff border=ccccccff
LEAK control_stylebox bg_source=base border_source= path=/root/@EditorNode@18065/@Panel@14/@Control@40/@EditorDock@18133/@GridMapEditor@18132/@HBoxContainer@18096/@HBoxContainer@18097/@Button@18100 class=Button variation=FlatButton type=Button slot=pressed_mirrored bg=ff40ffff border=ccccccff
LEAK control_stylebox bg_source=base border_source= path=/root/@EditorNode@18065/@Panel@14/@Control@40/@EditorDock@18133/@GridMapEditor@18132/@HBoxContainer@18096/@HBoxContainer@18097/@Button@18100 class=Button variation=FlatButton type=FlatButton slot=hover_mirrored bg=ff40ffff border=ccccccff
LEAK control_stylebox bg_source=base border_source= path=/root/@EditorNode@18065/@Panel@14/@Control@40/@EditorDock@18133/@GridMapEditor@18132/@HBoxContainer@18096/@HBoxContainer@18097/@Button@18100 class=Button variation=FlatButton type=FlatButton slot=hover_pressed_mirrored bg=ff40ffff border=ccccccff
LEAK control_stylebox bg_source=base border_source= path=/root/@EditorNode@18065/@Panel@14/@Control@40/@EditorDock@18133/@GridMapEditor@18132/@HBoxContainer@18096/@HBoxContainer@18097/@Button@18100 class=Button variation=FlatButton type=FlatButton slot=pressed_mirrored bg=ff40ffff border=ccccccff
LEAK control_stylebox bg_source=base border_source= path=/root/@EditorNode@18065/@Panel@14/@Control@40/@EditorDock@18133/@GridMapEditor@18132/@HBoxContainer@18096/@HBoxContainer@18097/@Button@18101 class=Button variation=FlatButton type=Button slot=hover_mirrored bg=ff40ffff border=ccccccff
LEAK control_stylebox bg_source=base border_source= path=/root/@EditorNode@18065/@Panel@14/@Control@40/@EditorDock@18133/@GridMapEditor@18132/@HBoxContainer@18096/@HBoxContainer@18097/@Button@18101 class=Button variation=FlatButton type=Button slot=hover_pressed_mirrored bg=ff40ffff border=ccccccff
LEAK control_stylebox bg_source=base border_source= path=/root/@EditorNode@18065/@Panel@14/@Control@40/@EditorDock@18133/@GridMapEditor@18132/@HBoxContainer@18096/@HBoxContainer@18097/@Button@18101 class=Button variation=FlatButton type=Button slot=pressed_mirrored bg=ff40ffff border=ccccccff
LEAK control_stylebox bg_source=base border_source= path=/root/@EditorNode@18065/@Panel@14/@Control@40/@EditorDock@18133/@GridMapEditor@18132/@HBoxContainer@18096/@HBoxContainer@18097/@Button@18101 class=Button variation=FlatButton type=FlatButton slot=hover_mirrored bg=ff40ffff border=ccccccff
LEAK control_stylebox bg_source=base border_source= path=/root/@EditorNode@18065/@Panel@14/@Control@40/@EditorDock@18133/@GridMapEditor@18132/@HBoxContainer@18096/@HBoxContainer@18097/@Button@18101 class=Button variation=FlatButton type=FlatButton slot=hover_pressed_mirrored bg=ff40ffff border=ccccccff
LEAK control_stylebox bg_source=base border_source= path=/root/@EditorNode@18065/@Panel@14/@Control@40/@EditorDock@18133/@GridMapEditor@18132/@HBoxContainer@18096/@HBoxContainer@18097/@Button@18101 class=Button variation=FlatButton type=FlatButton slot=pressed_mirrored bg=ff40ffff border=ccccccff
LEAK control_stylebox bg_source=base border_source= path=/root/@EditorNode@18065/@Panel@14/@Control@40/@EditorDock@18133/@GridMapEditor@18132/@HBoxContainer@18096/@HBoxContainer@18097/@Button@18102 class=Button variation=FlatButton type=Button slot=hover_mirrored bg=ff40ffff border=ccccccff
LEAK control_stylebox bg_source=base border_source= path=/root/@EditorNode@18065/@Panel@14/@Control@40/@EditorDock@18133/@GridMapEditor@18132/@HBoxContainer@18096/@HBoxContainer@18097/@Button@18102 class=Button variation=FlatButton type=Button slot=hover_pressed_mirrored bg=ff40ffff border=ccccccff
LEAK control_stylebox bg_source=base border_source= path=/root/@EditorNode@18065/@Panel@14/@Control@40/@EditorDock@18133/@GridMapEditor@18132/@HBoxContainer@18096/@HBoxContainer@18097/@Button@18102 class=Button variation=FlatButton type=Button slot=pressed_mirrored bg=ff40ffff border=ccccccff
LEAK control_stylebox bg_source=base border_source= path=/root/@EditorNode@18065/@Panel@14/@Control@40/@EditorDock@18133/@GridMapEditor@18132/@HBoxContainer@18096/@HBoxContainer@18097/@Button@18102 class=Button variation=FlatButton type=FlatButton slot=hover_mirrored bg=ff40ffff border=ccccccff
LEAK control_stylebox bg_source=base border_source= path=/root/@EditorNode@18065/@Panel@14/@Control@40/@EditorDock@18133/@GridMapEditor@18132/@HBoxContainer@18096/@HBoxContainer@18097/@Button@18102 class=Button variation=FlatButton type=FlatButton slot=hover_pressed_mirrored bg=ff40ffff border=ccccccff
LEAK control_stylebox bg_source=base border_source= path=/root/@EditorNode@18065/@Panel@14/@Control@40/@EditorDock@18133/@GridMapEditor@18132/@HBoxContainer@18096/@HBoxContainer@18097/@Button@18102 class=Button variation=FlatButton type=FlatButton slot=pressed_mirrored bg=ff40ffff border=ccccccff
LEAK control_stylebox bg_source=base border_source= path=/root/@EditorNode@18065/@Panel@14/@Control@40/@EditorDock@18133/@GridMapEditor@18132/@HBoxContainer@18096/@HBoxContainer@18097/@Button@18103 class=Button variation=FlatButton type=Button slot=hover_mirrored bg=ff40ffff border=ccccccff
LEAK control_stylebox bg_source=base border_source= path=/root/@EditorNode@18065/@Panel@14/@Control@40/@EditorDock@18133/@GridMapEditor@18132/@HBoxContainer@18096/@HBoxContainer@18097/@Button@18103 class=Button variation=FlatButton type=Button slot=hover_pressed_mirrored bg=ff40ffff border=ccccccff
LEAK control_stylebox bg_source=base border_source= path=/root/@EditorNode@18065/@Panel@14/@Control@40/@EditorDock@18133/@GridMapEditor@18132/@HBoxContainer@18096/@HBoxContainer@18097/@Button@18103 class=Button variation=FlatButton type=Button slot=pressed_mirrored bg=ff40ffff border=ccccccff
LEAK control_stylebox bg_source=base border_source= path=/root/@EditorNode@18065/@Panel@14/@Control@40/@EditorDock@18133/@GridMapEditor@18132/@HBoxContainer@18096/@HBoxContainer@18097/@Button@18103 class=Button variation=FlatButton type=FlatButton slot=hover_mirrored bg=ff40ffff border=ccccccff
LEAK control_stylebox bg_source=base border_source= path=/root/@EditorNode@18065/@Panel@14/@Control@40/@EditorDock@18133/@GridMapEditor@18132/@HBoxContainer@18096/@HBoxContainer@18097/@Button@18103 class=Button variation=FlatButton type=FlatButton slot=hover_pressed_mirrored bg=ff40ffff border=ccccccff
LEAK control_stylebox bg_source=base border_source= path=/root/@EditorNode@18065/@Panel@14/@Control@40/@EditorDock@18133/@GridMapEditor@18132/@HBoxContainer@18096/@HBoxContainer@18097/@Button@18103 class=Button variation=FlatButton type=FlatButton slot=pressed_mirrored bg=ff40ffff border=ccccccff
LEAK control_stylebox bg_source=base border_source= path=/root/@EditorNode@18065/@Panel@14/@Control@40/@EditorDock@18133/@GridMapEditor@18132/@HBoxContainer@18096/@HBoxContainer@18105/@Button@18106 class=Button variation=FlatButton type=Button slot=hover_mirrored bg=ff40ffff border=ccccccff
LEAK control_stylebox bg_source=base border_source= path=/root/@EditorNode@18065/@Panel@14/@Control@40/@EditorDock@18133/@GridMapEditor@18132/@HBoxContainer@18096/@HBoxContainer@18105/@Button@18106 class=Button variation=FlatButton type=Button slot=hover_pressed_mirrored bg=ff40ffff border=ccccccff
LEAK control_stylebox bg_source=base border_source= path=/root/@EditorNode@18065/@Panel@14/@Control@40/@EditorDock@18133/@GridMapEditor@18132/@HBoxContainer@18096/@HBoxContainer@18105/@Button@18106 class=Button variation=FlatButton type=Button slot=pressed_mirrored bg=ff40ffff border=ccccccff
LEAK control_stylebox bg_source=base border_source= path=/root/@EditorNode@18065/@Panel@14/@Control@40/@EditorDock@18133/@GridMapEditor@18132/@HBoxContainer@18096/@HBoxContainer@18105/@Button@18106 class=Button variation=FlatButton type=FlatButton slot=hover_mirrored bg=ff40ffff border=ccccccff
LEAK control_stylebox bg_source=base border_source= path=/root/@EditorNode@18065/@Panel@14/@Control@40/@EditorDock@18133/@GridMapEditor@18132/@HBoxContainer@18096/@HBoxContainer@18105/@Button@18106 class=Button variation=FlatButton type=FlatButton slot=hover_pressed_mirrored bg=ff40ffff border=ccccccff
LEAK control_stylebox bg_source=base border_source= path=/root/@EditorNode@18065/@Panel@14/@Control@40/@EditorDock@18133/@GridMapEditor@18132/@HBoxContainer@18096/@HBoxContainer@18105/@Button@18106 class=Button variation=FlatButton type=FlatButton slot=pressed_mirrored bg=ff40ffff border=ccccccff
LEAK control_stylebox bg_source=base border_source= path=/root/@EditorNode@18065/@Panel@14/@Control@40/@EditorDock@18133/@GridMapEditor@18132/@HBoxContainer@18096/@HBoxContainer@18105/@Button@18107 class=Button variation=FlatButton type=Button slot=hover_mirrored bg=ff40ffff border=ccccccff
LEAK control_stylebox bg_source=base border_source= path=/root/@EditorNode@18065/@Panel@14/@Control@40/@EditorDock@18133/@GridMapEditor@18132/@HBoxContainer@18096/@HBoxContainer@18105/@Button@18107 class=Button variation=FlatButton type=Button slot=hover_pressed_mirrored bg=ff40ffff border=ccccccff
LEAK control_stylebox bg_source=base border_source= path=/root/@EditorNode@18065/@Panel@14/@Control@40/@EditorDock@18133/@GridMapEditor@18132/@HBoxContainer@18096/@HBoxContainer@18105/@Button@18107 class=Button variation=FlatButton type=Button slot=pressed_mirrored bg=ff40ffff border=ccccccff
LEAK control_stylebox bg_source=base border_source= path=/root/@EditorNode@18065/@Panel@14/@Control@40/@EditorDock@18133/@GridMapEditor@18132/@HBoxContainer@18096/@HBoxContainer@18105/@Button@18107 class=Button variation=FlatButton type=FlatButton slot=hover_mirrored bg=ff40ffff border=ccccccff
LEAK control_stylebox bg_source=base border_source= path=/root/@EditorNode@18065/@Panel@14/@Control@40/@EditorDock@18133/@GridMapEditor@18132/@HBoxContainer@18096/@HBoxContainer@18105/@Button@18107 class=Button variation=FlatButton type=FlatButton slot=hover_pressed_mirrored bg=ff40ffff border=ccccccff
LEAK control_stylebox bg_source=base border_source= path=/root/@EditorNode@18065/@Panel@14/@Control@40/@EditorDock@18133/@GridMapEditor@18132/@HBoxContainer@18096/@HBoxContainer@18105/@Button@18107 class=Button variation=FlatButton type=FlatButton slot=pressed_mirrored bg=ff40ffff border=ccccccff
LEAK control_stylebox bg_source=base border_source= path=/root/@EditorNode@18065/@Panel@14/@Control@40/@EditorDock@18133/@GridMapEditor@18132/@HBoxContainer@18096/@HBoxContainer@18105/@Button@18108 class=Button variation=FlatButton type=Button slot=hover_mirrored bg=ff40ffff border=ccccccff
LEAK control_stylebox bg_source=base border_source= path=/root/@EditorNode@18065/@Panel@14/@Control@40/@EditorDock@18133/@GridMapEditor@18132/@HBoxContainer@18096/@HBoxContainer@18105/@Button@18108 class=Button variation=FlatButton type=Button slot=hover_pressed_mirrored bg=ff40ffff border=ccccccff
LEAK control_stylebox bg_source=base border_source= path=/root/@EditorNode@18065/@Panel@14/@Control@40/@EditorDock@18133/@GridMapEditor@18132/@HBoxContainer@18096/@HBoxContainer@18105/@Button@18108 class=Button variation=FlatButton type=Button slot=pressed_mirrored bg=ff40ffff border=ccccccff
LEAK control_stylebox bg_source=base border_source= path=/root/@EditorNode@18065/@Panel@14/@Control@40/@EditorDock@18133/@GridMapEditor@18132/@HBoxContainer@18096/@HBoxContainer@18105/@Button@18108 class=Button variation=FlatButton type=FlatButton slot=hover_mirrored bg=ff40ffff border=ccccccff
LEAK control_stylebox bg_source=base border_source= path=/root/@EditorNode@18065/@Panel@14/@Control@40/@EditorDock@18133/@GridMapEditor@18132/@HBoxContainer@18096/@HBoxContainer@18105/@Button@18108 class=Button variation=FlatButton type=FlatButton slot=hover_pressed_mirrored bg=ff40ffff border=ccccccff
LEAK control_stylebox bg_source=base border_source= path=/root/@EditorNode@18065/@Panel@14/@Control@40/@EditorDock@18133/@GridMapEditor@18132/@HBoxContainer@18096/@HBoxContainer@18105/@Button@18108 class=Button variation=FlatButton type=FlatButton slot=pressed_mirrored bg=ff40ffff border=ccccccff
LEAK control_stylebox bg_source=base border_source= path=/root/@EditorNode@18065/@Panel@14/@Control@40/@EditorDock@18133/@GridMapEditor@18132/@HBoxContainer@18096/@HBoxContainer@18105/@Button@18109 class=Button variation=FlatButton type=Button slot=hover_mirrored bg=ff40ffff border=ccccccff
LEAK control_stylebox bg_source=base border_source= path=/root/@EditorNode@18065/@Panel@14/@Control@40/@EditorDock@18133/@GridMapEditor@18132/@HBoxContainer@18096/@HBoxContainer@18105/@Button@18109 class=Button variation=FlatButton type=Button slot=hover_pressed_mirrored bg=ff40ffff border=ccccccff
LEAK control_stylebox bg_source=base border_source= path=/root/@EditorNode@18065/@Panel@14/@Control@40/@EditorDock@18133/@GridMapEditor@18132/@HBoxContainer@18096/@HBoxContainer@18105/@Button@18109 class=Button variation=FlatButton type=Button slot=pressed_mirrored bg=ff40ffff border=ccccccff
LEAK control_stylebox bg_source=base border_source= path=/root/@EditorNode@18065/@Panel@14/@Control@40/@EditorDock@18133/@GridMapEditor@18132/@HBoxContainer@18096/@HBoxContainer@18105/@Button@18109 class=Button variation=FlatButton type=FlatButton slot=hover_mirrored bg=ff40ffff border=ccccccff
LEAK control_stylebox bg_source=base border_source= path=/root/@EditorNode@18065/@Panel@14/@Control@40/@EditorDock@18133/@GridMapEditor@18132/@HBoxContainer@18096/@HBoxContainer@18105/@Button@18109 class=Button variation=FlatButton type=FlatButton slot=hover_pressed_mirrored bg=ff40ffff border=ccccccff
LEAK control_stylebox bg_source=base border_source= path=/root/@EditorNode@18065/@Panel@14/@Control@40/@EditorDock@18133/@GridMapEditor@18132/@HBoxContainer@18096/@HBoxContainer@18105/@Button@18109 class=Button variation=FlatButton type=FlatButton slot=pressed_mirrored bg=ff40ffff border=ccccccff
LEAK control_stylebox bg_source=base border_source= path=/root/@EditorNode@18065/@Panel@14/@Control@40/@EditorDock@18133/@GridMapEditor@18132/@HBoxContainer@18096/@HBoxContainer@18111/@Button@18112 class=Button variation=FlatButton type=Button slot=hover_mirrored bg=ff40ffff border=ccccccff
LEAK control_stylebox bg_source=base border_source= path=/root/@EditorNode@18065/@Panel@14/@Control@40/@EditorDock@18133/@GridMapEditor@18132/@HBoxContainer@18096/@HBoxContainer@18111/@Button@18112 class=Button variation=FlatButton type=Button slot=hover_pressed_mirrored bg=ff40ffff border=ccccccff
LEAK control_stylebox bg_source=base border_source= path=/root/@EditorNode@18065/@Panel@14/@Control@40/@EditorDock@18133/@GridMapEditor@18132/@HBoxContainer@18096/@HBoxContainer@18111/@Button@18112 class=Button variation=FlatButton type=Button slot=pressed_mirrored bg=ff40ffff border=ccccccff
LEAK control_stylebox bg_source=base border_source= path=/root/@EditorNode@18065/@Panel@14/@Control@40/@EditorDock@18133/@GridMapEditor@18132/@HBoxContainer@18096/@HBoxContainer@18111/@Button@18112 class=Button variation=FlatButton type=FlatButton slot=hover_mirrored bg=ff40ffff border=ccccccff
LEAK control_stylebox bg_source=base border_source= path=/root/@EditorNode@18065/@Panel@14/@Control@40/@EditorDock@18133/@GridMapEditor@18132/@HBoxContainer@18096/@HBoxContainer@18111/@Button@18112 class=Button variation=FlatButton type=FlatButton slot=hover_pressed_mirrored bg=ff40ffff border=ccccccff
LEAK control_stylebox bg_source=base border_source= path=/root/@EditorNode@18065/@Panel@14/@Control@40/@EditorDock@18133/@GridMapEditor@18132/@HBoxContainer@18096/@HBoxContainer@18111/@Button@18112 class=Button variation=FlatButton type=FlatButton slot=pressed_mirrored bg=ff40ffff border=ccccccff
LEAK control_stylebox bg_source=base border_source= path=/root/@EditorNode@18065/@Panel@14/@Control@40/@EditorDock@18133/@GridMapEditor@18132/@HBoxContainer@18096/@HBoxContainer@18111/@Button@18113 class=Button variation=FlatButton type=Button slot=hover_mirrored bg=ff40ffff border=ccccccff
LEAK control_stylebox bg_source=base border_source= path=/root/@EditorNode@18065/@Panel@14/@Control@40/@EditorDock@18133/@GridMapEditor@18132/@HBoxContainer@18096/@HBoxContainer@18111/@Button@18113 class=Button variation=FlatButton type=Button slot=hover_pressed_mirrored bg=ff40ffff border=ccccccff
LEAK control_stylebox bg_source=base border_source= path=/root/@EditorNode@18065/@Panel@14/@Control@40/@EditorDock@18133/@GridMapEditor@18132/@HBoxContainer@18096/@HBoxContainer@18111/@Button@18113 class=Button variation=FlatButton type=Button slot=pressed_mirrored bg=ff40ffff border=ccccccff
LEAK control_stylebox bg_source=base border_source= path=/root/@EditorNode@18065/@Panel@14/@Control@40/@EditorDock@18133/@GridMapEditor@18132/@HBoxContainer@18096/@HBoxContainer@18111/@Button@18113 class=Button variation=FlatButton type=FlatButton slot=hover_mirrored bg=ff40ffff border=ccccccff
LEAK control_stylebox bg_source=base border_source= path=/root/@EditorNode@18065/@Panel@14/@Control@40/@EditorDock@18133/@GridMapEditor@18132/@HBoxContainer@18096/@HBoxContainer@18111/@Button@18113 class=Button variation=FlatButton type=FlatButton slot=hover_pressed_mirrored bg=ff40ffff border=ccccccff
LEAK control_stylebox bg_source=base border_source= path=/root/@EditorNode@18065/@Panel@14/@Control@40/@EditorDock@18133/@GridMapEditor@18132/@HBoxContainer@18096/@HBoxContainer@18111/@Button@18113 class=Button variation=FlatButton type=FlatButton slot=pressed_mirrored bg=ff40ffff border=ccccccff
LEAK control_stylebox bg_source=base border_source= path=/root/@EditorNode@18065/@Panel@14/@Control@40/@EditorDock@18133/@GridMapEditor@18132/@HBoxContainer@18096/@HBoxContainer@18111/@Button@18114 class=Button variation=FlatButton type=Button slot=hover_mirrored bg=ff40ffff border=ccccccff
LEAK control_stylebox bg_source=base border_source= path=/root/@EditorNode@18065/@Panel@14/@Control@40/@EditorDock@18133/@GridMapEditor@18132/@HBoxContainer@18096/@HBoxContainer@18111/@Button@18114 class=Button variation=FlatButton type=Button slot=hover_pressed_mirrored bg=ff40ffff border=ccccccff
LEAK control_stylebox bg_source=base border_source= path=/root/@EditorNode@18065/@Panel@14/@Control@40/@EditorDock@18133/@GridMapEditor@18132/@HBoxContainer@18096/@HBoxContainer@18111/@Button@18114 class=Button variation=FlatButton type=Button slot=pressed_mirrored bg=ff40ffff border=ccccccff
LEAK control_stylebox bg_source=base border_source= path=/root/@EditorNode@18065/@Panel@14/@Control@40/@EditorDock@18133/@GridMapEditor@18132/@HBoxContainer@18096/@HBoxContainer@18111/@Button@18114 class=Button variation=FlatButton type=FlatButton slot=hover_mirrored bg=ff40ffff border=ccccccff
LEAK control_stylebox bg_source=base border_source= path=/root/@EditorNode@18065/@Panel@14/@Control@40/@EditorDock@18133/@GridMapEditor@18132/@HBoxContainer@18096/@HBoxContainer@18111/@Button@18114 class=Button variation=FlatButton type=FlatButton slot=hover_pressed_mirrored bg=ff40ffff border=ccccccff
LEAK control_stylebox bg_source=base border_source= path=/root/@EditorNode@18065/@Panel@14/@Control@40/@EditorDock@18133/@GridMapEditor@18132/@HBoxContainer@18096/@HBoxContainer@18111/@Button@18114 class=Button variation=FlatButton type=FlatButton slot=pressed_mirrored bg=ff40ffff border=ccccccff
LEAK control_stylebox bg_source=base border_source= path=/root/@EditorNode@18065/@Panel@14/@Control@40/@EditorDock@18133/@GridMapEditor@18132/@HBoxContainer@18096/@MenuButton@18126 class=MenuButton variation=FlatButton type=FlatButton slot=hover_mirrored bg=ff40ffff border=ccccccff
LEAK control_stylebox bg_source=base border_source= path=/root/@EditorNode@18065/@Panel@14/@Control@40/@EditorDock@18133/@GridMapEditor@18132/@HBoxContainer@18096/@MenuButton@18126 class=MenuButton variation=FlatButton type=FlatButton slot=hover_pressed_mirrored bg=ff40ffff border=ccccccff
LEAK control_stylebox bg_source=base border_source= path=/root/@EditorNode@18065/@Panel@14/@Control@40/@EditorDock@18133/@GridMapEditor@18132/@HBoxContainer@18096/@MenuButton@18126 class=MenuButton variation=FlatButton type=FlatButton slot=pressed_mirrored bg=ff40ffff border=ccccccff
LEAK control_stylebox bg_source=base border_source= path=/root/@EditorNode@18065/@Panel@14/@Control@40/AnimationTree/@VBoxContainer@12189/@MarginContainer@12196/@AnimationNodeBlendSpace1DEditor@12601/@HBoxContainer@12397/@Button@12398 class=Button variation=FlatButton type=Button slot=hover_mirrored bg=ff40ffff border=ccccccff
LEAK control_stylebox bg_source=base border_source= path=/root/@EditorNode@18065/@Panel@14/@Control@40/AnimationTree/@VBoxContainer@12189/@MarginContainer@12196/@AnimationNodeBlendSpace1DEditor@12601/@HBoxContainer@12397/@Button@12398 class=Button variation=FlatButton type=Button slot=hover_pressed_mirrored bg=ff40ffff border=ccccccff
LEAK control_stylebox bg_source=base border_source= path=/root/@EditorNode@18065/@Panel@14/@Control@40/AnimationTree/@VBoxContainer@12189/@MarginContainer@12196/@AnimationNodeBlendSpace1DEditor@12601/@HBoxContainer@12397/@Button@12398 class=Button variation=FlatButton type=Button slot=pressed_mirrored bg=ff40ffff border=ccccccff
LEAK control_stylebox bg_source=base border_source= path=/root/@EditorNode@18065/@Panel@14/@Control@40/AnimationTree/@VBoxContainer@12189/@MarginContainer@12196/@AnimationNodeBlendSpace1DEditor@12601/@HBoxContainer@12397/@Button@12398 class=Button variation=FlatButton type=FlatButton slot=hover_mirrored bg=ff40ffff border=ccccccff
LEAK control_stylebox bg_source=base border_source= path=/root/@EditorNode@18065/@Panel@14/@Control@40/AnimationTree/@VBoxContainer@12189/@MarginContainer@12196/@AnimationNodeBlendSpace1DEditor@12601/@HBoxContainer@12397/@Button@12398 class=Button variation=FlatButton type=FlatButton slot=hover_pressed_mirrored bg=ff40ffff border=ccccccff
LEAK control_stylebox bg_source=base border_source= path=/root/@EditorNode@18065/@Panel@14/@Control@40/AnimationTree/@VBoxContainer@12189/@MarginContainer@12196/@AnimationNodeBlendSpace1DEditor@12601/@HBoxContainer@12397/@Button@12398 class=Button variation=FlatButton type=FlatButton slot=pressed_mirrored bg=ff40ffff border=ccccccff
LEAK control_stylebox bg_source=base border_source= path=/root/@EditorNode@18065/@Panel@14/@Control@40/AnimationTree/@VBoxContainer@12189/@MarginContainer@12196/@AnimationNodeBlendSpace1DEditor@12601/@HBoxContainer@12397/@Button@12399 class=Button variation=FlatButton type=Button slot=hover_mirrored bg=ff40ffff border=ccccccff
LEAK control_stylebox bg_source=base border_source= path=/root/@EditorNode@18065/@Panel@14/@Control@40/AnimationTree/@VBoxContainer@12189/@MarginContainer@12196/@AnimationNodeBlendSpace1DEditor@12601/@HBoxContainer@12397/@Button@12399 class=Button variation=FlatButton type=Button slot=hover_pressed_mirrored bg=ff40ffff border=ccccccff
LEAK control_stylebox bg_source=base border_source= path=/root/@EditorNode@18065/@Panel@14/@Control@40/AnimationTree/@VBoxContainer@12189/@MarginContainer@12196/@AnimationNodeBlendSpace1DEditor@12601/@HBoxContainer@12397/@Button@12399 class=Button variation=FlatButton type=Button slot=pressed_mirrored bg=ff40ffff border=ccccccff
LEAK control_stylebox bg_source=base border_source= path=/root/@EditorNode@18065/@Panel@14/@Control@40/AnimationTree/@VBoxContainer@12189/@MarginContainer@12196/@AnimationNodeBlendSpace1DEditor@12601/@HBoxContainer@12397/@Button@12399 class=Button variation=FlatButton type=FlatButton slot=hover_mirrored bg=ff40ffff border=ccccccff
LEAK control_stylebox bg_source=base border_source= path=/root/@EditorNode@18065/@Panel@14/@Control@40/AnimationTree/@VBoxContainer@12189/@MarginContainer@12196/@AnimationNodeBlendSpace1DEditor@12601/@HBoxContainer@12397/@Button@12399 class=Button variation=FlatButton type=FlatButton slot=hover_pressed_mirrored bg=ff40ffff border=ccccccff
LEAK control_stylebox bg_source=base border_source= path=/root/@EditorNode@18065/@Panel@14/@Control@40/AnimationTree/@VBoxContainer@12189/@MarginContainer@12196/@AnimationNodeBlendSpace1DEditor@12601/@HBoxContainer@12397/@Button@12399 class=Button variation=FlatButton type=FlatButton slot=pressed_mirrored bg=ff40ffff border=ccccccff
LEAK control_stylebox bg_source=base border_source= path=/root/@EditorNode@18065/@Panel@14/@Control@40/AnimationTree/@VBoxContainer@12189/@MarginContainer@12196/@AnimationNodeBlendSpace1DEditor@12601/@HBoxContainer@12397/@Button@12400 class=Button variation=FlatButton type=Button slot=hover_mirrored bg=ff40ffff border=ccccccff
LEAK control_stylebox bg_source=base border_source= path=/root/@EditorNode@18065/@Panel@14/@Control@40/AnimationTree/@VBoxContainer@12189/@MarginContainer@12196/@AnimationNodeBlendSpace1DEditor@12601/@HBoxContainer@12397/@Button@12400 class=Button variation=FlatButton type=Button slot=hover_pressed_mirrored bg=ff40ffff border=ccccccff
LEAK control_stylebox bg_source=base border_source= path=/root/@EditorNode@18065/@Panel@14/@Control@40/AnimationTree/@VBoxContainer@12189/@MarginContainer@12196/@AnimationNodeBlendSpace1DEditor@12601/@HBoxContainer@12397/@Button@12400 class=Button variation=FlatButton type=Button slot=pressed_mirrored bg=ff40ffff border=ccccccff
LEAK control_stylebox bg_source=base border_source= path=/root/@EditorNode@18065/@Panel@14/@Control@40/AnimationTree/@VBoxContainer@12189/@MarginContainer@12196/@AnimationNodeBlendSpace1DEditor@12601/@HBoxContainer@12397/@Button@12400 class=Button variation=FlatButton type=FlatButton slot=hover_mirrored bg=ff40ffff border=ccccccff
LEAK control_stylebox bg_source=base border_source= path=/root/@EditorNode@18065/@Panel@14/@Control@40/AnimationTree/@VBoxContainer@12189/@MarginContainer@12196/@AnimationNodeBlendSpace1DEditor@12601/@HBoxContainer@12397/@Button@12400 class=Button variation=FlatButton type=FlatButton slot=hover_pressed_mirrored bg=ff40ffff border=ccccccff
LEAK control_stylebox bg_source=base border_source= path=/root/@EditorNode@18065/@Panel@14/@Control@40/AnimationTree/@VBoxContainer@12189/@MarginContainer@12196/@AnimationNodeBlendSpace1DEditor@12601/@HBoxContainer@12397/@Button@12400 class=Button variation=FlatButton type=FlatButton slot=pressed_mirrored bg=ff40ffff border=ccccccff
LEAK control_stylebox bg_source=base border_source= path=/root/@EditorNode@18065/@Panel@14/@Control@40/AnimationTree/@VBoxContainer@12189/@MarginContainer@12196/@AnimationNodeBlendSpace1DEditor@12601/@HBoxContainer@12397/@Button@12402 class=Button variation=FlatButton type=Button slot=hover_mirrored bg=ff40ffff border=ccccccff
LEAK control_stylebox bg_source=base border_source= path=/root/@EditorNode@18065/@Panel@14/@Control@40/AnimationTree/@VBoxContainer@12189/@MarginContainer@12196/@AnimationNodeBlendSpace1DEditor@12601/@HBoxContainer@12397/@Button@12402 class=Button variation=FlatButton type=Button slot=hover_pressed_mirrored bg=ff40ffff border=ccccccff
LEAK control_stylebox bg_source=base border_source= path=/root/@EditorNode@18065/@Panel@14/@Control@40/AnimationTree/@VBoxContainer@12189/@MarginContainer@12196/@AnimationNodeBlendSpace1DEditor@12601/@HBoxContainer@12397/@Button@12402 class=Button variation=FlatButton type=Button slot=pressed_mirrored bg=ff40ffff border=ccccccff
LEAK control_stylebox bg_source=base border_source= path=/root/@EditorNode@18065/@Panel@14/@Control@40/AnimationTree/@VBoxContainer@12189/@MarginContainer@12196/@AnimationNodeBlendSpace1DEditor@12601/@HBoxContainer@12397/@Button@12402 class=Button variation=FlatButton type=FlatButton slot=hover_mirrored bg=ff40ffff border=ccccccff
LEAK control_stylebox bg_source=base border_source= path=/root/@EditorNode@18065/@Panel@14/@Control@40/AnimationTree/@VBoxContainer@12189/@MarginContainer@12196/@AnimationNodeBlendSpace1DEditor@12601/@HBoxContainer@12397/@Button@12402 class=Button variation=FlatButton type=FlatButton slot=hover_pressed_mirrored bg=ff40ffff border=ccccccff
LEAK control_stylebox bg_source=base border_source= path=/root/@EditorNode@18065/@Panel@14/@Control@40/AnimationTree/@VBoxContainer@12189/@MarginContainer@12196/@AnimationNodeBlendSpace1DEditor@12601/@HBoxContainer@12397/@Button@12402 class=Button variation=FlatButton type=FlatButton slot=pressed_mirrored bg=ff40ffff border=ccccccff
LEAK control_stylebox bg_source=base border_source= path=/root/@EditorNode@18065/@Panel@14/@Control@40/AnimationTree/@VBoxContainer@12189/@MarginContainer@12196/@AnimationNodeBlendSpace1DEditor@12601/@HBoxContainer@12397/@Button@12404 class=Button variation=FlatButton type=Button slot=hover_mirrored bg=ff40ffff border=ccccccff
LEAK control_stylebox bg_source=base border_source= path=/root/@EditorNode@18065/@Panel@14/@Control@40/AnimationTree/@VBoxContainer@12189/@MarginContainer@12196/@AnimationNodeBlendSpace1DEditor@12601/@HBoxContainer@12397/@Button@12404 class=Button variation=FlatButton type=Button slot=hover_pressed_mirrored bg=ff40ffff border=ccccccff
LEAK control_stylebox bg_source=base border_source= path=/root/@EditorNode@18065/@Panel@14/@Control@40/AnimationTree/@VBoxContainer@12189/@MarginContainer@12196/@AnimationNodeBlendSpace1DEditor@12601/@HBoxContainer@12397/@Button@12404 class=Button variation=FlatButton type=Button slot=pressed_mirrored bg=ff40ffff border=ccccccff
LEAK control_stylebox bg_source=base border_source= path=/root/@EditorNode@18065/@Panel@14/@Control@40/AnimationTree/@VBoxContainer@12189/@MarginContainer@12196/@AnimationNodeBlendSpace1DEditor@12601/@HBoxContainer@12397/@Button@12404 class=Button variation=FlatButton type=FlatButton slot=hover_mirrored bg=ff40ffff border=ccccccff
LEAK control_stylebox bg_source=base border_source= path=/root/@EditorNode@18065/@Panel@14/@Control@40/AnimationTree/@VBoxContainer@12189/@MarginContainer@12196/@AnimationNodeBlendSpace1DEditor@12601/@HBoxContainer@12397/@Button@12404 class=Button variation=FlatButton type=FlatButton slot=hover_pressed_mirrored bg=ff40ffff border=ccccccff
LEAK control_stylebox bg_source=base border_source= path=/root/@EditorNode@18065/@Panel@14/@Control@40/AnimationTree/@VBoxContainer@12189/@MarginContainer@12196/@AnimationNodeBlendSpace1DEditor@12601/@HBoxContainer@12397/@Button@12404 class=Button variation=FlatButton type=FlatButton slot=pressed_mirrored bg=ff40ffff border=ccccccff
LEAK control_stylebox bg_source=base border_source= path=/root/@EditorNode@18065/@Panel@14/@Control@40/AnimationTree/@VBoxContainer@12189/@MarginContainer@12196/@AnimationNodeBlendSpace2DEditor@12827/@HBoxContainer@12602/@Button@12603 class=Button variation=FlatButton type=Button slot=hover_mirrored bg=ff40ffff border=ccccccff
LEAK control_stylebox bg_source=base border_source= path=/root/@EditorNode@18065/@Panel@14/@Control@40/AnimationTree/@VBoxContainer@12189/@MarginContainer@12196/@AnimationNodeBlendSpace2DEditor@12827/@HBoxContainer@12602/@Button@12603 class=Button variation=FlatButton type=Button slot=hover_pressed_mirrored bg=ff40ffff border=ccccccff
LEAK control_stylebox bg_source=base border_source= path=/root/@EditorNode@18065/@Panel@14/@Control@40/AnimationTree/@VBoxContainer@12189/@MarginContainer@12196/@AnimationNodeBlendSpace2DEditor@12827/@HBoxContainer@12602/@Button@12603 class=Button variation=FlatButton type=Button slot=pressed_mirrored bg=ff40ffff border=ccccccff
LEAK control_stylebox bg_source=base border_source= path=/root/@EditorNode@18065/@Panel@14/@Control@40/AnimationTree/@VBoxContainer@12189/@MarginContainer@12196/@AnimationNodeBlendSpace2DEditor@12827/@HBoxContainer@12602/@Button@12603 class=Button variation=FlatButton type=FlatButton slot=hover_mirrored bg=ff40ffff border=ccccccff
LEAK control_stylebox bg_source=base border_source= path=/root/@EditorNode@18065/@Panel@14/@Control@40/AnimationTree/@VBoxContainer@12189/@MarginContainer@12196/@AnimationNodeBlendSpace2DEditor@12827/@HBoxContainer@12602/@Button@12603 class=Button variation=FlatButton type=FlatButton slot=hover_pressed_mirrored bg=ff40ffff border=ccccccff
LEAK control_stylebox bg_source=base border_source= path=/root/@EditorNode@18065/@Panel@14/@Control@40/AnimationTree/@VBoxContainer@12189/@MarginContainer@12196/@AnimationNodeBlendSpace2DEditor@12827/@HBoxContainer@12602/@Button@12603 class=Button variation=FlatButton type=FlatButton slot=pressed_mirrored bg=ff40ffff border=ccccccff
LEAK control_stylebox bg_source=base border_source= path=/root/@EditorNode@18065/@Panel@14/@Control@40/AnimationTree/@VBoxContainer@12189/@MarginContainer@12196/@AnimationNodeBlendSpace2DEditor@12827/@HBoxContainer@12602/@Button@12604 class=Button variation=FlatButton type=Button slot=hover_mirrored bg=ff40ffff border=ccccccff
LEAK control_stylebox bg_source=base border_source= path=/root/@EditorNode@18065/@Panel@14/@Control@40/AnimationTree/@VBoxContainer@12189/@MarginContainer@12196/@AnimationNodeBlendSpace2DEditor@12827/@HBoxContainer@12602/@Button@12604 class=Button variation=FlatButton type=Button slot=hover_pressed_mirrored bg=ff40ffff border=ccccccff
LEAK control_stylebox bg_source=base border_source= path=/root/@EditorNode@18065/@Panel@14/@Control@40/AnimationTree/@VBoxContainer@12189/@MarginContainer@12196/@AnimationNodeBlendSpace2DEditor@12827/@HBoxContainer@12602/@Button@12604 class=Button variation=FlatButton type=Button slot=pressed_mirrored bg=ff40ffff border=ccccccff
LEAK control_stylebox bg_source=base border_source= path=/root/@EditorNode@18065/@Panel@14/@Control@40/AnimationTree/@VBoxContainer@12189/@MarginContainer@12196/@AnimationNodeBlendSpace2DEditor@12827/@HBoxContainer@12602/@Button@12604 class=Button variation=FlatButton type=FlatButton slot=hover_mirrored bg=ff40ffff border=ccccccff
LEAK control_stylebox bg_source=base border_source= path=/root/@EditorNode@18065/@Panel@14/@Control@40/AnimationTree/@VBoxContainer@12189/@MarginContainer@12196/@AnimationNodeBlendSpace2DEditor@12827/@HBoxContainer@12602/@Button@12604 class=Button variation=FlatButton type=FlatButton slot=hover_pressed_mirrored bg=ff40ffff border=ccccccff
LEAK control_stylebox bg_source=base border_source= path=/root/@EditorNode@18065/@Panel@14/@Control@40/AnimationTree/@VBoxContainer@12189/@MarginContainer@12196/@AnimationNodeBlendSpace2DEditor@12827/@HBoxContainer@12602/@Button@12604 class=Button variation=FlatButton type=FlatButton slot=pressed_mirrored bg=ff40ffff border=ccccccff
LEAK control_stylebox bg_source=base border_source= path=/root/@EditorNode@18065/@Panel@14/@Control@40/AnimationTree/@VBoxContainer@12189/@MarginContainer@12196/@AnimationNodeBlendSpace2DEditor@12827/@HBoxContainer@12602/@Button@12605 class=Button variation=FlatButton type=Button slot=hover_mirrored bg=ff40ffff border=ccccccff
LEAK control_stylebox bg_source=base border_source= path=/root/@EditorNode@18065/@Panel@14/@Control@40/AnimationTree/@VBoxContainer@12189/@MarginContainer@12196/@AnimationNodeBlendSpace2DEditor@12827/@HBoxContainer@12602/@Button@12605 class=Button variation=FlatButton type=Button slot=hover_pressed_mirrored bg=ff40ffff border=ccccccff
LEAK control_stylebox bg_source=base border_source= path=/root/@EditorNode@18065/@Panel@14/@Control@40/AnimationTree/@VBoxContainer@12189/@MarginContainer@12196/@AnimationNodeBlendSpace2DEditor@12827/@HBoxContainer@12602/@Button@12605 class=Button variation=FlatButton type=Button slot=pressed_mirrored bg=ff40ffff border=ccccccff
LEAK control_stylebox bg_source=base border_source= path=/root/@EditorNode@18065/@Panel@14/@Control@40/AnimationTree/@VBoxContainer@12189/@MarginContainer@12196/@AnimationNodeBlendSpace2DEditor@12827/@HBoxContainer@12602/@Button@12605 class=Button variation=FlatButton type=FlatButton slot=hover_mirrored bg=ff40ffff border=ccccccff
LEAK control_stylebox bg_source=base border_source= path=/root/@EditorNode@18065/@Panel@14/@Control@40/AnimationTree/@VBoxContainer@12189/@MarginContainer@12196/@AnimationNodeBlendSpace2DEditor@12827/@HBoxContainer@12602/@Button@12605 class=Button variation=FlatButton type=FlatButton slot=hover_pressed_mirrored bg=ff40ffff border=ccccccff
LEAK control_stylebox bg_source=base border_source= path=/root/@EditorNode@18065/@Panel@14/@Control@40/AnimationTree/@VBoxContainer@12189/@MarginContainer@12196/@AnimationNodeBlendSpace2DEditor@12827/@HBoxContainer@12602/@Button@12605 class=Button variation=FlatButton type=FlatButton slot=pressed_mirrored bg=ff40ffff border=ccccccff
LEAK control_stylebox bg_source=base border_source= path=/root/@EditorNode@18065/@Panel@14/@Control@40/AnimationTree/@VBoxContainer@12189/@MarginContainer@12196/@AnimationNodeBlendSpace2DEditor@12827/@HBoxContainer@12602/@Button@12606 class=Button variation=FlatButton type=Button slot=hover_mirrored bg=ff40ffff border=ccccccff
LEAK control_stylebox bg_source=base border_source= path=/root/@EditorNode@18065/@Panel@14/@Control@40/AnimationTree/@VBoxContainer@12189/@MarginContainer@12196/@AnimationNodeBlendSpace2DEditor@12827/@HBoxContainer@12602/@Button@12606 class=Button variation=FlatButton type=Button slot=hover_pressed_mirrored bg=ff40ffff border=ccccccff
LEAK control_stylebox bg_source=base border_source= path=/root/@EditorNode@18065/@Panel@14/@Control@40/AnimationTree/@VBoxContainer@12189/@MarginContainer@12196/@AnimationNodeBlendSpace2DEditor@12827/@HBoxContainer@12602/@Button@12606 class=Button variation=FlatButton type=Button slot=pressed_mirrored bg=ff40ffff border=ccccccff
LEAK control_stylebox bg_source=base border_source= path=/root/@EditorNode@18065/@Panel@14/@Control@40/AnimationTree/@VBoxContainer@12189/@MarginContainer@12196/@AnimationNodeBlendSpace2DEditor@12827/@HBoxContainer@12602/@Button@12606 class=Button variation=FlatButton type=FlatButton slot=hover_mirrored bg=ff40ffff border=ccccccff
LEAK control_stylebox bg_source=base border_source= path=/root/@EditorNode@18065/@Panel@14/@Control@40/AnimationTree/@VBoxContainer@12189/@MarginContainer@12196/@AnimationNodeBlendSpace2DEditor@12827/@HBoxContainer@12602/@Button@12606 class=Button variation=FlatButton type=FlatButton slot=hover_pressed_mirrored bg=ff40ffff border=ccccccff
LEAK control_stylebox bg_source=base border_source= path=/root/@EditorNode@18065/@Panel@14/@Control@40/AnimationTree/@VBoxContainer@12189/@MarginContainer@12196/@AnimationNodeBlendSpace2DEditor@12827/@HBoxContainer@12602/@Button@12606 class=Button variation=FlatButton type=FlatButton slot=pressed_mirrored bg=ff40ffff border=ccccccff
LEAK control_stylebox bg_source=base border_source= path=/root/@EditorNode@18065/@Panel@14/@Control@40/AnimationTree/@VBoxContainer@12189/@MarginContainer@12196/@AnimationNodeBlendSpace2DEditor@12827/@HBoxContainer@12602/@Button@12608 class=Button variation=FlatButton type=Button slot=hover_mirrored bg=ff40ffff border=ccccccff
LEAK control_stylebox bg_source=base border_source= path=/root/@EditorNode@18065/@Panel@14/@Control@40/AnimationTree/@VBoxContainer@12189/@MarginContainer@12196/@AnimationNodeBlendSpace2DEditor@12827/@HBoxContainer@12602/@Button@12608 class=Button variation=FlatButton type=Button slot=hover_pressed_mirrored bg=ff40ffff border=ccccccff
LEAK control_stylebox bg_source=base border_source= path=/root/@EditorNode@18065/@Panel@14/@Control@40/AnimationTree/@VBoxContainer@12189/@MarginContainer@12196/@AnimationNodeBlendSpace2DEditor@12827/@HBoxContainer@12602/@Button@12608 class=Button variation=FlatButton type=Button slot=pressed_mirrored bg=ff40ffff border=ccccccff
LEAK control_stylebox bg_source=base border_source= path=/root/@EditorNode@18065/@Panel@14/@Control@40/AnimationTree/@VBoxContainer@12189/@MarginContainer@12196/@AnimationNodeBlendSpace2DEditor@12827/@HBoxContainer@12602/@Button@12608 class=Button variation=FlatButton type=FlatButton slot=hover_mirrored bg=ff40ffff border=ccccccff
LEAK control_stylebox bg_source=base border_source= path=/root/@EditorNode@18065/@Panel@14/@Control@40/AnimationTree/@VBoxContainer@12189/@MarginContainer@12196/@AnimationNodeBlendSpace2DEditor@12827/@HBoxContainer@12602/@Button@12608 class=Button variation=FlatButton type=FlatButton slot=hover_pressed_mirrored bg=ff40ffff border=ccccccff
LEAK control_stylebox bg_source=base border_source= path=/root/@EditorNode@18065/@Panel@14/@Control@40/AnimationTree/@VBoxContainer@12189/@MarginContainer@12196/@AnimationNodeBlendSpace2DEditor@12827/@HBoxContainer@12602/@Button@12608 class=Button variation=FlatButton type=FlatButton slot=pressed_mirrored bg=ff40ffff border=ccccccff
LEAK control_stylebox bg_source=base border_source= path=/root/@EditorNode@18065/@Panel@14/@Control@40/AnimationTree/@VBoxContainer@12189/@MarginContainer@12196/@AnimationNodeBlendSpace2DEditor@12827/@HBoxContainer@12602/@Button@12610 class=Button variation=FlatButton type=Button slot=hover_mirrored bg=ff40ffff border=ccccccff
LEAK control_stylebox bg_source=base border_source= path=/root/@EditorNode@18065/@Panel@14/@Control@40/AnimationTree/@VBoxContainer@12189/@MarginContainer@12196/@AnimationNodeBlendSpace2DEditor@12827/@HBoxContainer@12602/@Button@12610 class=Button variation=FlatButton type=Button slot=hover_pressed_mirrored bg=ff40ffff border=ccccccff
LEAK control_stylebox bg_source=base border_source= path=/root/@EditorNode@18065/@Panel@14/@Control@40/AnimationTree/@VBoxContainer@12189/@MarginContainer@12196/@AnimationNodeBlendSpace2DEditor@12827/@HBoxContainer@12602/@Button@12610 class=Button variation=FlatButton type=Button slot=pressed_mirrored bg=ff40ffff border=ccccccff
LEAK control_stylebox bg_source=base border_source= path=/root/@EditorNode@18065/@Panel@14/@Control@40/AnimationTree/@VBoxContainer@12189/@MarginContainer@12196/@AnimationNodeBlendSpace2DEditor@12827/@HBoxContainer@12602/@Button@12610 class=Button variation=FlatButton type=FlatButton slot=hover_mirrored bg=ff40ffff border=ccccccff
LEAK control_stylebox bg_source=base border_source= path=/root/@EditorNode@18065/@Panel@14/@Control@40/AnimationTree/@VBoxContainer@12189/@MarginContainer@12196/@AnimationNodeBlendSpace2DEditor@12827/@HBoxContainer@12602/@Button@12610 class=Button variation=FlatButton type=FlatButton slot=hover_pressed_mirrored bg=ff40ffff border=ccccccff
LEAK control_stylebox bg_source=base border_source= path=/root/@EditorNode@18065/@Panel@14/@Control@40/AnimationTree/@VBoxContainer@12189/@MarginContainer@12196/@AnimationNodeBlendSpace2DEditor@12827/@HBoxContainer@12602/@Button@12610 class=Button variation=FlatButton type=FlatButton slot=pressed_mirrored bg=ff40ffff border=ccccccff
LEAK control_stylebox bg_source=base border_source= path=/root/@EditorNode@18065/@Panel@14/@Control@40/AnimationTree/@VBoxContainer@12189/@MarginContainer@12196/@AnimationNodeBlendSpace2DEditor@12827/@HBoxContainer@12602/@Button@12612 class=Button variation=FlatButton type=Button slot=hover_mirrored bg=ff40ffff border=ccccccff
LEAK control_stylebox bg_source=base border_source= path=/root/@EditorNode@18065/@Panel@14/@Control@40/AnimationTree/@VBoxContainer@12189/@MarginContainer@12196/@AnimationNodeBlendSpace2DEditor@12827/@HBoxContainer@12602/@Button@12612 class=Button variation=FlatButton type=Button slot=hover_pressed_mirrored bg=ff40ffff border=ccccccff
LEAK control_stylebox bg_source=base border_source= path=/root/@EditorNode@18065/@Panel@14/@Control@40/AnimationTree/@VBoxContainer@12189/@MarginContainer@12196/@AnimationNodeBlendSpace2DEditor@12827/@HBoxContainer@12602/@Button@12612 class=Button variation=FlatButton type=Button slot=pressed_mirrored bg=ff40ffff border=ccccccff
LEAK control_stylebox bg_source=base border_source= path=/root/@EditorNode@18065/@Panel@14/@Control@40/AnimationTree/@VBoxContainer@12189/@MarginContainer@12196/@AnimationNodeBlendSpace2DEditor@12827/@HBoxContainer@12602/@Button@12612 class=Button variation=FlatButton type=FlatButton slot=hover_mirrored bg=ff40ffff border=ccccccff
LEAK control_stylebox bg_source=base border_source= path=/root/@EditorNode@18065/@Panel@14/@Control@40/AnimationTree/@VBoxContainer@12189/@MarginContainer@12196/@AnimationNodeBlendSpace2DEditor@12827/@HBoxContainer@12602/@Button@12612 class=Button variation=FlatButton type=FlatButton slot=hover_pressed_mirrored bg=ff40ffff border=ccccccff
LEAK control_stylebox bg_source=base border_source= path=/root/@EditorNode@18065/@Panel@14/@Control@40/AnimationTree/@VBoxContainer@12189/@MarginContainer@12196/@AnimationNodeBlendSpace2DEditor@12827/@HBoxContainer@12602/@Button@12612 class=Button variation=FlatButton type=FlatButton slot=pressed_mirrored bg=ff40ffff border=ccccccff
LEAK control_stylebox bg_source=base border_source= path=/root/@EditorNode@18065/@Panel@14/@Control@40/AnimationTree/@VBoxContainer@12189/@MarginContainer@12196/@AnimationNodeStateMachineEditor@13047/@HBoxContainer@12828/@Button@12829 class=Button variation=FlatButton type=Button slot=hover_mirrored bg=ff40ffff border=ccccccff
LEAK control_stylebox bg_source=base border_source= path=/root/@EditorNode@18065/@Panel@14/@Control@40/AnimationTree/@VBoxContainer@12189/@MarginContainer@12196/@AnimationNodeStateMachineEditor@13047/@HBoxContainer@12828/@Button@12829 class=Button variation=FlatButton type=Button slot=hover_pressed_mirrored bg=ff40ffff border=ccccccff
LEAK control_stylebox bg_source=base border_source= path=/root/@EditorNode@18065/@Panel@14/@Control@40/AnimationTree/@VBoxContainer@12189/@MarginContainer@12196/@AnimationNodeStateMachineEditor@13047/@HBoxContainer@12828/@Button@12829 class=Button variation=FlatButton type=Button slot=pressed_mirrored bg=ff40ffff border=ccccccff
LEAK control_stylebox bg_source=base border_source= path=/root/@EditorNode@18065/@Panel@14/@Control@40/AnimationTree/@VBoxContainer@12189/@MarginContainer@12196/@AnimationNodeStateMachineEditor@13047/@HBoxContainer@12828/@Button@12829 class=Button variation=FlatButton type=FlatButton slot=hover_mirrored bg=ff40ffff border=ccccccff
LEAK control_stylebox bg_source=base border_source= path=/root/@EditorNode@18065/@Panel@14/@Control@40/AnimationTree/@VBoxContainer@12189/@MarginContainer@12196/@AnimationNodeStateMachineEditor@13047/@HBoxContainer@12828/@Button@12829 class=Button variation=FlatButton type=FlatButton slot=hover_pressed_mirrored bg=ff40ffff border=ccccccff
LEAK control_stylebox bg_source=base border_source= path=/root/@EditorNode@18065/@Panel@14/@Control@40/AnimationTree/@VBoxContainer@12189/@MarginContainer@12196/@AnimationNodeStateMachineEditor@13047/@HBoxContainer@12828/@Button@12829 class=Button variation=FlatButton type=FlatButton slot=pressed_mirrored bg=ff40ffff border=ccccccff
LEAK control_stylebox bg_source=base border_source= path=/root/@EditorNode@18065/@Panel@14/@Control@40/AnimationTree/@VBoxContainer@12189/@MarginContainer@12196/@AnimationNodeStateMachineEditor@13047/@HBoxContainer@12828/@Button@12830 class=Button variation=FlatButton type=Button slot=hover_mirrored bg=ff40ffff border=ccccccff
LEAK control_stylebox bg_source=base border_source= path=/root/@EditorNode@18065/@Panel@14/@Control@40/AnimationTree/@VBoxContainer@12189/@MarginContainer@12196/@AnimationNodeStateMachineEditor@13047/@HBoxContainer@12828/@Button@12830 class=Button variation=FlatButton type=Button slot=hover_pressed_mirrored bg=ff40ffff border=ccccccff
LEAK control_stylebox bg_source=base border_source= path=/root/@EditorNode@18065/@Panel@14/@Control@40/AnimationTree/@VBoxContainer@12189/@MarginContainer@12196/@AnimationNodeStateMachineEditor@13047/@HBoxContainer@12828/@Button@12830 class=Button variation=FlatButton type=Button slot=pressed_mirrored bg=ff40ffff border=ccccccff
LEAK control_stylebox bg_source=base border_source= path=/root/@EditorNode@18065/@Panel@14/@Control@40/AnimationTree/@VBoxContainer@12189/@MarginContainer@12196/@AnimationNodeStateMachineEditor@13047/@HBoxContainer@12828/@Button@12830 class=Button variation=FlatButton type=FlatButton slot=hover_mirrored bg=ff40ffff border=ccccccff
LEAK control_stylebox bg_source=base border_source= path=/root/@EditorNode@18065/@Panel@14/@Control@40/AnimationTree/@VBoxContainer@12189/@MarginContainer@12196/@AnimationNodeStateMachineEditor@13047/@HBoxContainer@12828/@Button@12830 class=Button variation=FlatButton type=FlatButton slot=hover_pressed_mirrored bg=ff40ffff border=ccccccff
LEAK control_stylebox bg_source=base border_source= path=/root/@EditorNode@18065/@Panel@14/@Control@40/AnimationTree/@VBoxContainer@12189/@MarginContainer@12196/@AnimationNodeStateMachineEditor@13047/@HBoxContainer@12828/@Button@12830 class=Button variation=FlatButton type=FlatButton slot=pressed_mirrored bg=ff40ffff border=ccccccff
LEAK control_stylebox bg_source=base border_source= path=/root/@EditorNode@18065/@Panel@14/@Control@40/AnimationTree/@VBoxContainer@12189/@MarginContainer@12196/@AnimationNodeStateMachineEditor@13047/@HBoxContainer@12828/@Button@12831 class=Button variation=FlatButton type=Button slot=hover_mirrored bg=ff40ffff border=ccccccff
LEAK control_stylebox bg_source=base border_source= path=/root/@EditorNode@18065/@Panel@14/@Control@40/AnimationTree/@VBoxContainer@12189/@MarginContainer@12196/@AnimationNodeStateMachineEditor@13047/@HBoxContainer@12828/@Button@12831 class=Button variation=FlatButton type=Button slot=hover_pressed_mirrored bg=ff40ffff border=ccccccff
LEAK control_stylebox bg_source=base border_source= path=/root/@EditorNode@18065/@Panel@14/@Control@40/AnimationTree/@VBoxContainer@12189/@MarginContainer@12196/@AnimationNodeStateMachineEditor@13047/@HBoxContainer@12828/@Button@12831 class=Button variation=FlatButton type=Button slot=pressed_mirrored bg=ff40ffff border=ccccccff
LEAK control_stylebox bg_source=base border_source= path=/root/@EditorNode@18065/@Panel@14/@Control@40/AnimationTree/@VBoxContainer@12189/@MarginContainer@12196/@AnimationNodeStateMachineEditor@13047/@HBoxContainer@12828/@Button@12831 class=Button variation=FlatButton type=FlatButton slot=hover_mirrored bg=ff40ffff border=ccccccff
LEAK control_stylebox bg_source=base border_source= path=/root/@EditorNode@18065/@Panel@14/@Control@40/AnimationTree/@VBoxContainer@12189/@MarginContainer@12196/@AnimationNodeStateMachineEditor@13047/@HBoxContainer@12828/@Button@12831 class=Button variation=FlatButton type=FlatButton slot=hover_pressed_mirrored bg=ff40ffff border=ccccccff
LEAK control_stylebox bg_source=base border_source= path=/root/@EditorNode@18065/@Panel@14/@Control@40/AnimationTree/@VBoxContainer@12189/@MarginContainer@12196/@AnimationNodeStateMachineEditor@13047/@HBoxContainer@12828/@Button@12831 class=Button variation=FlatButton type=FlatButton slot=pressed_mirrored bg=ff40ffff border=ccccccff
LEAK control_stylebox bg_source=base border_source= path=/root/@EditorNode@18065/@Panel@14/@Control@40/AnimationTree/@VBoxContainer@12189/@MarginContainer@12196/@AnimationNodeStateMachineEditor@13047/@HBoxContainer@12828/@HBoxContainer@12832/@Button@12834 class=Button variation=FlatButton type=Button slot=hover_mirrored bg=ff40ffff border=ccccccff
LEAK control_stylebox bg_source=base border_source= path=/root/@EditorNode@18065/@Panel@14/@Control@40/AnimationTree/@VBoxContainer@12189/@MarginContainer@12196/@AnimationNodeStateMachineEditor@13047/@HBoxContainer@12828/@HBoxContainer@12832/@Button@12834 class=Button variation=FlatButton type=Button slot=hover_pressed_mirrored bg=ff40ffff border=ccccccff
LEAK control_stylebox bg_source=base border_source= path=/root/@EditorNode@18065/@Panel@14/@Control@40/AnimationTree/@VBoxContainer@12189/@MarginContainer@12196/@AnimationNodeStateMachineEditor@13047/@HBoxContainer@12828/@HBoxContainer@12832/@Button@12834 class=Button variation=FlatButton type=Button slot=pressed_mirrored bg=ff40ffff border=ccccccff
LEAK control_stylebox bg_source=base border_source= path=/root/@EditorNode@18065/@Panel@14/@Control@40/AnimationTree/@VBoxContainer@12189/@MarginContainer@12196/@AnimationNodeStateMachineEditor@13047/@HBoxContainer@12828/@HBoxContainer@12832/@Button@12834 class=Button variation=FlatButton type=FlatButton slot=hover_mirrored bg=ff40ffff border=ccccccff
LEAK control_stylebox bg_source=base border_source= path=/root/@EditorNode@18065/@Panel@14/@Control@40/AnimationTree/@VBoxContainer@12189/@MarginContainer@12196/@AnimationNodeStateMachineEditor@13047/@HBoxContainer@12828/@HBoxContainer@12832/@Button@12834 class=Button variation=FlatButton type=FlatButton slot=hover_pressed_mirrored bg=ff40ffff border=ccccccff
LEAK control_stylebox bg_source=base border_source= path=/root/@EditorNode@18065/@Panel@14/@Control@40/AnimationTree/@VBoxContainer@12189/@MarginContainer@12196/@AnimationNodeStateMachineEditor@13047/@HBoxContainer@12828/@HBoxContainer@12832/@Button@12834 class=Button variation=FlatButton type=FlatButton slot=pressed_mirrored bg=ff40ffff border=ccccccff
LEAK control_stylebox bg_source=base border_source= path=/root/@EditorNode@18065/@Panel@14/@Control@40/AnimationTree/@VBoxContainer@12189/@MarginContainer@12196/@AnimationNodeStateMachineEditor@13047/@HBoxContainer@12828/@HBoxContainer@12835/@Button@12847 class=Button variation=FlatButton type=Button slot=hover_mirrored bg=ff40ffff border=ccccccff
LEAK control_stylebox bg_source=base border_source= path=/root/@EditorNode@18065/@Panel@14/@Control@40/AnimationTree/@VBoxContainer@12189/@MarginContainer@12196/@AnimationNodeStateMachineEditor@13047/@HBoxContainer@12828/@HBoxContainer@12835/@Button@12847 class=Button variation=FlatButton type=Button slot=hover_pressed_mirrored bg=ff40ffff border=ccccccff
LEAK control_stylebox bg_source=base border_source= path=/root/@EditorNode@18065/@Panel@14/@Control@40/AnimationTree/@VBoxContainer@12189/@MarginContainer@12196/@AnimationNodeStateMachineEditor@13047/@HBoxContainer@12828/@HBoxContainer@12835/@Button@12847 class=Button variation=FlatButton type=Button slot=pressed_mirrored bg=ff40ffff border=ccccccff
LEAK control_stylebox bg_source=base border_source= path=/root/@EditorNode@18065/@Panel@14/@Control@40/AnimationTree/@VBoxContainer@12189/@MarginContainer@12196/@AnimationNodeStateMachineEditor@13047/@HBoxContainer@12828/@HBoxContainer@12835/@Button@12847 class=Button variation=FlatButton type=FlatButton slot=hover_mirrored bg=ff40ffff border=ccccccff
LEAK control_stylebox bg_source=base border_source= path=/root/@EditorNode@18065/@Panel@14/@Control@40/AnimationTree/@VBoxContainer@12189/@MarginContainer@12196/@AnimationNodeStateMachineEditor@13047/@HBoxContainer@12828/@HBoxContainer@12835/@Button@12847 class=Button variation=FlatButton type=FlatButton slot=hover_pressed_mirrored bg=ff40ffff border=ccccccff
LEAK control_stylebox bg_source=base border_source= path=/root/@EditorNode@18065/@Panel@14/@Control@40/AnimationTree/@VBoxContainer@12189/@MarginContainer@12196/@AnimationNodeStateMachineEditor@13047/@HBoxContainer@12828/@HBoxContainer@12835/@Button@12847 class=Button variation=FlatButton type=FlatButton slot=pressed_mirrored bg=ff40ffff border=ccccccff
LEAK control_stylebox bg_source=base border_source= path=/root/@EditorNode@18065/@Panel@14/@Control@40/Polygon/@VBoxContainer@16672/@HBoxContainer@16678/@Button@16679 class=Button variation=FlatButton type=Button slot=hover_mirrored bg=ff40ffff border=ccccccff
LEAK control_stylebox bg_source=base border_source= path=/root/@EditorNode@18065/@Panel@14/@Control@40/Polygon/@VBoxContainer@16672/@HBoxContainer@16678/@Button@16679 class=Button variation=FlatButton type=Button slot=hover_pressed_mirrored bg=ff40ffff border=ccccccff
LEAK control_stylebox bg_source=base border_source= path=/root/@EditorNode@18065/@Panel@14/@Control@40/Polygon/@VBoxContainer@16672/@HBoxContainer@16678/@Button@16679 class=Button variation=FlatButton type=Button slot=pressed_mirrored bg=ff40ffff border=ccccccff
LEAK control_stylebox bg_source=base border_source= path=/root/@EditorNode@18065/@Panel@14/@Control@40/Polygon/@VBoxContainer@16672/@HBoxContainer@16678/@Button@16679 class=Button variation=FlatButton type=FlatButton slot=hover_mirrored bg=ff40ffff border=ccccccff
LEAK control_stylebox bg_source=base border_source= path=/root/@EditorNode@18065/@Panel@14/@Control@40/Polygon/@VBoxContainer@16672/@HBoxContainer@16678/@Button@16679 class=Button variation=FlatButton type=FlatButton slot=hover_pressed_mirrored bg=ff40ffff border=ccccccff
LEAK control_stylebox bg_source=base border_source= path=/root/@EditorNode@18065/@Panel@14/@Control@40/Polygon/@VBoxContainer@16672/@HBoxContainer@16678/@Button@16679 class=Button variation=FlatButton type=FlatButton slot=pressed_mirrored bg=ff40ffff border=ccccccff
LEAK control_stylebox bg_source=base border_source= path=/root/@EditorNode@18065/@Panel@14/@Control@40/Polygon/@VBoxContainer@16672/@HBoxContainer@16678/@Button@16680 class=Button variation=FlatButton type=Button slot=hover_mirrored bg=ff40ffff border=ccccccff
LEAK control_stylebox bg_source=base border_source= path=/root/@EditorNode@18065/@Panel@14/@Control@40/Polygon/@VBoxContainer@16672/@HBoxContainer@16678/@Button@16680 class=Button variation=FlatButton type=Button slot=hover_pressed_mirrored bg=ff40ffff border=ccccccff
LEAK control_stylebox bg_source=base border_source= path=/root/@EditorNode@18065/@Panel@14/@Control@40/Polygon/@VBoxContainer@16672/@HBoxContainer@16678/@Button@16680 class=Button variation=FlatButton type=Button slot=pressed_mirrored bg=ff40ffff border=ccccccff
LEAK control_stylebox bg_source=base border_source= path=/root/@EditorNode@18065/@Panel@14/@Control@40/Polygon/@VBoxContainer@16672/@HBoxContainer@16678/@Button@16680 class=Button variation=FlatButton type=FlatButton slot=hover_mirrored bg=ff40ffff border=ccccccff
LEAK control_stylebox bg_source=base border_source= path=/root/@EditorNode@18065/@Panel@14/@Control@40/Polygon/@VBoxContainer@16672/@HBoxContainer@16678/@Button@16680 class=Button variation=FlatButton type=FlatButton slot=hover_pressed_mirrored bg=ff40ffff border=ccccccff
LEAK control_stylebox bg_source=base border_source= path=/root/@EditorNode@18065/@Panel@14/@Control@40/Polygon/@VBoxContainer@16672/@HBoxContainer@16678/@Button@16680 class=Button variation=FlatButton type=FlatButton slot=pressed_mirrored bg=ff40ffff border=ccccccff
LEAK control_stylebox bg_source=base border_source= path=/root/@EditorNode@18065/@Panel@14/@Control@40/Polygon/@VBoxContainer@16672/@HBoxContainer@16678/@Button@16681 class=Button variation=FlatButton type=Button slot=hover_mirrored bg=ff40ffff border=ccccccff
LEAK control_stylebox bg_source=base border_source= path=/root/@EditorNode@18065/@Panel@14/@Control@40/Polygon/@VBoxContainer@16672/@HBoxContainer@16678/@Button@16681 class=Button variation=FlatButton type=Button slot=hover_pressed_mirrored bg=ff40ffff border=ccccccff
LEAK control_stylebox bg_source=base border_source= path=/root/@EditorNode@18065/@Panel@14/@Control@40/Polygon/@VBoxContainer@16672/@HBoxContainer@16678/@Button@16681 class=Button variation=FlatButton type=Button slot=pressed_mirrored bg=ff40ffff border=ccccccff
LEAK control_stylebox bg_source=base border_source= path=/root/@EditorNode@18065/@Panel@14/@Control@40/Polygon/@VBoxContainer@16672/@HBoxContainer@16678/@Button@16681 class=Button variation=FlatButton type=FlatButton slot=hover_mirrored bg=ff40ffff border=ccccccff
LEAK control_stylebox bg_source=base border_source= path=/root/@EditorNode@18065/@Panel@14/@Control@40/Polygon/@VBoxContainer@16672/@HBoxContainer@16678/@Button@16681 class=Button variation=FlatButton type=FlatButton slot=hover_pressed_mirrored bg=ff40ffff border=ccccccff
LEAK control_stylebox bg_source=base border_source= path=/root/@EditorNode@18065/@Panel@14/@Control@40/Polygon/@VBoxContainer@16672/@HBoxContainer@16678/@Button@16681 class=Button variation=FlatButton type=FlatButton slot=pressed_mirrored bg=ff40ffff border=ccccccff
LEAK control_stylebox bg_source=base border_source= path=/root/@EditorNode@18065/@Panel@14/@Control@40/Polygon/@VBoxContainer@16672/@HBoxContainer@16678/@Button@16682 class=Button variation=FlatButton type=Button slot=hover_mirrored bg=ff40ffff border=ccccccff
LEAK control_stylebox bg_source=base border_source= path=/root/@EditorNode@18065/@Panel@14/@Control@40/Polygon/@VBoxContainer@16672/@HBoxContainer@16678/@Button@16682 class=Button variation=FlatButton type=Button slot=hover_pressed_mirrored bg=ff40ffff border=ccccccff
LEAK control_stylebox bg_source=base border_source= path=/root/@EditorNode@18065/@Panel@14/@Control@40/Polygon/@VBoxContainer@16672/@HBoxContainer@16678/@Button@16682 class=Button variation=FlatButton type=Button slot=pressed_mirrored bg=ff40ffff border=ccccccff
LEAK control_stylebox bg_source=base border_source= path=/root/@EditorNode@18065/@Panel@14/@Control@40/Polygon/@VBoxContainer@16672/@HBoxContainer@16678/@Button@16682 class=Button variation=FlatButton type=FlatButton slot=hover_mirrored bg=ff40ffff border=ccccccff
LEAK control_stylebox bg_source=base border_source= path=/root/@EditorNode@18065/@Panel@14/@Control@40/Polygon/@VBoxContainer@16672/@HBoxContainer@16678/@Button@16682 class=Button variation=FlatButton type=FlatButton slot=hover_pressed_mirrored bg=ff40ffff border=ccccccff
LEAK control_stylebox bg_source=base border_source= path=/root/@EditorNode@18065/@Panel@14/@Control@40/Polygon/@VBoxContainer@16672/@HBoxContainer@16678/@Button@16682 class=Button variation=FlatButton type=FlatButton slot=pressed_mirrored bg=ff40ffff border=ccccccff
LEAK control_stylebox bg_source=base border_source= path=/root/@EditorNode@18065/@Panel@14/@Control@40/Polygon/@VBoxContainer@16672/@HBoxContainer@16678/@Button@16683 class=Button variation=FlatButton type=Button slot=hover_mirrored bg=ff40ffff border=ccccccff
LEAK control_stylebox bg_source=base border_source= path=/root/@EditorNode@18065/@Panel@14/@Control@40/Polygon/@VBoxContainer@16672/@HBoxContainer@16678/@Button@16683 class=Button variation=FlatButton type=Button slot=hover_pressed_mirrored bg=ff40ffff border=ccccccff
LEAK control_stylebox bg_source=base border_source= path=/root/@EditorNode@18065/@Panel@14/@Control@40/Polygon/@VBoxContainer@16672/@HBoxContainer@16678/@Button@16683 class=Button variation=FlatButton type=Button slot=pressed_mirrored bg=ff40ffff border=ccccccff
LEAK control_stylebox bg_source=base border_source= path=/root/@EditorNode@18065/@Panel@14/@Control@40/Polygon/@VBoxContainer@16672/@HBoxContainer@16678/@Button@16683 class=Button variation=FlatButton type=FlatButton slot=hover_mirrored bg=ff40ffff border=ccccccff
LEAK control_stylebox bg_source=base border_source= path=/root/@EditorNode@18065/@Panel@14/@Control@40/Polygon/@VBoxContainer@16672/@HBoxContainer@16678/@Button@16683 class=Button variation=FlatButton type=FlatButton slot=hover_pressed_mirrored bg=ff40ffff border=ccccccff
LEAK control_stylebox bg_source=base border_source= path=/root/@EditorNode@18065/@Panel@14/@Control@40/Polygon/@VBoxContainer@16672/@HBoxContainer@16678/@Button@16683 class=Button variation=FlatButton type=FlatButton slot=pressed_mirrored bg=ff40ffff border=ccccccff
LEAK control_stylebox bg_source=base border_source= path=/root/@EditorNode@18065/@Panel@14/@Control@40/Polygon/@VBoxContainer@16672/@HBoxContainer@16678/@Button@16684 class=Button variation=FlatButton type=Button slot=hover_mirrored bg=ff40ffff border=ccccccff
LEAK control_stylebox bg_source=base border_source= path=/root/@EditorNode@18065/@Panel@14/@Control@40/Polygon/@VBoxContainer@16672/@HBoxContainer@16678/@Button@16684 class=Button variation=FlatButton type=Button slot=hover_pressed_mirrored bg=ff40ffff border=ccccccff
LEAK control_stylebox bg_source=base border_source= path=/root/@EditorNode@18065/@Panel@14/@Control@40/Polygon/@VBoxContainer@16672/@HBoxContainer@16678/@Button@16684 class=Button variation=FlatButton type=Button slot=pressed_mirrored bg=ff40ffff border=ccccccff
LEAK control_stylebox bg_source=base border_source= path=/root/@EditorNode@18065/@Panel@14/@Control@40/Polygon/@VBoxContainer@16672/@HBoxContainer@16678/@Button@16684 class=Button variation=FlatButton type=FlatButton slot=hover_mirrored bg=ff40ffff border=ccccccff
LEAK control_stylebox bg_source=base border_source= path=/root/@EditorNode@18065/@Panel@14/@Control@40/Polygon/@VBoxContainer@16672/@HBoxContainer@16678/@Button@16684 class=Button variation=FlatButton type=FlatButton slot=hover_pressed_mirrored bg=ff40ffff border=ccccccff
LEAK control_stylebox bg_source=base border_source= path=/root/@EditorNode@18065/@Panel@14/@Control@40/Polygon/@VBoxContainer@16672/@HBoxContainer@16678/@Button@16684 class=Button variation=FlatButton type=FlatButton slot=pressed_mirrored bg=ff40ffff border=ccccccff
LEAK control_stylebox bg_source=base border_source= path=/root/@EditorNode@18065/@Panel@14/@Control@40/Polygon/@VBoxContainer@16672/@HBoxContainer@16678/@Button@16685 class=Button variation=FlatButton type=Button slot=hover_mirrored bg=ff40ffff border=ccccccff
LEAK control_stylebox bg_source=base border_source= path=/root/@EditorNode@18065/@Panel@14/@Control@40/Polygon/@VBoxContainer@16672/@HBoxContainer@16678/@Button@16685 class=Button variation=FlatButton type=Button slot=hover_pressed_mirrored bg=ff40ffff border=ccccccff
LEAK control_stylebox bg_source=base border_source= path=/root/@EditorNode@18065/@Panel@14/@Control@40/Polygon/@VBoxContainer@16672/@HBoxContainer@16678/@Button@16685 class=Button variation=FlatButton type=Button slot=pressed_mirrored bg=ff40ffff border=ccccccff
LEAK control_stylebox bg_source=base border_source= path=/root/@EditorNode@18065/@Panel@14/@Control@40/Polygon/@VBoxContainer@16672/@HBoxContainer@16678/@Button@16685 class=Button variation=FlatButton type=FlatButton slot=hover_mirrored bg=ff40ffff border=ccccccff
LEAK control_stylebox bg_source=base border_source= path=/root/@EditorNode@18065/@Panel@14/@Control@40/Polygon/@VBoxContainer@16672/@HBoxContainer@16678/@Button@16685 class=Button variation=FlatButton type=FlatButton slot=hover_pressed_mirrored bg=ff40ffff border=ccccccff
LEAK control_stylebox bg_source=base border_source= path=/root/@EditorNode@18065/@Panel@14/@Control@40/Polygon/@VBoxContainer@16672/@HBoxContainer@16678/@Button@16685 class=Button variation=FlatButton type=FlatButton slot=pressed_mirrored bg=ff40ffff border=ccccccff
LEAK control_stylebox bg_source=base border_source= path=/root/@EditorNode@18065/@Panel@14/@Control@40/Polygon/@VBoxContainer@16672/@HBoxContainer@16678/@Button@16686 class=Button variation=FlatButton type=Button slot=hover_mirrored bg=ff40ffff border=ccccccff
LEAK control_stylebox bg_source=base border_source= path=/root/@EditorNode@18065/@Panel@14/@Control@40/Polygon/@VBoxContainer@16672/@HBoxContainer@16678/@Button@16686 class=Button variation=FlatButton type=Button slot=hover_pressed_mirrored bg=ff40ffff border=ccccccff
LEAK control_stylebox bg_source=base border_source= path=/root/@EditorNode@18065/@Panel@14/@Control@40/Polygon/@VBoxContainer@16672/@HBoxContainer@16678/@Button@16686 class=Button variation=FlatButton type=Button slot=pressed_mirrored bg=ff40ffff border=ccccccff
LEAK control_stylebox bg_source=base border_source= path=/root/@EditorNode@18065/@Panel@14/@Control@40/Polygon/@VBoxContainer@16672/@HBoxContainer@16678/@Button@16686 class=Button variation=FlatButton type=FlatButton slot=hover_mirrored bg=ff40ffff border=ccccccff
LEAK control_stylebox bg_source=base border_source= path=/root/@EditorNode@18065/@Panel@14/@Control@40/Polygon/@VBoxContainer@16672/@HBoxContainer@16678/@Button@16686 class=Button variation=FlatButton type=FlatButton slot=hover_pressed_mirrored bg=ff40ffff border=ccccccff
LEAK control_stylebox bg_source=base border_source= path=/root/@EditorNode@18065/@Panel@14/@Control@40/Polygon/@VBoxContainer@16672/@HBoxContainer@16678/@Button@16686 class=Button variation=FlatButton type=FlatButton slot=pressed_mirrored bg=ff40ffff border=ccccccff
LEAK control_stylebox bg_source=base border_source= path=/root/@EditorNode@18065/@Panel@14/@Control@40/Polygon/@VBoxContainer@16672/@HBoxContainer@16678/@Button@16687 class=Button variation=FlatButton type=Button slot=hover_mirrored bg=ff40ffff border=ccccccff
LEAK control_stylebox bg_source=base border_source= path=/root/@EditorNode@18065/@Panel@14/@Control@40/Polygon/@VBoxContainer@16672/@HBoxContainer@16678/@Button@16687 class=Button variation=FlatButton type=Button slot=hover_pressed_mirrored bg=ff40ffff border=ccccccff
LEAK control_stylebox bg_source=base border_source= path=/root/@EditorNode@18065/@Panel@14/@Control@40/Polygon/@VBoxContainer@16672/@HBoxContainer@16678/@Button@16687 class=Button variation=FlatButton type=Button slot=pressed_mirrored bg=ff40ffff border=ccccccff
LEAK control_stylebox bg_source=base border_source= path=/root/@EditorNode@18065/@Panel@14/@Control@40/Polygon/@VBoxContainer@16672/@HBoxContainer@16678/@Button@16687 class=Button variation=FlatButton type=FlatButton slot=hover_mirrored bg=ff40ffff border=ccccccff
LEAK control_stylebox bg_source=base border_source= path=/root/@EditorNode@18065/@Panel@14/@Control@40/Polygon/@VBoxContainer@16672/@HBoxContainer@16678/@Button@16687 class=Button variation=FlatButton type=FlatButton slot=hover_pressed_mirrored bg=ff40ffff border=ccccccff
LEAK control_stylebox bg_source=base border_source= path=/root/@EditorNode@18065/@Panel@14/@Control@40/Polygon/@VBoxContainer@16672/@HBoxContainer@16678/@Button@16687 class=Button variation=FlatButton type=FlatButton slot=pressed_mirrored bg=ff40ffff border=ccccccff
LEAK control_stylebox bg_source=base border_source= path=/root/@EditorNode@18065/@Panel@14/@Control@40/Polygon/@VBoxContainer@16672/@HBoxContainer@16678/@Button@16688 class=Button variation=FlatButton type=Button slot=hover_mirrored bg=ff40ffff border=ccccccff
LEAK control_stylebox bg_source=base border_source= path=/root/@EditorNode@18065/@Panel@14/@Control@40/Polygon/@VBoxContainer@16672/@HBoxContainer@16678/@Button@16688 class=Button variation=FlatButton type=Button slot=hover_pressed_mirrored bg=ff40ffff border=ccccccff
LEAK control_stylebox bg_source=base border_source= path=/root/@EditorNode@18065/@Panel@14/@Control@40/Polygon/@VBoxContainer@16672/@HBoxContainer@16678/@Button@16688 class=Button variation=FlatButton type=Button slot=pressed_mirrored bg=ff40ffff border=ccccccff
LEAK control_stylebox bg_source=base border_source= path=/root/@EditorNode@18065/@Panel@14/@Control@40/Polygon/@VBoxContainer@16672/@HBoxContainer@16678/@Button@16688 class=Button variation=FlatButton type=FlatButton slot=hover_mirrored bg=ff40ffff border=ccccccff
LEAK control_stylebox bg_source=base border_source= path=/root/@EditorNode@18065/@Panel@14/@Control@40/Polygon/@VBoxContainer@16672/@HBoxContainer@16678/@Button@16688 class=Button variation=FlatButton type=FlatButton slot=hover_pressed_mirrored bg=ff40ffff border=ccccccff
LEAK control_stylebox bg_source=base border_source= path=/root/@EditorNode@18065/@Panel@14/@Control@40/Polygon/@VBoxContainer@16672/@HBoxContainer@16678/@Button@16688 class=Button variation=FlatButton type=FlatButton slot=pressed_mirrored bg=ff40ffff border=ccccccff
LEAK control_stylebox bg_source=base border_source= path=/root/@EditorNode@18065/@Panel@14/@Control@40/Polygon/@VBoxContainer@16672/@HBoxContainer@16678/@Button@16689 class=Button variation=FlatButton type=Button slot=hover_mirrored bg=ff40ffff border=ccccccff
LEAK control_stylebox bg_source=base border_source= path=/root/@EditorNode@18065/@Panel@14/@Control@40/Polygon/@VBoxContainer@16672/@HBoxContainer@16678/@Button@16689 class=Button variation=FlatButton type=Button slot=hover_pressed_mirrored bg=ff40ffff border=ccccccff
LEAK control_stylebox bg_source=base border_source= path=/root/@EditorNode@18065/@Panel@14/@Control@40/Polygon/@VBoxContainer@16672/@HBoxContainer@16678/@Button@16689 class=Button variation=FlatButton type=Button slot=pressed_mirrored bg=ff40ffff border=ccccccff
LEAK control_stylebox bg_source=base border_source= path=/root/@EditorNode@18065/@Panel@14/@Control@40/Polygon/@VBoxContainer@16672/@HBoxContainer@16678/@Button@16689 class=Button variation=FlatButton type=FlatButton slot=hover_mirrored bg=ff40ffff border=ccccccff
LEAK control_stylebox bg_source=base border_source= path=/root/@EditorNode@18065/@Panel@14/@Control@40/Polygon/@VBoxContainer@16672/@HBoxContainer@16678/@Button@16689 class=Button variation=FlatButton type=FlatButton slot=hover_pressed_mirrored bg=ff40ffff border=ccccccff
LEAK control_stylebox bg_source=base border_source= path=/root/@EditorNode@18065/@Panel@14/@Control@40/Polygon/@VBoxContainer@16672/@HBoxContainer@16678/@Button@16689 class=Button variation=FlatButton type=FlatButton slot=pressed_mirrored bg=ff40ffff border=ccccccff
LEAK control_stylebox bg_source=base border_source= path=/root/@EditorNode@18065/@Panel@14/@Control@40/Polygon/@VBoxContainer@16672/@HBoxContainer@16678/@Button@16711 class=Button variation=FlatButton type=Button slot=hover_mirrored bg=ff40ffff border=ccccccff
LEAK control_stylebox bg_source=base border_source= path=/root/@EditorNode@18065/@Panel@14/@Control@40/Polygon/@VBoxContainer@16672/@HBoxContainer@16678/@Button@16711 class=Button variation=FlatButton type=Button slot=hover_pressed_mirrored bg=ff40ffff border=ccccccff
LEAK control_stylebox bg_source=base border_source= path=/root/@EditorNode@18065/@Panel@14/@Control@40/Polygon/@VBoxContainer@16672/@HBoxContainer@16678/@Button@16711 class=Button variation=FlatButton type=Button slot=pressed_mirrored bg=ff40ffff border=ccccccff
LEAK control_stylebox bg_source=base border_source= path=/root/@EditorNode@18065/@Panel@14/@Control@40/Polygon/@VBoxContainer@16672/@HBoxContainer@16678/@Button@16711 class=Button variation=FlatButton type=FlatButton slot=hover_mirrored bg=ff40ffff border=ccccccff
LEAK control_stylebox bg_source=base border_source= path=/root/@EditorNode@18065/@Panel@14/@Control@40/Polygon/@VBoxContainer@16672/@HBoxContainer@16678/@Button@16711 class=Button variation=FlatButton type=FlatButton slot=hover_pressed_mirrored bg=ff40ffff border=ccccccff
LEAK control_stylebox bg_source=base border_source= path=/root/@EditorNode@18065/@Panel@14/@Control@40/Polygon/@VBoxContainer@16672/@HBoxContainer@16678/@Button@16711 class=Button variation=FlatButton type=FlatButton slot=pressed_mirrored bg=ff40ffff border=ccccccff
LEAK control_stylebox bg_source=base border_source= path=/root/@EditorNode@18065/@Panel@14/@Control@40/Polygon/@VBoxContainer@16672/@HBoxContainer@16678/@Button@16712 class=Button variation=FlatButton type=Button slot=hover_mirrored bg=ff40ffff border=ccccccff
LEAK control_stylebox bg_source=base border_source= path=/root/@EditorNode@18065/@Panel@14/@Control@40/Polygon/@VBoxContainer@16672/@HBoxContainer@16678/@Button@16712 class=Button variation=FlatButton type=Button slot=hover_pressed_mirrored bg=ff40ffff border=ccccccff
LEAK control_stylebox bg_source=base border_source= path=/root/@EditorNode@18065/@Panel@14/@Control@40/Polygon/@VBoxContainer@16672/@HBoxContainer@16678/@Button@16712 class=Button variation=FlatButton type=Button slot=pressed_mirrored bg=ff40ffff border=ccccccff
LEAK control_stylebox bg_source=base border_source= path=/root/@EditorNode@18065/@Panel@14/@Control@40/Polygon/@VBoxContainer@16672/@HBoxContainer@16678/@Button@16712 class=Button variation=FlatButton type=FlatButton slot=hover_mirrored bg=ff40ffff border=ccccccff
LEAK control_stylebox bg_source=base border_source= path=/root/@EditorNode@18065/@Panel@14/@Control@40/Polygon/@VBoxContainer@16672/@HBoxContainer@16678/@Button@16712 class=Button variation=FlatButton type=FlatButton slot=hover_pressed_mirrored bg=ff40ffff border=ccccccff
LEAK control_stylebox bg_source=base border_source= path=/root/@EditorNode@18065/@Panel@14/@Control@40/Polygon/@VBoxContainer@16672/@HBoxContainer@16678/@Button@16712 class=Button variation=FlatButton type=FlatButton slot=pressed_mirrored bg=ff40ffff border=ccccccff
LEAK control_stylebox bg_source=base border_source= path=/root/@EditorNode@18065/@Panel@14/@Control@40/Polygon/@VBoxContainer@16672/@HBoxContainer@16678/@MenuButton@16709 class=MenuButton variation=FlatMenuButton type=FlatMenuButton slot=hover_mirrored bg=ff40ffff border=ccccccff
LEAK control_stylebox bg_source=base border_source= path=/root/@EditorNode@18065/@Panel@14/@Control@40/Polygon/@VBoxContainer@16672/@HBoxContainer@16678/@MenuButton@16709 class=MenuButton variation=FlatMenuButton type=FlatMenuButton slot=hover_pressed_mirrored bg=ff40ffff border=ccccccff
LEAK control_stylebox bg_source=base border_source= path=/root/@EditorNode@18065/@Panel@14/@Control@40/Polygon/@VBoxContainer@16672/@HBoxContainer@16678/@MenuButton@16709 class=MenuButton variation=FlatMenuButton type=FlatMenuButton slot=pressed_mirrored bg=ff40ffff border=ccccccff
LEAK control_stylebox bg_source=base border_source= path=/root/@EditorNode@18065/@Panel@14/@Control@40/SpriteFrames/@HSplitContainer@14628/@VBoxContainer@14629/@MarginContainer@14631/VBoxContainer/@HBoxContainer@14632/@Button@14633 class=Button variation=FlatButton type=Button slot=hover_mirrored bg=ff40ffff border=ccccccff
LEAK control_stylebox bg_source=base border_source= path=/root/@EditorNode@18065/@Panel@14/@Control@40/SpriteFrames/@HSplitContainer@14628/@VBoxContainer@14629/@MarginContainer@14631/VBoxContainer/@HBoxContainer@14632/@Button@14633 class=Button variation=FlatButton type=Button slot=hover_pressed_mirrored bg=ff40ffff border=ccccccff
LEAK control_stylebox bg_source=base border_source= path=/root/@EditorNode@18065/@Panel@14/@Control@40/SpriteFrames/@HSplitContainer@14628/@VBoxContainer@14629/@MarginContainer@14631/VBoxContainer/@HBoxContainer@14632/@Button@14633 class=Button variation=FlatButton type=Button slot=pressed_mirrored bg=ff40ffff border=ccccccff
LEAK control_stylebox bg_source=base border_source= path=/root/@EditorNode@18065/@Panel@14/@Control@40/SpriteFrames/@HSplitContainer@14628/@VBoxContainer@14629/@MarginContainer@14631/VBoxContainer/@HBoxContainer@14632/@Button@14633 class=Button variation=FlatButton type=FlatButton slot=hover_mirrored bg=ff40ffff border=ccccccff
LEAK control_stylebox bg_source=base border_source= path=/root/@EditorNode@18065/@Panel@14/@Control@40/SpriteFrames/@HSplitContainer@14628/@VBoxContainer@14629/@MarginContainer@14631/VBoxContainer/@HBoxContainer@14632/@Button@14633 class=Button variation=FlatButton type=FlatButton slot=hover_pressed_mirrored bg=ff40ffff border=ccccccff
LEAK control_stylebox bg_source=base border_source= path=/root/@EditorNode@18065/@Panel@14/@Control@40/SpriteFrames/@HSplitContainer@14628/@VBoxContainer@14629/@MarginContainer@14631/VBoxContainer/@HBoxContainer@14632/@Button@14633 class=Button variation=FlatButton type=FlatButton slot=pressed_mirrored bg=ff40ffff border=ccccccff
LEAK control_stylebox bg_source=base border_source= path=/root/@EditorNode@18065/@Panel@14/@Control@40/SpriteFrames/@HSplitContainer@14628/@VBoxContainer@14629/@MarginContainer@14631/VBoxContainer/@HBoxContainer@14632/@Button@14634 class=Button variation=FlatButton type=Button slot=hover_mirrored bg=ff40ffff border=ccccccff
LEAK control_stylebox bg_source=base border_source= path=/root/@EditorNode@18065/@Panel@14/@Control@40/SpriteFrames/@HSplitContainer@14628/@VBoxContainer@14629/@MarginContainer@14631/VBoxContainer/@HBoxContainer@14632/@Button@14634 class=Button variation=FlatButton type=Button slot=hover_pressed_mirrored bg=ff40ffff border=ccccccff
LEAK control_stylebox bg_source=base border_source= path=/root/@EditorNode@18065/@Panel@14/@Control@40/SpriteFrames/@HSplitContainer@14628/@VBoxContainer@14629/@MarginContainer@14631/VBoxContainer/@HBoxContainer@14632/@Button@14634 class=Button variation=FlatButton type=Button slot=pressed_mirrored bg=ff40ffff border=ccccccff
LEAK control_stylebox bg_source=base border_source= path=/root/@EditorNode@18065/@Panel@14/@Control@40/SpriteFrames/@HSplitContainer@14628/@VBoxContainer@14629/@MarginContainer@14631/VBoxContainer/@HBoxContainer@14632/@Button@14634 class=Button variation=FlatButton type=FlatButton slot=hover_mirrored bg=ff40ffff border=ccccccff
LEAK control_stylebox bg_source=base border_source= path=/root/@EditorNode@18065/@Panel@14/@Control@40/SpriteFrames/@HSplitContainer@14628/@VBoxContainer@14629/@MarginContainer@14631/VBoxContainer/@HBoxContainer@14632/@Button@14634 class=Button variation=FlatButton type=FlatButton slot=hover_pressed_mirrored bg=ff40ffff border=ccccccff
LEAK control_stylebox bg_source=base border_source= path=/root/@EditorNode@18065/@Panel@14/@Control@40/SpriteFrames/@HSplitContainer@14628/@VBoxContainer@14629/@MarginContainer@14631/VBoxContainer/@HBoxContainer@14632/@Button@14634 class=Button variation=FlatButton type=FlatButton slot=pressed_mirrored bg=ff40ffff border=ccccccff
LEAK control_stylebox bg_source=base border_source= path=/root/@EditorNode@18065/@Panel@14/@Control@40/SpriteFrames/@HSplitContainer@14628/@VBoxContainer@14629/@MarginContainer@14631/VBoxContainer/@HBoxContainer@14632/@Button@14635 class=Button variation=FlatButton type=Button slot=hover_mirrored bg=ff40ffff border=ccccccff
LEAK control_stylebox bg_source=base border_source= path=/root/@EditorNode@18065/@Panel@14/@Control@40/SpriteFrames/@HSplitContainer@14628/@VBoxContainer@14629/@MarginContainer@14631/VBoxContainer/@HBoxContainer@14632/@Button@14635 class=Button variation=FlatButton type=Button slot=hover_pressed_mirrored bg=ff40ffff border=ccccccff
LEAK control_stylebox bg_source=base border_source= path=/root/@EditorNode@18065/@Panel@14/@Control@40/SpriteFrames/@HSplitContainer@14628/@VBoxContainer@14629/@MarginContainer@14631/VBoxContainer/@HBoxContainer@14632/@Button@14635 class=Button variation=FlatButton type=Button slot=pressed_mirrored bg=ff40ffff border=ccccccff
LEAK control_stylebox bg_source=base border_source= path=/root/@EditorNode@18065/@Panel@14/@Control@40/SpriteFrames/@HSplitContainer@14628/@VBoxContainer@14629/@MarginContainer@14631/VBoxContainer/@HBoxContainer@14632/@Button@14635 class=Button variation=FlatButton type=FlatButton slot=hover_mirrored bg=ff40ffff border=ccccccff
LEAK control_stylebox bg_source=base border_source= path=/root/@EditorNode@18065/@Panel@14/@Control@40/SpriteFrames/@HSplitContainer@14628/@VBoxContainer@14629/@MarginContainer@14631/VBoxContainer/@HBoxContainer@14632/@Button@14635 class=Button variation=FlatButton type=FlatButton slot=hover_pressed_mirrored bg=ff40ffff border=ccccccff
LEAK control_stylebox bg_source=base border_source= path=/root/@EditorNode@18065/@Panel@14/@Control@40/SpriteFrames/@HSplitContainer@14628/@VBoxContainer@14629/@MarginContainer@14631/VBoxContainer/@HBoxContainer@14632/@Button@14635 class=Button variation=FlatButton type=FlatButton slot=pressed_mirrored bg=ff40ffff border=ccccccff
LEAK control_stylebox bg_source=base border_source= path=/root/@EditorNode@18065/@Panel@14/@Control@40/SpriteFrames/@HSplitContainer@14628/@VBoxContainer@14629/@MarginContainer@14631/VBoxContainer/@HBoxContainer@14632/@Button@14636 class=Button variation=FlatButton type=Button slot=hover_mirrored bg=ff40ffff border=ccccccff
LEAK control_stylebox bg_source=base border_source= path=/root/@EditorNode@18065/@Panel@14/@Control@40/SpriteFrames/@HSplitContainer@14628/@VBoxContainer@14629/@MarginContainer@14631/VBoxContainer/@HBoxContainer@14632/@Button@14636 class=Button variation=FlatButton type=Button slot=hover_pressed_mirrored bg=ff40ffff border=ccccccff
LEAK control_stylebox bg_source=base border_source= path=/root/@EditorNode@18065/@Panel@14/@Control@40/SpriteFrames/@HSplitContainer@14628/@VBoxContainer@14629/@MarginContainer@14631/VBoxContainer/@HBoxContainer@14632/@Button@14636 class=Button variation=FlatButton type=Button slot=pressed_mirrored bg=ff40ffff border=ccccccff
LEAK control_stylebox bg_source=base border_source= path=/root/@EditorNode@18065/@Panel@14/@Control@40/SpriteFrames/@HSplitContainer@14628/@VBoxContainer@14629/@MarginContainer@14631/VBoxContainer/@HBoxContainer@14632/@Button@14636 class=Button variation=FlatButton type=FlatButton slot=hover_mirrored bg=ff40ffff border=ccccccff
LEAK control_stylebox bg_source=base border_source= path=/root/@EditorNode@18065/@Panel@14/@Control@40/SpriteFrames/@HSplitContainer@14628/@VBoxContainer@14629/@MarginContainer@14631/VBoxContainer/@HBoxContainer@14632/@Button@14636 class=Button variation=FlatButton type=FlatButton slot=hover_pressed_mirrored bg=ff40ffff border=ccccccff
LEAK control_stylebox bg_source=base border_source= path=/root/@EditorNode@18065/@Panel@14/@Control@40/SpriteFrames/@HSplitContainer@14628/@VBoxContainer@14629/@MarginContainer@14631/VBoxContainer/@HBoxContainer@14632/@Button@14636 class=Button variation=FlatButton type=FlatButton slot=pressed_mirrored bg=ff40ffff border=ccccccff
LEAK control_stylebox bg_source=base border_source= path=/root/@EditorNode@18065/@Panel@14/@Control@40/SpriteFrames/@HSplitContainer@14628/@VBoxContainer@14629/@MarginContainer@14631/VBoxContainer/@HBoxContainer@14632/@Button@14637 class=Button variation=FlatButton type=Button slot=hover_mirrored bg=ff40ffff border=ccccccff
LEAK control_stylebox bg_source=base border_source= path=/root/@EditorNode@18065/@Panel@14/@Control@40/SpriteFrames/@HSplitContainer@14628/@VBoxContainer@14629/@MarginContainer@14631/VBoxContainer/@HBoxContainer@14632/@Button@14637 class=Button variation=FlatButton type=Button slot=hover_pressed_mirrored bg=ff40ffff border=ccccccff
LEAK control_stylebox bg_source=base border_source= path=/root/@EditorNode@18065/@Panel@14/@Control@40/SpriteFrames/@HSplitContainer@14628/@VBoxContainer@14629/@MarginContainer@14631/VBoxContainer/@HBoxContainer@14632/@Button@14637 class=Button variation=FlatButton type=Button slot=pressed_mirrored bg=ff40ffff border=ccccccff
LEAK control_stylebox bg_source=base border_source= path=/root/@EditorNode@18065/@Panel@14/@Control@40/SpriteFrames/@HSplitContainer@14628/@VBoxContainer@14629/@MarginContainer@14631/VBoxContainer/@HBoxContainer@14632/@Button@14637 class=Button variation=FlatButton type=FlatButton slot=hover_mirrored bg=ff40ffff border=ccccccff
LEAK control_stylebox bg_source=base border_source= path=/root/@EditorNode@18065/@Panel@14/@Control@40/SpriteFrames/@HSplitContainer@14628/@VBoxContainer@14629/@MarginContainer@14631/VBoxContainer/@HBoxContainer@14632/@Button@14637 class=Button variation=FlatButton type=FlatButton slot=hover_pressed_mirrored bg=ff40ffff border=ccccccff
LEAK control_stylebox bg_source=base border_source= path=/root/@EditorNode@18065/@Panel@14/@Control@40/SpriteFrames/@HSplitContainer@14628/@VBoxContainer@14629/@MarginContainer@14631/VBoxContainer/@HBoxContainer@14632/@Button@14637 class=Button variation=FlatButton type=FlatButton slot=pressed_mirrored bg=ff40ffff border=ccccccff
LEAK control_stylebox bg_source=base border_source= path=/root/@EditorNode@18065/@Panel@14/@Control@40/SpriteFrames/@HSplitContainer@14628/@VBoxContainer@14629/@MarginContainer@14631/VBoxContainer/@HBoxContainer@14632/@Button@14638 class=Button variation=FlatButton type=Button slot=hover_mirrored bg=ff40ffff border=ccccccff
LEAK control_stylebox bg_source=base border_source= path=/root/@EditorNode@18065/@Panel@14/@Control@40/SpriteFrames/@HSplitContainer@14628/@VBoxContainer@14629/@MarginContainer@14631/VBoxContainer/@HBoxContainer@14632/@Button@14638 class=Button variation=FlatButton type=Button slot=hover_pressed_mirrored bg=ff40ffff border=ccccccff
LEAK control_stylebox bg_source=base border_source= path=/root/@EditorNode@18065/@Panel@14/@Control@40/SpriteFrames/@HSplitContainer@14628/@VBoxContainer@14629/@MarginContainer@14631/VBoxContainer/@HBoxContainer@14632/@Button@14638 class=Button variation=FlatButton type=Button slot=pressed_mirrored bg=ff40ffff border=ccccccff
LEAK control_stylebox bg_source=base border_source= path=/root/@EditorNode@18065/@Panel@14/@Control@40/SpriteFrames/@HSplitContainer@14628/@VBoxContainer@14629/@MarginContainer@14631/VBoxContainer/@HBoxContainer@14632/@Button@14638 class=Button variation=FlatButton type=FlatButton slot=hover_mirrored bg=ff40ffff border=ccccccff
LEAK control_stylebox bg_source=base border_source= path=/root/@EditorNode@18065/@Panel@14/@Control@40/SpriteFrames/@HSplitContainer@14628/@VBoxContainer@14629/@MarginContainer@14631/VBoxContainer/@HBoxContainer@14632/@Button@14638 class=Button variation=FlatButton type=FlatButton slot=hover_pressed_mirrored bg=ff40ffff border=ccccccff
LEAK control_stylebox bg_source=base border_source= path=/root/@EditorNode@18065/@Panel@14/@Control@40/SpriteFrames/@HSplitContainer@14628/@VBoxContainer@14629/@MarginContainer@14631/VBoxContainer/@HBoxContainer@14632/@Button@14638 class=Button variation=FlatButton type=FlatButton slot=pressed_mirrored bg=ff40ffff border=ccccccff
LEAK control_stylebox bg_source=base border_source= path=/root/@EditorNode@18065/@Panel@14/@Control@40/SpriteFrames/@HSplitContainer@14628/@VBoxContainer@14629/@MarginContainer@14631/VBoxContainer/@HBoxContainer@14632/@Button@14643 class=Button variation=FlatButton type=Button slot=hover_mirrored bg=ff40ffff border=ccccccff
LEAK control_stylebox bg_source=base border_source= path=/root/@EditorNode@18065/@Panel@14/@Control@40/SpriteFrames/@HSplitContainer@14628/@VBoxContainer@14629/@MarginContainer@14631/VBoxContainer/@HBoxContainer@14632/@Button@14643 class=Button variation=FlatButton type=Button slot=hover_pressed_mirrored bg=ff40ffff border=ccccccff
LEAK control_stylebox bg_source=base border_source= path=/root/@EditorNode@18065/@Panel@14/@Control@40/SpriteFrames/@HSplitContainer@14628/@VBoxContainer@14629/@MarginContainer@14631/VBoxContainer/@HBoxContainer@14632/@Button@14643 class=Button variation=FlatButton type=Button slot=pressed_mirrored bg=ff40ffff border=ccccccff
LEAK control_stylebox bg_source=base border_source= path=/root/@EditorNode@18065/@Panel@14/@Control@40/SpriteFrames/@HSplitContainer@14628/@VBoxContainer@14629/@MarginContainer@14631/VBoxContainer/@HBoxContainer@14632/@Button@14643 class=Button variation=FlatButton type=FlatButton slot=hover_mirrored bg=ff40ffff border=ccccccff
LEAK control_stylebox bg_source=base border_source= path=/root/@EditorNode@18065/@Panel@14/@Control@40/SpriteFrames/@HSplitContainer@14628/@VBoxContainer@14629/@MarginContainer@14631/VBoxContainer/@HBoxContainer@14632/@Button@14643 class=Button variation=FlatButton type=FlatButton slot=hover_pressed_mirrored bg=ff40ffff border=ccccccff
LEAK control_stylebox bg_source=base border_source= path=/root/@EditorNode@18065/@Panel@14/@Control@40/SpriteFrames/@HSplitContainer@14628/@VBoxContainer@14629/@MarginContainer@14631/VBoxContainer/@HBoxContainer@14632/@Button@14643 class=Button variation=FlatButton type=FlatButton slot=pressed_mirrored bg=ff40ffff border=ccccccff
LEAK control_stylebox bg_source=base border_source= path=/root/@EditorNode@18065/@Panel@14/@Control@40/SpriteFrames/@HSplitContainer@14628/@VBoxContainer@14629/@MarginContainer@14631/VBoxContainer/@HBoxContainer@14632/@HBoxContainer@14639/@Button@14641 class=Button variation=FlatButton type=Button slot=hover_mirrored bg=ff40ffff border=ccccccff
LEAK control_stylebox bg_source=base border_source= path=/root/@EditorNode@18065/@Panel@14/@Control@40/SpriteFrames/@HSplitContainer@14628/@VBoxContainer@14629/@MarginContainer@14631/VBoxContainer/@HBoxContainer@14632/@HBoxContainer@14639/@Button@14641 class=Button variation=FlatButton type=Button slot=hover_pressed_mirrored bg=ff40ffff border=ccccccff
LEAK control_stylebox bg_source=base border_source= path=/root/@EditorNode@18065/@Panel@14/@Control@40/SpriteFrames/@HSplitContainer@14628/@VBoxContainer@14629/@MarginContainer@14631/VBoxContainer/@HBoxContainer@14632/@HBoxContainer@14639/@Button@14641 class=Button variation=FlatButton type=Button slot=pressed_mirrored bg=ff40ffff border=ccccccff
LEAK control_stylebox bg_source=base border_source= path=/root/@EditorNode@18065/@Panel@14/@Control@40/SpriteFrames/@HSplitContainer@14628/@VBoxContainer@14629/@MarginContainer@14631/VBoxContainer/@HBoxContainer@14632/@HBoxContainer@14639/@Button@14641 class=Button variation=FlatButton type=FlatButton slot=hover_mirrored bg=ff40ffff border=ccccccff
LEAK control_stylebox bg_source=base border_source= path=/root/@EditorNode@18065/@Panel@14/@Control@40/SpriteFrames/@HSplitContainer@14628/@VBoxContainer@14629/@MarginContainer@14631/VBoxContainer/@HBoxContainer@14632/@HBoxContainer@14639/@Button@14641 class=Button variation=FlatButton type=FlatButton slot=hover_pressed_mirrored bg=ff40ffff border=ccccccff
LEAK control_stylebox bg_source=base border_source= path=/root/@EditorNode@18065/@Panel@14/@Control@40/SpriteFrames/@HSplitContainer@14628/@VBoxContainer@14629/@MarginContainer@14631/VBoxContainer/@HBoxContainer@14632/@HBoxContainer@14639/@Button@14641 class=Button variation=FlatButton type=FlatButton slot=pressed_mirrored bg=ff40ffff border=ccccccff
LEAK control_stylebox bg_source=base border_source= path=/root/@EditorNode@18065/@Panel@14/@Control@40/SpriteFrames/@HSplitContainer@14628/@VBoxContainer@14663/@MarginContainer@14665/VBoxContainer/@HFlowContainer@14666/@HBoxContainer@14667/@Button@14668 class=Button variation=FlatButton type=Button slot=hover_mirrored bg=ff40ffff border=ccccccff
LEAK control_stylebox bg_source=base border_source= path=/root/@EditorNode@18065/@Panel@14/@Control@40/SpriteFrames/@HSplitContainer@14628/@VBoxContainer@14663/@MarginContainer@14665/VBoxContainer/@HFlowContainer@14666/@HBoxContainer@14667/@Button@14668 class=Button variation=FlatButton type=Button slot=hover_pressed_mirrored bg=ff40ffff border=ccccccff
LEAK control_stylebox bg_source=base border_source= path=/root/@EditorNode@18065/@Panel@14/@Control@40/SpriteFrames/@HSplitContainer@14628/@VBoxContainer@14663/@MarginContainer@14665/VBoxContainer/@HFlowContainer@14666/@HBoxContainer@14667/@Button@14668 class=Button variation=FlatButton type=Button slot=pressed_mirrored bg=ff40ffff border=ccccccff
LEAK control_stylebox bg_source=base border_source= path=/root/@EditorNode@18065/@Panel@14/@Control@40/SpriteFrames/@HSplitContainer@14628/@VBoxContainer@14663/@MarginContainer@14665/VBoxContainer/@HFlowContainer@14666/@HBoxContainer@14667/@Button@14668 class=Button variation=FlatButton type=FlatButton slot=hover_mirrored bg=ff40ffff border=ccccccff
LEAK control_stylebox bg_source=base border_source= path=/root/@EditorNode@18065/@Panel@14/@Control@40/SpriteFrames/@HSplitContainer@14628/@VBoxContainer@14663/@MarginContainer@14665/VBoxContainer/@HFlowContainer@14666/@HBoxContainer@14667/@Button@14668 class=Button variation=FlatButton type=FlatButton slot=hover_pressed_mirrored bg=ff40ffff border=ccccccff
LEAK control_stylebox bg_source=base border_source= path=/root/@EditorNode@18065/@Panel@14/@Control@40/SpriteFrames/@HSplitContainer@14628/@VBoxContainer@14663/@MarginContainer@14665/VBoxContainer/@HFlowContainer@14666/@HBoxContainer@14667/@Button@14668 class=Button variation=FlatButton type=FlatButton slot=pressed_mirrored bg=ff40ffff border=ccccccff
LEAK control_stylebox bg_source=base border_source= path=/root/@EditorNode@18065/@Panel@14/@Control@40/SpriteFrames/@HSplitContainer@14628/@VBoxContainer@14663/@MarginContainer@14665/VBoxContainer/@HFlowContainer@14666/@HBoxContainer@14667/@Button@14669 class=Button variation=FlatButton type=Button slot=hover_mirrored bg=ff40ffff border=ccccccff
LEAK control_stylebox bg_source=base border_source= path=/root/@EditorNode@18065/@Panel@14/@Control@40/SpriteFrames/@HSplitContainer@14628/@VBoxContainer@14663/@MarginContainer@14665/VBoxContainer/@HFlowContainer@14666/@HBoxContainer@14667/@Button@14669 class=Button variation=FlatButton type=Button slot=hover_pressed_mirrored bg=ff40ffff border=ccccccff
LEAK control_stylebox bg_source=base border_source= path=/root/@EditorNode@18065/@Panel@14/@Control@40/SpriteFrames/@HSplitContainer@14628/@VBoxContainer@14663/@MarginContainer@14665/VBoxContainer/@HFlowContainer@14666/@HBoxContainer@14667/@Button@14669 class=Button variation=FlatButton type=Button slot=pressed_mirrored bg=ff40ffff border=ccccccff
LEAK control_stylebox bg_source=base border_source= path=/root/@EditorNode@18065/@Panel@14/@Control@40/SpriteFrames/@HSplitContainer@14628/@VBoxContainer@14663/@MarginContainer@14665/VBoxContainer/@HFlowContainer@14666/@HBoxContainer@14667/@Button@14669 class=Button variation=FlatButton type=FlatButton slot=hover_mirrored bg=ff40ffff border=ccccccff
LEAK control_stylebox bg_source=base border_source= path=/root/@EditorNode@18065/@Panel@14/@Control@40/SpriteFrames/@HSplitContainer@14628/@VBoxContainer@14663/@MarginContainer@14665/VBoxContainer/@HFlowContainer@14666/@HBoxContainer@14667/@Button@14669 class=Button variation=FlatButton type=FlatButton slot=hover_pressed_mirrored bg=ff40ffff border=ccccccff
LEAK control_stylebox bg_source=base border_source= path=/root/@EditorNode@18065/@Panel@14/@Control@40/SpriteFrames/@HSplitContainer@14628/@VBoxContainer@14663/@MarginContainer@14665/VBoxContainer/@HFlowContainer@14666/@HBoxContainer@14667/@Button@14669 class=Button variation=FlatButton type=FlatButton slot=pressed_mirrored bg=ff40ffff border=ccccccff
LEAK control_stylebox bg_source=base border_source= path=/root/@EditorNode@18065/@Panel@14/@Control@40/SpriteFrames/@HSplitContainer@14628/@VBoxContainer@14663/@MarginContainer@14665/VBoxContainer/@HFlowContainer@14666/@HBoxContainer@14667/@Button@14670 class=Button variation=FlatButton type=Button slot=hover_mirrored bg=ff40ffff border=ccccccff
LEAK control_stylebox bg_source=base border_source= path=/root/@EditorNode@18065/@Panel@14/@Control@40/SpriteFrames/@HSplitContainer@14628/@VBoxContainer@14663/@MarginContainer@14665/VBoxContainer/@HFlowContainer@14666/@HBoxContainer@14667/@Button@14670 class=Button variation=FlatButton type=Button slot=hover_pressed_mirrored bg=ff40ffff border=ccccccff
LEAK control_stylebox bg_source=base border_source= path=/root/@EditorNode@18065/@Panel@14/@Control@40/SpriteFrames/@HSplitContainer@14628/@VBoxContainer@14663/@MarginContainer@14665/VBoxContainer/@HFlowContainer@14666/@HBoxContainer@14667/@Button@14670 class=Button variation=FlatButton type=Button slot=pressed_mirrored bg=ff40ffff border=ccccccff
LEAK control_stylebox bg_source=base border_source= path=/root/@EditorNode@18065/@Panel@14/@Control@40/SpriteFrames/@HSplitContainer@14628/@VBoxContainer@14663/@MarginContainer@14665/VBoxContainer/@HFlowContainer@14666/@HBoxContainer@14667/@Button@14670 class=Button variation=FlatButton type=FlatButton slot=hover_mirrored bg=ff40ffff border=ccccccff
LEAK control_stylebox bg_source=base border_source= path=/root/@EditorNode@18065/@Panel@14/@Control@40/SpriteFrames/@HSplitContainer@14628/@VBoxContainer@14663/@MarginContainer@14665/VBoxContainer/@HFlowContainer@14666/@HBoxContainer@14667/@Button@14670 class=Button variation=FlatButton type=FlatButton slot=hover_pressed_mirrored bg=ff40ffff border=ccccccff
LEAK control_stylebox bg_source=base border_source= path=/root/@EditorNode@18065/@Panel@14/@Control@40/SpriteFrames/@HSplitContainer@14628/@VBoxContainer@14663/@MarginContainer@14665/VBoxContainer/@HFlowContainer@14666/@HBoxContainer@14667/@Button@14670 class=Button variation=FlatButton type=FlatButton slot=pressed_mirrored bg=ff40ffff border=ccccccff
LEAK control_stylebox bg_source=base border_source= path=/root/@EditorNode@18065/@Panel@14/@Control@40/SpriteFrames/@HSplitContainer@14628/@VBoxContainer@14663/@MarginContainer@14665/VBoxContainer/@HFlowContainer@14666/@HBoxContainer@14667/@Button@14671 class=Button variation=FlatButton type=Button slot=hover_mirrored bg=ff40ffff border=ccccccff
LEAK control_stylebox bg_source=base border_source= path=/root/@EditorNode@18065/@Panel@14/@Control@40/SpriteFrames/@HSplitContainer@14628/@VBoxContainer@14663/@MarginContainer@14665/VBoxContainer/@HFlowContainer@14666/@HBoxContainer@14667/@Button@14671 class=Button variation=FlatButton type=Button slot=hover_pressed_mirrored bg=ff40ffff border=ccccccff
LEAK control_stylebox bg_source=base border_source= path=/root/@EditorNode@18065/@Panel@14/@Control@40/SpriteFrames/@HSplitContainer@14628/@VBoxContainer@14663/@MarginContainer@14665/VBoxContainer/@HFlowContainer@14666/@HBoxContainer@14667/@Button@14671 class=Button variation=FlatButton type=Button slot=pressed_mirrored bg=ff40ffff border=ccccccff
LEAK control_stylebox bg_source=base border_source= path=/root/@EditorNode@18065/@Panel@14/@Control@40/SpriteFrames/@HSplitContainer@14628/@VBoxContainer@14663/@MarginContainer@14665/VBoxContainer/@HFlowContainer@14666/@HBoxContainer@14667/@Button@14671 class=Button variation=FlatButton type=FlatButton slot=hover_mirrored bg=ff40ffff border=ccccccff
LEAK control_stylebox bg_source=base border_source= path=/root/@EditorNode@18065/@Panel@14/@Control@40/SpriteFrames/@HSplitContainer@14628/@VBoxContainer@14663/@MarginContainer@14665/VBoxContainer/@HFlowContainer@14666/@HBoxContainer@14667/@Button@14671 class=Button variation=FlatButton type=FlatButton slot=hover_pressed_mirrored bg=ff40ffff border=ccccccff
LEAK control_stylebox bg_source=base border_source= path=/root/@EditorNode@18065/@Panel@14/@Control@40/SpriteFrames/@HSplitContainer@14628/@VBoxContainer@14663/@MarginContainer@14665/VBoxContainer/@HFlowContainer@14666/@HBoxContainer@14667/@Button@14671 class=Button variation=FlatButton type=FlatButton slot=pressed_mirrored bg=ff40ffff border=ccccccff
LEAK control_stylebox bg_source=base border_source= path=/root/@EditorNode@18065/@Panel@14/@Control@40/SpriteFrames/@HSplitContainer@14628/@VBoxContainer@14663/@MarginContainer@14665/VBoxContainer/@HFlowContainer@14666/@HBoxContainer@14667/@Button@14672 class=Button variation=FlatButton type=Button slot=hover_mirrored bg=ff40ffff border=ccccccff
LEAK control_stylebox bg_source=base border_source= path=/root/@EditorNode@18065/@Panel@14/@Control@40/SpriteFrames/@HSplitContainer@14628/@VBoxContainer@14663/@MarginContainer@14665/VBoxContainer/@HFlowContainer@14666/@HBoxContainer@14667/@Button@14672 class=Button variation=FlatButton type=Button slot=hover_pressed_mirrored bg=ff40ffff border=ccccccff
LEAK control_stylebox bg_source=base border_source= path=/root/@EditorNode@18065/@Panel@14/@Control@40/SpriteFrames/@HSplitContainer@14628/@VBoxContainer@14663/@MarginContainer@14665/VBoxContainer/@HFlowContainer@14666/@HBoxContainer@14667/@Button@14672 class=Button variation=FlatButton type=Button slot=pressed_mirrored bg=ff40ffff border=ccccccff
LEAK control_stylebox bg_source=base border_source= path=/root/@EditorNode@18065/@Panel@14/@Control@40/SpriteFrames/@HSplitContainer@14628/@VBoxContainer@14663/@MarginContainer@14665/VBoxContainer/@HFlowContainer@14666/@HBoxContainer@14667/@Button@14672 class=Button variation=FlatButton type=FlatButton slot=hover_mirrored bg=ff40ffff border=ccccccff
LEAK control_stylebox bg_source=base border_source= path=/root/@EditorNode@18065/@Panel@14/@Control@40/SpriteFrames/@HSplitContainer@14628/@VBoxContainer@14663/@MarginContainer@14665/VBoxContainer/@HFlowContainer@14666/@HBoxContainer@14667/@Button@14672 class=Button variation=FlatButton type=FlatButton slot=hover_pressed_mirrored bg=ff40ffff border=ccccccff
LEAK control_stylebox bg_source=base border_source= path=/root/@EditorNode@18065/@Panel@14/@Control@40/SpriteFrames/@HSplitContainer@14628/@VBoxContainer@14663/@MarginContainer@14665/VBoxContainer/@HFlowContainer@14666/@HBoxContainer@14667/@Button@14672 class=Button variation=FlatButton type=FlatButton slot=pressed_mirrored bg=ff40ffff border=ccccccff
LEAK control_stylebox bg_source=base border_source= path=/root/@EditorNode@18065/@Panel@14/@Control@40/SpriteFrames/@HSplitContainer@14628/@VBoxContainer@14663/@MarginContainer@14665/VBoxContainer/@HFlowContainer@14666/@HBoxContainer@14674/@Button@14675 class=Button variation=FlatButton type=Button slot=hover_mirrored bg=ff40ffff border=ccccccff
LEAK control_stylebox bg_source=base border_source= path=/root/@EditorNode@18065/@Panel@14/@Control@40/SpriteFrames/@HSplitContainer@14628/@VBoxContainer@14663/@MarginContainer@14665/VBoxContainer/@HFlowContainer@14666/@HBoxContainer@14674/@Button@14675 class=Button variation=FlatButton type=Button slot=hover_pressed_mirrored bg=ff40ffff border=ccccccff
LEAK control_stylebox bg_source=base border_source= path=/root/@EditorNode@18065/@Panel@14/@Control@40/SpriteFrames/@HSplitContainer@14628/@VBoxContainer@14663/@MarginContainer@14665/VBoxContainer/@HFlowContainer@14666/@HBoxContainer@14674/@Button@14675 class=Button variation=FlatButton type=Button slot=pressed_mirrored bg=ff40ffff border=ccccccff
LEAK control_stylebox bg_source=base border_source= path=/root/@EditorNode@18065/@Panel@14/@Control@40/SpriteFrames/@HSplitContainer@14628/@VBoxContainer@14663/@MarginContainer@14665/VBoxContainer/@HFlowContainer@14666/@HBoxContainer@14674/@Button@14675 class=Button variation=FlatButton type=FlatButton slot=hover_mirrored bg=ff40ffff border=ccccccff
LEAK control_stylebox bg_source=base border_source= path=/root/@EditorNode@18065/@Panel@14/@Control@40/SpriteFrames/@HSplitContainer@14628/@VBoxContainer@14663/@MarginContainer@14665/VBoxContainer/@HFlowContainer@14666/@HBoxContainer@14674/@Button@14675 class=Button variation=FlatButton type=FlatButton slot=hover_pressed_mirrored bg=ff40ffff border=ccccccff
LEAK control_stylebox bg_source=base border_source= path=/root/@EditorNode@18065/@Panel@14/@Control@40/SpriteFrames/@HSplitContainer@14628/@VBoxContainer@14663/@MarginContainer@14665/VBoxContainer/@HFlowContainer@14666/@HBoxContainer@14674/@Button@14675 class=Button variation=FlatButton type=FlatButton slot=pressed_mirrored bg=ff40ffff border=ccccccff
LEAK control_stylebox bg_source=base border_source= path=/root/@EditorNode@18065/@Panel@14/@Control@40/SpriteFrames/@HSplitContainer@14628/@VBoxContainer@14663/@MarginContainer@14665/VBoxContainer/@HFlowContainer@14666/@HBoxContainer@14674/@Button@14676 class=Button variation=FlatButton type=Button slot=hover_mirrored bg=ff40ffff border=ccccccff
LEAK control_stylebox bg_source=base border_source= path=/root/@EditorNode@18065/@Panel@14/@Control@40/SpriteFrames/@HSplitContainer@14628/@VBoxContainer@14663/@MarginContainer@14665/VBoxContainer/@HFlowContainer@14666/@HBoxContainer@14674/@Button@14676 class=Button variation=FlatButton type=Button slot=hover_pressed_mirrored bg=ff40ffff border=ccccccff
LEAK control_stylebox bg_source=base border_source= path=/root/@EditorNode@18065/@Panel@14/@Control@40/SpriteFrames/@HSplitContainer@14628/@VBoxContainer@14663/@MarginContainer@14665/VBoxContainer/@HFlowContainer@14666/@HBoxContainer@14674/@Button@14676 class=Button variation=FlatButton type=Button slot=pressed_mirrored bg=ff40ffff border=ccccccff
LEAK control_stylebox bg_source=base border_source= path=/root/@EditorNode@18065/@Panel@14/@Control@40/SpriteFrames/@HSplitContainer@14628/@VBoxContainer@14663/@MarginContainer@14665/VBoxContainer/@HFlowContainer@14666/@HBoxContainer@14674/@Button@14676 class=Button variation=FlatButton type=FlatButton slot=hover_mirrored bg=ff40ffff border=ccccccff
LEAK control_stylebox bg_source=base border_source= path=/root/@EditorNode@18065/@Panel@14/@Control@40/SpriteFrames/@HSplitContainer@14628/@VBoxContainer@14663/@MarginContainer@14665/VBoxContainer/@HFlowContainer@14666/@HBoxContainer@14674/@Button@14676 class=Button variation=FlatButton type=FlatButton slot=hover_pressed_mirrored bg=ff40ffff border=ccccccff
LEAK control_stylebox bg_source=base border_source= path=/root/@EditorNode@18065/@Panel@14/@Control@40/SpriteFrames/@HSplitContainer@14628/@VBoxContainer@14663/@MarginContainer@14665/VBoxContainer/@HFlowContainer@14666/@HBoxContainer@14674/@Button@14676 class=Button variation=FlatButton type=FlatButton slot=pressed_mirrored bg=ff40ffff border=ccccccff
LEAK control_stylebox bg_source=base border_source= path=/root/@EditorNode@18065/@Panel@14/@Control@40/SpriteFrames/@HSplitContainer@14628/@VBoxContainer@14663/@MarginContainer@14665/VBoxContainer/@HFlowContainer@14666/@HBoxContainer@14674/@Button@14678 class=Button variation=FlatButton type=Button slot=hover_mirrored bg=ff40ffff border=ccccccff
LEAK control_stylebox bg_source=base border_source= path=/root/@EditorNode@18065/@Panel@14/@Control@40/SpriteFrames/@HSplitContainer@14628/@VBoxContainer@14663/@MarginContainer@14665/VBoxContainer/@HFlowContainer@14666/@HBoxContainer@14674/@Button@14678 class=Button variation=FlatButton type=Button slot=hover_pressed_mirrored bg=ff40ffff border=ccccccff
LEAK control_stylebox bg_source=base border_source= path=/root/@EditorNode@18065/@Panel@14/@Control@40/SpriteFrames/@HSplitContainer@14628/@VBoxContainer@14663/@MarginContainer@14665/VBoxContainer/@HFlowContainer@14666/@HBoxContainer@14674/@Button@14678 class=Button variation=FlatButton type=Button slot=pressed_mirrored bg=ff40ffff border=ccccccff
LEAK control_stylebox bg_source=base border_source= path=/root/@EditorNode@18065/@Panel@14/@Control@40/SpriteFrames/@HSplitContainer@14628/@VBoxContainer@14663/@MarginContainer@14665/VBoxContainer/@HFlowContainer@14666/@HBoxContainer@14674/@Button@14678 class=Button variation=FlatButton type=FlatButton slot=hover_mirrored bg=ff40ffff border=ccccccff
LEAK control_stylebox bg_source=base border_source= path=/root/@EditorNode@18065/@Panel@14/@Control@40/SpriteFrames/@HSplitContainer@14628/@VBoxContainer@14663/@MarginContainer@14665/VBoxContainer/@HFlowContainer@14666/@HBoxContainer@14674/@Button@14678 class=Button variation=FlatButton type=FlatButton slot=hover_pressed_mirrored bg=ff40ffff border=ccccccff
LEAK control_stylebox bg_source=base border_source= path=/root/@EditorNode@18065/@Panel@14/@Control@40/SpriteFrames/@HSplitContainer@14628/@VBoxContainer@14663/@MarginContainer@14665/VBoxContainer/@HFlowContainer@14666/@HBoxContainer@14674/@Button@14678 class=Button variation=FlatButton type=FlatButton slot=pressed_mirrored bg=ff40ffff border=ccccccff
LEAK control_stylebox bg_source=base border_source= path=/root/@EditorNode@18065/@Panel@14/@Control@40/SpriteFrames/@HSplitContainer@14628/@VBoxContainer@14663/@MarginContainer@14665/VBoxContainer/@HFlowContainer@14666/@HBoxContainer@14674/@Button@14679 class=Button variation=FlatButton type=Button slot=hover_mirrored bg=ff40ffff border=ccccccff
LEAK control_stylebox bg_source=base border_source= path=/root/@EditorNode@18065/@Panel@14/@Control@40/SpriteFrames/@HSplitContainer@14628/@VBoxContainer@14663/@MarginContainer@14665/VBoxContainer/@HFlowContainer@14666/@HBoxContainer@14674/@Button@14679 class=Button variation=FlatButton type=Button slot=hover_pressed_mirrored bg=ff40ffff border=ccccccff
LEAK control_stylebox bg_source=base border_source= path=/root/@EditorNode@18065/@Panel@14/@Control@40/SpriteFrames/@HSplitContainer@14628/@VBoxContainer@14663/@MarginContainer@14665/VBoxContainer/@HFlowContainer@14666/@HBoxContainer@14674/@Button@14679 class=Button variation=FlatButton type=Button slot=pressed_mirrored bg=ff40ffff border=ccccccff
LEAK control_stylebox bg_source=base border_source= path=/root/@EditorNode@18065/@Panel@14/@Control@40/SpriteFrames/@HSplitContainer@14628/@VBoxContainer@14663/@MarginContainer@14665/VBoxContainer/@HFlowContainer@14666/@HBoxContainer@14674/@Button@14679 class=Button variation=FlatButton type=FlatButton slot=hover_mirrored bg=ff40ffff border=ccccccff
LEAK control_stylebox bg_source=base border_source= path=/root/@EditorNode@18065/@Panel@14/@Control@40/SpriteFrames/@HSplitContainer@14628/@VBoxContainer@14663/@MarginContainer@14665/VBoxContainer/@HFlowContainer@14666/@HBoxContainer@14674/@Button@14679 class=Button variation=FlatButton type=FlatButton slot=hover_pressed_mirrored bg=ff40ffff border=ccccccff
LEAK control_stylebox bg_source=base border_source= path=/root/@EditorNode@18065/@Panel@14/@Control@40/SpriteFrames/@HSplitContainer@14628/@VBoxContainer@14663/@MarginContainer@14665/VBoxContainer/@HFlowContainer@14666/@HBoxContainer@14674/@Button@14679 class=Button variation=FlatButton type=FlatButton slot=pressed_mirrored bg=ff40ffff border=ccccccff
LEAK control_stylebox bg_source=base border_source= path=/root/@EditorNode@18065/@Panel@14/@Control@40/SpriteFrames/@HSplitContainer@14628/@VBoxContainer@14663/@MarginContainer@14665/VBoxContainer/@HFlowContainer@14666/@HBoxContainer@14674/@Button@14681 class=Button variation=FlatButton type=Button slot=hover_mirrored bg=ff40ffff border=ccccccff
LEAK control_stylebox bg_source=base border_source= path=/root/@EditorNode@18065/@Panel@14/@Control@40/SpriteFrames/@HSplitContainer@14628/@VBoxContainer@14663/@MarginContainer@14665/VBoxContainer/@HFlowContainer@14666/@HBoxContainer@14674/@Button@14681 class=Button variation=FlatButton type=Button slot=hover_pressed_mirrored bg=ff40ffff border=ccccccff
LEAK control_stylebox bg_source=base border_source= path=/root/@EditorNode@18065/@Panel@14/@Control@40/SpriteFrames/@HSplitContainer@14628/@VBoxContainer@14663/@MarginContainer@14665/VBoxContainer/@HFlowContainer@14666/@HBoxContainer@14674/@Button@14681 class=Button variation=FlatButton type=Button slot=pressed_mirrored bg=ff40ffff border=ccccccff
LEAK control_stylebox bg_source=base border_source= path=/root/@EditorNode@18065/@Panel@14/@Control@40/SpriteFrames/@HSplitContainer@14628/@VBoxContainer@14663/@MarginContainer@14665/VBoxContainer/@HFlowContainer@14666/@HBoxContainer@14674/@Button@14681 class=Button variation=FlatButton type=FlatButton slot=hover_mirrored bg=ff40ffff border=ccccccff
LEAK control_stylebox bg_source=base border_source= path=/root/@EditorNode@18065/@Panel@14/@Control@40/SpriteFrames/@HSplitContainer@14628/@VBoxContainer@14663/@MarginContainer@14665/VBoxContainer/@HFlowContainer@14666/@HBoxContainer@14674/@Button@14681 class=Button variation=FlatButton type=FlatButton slot=hover_pressed_mirrored bg=ff40ffff border=ccccccff
LEAK control_stylebox bg_source=base border_source= path=/root/@EditorNode@18065/@Panel@14/@Control@40/SpriteFrames/@HSplitContainer@14628/@VBoxContainer@14663/@MarginContainer@14665/VBoxContainer/@HFlowContainer@14666/@HBoxContainer@14674/@Button@14681 class=Button variation=FlatButton type=FlatButton slot=pressed_mirrored bg=ff40ffff border=ccccccff
LEAK control_stylebox bg_source=base border_source= path=/root/@EditorNode@18065/@Panel@14/@Control@40/SpriteFrames/@HSplitContainer@14628/@VBoxContainer@14663/@MarginContainer@14665/VBoxContainer/@HFlowContainer@14666/@HBoxContainer@14674/@Button@14682 class=Button variation=FlatButton type=Button slot=hover_mirrored bg=ff40ffff border=ccccccff
LEAK control_stylebox bg_source=base border_source= path=/root/@EditorNode@18065/@Panel@14/@Control@40/SpriteFrames/@HSplitContainer@14628/@VBoxContainer@14663/@MarginContainer@14665/VBoxContainer/@HFlowContainer@14666/@HBoxContainer@14674/@Button@14682 class=Button variation=FlatButton type=Button slot=hover_pressed_mirrored bg=ff40ffff border=ccccccff
LEAK control_stylebox bg_source=base border_source= path=/root/@EditorNode@18065/@Panel@14/@Control@40/SpriteFrames/@HSplitContainer@14628/@VBoxContainer@14663/@MarginContainer@14665/VBoxContainer/@HFlowContainer@14666/@HBoxContainer@14674/@Button@14682 class=Button variation=FlatButton type=Button slot=pressed_mirrored bg=ff40ffff border=ccccccff
LEAK control_stylebox bg_source=base border_source= path=/root/@EditorNode@18065/@Panel@14/@Control@40/SpriteFrames/@HSplitContainer@14628/@VBoxContainer@14663/@MarginContainer@14665/VBoxContainer/@HFlowContainer@14666/@HBoxContainer@14674/@Button@14682 class=Button variation=FlatButton type=FlatButton slot=hover_mirrored bg=ff40ffff border=ccccccff
LEAK control_stylebox bg_source=base border_source= path=/root/@EditorNode@18065/@Panel@14/@Control@40/SpriteFrames/@HSplitContainer@14628/@VBoxContainer@14663/@MarginContainer@14665/VBoxContainer/@HFlowContainer@14666/@HBoxContainer@14674/@Button@14682 class=Button variation=FlatButton type=FlatButton slot=hover_pressed_mirrored bg=ff40ffff border=ccccccff
LEAK control_stylebox bg_source=base border_source= path=/root/@EditorNode@18065/@Panel@14/@Control@40/SpriteFrames/@HSplitContainer@14628/@VBoxContainer@14663/@MarginContainer@14665/VBoxContainer/@HFlowContainer@14666/@HBoxContainer@14674/@Button@14682 class=Button variation=FlatButton type=FlatButton slot=pressed_mirrored bg=ff40ffff border=ccccccff
LEAK control_stylebox bg_source=base border_source= path=/root/@EditorNode@18065/@Panel@14/@Control@40/SpriteFrames/@HSplitContainer@14628/@VBoxContainer@14663/@MarginContainer@14665/VBoxContainer/@HFlowContainer@14666/@HBoxContainer@14674/@Button@14684 class=Button variation=FlatButton type=Button slot=hover_mirrored bg=ff40ffff border=ccccccff
LEAK control_stylebox bg_source=base border_source= path=/root/@EditorNode@18065/@Panel@14/@Control@40/SpriteFrames/@HSplitContainer@14628/@VBoxContainer@14663/@MarginContainer@14665/VBoxContainer/@HFlowContainer@14666/@HBoxContainer@14674/@Button@14684 class=Button variation=FlatButton type=Button slot=hover_pressed_mirrored bg=ff40ffff border=ccccccff
LEAK control_stylebox bg_source=base border_source= path=/root/@EditorNode@18065/@Panel@14/@Control@40/SpriteFrames/@HSplitContainer@14628/@VBoxContainer@14663/@MarginContainer@14665/VBoxContainer/@HFlowContainer@14666/@HBoxContainer@14674/@Button@14684 class=Button variation=FlatButton type=Button slot=pressed_mirrored bg=ff40ffff border=ccccccff
LEAK control_stylebox bg_source=base border_source= path=/root/@EditorNode@18065/@Panel@14/@Control@40/SpriteFrames/@HSplitContainer@14628/@VBoxContainer@14663/@MarginContainer@14665/VBoxContainer/@HFlowContainer@14666/@HBoxContainer@14674/@Button@14684 class=Button variation=FlatButton type=FlatButton slot=hover_mirrored bg=ff40ffff border=ccccccff
LEAK control_stylebox bg_source=base border_source= path=/root/@EditorNode@18065/@Panel@14/@Control@40/SpriteFrames/@HSplitContainer@14628/@VBoxContainer@14663/@MarginContainer@14665/VBoxContainer/@HFlowContainer@14666/@HBoxContainer@14674/@Button@14684 class=Button variation=FlatButton type=FlatButton slot=hover_pressed_mirrored bg=ff40ffff border=ccccccff
LEAK control_stylebox bg_source=base border_source= path=/root/@EditorNode@18065/@Panel@14/@Control@40/SpriteFrames/@HSplitContainer@14628/@VBoxContainer@14663/@MarginContainer@14665/VBoxContainer/@HFlowContainer@14666/@HBoxContainer@14674/@Button@14684 class=Button variation=FlatButton type=FlatButton slot=pressed_mirrored bg=ff40ffff border=ccccccff
LEAK control_stylebox bg_source=base border_source= path=/root/@EditorNode@18065/@Panel@14/@Control@40/SpriteFrames/@HSplitContainer@14628/@VBoxContainer@14663/@MarginContainer@14665/VBoxContainer/@HFlowContainer@14666/@HBoxContainer@14674/@Button@14685 class=Button variation=FlatButton type=Button slot=hover_mirrored bg=ff40ffff border=ccccccff
LEAK control_stylebox bg_source=base border_source= path=/root/@EditorNode@18065/@Panel@14/@Control@40/SpriteFrames/@HSplitContainer@14628/@VBoxContainer@14663/@MarginContainer@14665/VBoxContainer/@HFlowContainer@14666/@HBoxContainer@14674/@Button@14685 class=Button variation=FlatButton type=Button slot=hover_pressed_mirrored bg=ff40ffff border=ccccccff
LEAK control_stylebox bg_source=base border_source= path=/root/@EditorNode@18065/@Panel@14/@Control@40/SpriteFrames/@HSplitContainer@14628/@VBoxContainer@14663/@MarginContainer@14665/VBoxContainer/@HFlowContainer@14666/@HBoxContainer@14674/@Button@14685 class=Button variation=FlatButton type=Button slot=pressed_mirrored bg=ff40ffff border=ccccccff
LEAK control_stylebox bg_source=base border_source= path=/root/@EditorNode@18065/@Panel@14/@Control@40/SpriteFrames/@HSplitContainer@14628/@VBoxContainer@14663/@MarginContainer@14665/VBoxContainer/@HFlowContainer@14666/@HBoxContainer@14674/@Button@14685 class=Button variation=FlatButton type=FlatButton slot=hover_mirrored bg=ff40ffff border=ccccccff
LEAK control_stylebox bg_source=base border_source= path=/root/@EditorNode@18065/@Panel@14/@Control@40/SpriteFrames/@HSplitContainer@14628/@VBoxContainer@14663/@MarginContainer@14665/VBoxContainer/@HFlowContainer@14666/@HBoxContainer@14674/@Button@14685 class=Button variation=FlatButton type=FlatButton slot=hover_pressed_mirrored bg=ff40ffff border=ccccccff
LEAK control_stylebox bg_source=base border_source= path=/root/@EditorNode@18065/@Panel@14/@Control@40/SpriteFrames/@HSplitContainer@14628/@VBoxContainer@14663/@MarginContainer@14665/VBoxContainer/@HFlowContainer@14666/@HBoxContainer@14674/@Button@14685 class=Button variation=FlatButton type=FlatButton slot=pressed_mirrored bg=ff40ffff border=ccccccff
LEAK control_stylebox bg_source=base border_source= path=/root/@EditorNode@18065/@Panel@14/@Control@40/SpriteFrames/@HSplitContainer@14628/@VBoxContainer@14663/@MarginContainer@14665/VBoxContainer/@HFlowContainer@14666/@HBoxContainer@14674/@Button@14686 class=Button variation=FlatButton type=Button slot=hover_mirrored bg=ff40ffff border=ccccccff
LEAK control_stylebox bg_source=base border_source= path=/root/@EditorNode@18065/@Panel@14/@Control@40/SpriteFrames/@HSplitContainer@14628/@VBoxContainer@14663/@MarginContainer@14665/VBoxContainer/@HFlowContainer@14666/@HBoxContainer@14674/@Button@14686 class=Button variation=FlatButton type=Button slot=hover_pressed_mirrored bg=ff40ffff border=ccccccff
LEAK control_stylebox bg_source=base border_source= path=/root/@EditorNode@18065/@Panel@14/@Control@40/SpriteFrames/@HSplitContainer@14628/@VBoxContainer@14663/@MarginContainer@14665/VBoxContainer/@HFlowContainer@14666/@HBoxContainer@14674/@Button@14686 class=Button variation=FlatButton type=Button slot=pressed_mirrored bg=ff40ffff border=ccccccff
LEAK control_stylebox bg_source=base border_source= path=/root/@EditorNode@18065/@Panel@14/@Control@40/SpriteFrames/@HSplitContainer@14628/@VBoxContainer@14663/@MarginContainer@14665/VBoxContainer/@HFlowContainer@14666/@HBoxContainer@14674/@Button@14686 class=Button variation=FlatButton type=FlatButton slot=hover_mirrored bg=ff40ffff border=ccccccff
LEAK control_stylebox bg_source=base border_source= path=/root/@EditorNode@18065/@Panel@14/@Control@40/SpriteFrames/@HSplitContainer@14628/@VBoxContainer@14663/@MarginContainer@14665/VBoxContainer/@HFlowContainer@14666/@HBoxContainer@14674/@Button@14686 class=Button variation=FlatButton type=FlatButton slot=hover_pressed_mirrored bg=ff40ffff border=ccccccff
LEAK control_stylebox bg_source=base border_source= path=/root/@EditorNode@18065/@Panel@14/@Control@40/SpriteFrames/@HSplitContainer@14628/@VBoxContainer@14663/@MarginContainer@14665/VBoxContainer/@HFlowContainer@14666/@HBoxContainer@14674/@Button@14686 class=Button variation=FlatButton type=FlatButton slot=pressed_mirrored bg=ff40ffff border=ccccccff
LEAK control_stylebox bg_source=base border_source= path=/root/@EditorNode@18065/@Panel@14/@Control@40/Theme/@VBoxContainer@15135/@HSplitContainer@15775/@ThemeTypeEditor@16015/@VBoxContainer@15145/@TabContainer@15175/@VBoxContainer@15176/@ScrollContainer@15179 class=ScrollContainer variation=ScrollContainerSecondary type=ScrollContainerSecondary slot=panel bg=c200c2ff border=ccccccff
LEAK control_stylebox bg_source=base border_source= path=/root/@EditorNode@18065/@Panel@14/@Control@40/Theme/@VBoxContainer@15135/@HSplitContainer@15775/@ThemeTypeEditor@16015/@VBoxContainer@15145/@TabContainer@15175/@VBoxContainer@15184/@ScrollContainer@15187 class=ScrollContainer variation=ScrollContainerSecondary type=ScrollContainerSecondary slot=panel bg=c200c2ff border=ccccccff
LEAK control_stylebox bg_source=base border_source= path=/root/@EditorNode@18065/@Panel@14/@Control@40/Theme/@VBoxContainer@15135/@HSplitContainer@15775/@ThemeTypeEditor@16015/@VBoxContainer@15145/@TabContainer@15175/@VBoxContainer@15192/@ScrollContainer@15195 class=ScrollContainer variation=ScrollContainerSecondary type=ScrollContainerSecondary slot=panel bg=c200c2ff border=ccccccff
LEAK control_stylebox bg_source=base border_source= path=/root/@EditorNode@18065/@Panel@14/@Control@40/Theme/@VBoxContainer@15135/@HSplitContainer@15775/@ThemeTypeEditor@16015/@VBoxContainer@15145/@TabContainer@15175/@VBoxContainer@15200/@ScrollContainer@15203 class=ScrollContainer variation=ScrollContainerSecondary type=ScrollContainerSecondary slot=panel bg=c200c2ff border=ccccccff
LEAK control_stylebox bg_source=base border_source= path=/root/@EditorNode@18065/@Panel@14/@Control@40/Theme/@VBoxContainer@15135/@HSplitContainer@15775/@ThemeTypeEditor@16015/@VBoxContainer@15145/@TabContainer@15175/@VBoxContainer@15208/@ScrollContainer@15211 class=ScrollContainer variation=ScrollContainerSecondary type=ScrollContainerSecondary slot=panel bg=c200c2ff border=ccccccff
LEAK control_stylebox bg_source=base border_source= path=/root/@EditorNode@18065/@Panel@14/@Control@40/Theme/@VBoxContainer@15135/@HSplitContainer@15775/@ThemeTypeEditor@16015/@VBoxContainer@15145/@TabContainer@15175/@VBoxContainer@15216/@ScrollContainer@15219 class=ScrollContainer variation=ScrollContainerSecondary type=ScrollContainerSecondary slot=panel bg=c200c2ff border=ccccccff
LEAK control_stylebox bg_source=base border_source= path=/root/@EditorNode@18065/@Panel@14/@Control@40/Theme/@VBoxContainer@15135/@HSplitContainer@15775/@VBoxContainer@15776/@PanelContainer@15777 class=PanelContainer variation=PanelContainerTabbarInner type=PanelContainerTabbarInner slot=panel bg=910f91ff border=ccccccff
LEAK control_stylebox bg_source=base border_source= path=/root/@EditorNode@18065/@Panel@14/@Control@40/Theme/@VBoxContainer@15135/@HSplitContainer@15775/@VBoxContainer@15776/@PanelContainer@15779/@DefaultThemeEditorPreview@15873/@HBoxContainer@15784/@Button@15785 class=Button variation=FlatButton type=Button slot=hover_mirrored bg=ff40ffff border=ccccccff
LEAK control_stylebox bg_source=base border_source= path=/root/@EditorNode@18065/@Panel@14/@Control@40/Theme/@VBoxContainer@15135/@HSplitContainer@15775/@VBoxContainer@15776/@PanelContainer@15779/@DefaultThemeEditorPreview@15873/@HBoxContainer@15784/@Button@15785 class=Button variation=FlatButton type=Button slot=hover_pressed_mirrored bg=ff40ffff border=ccccccff
LEAK control_stylebox bg_source=base border_source= path=/root/@EditorNode@18065/@Panel@14/@Control@40/Theme/@VBoxContainer@15135/@HSplitContainer@15775/@VBoxContainer@15776/@PanelContainer@15779/@DefaultThemeEditorPreview@15873/@HBoxContainer@15784/@Button@15785 class=Button variation=FlatButton type=Button slot=pressed_mirrored bg=ff40ffff border=ccccccff
LEAK control_stylebox bg_source=base border_source= path=/root/@EditorNode@18065/@Panel@14/@Control@40/Theme/@VBoxContainer@15135/@HSplitContainer@15775/@VBoxContainer@15776/@PanelContainer@15779/@DefaultThemeEditorPreview@15873/@HBoxContainer@15784/@Button@15785 class=Button variation=FlatButton type=FlatButton slot=hover_mirrored bg=ff40ffff border=ccccccff
LEAK control_stylebox bg_source=base border_source= path=/root/@EditorNode@18065/@Panel@14/@Control@40/Theme/@VBoxContainer@15135/@HSplitContainer@15775/@VBoxContainer@15776/@PanelContainer@15779/@DefaultThemeEditorPreview@15873/@HBoxContainer@15784/@Button@15785 class=Button variation=FlatButton type=FlatButton slot=hover_pressed_mirrored bg=ff40ffff border=ccccccff
LEAK control_stylebox bg_source=base border_source= path=/root/@EditorNode@18065/@Panel@14/@Control@40/Theme/@VBoxContainer@15135/@HSplitContainer@15775/@VBoxContainer@15776/@PanelContainer@15779/@DefaultThemeEditorPreview@15873/@HBoxContainer@15784/@Button@15785 class=Button variation=FlatButton type=FlatButton slot=pressed_mirrored bg=ff40ffff border=ccccccff
LEAK control_stylebox bg_source=base border_source= path=/root/@EditorNode@18065/@Panel@14/@Control@40/TileMap/@GridContainer@17304/@FlowContainer@17411/@BoxContainer@17415/@Button@17305 class=Button variation=FlatButton type=Button slot=hover_mirrored bg=ff40ffff border=ccccccff
LEAK control_stylebox bg_source=base border_source= path=/root/@EditorNode@18065/@Panel@14/@Control@40/TileMap/@GridContainer@17304/@FlowContainer@17411/@BoxContainer@17415/@Button@17305 class=Button variation=FlatButton type=Button slot=hover_pressed_mirrored bg=ff40ffff border=ccccccff
LEAK control_stylebox bg_source=base border_source= path=/root/@EditorNode@18065/@Panel@14/@Control@40/TileMap/@GridContainer@17304/@FlowContainer@17411/@BoxContainer@17415/@Button@17305 class=Button variation=FlatButton type=Button slot=pressed_mirrored bg=ff40ffff border=ccccccff
LEAK control_stylebox bg_source=base border_source= path=/root/@EditorNode@18065/@Panel@14/@Control@40/TileMap/@GridContainer@17304/@FlowContainer@17411/@BoxContainer@17415/@Button@17305 class=Button variation=FlatButton type=FlatButton slot=hover_mirrored bg=ff40ffff border=ccccccff
LEAK control_stylebox bg_source=base border_source= path=/root/@EditorNode@18065/@Panel@14/@Control@40/TileMap/@GridContainer@17304/@FlowContainer@17411/@BoxContainer@17415/@Button@17305 class=Button variation=FlatButton type=FlatButton slot=hover_pressed_mirrored bg=ff40ffff border=ccccccff
LEAK control_stylebox bg_source=base border_source= path=/root/@EditorNode@18065/@Panel@14/@Control@40/TileMap/@GridContainer@17304/@FlowContainer@17411/@BoxContainer@17415/@Button@17305 class=Button variation=FlatButton type=FlatButton slot=pressed_mirrored bg=ff40ffff border=ccccccff
LEAK control_stylebox bg_source=base border_source= path=/root/@EditorNode@18065/@Panel@14/@Control@40/TileMap/@GridContainer@17304/@FlowContainer@17411/@BoxContainer@17415/@Button@17306 class=Button variation=FlatButton type=Button slot=hover_mirrored bg=ff40ffff border=ccccccff
LEAK control_stylebox bg_source=base border_source= path=/root/@EditorNode@18065/@Panel@14/@Control@40/TileMap/@GridContainer@17304/@FlowContainer@17411/@BoxContainer@17415/@Button@17306 class=Button variation=FlatButton type=Button slot=hover_pressed_mirrored bg=ff40ffff border=ccccccff
LEAK control_stylebox bg_source=base border_source= path=/root/@EditorNode@18065/@Panel@14/@Control@40/TileMap/@GridContainer@17304/@FlowContainer@17411/@BoxContainer@17415/@Button@17306 class=Button variation=FlatButton type=Button slot=pressed_mirrored bg=ff40ffff border=ccccccff
LEAK control_stylebox bg_source=base border_source= path=/root/@EditorNode@18065/@Panel@14/@Control@40/TileMap/@GridContainer@17304/@FlowContainer@17411/@BoxContainer@17415/@Button@17306 class=Button variation=FlatButton type=FlatButton slot=hover_mirrored bg=ff40ffff border=ccccccff
LEAK control_stylebox bg_source=base border_source= path=/root/@EditorNode@18065/@Panel@14/@Control@40/TileMap/@GridContainer@17304/@FlowContainer@17411/@BoxContainer@17415/@Button@17306 class=Button variation=FlatButton type=FlatButton slot=hover_pressed_mirrored bg=ff40ffff border=ccccccff
LEAK control_stylebox bg_source=base border_source= path=/root/@EditorNode@18065/@Panel@14/@Control@40/TileMap/@GridContainer@17304/@FlowContainer@17411/@BoxContainer@17415/@Button@17306 class=Button variation=FlatButton type=FlatButton slot=pressed_mirrored bg=ff40ffff border=ccccccff
LEAK control_stylebox bg_source=base border_source= path=/root/@EditorNode@18065/@Panel@14/@Control@40/TileMap/@GridContainer@17304/@FlowContainer@17411/@BoxContainer@17415/@Button@17307 class=Button variation=FlatButton type=Button slot=hover_mirrored bg=ff40ffff border=ccccccff
LEAK control_stylebox bg_source=base border_source= path=/root/@EditorNode@18065/@Panel@14/@Control@40/TileMap/@GridContainer@17304/@FlowContainer@17411/@BoxContainer@17415/@Button@17307 class=Button variation=FlatButton type=Button slot=hover_pressed_mirrored bg=ff40ffff border=ccccccff
LEAK control_stylebox bg_source=base border_source= path=/root/@EditorNode@18065/@Panel@14/@Control@40/TileMap/@GridContainer@17304/@FlowContainer@17411/@BoxContainer@17415/@Button@17307 class=Button variation=FlatButton type=Button slot=pressed_mirrored bg=ff40ffff border=ccccccff
LEAK control_stylebox bg_source=base border_source= path=/root/@EditorNode@18065/@Panel@14/@Control@40/TileMap/@GridContainer@17304/@FlowContainer@17411/@BoxContainer@17415/@Button@17307 class=Button variation=FlatButton type=FlatButton slot=hover_mirrored bg=ff40ffff border=ccccccff
LEAK control_stylebox bg_source=base border_source= path=/root/@EditorNode@18065/@Panel@14/@Control@40/TileMap/@GridContainer@17304/@FlowContainer@17411/@BoxContainer@17415/@Button@17307 class=Button variation=FlatButton type=FlatButton slot=hover_pressed_mirrored bg=ff40ffff border=ccccccff
LEAK control_stylebox bg_source=base border_source= path=/root/@EditorNode@18065/@Panel@14/@Control@40/TileMap/@GridContainer@17304/@FlowContainer@17411/@BoxContainer@17415/@Button@17307 class=Button variation=FlatButton type=FlatButton slot=pressed_mirrored bg=ff40ffff border=ccccccff
LEAK control_stylebox bg_source=base border_source= path=/root/@EditorNode@18065/@Panel@14/@Control@40/TileMap/@GridContainer@17304/@FlowContainer@17411/@BoxContainer@17415/@Button@17308 class=Button variation=FlatButton type=Button slot=hover_mirrored bg=ff40ffff border=ccccccff
LEAK control_stylebox bg_source=base border_source= path=/root/@EditorNode@18065/@Panel@14/@Control@40/TileMap/@GridContainer@17304/@FlowContainer@17411/@BoxContainer@17415/@Button@17308 class=Button variation=FlatButton type=Button slot=hover_pressed_mirrored bg=ff40ffff border=ccccccff
LEAK control_stylebox bg_source=base border_source= path=/root/@EditorNode@18065/@Panel@14/@Control@40/TileMap/@GridContainer@17304/@FlowContainer@17411/@BoxContainer@17415/@Button@17308 class=Button variation=FlatButton type=Button slot=pressed_mirrored bg=ff40ffff border=ccccccff
LEAK control_stylebox bg_source=base border_source= path=/root/@EditorNode@18065/@Panel@14/@Control@40/TileMap/@GridContainer@17304/@FlowContainer@17411/@BoxContainer@17415/@Button@17308 class=Button variation=FlatButton type=FlatButton slot=hover_mirrored bg=ff40ffff border=ccccccff
LEAK control_stylebox bg_source=base border_source= path=/root/@EditorNode@18065/@Panel@14/@Control@40/TileMap/@GridContainer@17304/@FlowContainer@17411/@BoxContainer@17415/@Button@17308 class=Button variation=FlatButton type=FlatButton slot=hover_pressed_mirrored bg=ff40ffff border=ccccccff
LEAK control_stylebox bg_source=base border_source= path=/root/@EditorNode@18065/@Panel@14/@Control@40/TileMap/@GridContainer@17304/@FlowContainer@17411/@BoxContainer@17415/@Button@17308 class=Button variation=FlatButton type=FlatButton slot=pressed_mirrored bg=ff40ffff border=ccccccff
LEAK control_stylebox bg_source=base border_source= path=/root/@EditorNode@18065/@Panel@14/@Control@40/TileMap/@GridContainer@17304/@FlowContainer@17411/@BoxContainer@17415/@Button@17309 class=Button variation=FlatButton type=Button slot=hover_mirrored bg=ff40ffff border=ccccccff
LEAK control_stylebox bg_source=base border_source= path=/root/@EditorNode@18065/@Panel@14/@Control@40/TileMap/@GridContainer@17304/@FlowContainer@17411/@BoxContainer@17415/@Button@17309 class=Button variation=FlatButton type=Button slot=hover_pressed_mirrored bg=ff40ffff border=ccccccff
LEAK control_stylebox bg_source=base border_source= path=/root/@EditorNode@18065/@Panel@14/@Control@40/TileMap/@GridContainer@17304/@FlowContainer@17411/@BoxContainer@17415/@Button@17309 class=Button variation=FlatButton type=Button slot=pressed_mirrored bg=ff40ffff border=ccccccff
LEAK control_stylebox bg_source=base border_source= path=/root/@EditorNode@18065/@Panel@14/@Control@40/TileMap/@GridContainer@17304/@FlowContainer@17411/@BoxContainer@17415/@Button@17309 class=Button variation=FlatButton type=FlatButton slot=hover_mirrored bg=ff40ffff border=ccccccff
LEAK control_stylebox bg_source=base border_source= path=/root/@EditorNode@18065/@Panel@14/@Control@40/TileMap/@GridContainer@17304/@FlowContainer@17411/@BoxContainer@17415/@Button@17309 class=Button variation=FlatButton type=FlatButton slot=hover_pressed_mirrored bg=ff40ffff border=ccccccff
LEAK control_stylebox bg_source=base border_source= path=/root/@EditorNode@18065/@Panel@14/@Control@40/TileMap/@GridContainer@17304/@FlowContainer@17411/@BoxContainer@17415/@Button@17309 class=Button variation=FlatButton type=FlatButton slot=pressed_mirrored bg=ff40ffff border=ccccccff
LEAK control_stylebox bg_source=base border_source= path=/root/@EditorNode@18065/@Panel@14/@Control@40/TileMap/@GridContainer@17304/@FlowContainer@17411/@BoxContainer@17416/@BoxContainer@17314/@Button@17318 class=Button variation=FlatButton type=Button slot=hover_mirrored bg=ff40ffff border=ccccccff
LEAK control_stylebox bg_source=base border_source= path=/root/@EditorNode@18065/@Panel@14/@Control@40/TileMap/@GridContainer@17304/@FlowContainer@17411/@BoxContainer@17416/@BoxContainer@17314/@Button@17318 class=Button variation=FlatButton type=Button slot=hover_pressed_mirrored bg=ff40ffff border=ccccccff
LEAK control_stylebox bg_source=base border_source= path=/root/@EditorNode@18065/@Panel@14/@Control@40/TileMap/@GridContainer@17304/@FlowContainer@17411/@BoxContainer@17416/@BoxContainer@17314/@Button@17318 class=Button variation=FlatButton type=Button slot=pressed_mirrored bg=ff40ffff border=ccccccff
LEAK control_stylebox bg_source=base border_source= path=/root/@EditorNode@18065/@Panel@14/@Control@40/TileMap/@GridContainer@17304/@FlowContainer@17411/@BoxContainer@17416/@BoxContainer@17314/@Button@17318 class=Button variation=FlatButton type=FlatButton slot=hover_mirrored bg=ff40ffff border=ccccccff
LEAK control_stylebox bg_source=base border_source= path=/root/@EditorNode@18065/@Panel@14/@Control@40/TileMap/@GridContainer@17304/@FlowContainer@17411/@BoxContainer@17416/@BoxContainer@17314/@Button@17318 class=Button variation=FlatButton type=FlatButton slot=hover_pressed_mirrored bg=ff40ffff border=ccccccff
LEAK control_stylebox bg_source=base border_source= path=/root/@EditorNode@18065/@Panel@14/@Control@40/TileMap/@GridContainer@17304/@FlowContainer@17411/@BoxContainer@17416/@BoxContainer@17314/@Button@17318 class=Button variation=FlatButton type=FlatButton slot=pressed_mirrored bg=ff40ffff border=ccccccff
LEAK control_stylebox bg_source=base border_source= path=/root/@EditorNode@18065/@Panel@14/@Control@40/TileMap/@GridContainer@17304/@FlowContainer@17411/@BoxContainer@17416/@BoxContainer@17314/@Button@17319 class=Button variation=FlatButton type=Button slot=hover_mirrored bg=ff40ffff border=ccccccff
LEAK control_stylebox bg_source=base border_source= path=/root/@EditorNode@18065/@Panel@14/@Control@40/TileMap/@GridContainer@17304/@FlowContainer@17411/@BoxContainer@17416/@BoxContainer@17314/@Button@17319 class=Button variation=FlatButton type=Button slot=hover_pressed_mirrored bg=ff40ffff border=ccccccff
LEAK control_stylebox bg_source=base border_source= path=/root/@EditorNode@18065/@Panel@14/@Control@40/TileMap/@GridContainer@17304/@FlowContainer@17411/@BoxContainer@17416/@BoxContainer@17314/@Button@17319 class=Button variation=FlatButton type=Button slot=pressed_mirrored bg=ff40ffff border=ccccccff
LEAK control_stylebox bg_source=base border_source= path=/root/@EditorNode@18065/@Panel@14/@Control@40/TileMap/@GridContainer@17304/@FlowContainer@17411/@BoxContainer@17416/@BoxContainer@17314/@Button@17319 class=Button variation=FlatButton type=FlatButton slot=hover_mirrored bg=ff40ffff border=ccccccff
LEAK control_stylebox bg_source=base border_source= path=/root/@EditorNode@18065/@Panel@14/@Control@40/TileMap/@GridContainer@17304/@FlowContainer@17411/@BoxContainer@17416/@BoxContainer@17314/@Button@17319 class=Button variation=FlatButton type=FlatButton slot=hover_pressed_mirrored bg=ff40ffff border=ccccccff
LEAK control_stylebox bg_source=base border_source= path=/root/@EditorNode@18065/@Panel@14/@Control@40/TileMap/@GridContainer@17304/@FlowContainer@17411/@BoxContainer@17416/@BoxContainer@17314/@Button@17319 class=Button variation=FlatButton type=FlatButton slot=pressed_mirrored bg=ff40ffff border=ccccccff
LEAK control_stylebox bg_source=base border_source= path=/root/@EditorNode@18065/@Panel@14/@Control@40/TileMap/@GridContainer@17304/@FlowContainer@17411/@BoxContainer@17416/@BoxContainer@17314/@Button@17320 class=Button variation=FlatButton type=Button slot=hover_mirrored bg=ff40ffff border=ccccccff
LEAK control_stylebox bg_source=base border_source= path=/root/@EditorNode@18065/@Panel@14/@Control@40/TileMap/@GridContainer@17304/@FlowContainer@17411/@BoxContainer@17416/@BoxContainer@17314/@Button@17320 class=Button variation=FlatButton type=Button slot=hover_pressed_mirrored bg=ff40ffff border=ccccccff
LEAK control_stylebox bg_source=base border_source= path=/root/@EditorNode@18065/@Panel@14/@Control@40/TileMap/@GridContainer@17304/@FlowContainer@17411/@BoxContainer@17416/@BoxContainer@17314/@Button@17320 class=Button variation=FlatButton type=Button slot=pressed_mirrored bg=ff40ffff border=ccccccff
LEAK control_stylebox bg_source=base border_source= path=/root/@EditorNode@18065/@Panel@14/@Control@40/TileMap/@GridContainer@17304/@FlowContainer@17411/@BoxContainer@17416/@BoxContainer@17314/@Button@17320 class=Button variation=FlatButton type=FlatButton slot=hover_mirrored bg=ff40ffff border=ccccccff
LEAK control_stylebox bg_source=base border_source= path=/root/@EditorNode@18065/@Panel@14/@Control@40/TileMap/@GridContainer@17304/@FlowContainer@17411/@BoxContainer@17416/@BoxContainer@17314/@Button@17320 class=Button variation=FlatButton type=FlatButton slot=hover_pressed_mirrored bg=ff40ffff border=ccccccff
LEAK control_stylebox bg_source=base border_source= path=/root/@EditorNode@18065/@Panel@14/@Control@40/TileMap/@GridContainer@17304/@FlowContainer@17411/@BoxContainer@17416/@BoxContainer@17314/@Button@17320 class=Button variation=FlatButton type=FlatButton slot=pressed_mirrored bg=ff40ffff border=ccccccff
LEAK control_stylebox bg_source=base border_source= path=/root/@EditorNode@18065/@Panel@14/@Control@40/TileMap/@GridContainer@17304/@FlowContainer@17411/@BoxContainer@17416/@BoxContainer@17314/@Button@17321 class=Button variation=FlatButton type=Button slot=hover_mirrored bg=ff40ffff border=ccccccff
LEAK control_stylebox bg_source=base border_source= path=/root/@EditorNode@18065/@Panel@14/@Control@40/TileMap/@GridContainer@17304/@FlowContainer@17411/@BoxContainer@17416/@BoxContainer@17314/@Button@17321 class=Button variation=FlatButton type=Button slot=hover_pressed_mirrored bg=ff40ffff border=ccccccff
LEAK control_stylebox bg_source=base border_source= path=/root/@EditorNode@18065/@Panel@14/@Control@40/TileMap/@GridContainer@17304/@FlowContainer@17411/@BoxContainer@17416/@BoxContainer@17314/@Button@17321 class=Button variation=FlatButton type=Button slot=pressed_mirrored bg=ff40ffff border=ccccccff
LEAK control_stylebox bg_source=base border_source= path=/root/@EditorNode@18065/@Panel@14/@Control@40/TileMap/@GridContainer@17304/@FlowContainer@17411/@BoxContainer@17416/@BoxContainer@17314/@Button@17321 class=Button variation=FlatButton type=FlatButton slot=hover_mirrored bg=ff40ffff border=ccccccff
LEAK control_stylebox bg_source=base border_source= path=/root/@EditorNode@18065/@Panel@14/@Control@40/TileMap/@GridContainer@17304/@FlowContainer@17411/@BoxContainer@17416/@BoxContainer@17314/@Button@17321 class=Button variation=FlatButton type=FlatButton slot=hover_pressed_mirrored bg=ff40ffff border=ccccccff
LEAK control_stylebox bg_source=base border_source= path=/root/@EditorNode@18065/@Panel@14/@Control@40/TileMap/@GridContainer@17304/@FlowContainer@17411/@BoxContainer@17416/@BoxContainer@17314/@Button@17321 class=Button variation=FlatButton type=FlatButton slot=pressed_mirrored bg=ff40ffff border=ccccccff
LEAK control_stylebox bg_source=base border_source= path=/root/@EditorNode@18065/@Panel@14/@Control@40/TileMap/@GridContainer@17304/@FlowContainer@17411/@BoxContainer@17416/@Button@17312 class=Button variation=FlatButton type=Button slot=hover_mirrored bg=ff40ffff border=ccccccff
LEAK control_stylebox bg_source=base border_source= path=/root/@EditorNode@18065/@Panel@14/@Control@40/TileMap/@GridContainer@17304/@FlowContainer@17411/@BoxContainer@17416/@Button@17312 class=Button variation=FlatButton type=Button slot=hover_pressed_mirrored bg=ff40ffff border=ccccccff
LEAK control_stylebox bg_source=base border_source= path=/root/@EditorNode@18065/@Panel@14/@Control@40/TileMap/@GridContainer@17304/@FlowContainer@17411/@BoxContainer@17416/@Button@17312 class=Button variation=FlatButton type=Button slot=pressed_mirrored bg=ff40ffff border=ccccccff
LEAK control_stylebox bg_source=base border_source= path=/root/@EditorNode@18065/@Panel@14/@Control@40/TileMap/@GridContainer@17304/@FlowContainer@17411/@BoxContainer@17416/@Button@17312 class=Button variation=FlatButton type=FlatButton slot=hover_mirrored bg=ff40ffff border=ccccccff
LEAK control_stylebox bg_source=base border_source= path=/root/@EditorNode@18065/@Panel@14/@Control@40/TileMap/@GridContainer@17304/@FlowContainer@17411/@BoxContainer@17416/@Button@17312 class=Button variation=FlatButton type=FlatButton slot=hover_pressed_mirrored bg=ff40ffff border=ccccccff
LEAK control_stylebox bg_source=base border_source= path=/root/@EditorNode@18065/@Panel@14/@Control@40/TileMap/@GridContainer@17304/@FlowContainer@17411/@BoxContainer@17416/@Button@17312 class=Button variation=FlatButton type=FlatButton slot=pressed_mirrored bg=ff40ffff border=ccccccff
LEAK control_stylebox bg_source=base border_source= path=/root/@EditorNode@18065/@Panel@14/@Control@40/TileMap/@GridContainer@17304/@FlowContainer@17411/@BoxContainer@17416/@Button@17313 class=Button variation=FlatButton type=Button slot=hover_mirrored bg=ff40ffff border=ccccccff
LEAK control_stylebox bg_source=base border_source= path=/root/@EditorNode@18065/@Panel@14/@Control@40/TileMap/@GridContainer@17304/@FlowContainer@17411/@BoxContainer@17416/@Button@17313 class=Button variation=FlatButton type=Button slot=hover_pressed_mirrored bg=ff40ffff border=ccccccff
LEAK control_stylebox bg_source=base border_source= path=/root/@EditorNode@18065/@Panel@14/@Control@40/TileMap/@GridContainer@17304/@FlowContainer@17411/@BoxContainer@17416/@Button@17313 class=Button variation=FlatButton type=Button slot=pressed_mirrored bg=ff40ffff border=ccccccff
LEAK control_stylebox bg_source=base border_source= path=/root/@EditorNode@18065/@Panel@14/@Control@40/TileMap/@GridContainer@17304/@FlowContainer@17411/@BoxContainer@17416/@Button@17313 class=Button variation=FlatButton type=FlatButton slot=hover_mirrored bg=ff40ffff border=ccccccff
LEAK control_stylebox bg_source=base border_source= path=/root/@EditorNode@18065/@Panel@14/@Control@40/TileMap/@GridContainer@17304/@FlowContainer@17411/@BoxContainer@17416/@Button@17313 class=Button variation=FlatButton type=FlatButton slot=hover_pressed_mirrored bg=ff40ffff border=ccccccff
LEAK control_stylebox bg_source=base border_source= path=/root/@EditorNode@18065/@Panel@14/@Control@40/TileMap/@GridContainer@17304/@FlowContainer@17411/@BoxContainer@17416/@Button@17313 class=Button variation=FlatButton type=FlatButton slot=pressed_mirrored bg=ff40ffff border=ccccccff
LEAK control_stylebox bg_source=base border_source= path=/root/@EditorNode@18065/@Panel@14/@Control@40/TileMap/@GridContainer@17304/@FlowContainer@17411/@BoxContainer@17416/@Button@17323 class=Button variation=FlatButton type=Button slot=hover_mirrored bg=ff40ffff border=ccccccff
LEAK control_stylebox bg_source=base border_source= path=/root/@EditorNode@18065/@Panel@14/@Control@40/TileMap/@GridContainer@17304/@FlowContainer@17411/@BoxContainer@17416/@Button@17323 class=Button variation=FlatButton type=Button slot=hover_pressed_mirrored bg=ff40ffff border=ccccccff
LEAK control_stylebox bg_source=base border_source= path=/root/@EditorNode@18065/@Panel@14/@Control@40/TileMap/@GridContainer@17304/@FlowContainer@17411/@BoxContainer@17416/@Button@17323 class=Button variation=FlatButton type=Button slot=pressed_mirrored bg=ff40ffff border=ccccccff
LEAK control_stylebox bg_source=base border_source= path=/root/@EditorNode@18065/@Panel@14/@Control@40/TileMap/@GridContainer@17304/@FlowContainer@17411/@BoxContainer@17416/@Button@17323 class=Button variation=FlatButton type=FlatButton slot=hover_mirrored bg=ff40ffff border=ccccccff
LEAK control_stylebox bg_source=base border_source= path=/root/@EditorNode@18065/@Panel@14/@Control@40/TileMap/@GridContainer@17304/@FlowContainer@17411/@BoxContainer@17416/@Button@17323 class=Button variation=FlatButton type=FlatButton slot=hover_pressed_mirrored bg=ff40ffff border=ccccccff
LEAK control_stylebox bg_source=base border_source= path=/root/@EditorNode@18065/@Panel@14/@Control@40/TileMap/@GridContainer@17304/@FlowContainer@17411/@BoxContainer@17416/@Button@17323 class=Button variation=FlatButton type=FlatButton slot=pressed_mirrored bg=ff40ffff border=ccccccff
LEAK control_stylebox bg_source=base border_source= path=/root/@EditorNode@18065/@Panel@14/@Control@40/TileMap/@GridContainer@17304/@FlowContainer@17411/@BoxContainer@17419/@Button@17399 class=Button variation=FlatButton type=Button slot=hover_mirrored bg=ff40ffff border=ccccccff
LEAK control_stylebox bg_source=base border_source= path=/root/@EditorNode@18065/@Panel@14/@Control@40/TileMap/@GridContainer@17304/@FlowContainer@17411/@BoxContainer@17419/@Button@17399 class=Button variation=FlatButton type=Button slot=hover_pressed_mirrored bg=ff40ffff border=ccccccff
LEAK control_stylebox bg_source=base border_source= path=/root/@EditorNode@18065/@Panel@14/@Control@40/TileMap/@GridContainer@17304/@FlowContainer@17411/@BoxContainer@17419/@Button@17399 class=Button variation=FlatButton type=Button slot=pressed_mirrored bg=ff40ffff border=ccccccff
LEAK control_stylebox bg_source=base border_source= path=/root/@EditorNode@18065/@Panel@14/@Control@40/TileMap/@GridContainer@17304/@FlowContainer@17411/@BoxContainer@17419/@Button@17399 class=Button variation=FlatButton type=FlatButton slot=hover_mirrored bg=ff40ffff border=ccccccff
LEAK control_stylebox bg_source=base border_source= path=/root/@EditorNode@18065/@Panel@14/@Control@40/TileMap/@GridContainer@17304/@FlowContainer@17411/@BoxContainer@17419/@Button@17399 class=Button variation=FlatButton type=FlatButton slot=hover_pressed_mirrored bg=ff40ffff border=ccccccff
LEAK control_stylebox bg_source=base border_source= path=/root/@EditorNode@18065/@Panel@14/@Control@40/TileMap/@GridContainer@17304/@FlowContainer@17411/@BoxContainer@17419/@Button@17399 class=Button variation=FlatButton type=FlatButton slot=pressed_mirrored bg=ff40ffff border=ccccccff
LEAK control_stylebox bg_source=base border_source= path=/root/@EditorNode@18065/@Panel@14/@Control@40/TileMap/@GridContainer@17304/@FlowContainer@17411/@BoxContainer@17419/@Button@17400 class=Button variation=FlatButton type=Button slot=hover_mirrored bg=ff40ffff border=ccccccff
LEAK control_stylebox bg_source=base border_source= path=/root/@EditorNode@18065/@Panel@14/@Control@40/TileMap/@GridContainer@17304/@FlowContainer@17411/@BoxContainer@17419/@Button@17400 class=Button variation=FlatButton type=Button slot=hover_pressed_mirrored bg=ff40ffff border=ccccccff
LEAK control_stylebox bg_source=base border_source= path=/root/@EditorNode@18065/@Panel@14/@Control@40/TileMap/@GridContainer@17304/@FlowContainer@17411/@BoxContainer@17419/@Button@17400 class=Button variation=FlatButton type=Button slot=pressed_mirrored bg=ff40ffff border=ccccccff
LEAK control_stylebox bg_source=base border_source= path=/root/@EditorNode@18065/@Panel@14/@Control@40/TileMap/@GridContainer@17304/@FlowContainer@17411/@BoxContainer@17419/@Button@17400 class=Button variation=FlatButton type=FlatButton slot=hover_mirrored bg=ff40ffff border=ccccccff
LEAK control_stylebox bg_source=base border_source= path=/root/@EditorNode@18065/@Panel@14/@Control@40/TileMap/@GridContainer@17304/@FlowContainer@17411/@BoxContainer@17419/@Button@17400 class=Button variation=FlatButton type=FlatButton slot=hover_pressed_mirrored bg=ff40ffff border=ccccccff
LEAK control_stylebox bg_source=base border_source= path=/root/@EditorNode@18065/@Panel@14/@Control@40/TileMap/@GridContainer@17304/@FlowContainer@17411/@BoxContainer@17419/@Button@17400 class=Button variation=FlatButton type=FlatButton slot=pressed_mirrored bg=ff40ffff border=ccccccff
LEAK control_stylebox bg_source=base border_source= path=/root/@EditorNode@18065/@Panel@14/@Control@40/TileMap/@GridContainer@17304/@FlowContainer@17411/@BoxContainer@17419/@Button@17401 class=Button variation=FlatButton type=Button slot=hover_mirrored bg=ff40ffff border=ccccccff
LEAK control_stylebox bg_source=base border_source= path=/root/@EditorNode@18065/@Panel@14/@Control@40/TileMap/@GridContainer@17304/@FlowContainer@17411/@BoxContainer@17419/@Button@17401 class=Button variation=FlatButton type=Button slot=hover_pressed_mirrored bg=ff40ffff border=ccccccff
LEAK control_stylebox bg_source=base border_source= path=/root/@EditorNode@18065/@Panel@14/@Control@40/TileMap/@GridContainer@17304/@FlowContainer@17411/@BoxContainer@17419/@Button@17401 class=Button variation=FlatButton type=Button slot=pressed_mirrored bg=ff40ffff border=ccccccff
LEAK control_stylebox bg_source=base border_source= path=/root/@EditorNode@18065/@Panel@14/@Control@40/TileMap/@GridContainer@17304/@FlowContainer@17411/@BoxContainer@17419/@Button@17401 class=Button variation=FlatButton type=FlatButton slot=hover_mirrored bg=ff40ffff border=ccccccff
LEAK control_stylebox bg_source=base border_source= path=/root/@EditorNode@18065/@Panel@14/@Control@40/TileMap/@GridContainer@17304/@FlowContainer@17411/@BoxContainer@17419/@Button@17401 class=Button variation=FlatButton type=FlatButton slot=hover_pressed_mirrored bg=ff40ffff border=ccccccff
LEAK control_stylebox bg_source=base border_source= path=/root/@EditorNode@18065/@Panel@14/@Control@40/TileMap/@GridContainer@17304/@FlowContainer@17411/@BoxContainer@17419/@Button@17401 class=Button variation=FlatButton type=FlatButton slot=pressed_mirrored bg=ff40ffff border=ccccccff
LEAK control_stylebox bg_source=base border_source= path=/root/@EditorNode@18065/@Panel@14/@Control@40/TileMap/@GridContainer@17304/@FlowContainer@17411/@BoxContainer@17419/@Button@17402 class=Button variation=FlatButton type=Button slot=hover_mirrored bg=ff40ffff border=ccccccff
LEAK control_stylebox bg_source=base border_source= path=/root/@EditorNode@18065/@Panel@14/@Control@40/TileMap/@GridContainer@17304/@FlowContainer@17411/@BoxContainer@17419/@Button@17402 class=Button variation=FlatButton type=Button slot=hover_pressed_mirrored bg=ff40ffff border=ccccccff
LEAK control_stylebox bg_source=base border_source= path=/root/@EditorNode@18065/@Panel@14/@Control@40/TileMap/@GridContainer@17304/@FlowContainer@17411/@BoxContainer@17419/@Button@17402 class=Button variation=FlatButton type=Button slot=pressed_mirrored bg=ff40ffff border=ccccccff
LEAK control_stylebox bg_source=base border_source= path=/root/@EditorNode@18065/@Panel@14/@Control@40/TileMap/@GridContainer@17304/@FlowContainer@17411/@BoxContainer@17419/@Button@17402 class=Button variation=FlatButton type=FlatButton slot=hover_mirrored bg=ff40ffff border=ccccccff
LEAK control_stylebox bg_source=base border_source= path=/root/@EditorNode@18065/@Panel@14/@Control@40/TileMap/@GridContainer@17304/@FlowContainer@17411/@BoxContainer@17419/@Button@17402 class=Button variation=FlatButton type=FlatButton slot=hover_pressed_mirrored bg=ff40ffff border=ccccccff
LEAK control_stylebox bg_source=base border_source= path=/root/@EditorNode@18065/@Panel@14/@Control@40/TileMap/@GridContainer@17304/@FlowContainer@17411/@BoxContainer@17419/@Button@17402 class=Button variation=FlatButton type=FlatButton slot=pressed_mirrored bg=ff40ffff border=ccccccff
LEAK control_stylebox bg_source=base border_source= path=/root/@EditorNode@18065/@Panel@14/@Control@40/TileMap/@GridContainer@17304/@FlowContainer@17411/@BoxContainer@17420/@Button@17406 class=Button variation=FlatButton type=Button slot=hover_mirrored bg=ff40ffff border=ccccccff
LEAK control_stylebox bg_source=base border_source= path=/root/@EditorNode@18065/@Panel@14/@Control@40/TileMap/@GridContainer@17304/@FlowContainer@17411/@BoxContainer@17420/@Button@17406 class=Button variation=FlatButton type=Button slot=hover_pressed_mirrored bg=ff40ffff border=ccccccff
LEAK control_stylebox bg_source=base border_source= path=/root/@EditorNode@18065/@Panel@14/@Control@40/TileMap/@GridContainer@17304/@FlowContainer@17411/@BoxContainer@17420/@Button@17406 class=Button variation=FlatButton type=Button slot=pressed_mirrored bg=ff40ffff border=ccccccff
LEAK control_stylebox bg_source=base border_source= path=/root/@EditorNode@18065/@Panel@14/@Control@40/TileMap/@GridContainer@17304/@FlowContainer@17411/@BoxContainer@17420/@Button@17406 class=Button variation=FlatButton type=FlatButton slot=hover_mirrored bg=ff40ffff border=ccccccff
LEAK control_stylebox bg_source=base border_source= path=/root/@EditorNode@18065/@Panel@14/@Control@40/TileMap/@GridContainer@17304/@FlowContainer@17411/@BoxContainer@17420/@Button@17406 class=Button variation=FlatButton type=FlatButton slot=hover_pressed_mirrored bg=ff40ffff border=ccccccff
LEAK control_stylebox bg_source=base border_source= path=/root/@EditorNode@18065/@Panel@14/@Control@40/TileMap/@GridContainer@17304/@FlowContainer@17411/@BoxContainer@17420/@Button@17406 class=Button variation=FlatButton type=FlatButton slot=pressed_mirrored bg=ff40ffff border=ccccccff
LEAK control_stylebox bg_source=base border_source= path=/root/@EditorNode@18065/@Panel@14/@Control@40/TileMap/@GridContainer@17304/@FlowContainer@17411/@BoxContainer@17420/@Button@17407 class=Button variation=FlatButton type=Button slot=hover_mirrored bg=ff40ffff border=ccccccff
LEAK control_stylebox bg_source=base border_source= path=/root/@EditorNode@18065/@Panel@14/@Control@40/TileMap/@GridContainer@17304/@FlowContainer@17411/@BoxContainer@17420/@Button@17407 class=Button variation=FlatButton type=Button slot=hover_pressed_mirrored bg=ff40ffff border=ccccccff
LEAK control_stylebox bg_source=base border_source= path=/root/@EditorNode@18065/@Panel@14/@Control@40/TileMap/@GridContainer@17304/@FlowContainer@17411/@BoxContainer@17420/@Button@17407 class=Button variation=FlatButton type=Button slot=pressed_mirrored bg=ff40ffff border=ccccccff
LEAK control_stylebox bg_source=base border_source= path=/root/@EditorNode@18065/@Panel@14/@Control@40/TileMap/@GridContainer@17304/@FlowContainer@17411/@BoxContainer@17420/@Button@17407 class=Button variation=FlatButton type=FlatButton slot=hover_mirrored bg=ff40ffff border=ccccccff
LEAK control_stylebox bg_source=base border_source= path=/root/@EditorNode@18065/@Panel@14/@Control@40/TileMap/@GridContainer@17304/@FlowContainer@17411/@BoxContainer@17420/@Button@17407 class=Button variation=FlatButton type=FlatButton slot=hover_pressed_mirrored bg=ff40ffff border=ccccccff
LEAK control_stylebox bg_source=base border_source= path=/root/@EditorNode@18065/@Panel@14/@Control@40/TileMap/@GridContainer@17304/@FlowContainer@17411/@BoxContainer@17420/@Button@17407 class=Button variation=FlatButton type=FlatButton slot=pressed_mirrored bg=ff40ffff border=ccccccff
LEAK control_stylebox bg_source=base border_source= path=/root/@EditorNode@18065/@Panel@14/@Control@40/TileMap/@GridContainer@17304/@FlowContainer@17411/@BoxContainer@17423/@Button@17433 class=Button variation=FlatButton type=Button slot=hover_mirrored bg=ff40ffff border=ccccccff
LEAK control_stylebox bg_source=base border_source= path=/root/@EditorNode@18065/@Panel@14/@Control@40/TileMap/@GridContainer@17304/@FlowContainer@17411/@BoxContainer@17423/@Button@17433 class=Button variation=FlatButton type=Button slot=hover_pressed_mirrored bg=ff40ffff border=ccccccff
LEAK control_stylebox bg_source=base border_source= path=/root/@EditorNode@18065/@Panel@14/@Control@40/TileMap/@GridContainer@17304/@FlowContainer@17411/@BoxContainer@17423/@Button@17433 class=Button variation=FlatButton type=Button slot=pressed_mirrored bg=ff40ffff border=ccccccff
LEAK control_stylebox bg_source=base border_source= path=/root/@EditorNode@18065/@Panel@14/@Control@40/TileMap/@GridContainer@17304/@FlowContainer@17411/@BoxContainer@17423/@Button@17433 class=Button variation=FlatButton type=FlatButton slot=hover_mirrored bg=ff40ffff border=ccccccff
LEAK control_stylebox bg_source=base border_source= path=/root/@EditorNode@18065/@Panel@14/@Control@40/TileMap/@GridContainer@17304/@FlowContainer@17411/@BoxContainer@17423/@Button@17433 class=Button variation=FlatButton type=FlatButton slot=hover_pressed_mirrored bg=ff40ffff border=ccccccff
LEAK control_stylebox bg_source=base border_source= path=/root/@EditorNode@18065/@Panel@14/@Control@40/TileMap/@GridContainer@17304/@FlowContainer@17411/@BoxContainer@17423/@Button@17433 class=Button variation=FlatButton type=FlatButton slot=pressed_mirrored bg=ff40ffff border=ccccccff
LEAK control_stylebox bg_source=base border_source= path=/root/@EditorNode@18065/@Panel@14/@Control@40/TileMap/@GridContainer@17304/@FlowContainer@17411/@BoxContainer@17423/@Button@17434 class=Button variation=FlatButton type=Button slot=hover_mirrored bg=ff40ffff border=ccccccff
LEAK control_stylebox bg_source=base border_source= path=/root/@EditorNode@18065/@Panel@14/@Control@40/TileMap/@GridContainer@17304/@FlowContainer@17411/@BoxContainer@17423/@Button@17434 class=Button variation=FlatButton type=Button slot=hover_pressed_mirrored bg=ff40ffff border=ccccccff
LEAK control_stylebox bg_source=base border_source= path=/root/@EditorNode@18065/@Panel@14/@Control@40/TileMap/@GridContainer@17304/@FlowContainer@17411/@BoxContainer@17423/@Button@17434 class=Button variation=FlatButton type=Button slot=pressed_mirrored bg=ff40ffff border=ccccccff
LEAK control_stylebox bg_source=base border_source= path=/root/@EditorNode@18065/@Panel@14/@Control@40/TileMap/@GridContainer@17304/@FlowContainer@17411/@BoxContainer@17423/@Button@17434 class=Button variation=FlatButton type=FlatButton slot=hover_mirrored bg=ff40ffff border=ccccccff
LEAK control_stylebox bg_source=base border_source= path=/root/@EditorNode@18065/@Panel@14/@Control@40/TileMap/@GridContainer@17304/@FlowContainer@17411/@BoxContainer@17423/@Button@17434 class=Button variation=FlatButton type=FlatButton slot=hover_pressed_mirrored bg=ff40ffff border=ccccccff
LEAK control_stylebox bg_source=base border_source= path=/root/@EditorNode@18065/@Panel@14/@Control@40/TileMap/@GridContainer@17304/@FlowContainer@17411/@BoxContainer@17423/@Button@17434 class=Button variation=FlatButton type=FlatButton slot=pressed_mirrored bg=ff40ffff border=ccccccff
LEAK control_stylebox bg_source=base border_source= path=/root/@EditorNode@18065/@Panel@14/@Control@40/TileMap/@GridContainer@17304/@FlowContainer@17411/@BoxContainer@17423/@Button@17435 class=Button variation=FlatButton type=Button slot=hover_mirrored bg=ff40ffff border=ccccccff
LEAK control_stylebox bg_source=base border_source= path=/root/@EditorNode@18065/@Panel@14/@Control@40/TileMap/@GridContainer@17304/@FlowContainer@17411/@BoxContainer@17423/@Button@17435 class=Button variation=FlatButton type=Button slot=hover_pressed_mirrored bg=ff40ffff border=ccccccff
LEAK control_stylebox bg_source=base border_source= path=/root/@EditorNode@18065/@Panel@14/@Control@40/TileMap/@GridContainer@17304/@FlowContainer@17411/@BoxContainer@17423/@Button@17435 class=Button variation=FlatButton type=Button slot=pressed_mirrored bg=ff40ffff border=ccccccff
LEAK control_stylebox bg_source=base border_source= path=/root/@EditorNode@18065/@Panel@14/@Control@40/TileMap/@GridContainer@17304/@FlowContainer@17411/@BoxContainer@17423/@Button@17435 class=Button variation=FlatButton type=FlatButton slot=hover_mirrored bg=ff40ffff border=ccccccff
LEAK control_stylebox bg_source=base border_source= path=/root/@EditorNode@18065/@Panel@14/@Control@40/TileMap/@GridContainer@17304/@FlowContainer@17411/@BoxContainer@17423/@Button@17435 class=Button variation=FlatButton type=FlatButton slot=hover_pressed_mirrored bg=ff40ffff border=ccccccff
LEAK control_stylebox bg_source=base border_source= path=/root/@EditorNode@18065/@Panel@14/@Control@40/TileMap/@GridContainer@17304/@FlowContainer@17411/@BoxContainer@17423/@Button@17435 class=Button variation=FlatButton type=FlatButton slot=pressed_mirrored bg=ff40ffff border=ccccccff
LEAK control_stylebox bg_source=base border_source= path=/root/@EditorNode@18065/@Panel@14/@Control@40/TileMap/@GridContainer@17304/@FlowContainer@17411/@Button@17436 class=Button variation=FlatButton type=Button slot=hover_mirrored bg=ff40ffff border=ccccccff
LEAK control_stylebox bg_source=base border_source= path=/root/@EditorNode@18065/@Panel@14/@Control@40/TileMap/@GridContainer@17304/@FlowContainer@17411/@Button@17436 class=Button variation=FlatButton type=Button slot=hover_pressed_mirrored bg=ff40ffff border=ccccccff
LEAK control_stylebox bg_source=base border_source= path=/root/@EditorNode@18065/@Panel@14/@Control@40/TileMap/@GridContainer@17304/@FlowContainer@17411/@Button@17436 class=Button variation=FlatButton type=Button slot=pressed_mirrored bg=ff40ffff border=ccccccff
LEAK control_stylebox bg_source=base border_source= path=/root/@EditorNode@18065/@Panel@14/@Control@40/TileMap/@GridContainer@17304/@FlowContainer@17411/@Button@17436 class=Button variation=FlatButton type=FlatButton slot=hover_mirrored bg=ff40ffff border=ccccccff
LEAK control_stylebox bg_source=base border_source= path=/root/@EditorNode@18065/@Panel@14/@Control@40/TileMap/@GridContainer@17304/@FlowContainer@17411/@Button@17436 class=Button variation=FlatButton type=FlatButton slot=hover_pressed_mirrored bg=ff40ffff border=ccccccff
LEAK control_stylebox bg_source=base border_source= path=/root/@EditorNode@18065/@Panel@14/@Control@40/TileMap/@GridContainer@17304/@FlowContainer@17411/@Button@17436 class=Button variation=FlatButton type=FlatButton slot=pressed_mirrored bg=ff40ffff border=ccccccff
LEAK control_stylebox bg_source=base border_source= path=/root/@EditorNode@18065/@Panel@14/@Control@40/TileMap/@GridContainer@17304/@FlowContainer@17411/@Button@17440 class=Button variation=FlatButton type=Button slot=hover_mirrored bg=ff40ffff border=ccccccff
LEAK control_stylebox bg_source=base border_source= path=/root/@EditorNode@18065/@Panel@14/@Control@40/TileMap/@GridContainer@17304/@FlowContainer@17411/@Button@17440 class=Button variation=FlatButton type=Button slot=hover_pressed_mirrored bg=ff40ffff border=ccccccff
LEAK control_stylebox bg_source=base border_source= path=/root/@EditorNode@18065/@Panel@14/@Control@40/TileMap/@GridContainer@17304/@FlowContainer@17411/@Button@17440 class=Button variation=FlatButton type=Button slot=pressed_mirrored bg=ff40ffff border=ccccccff
LEAK control_stylebox bg_source=base border_source= path=/root/@EditorNode@18065/@Panel@14/@Control@40/TileMap/@GridContainer@17304/@FlowContainer@17411/@Button@17440 class=Button variation=FlatButton type=FlatButton slot=hover_mirrored bg=ff40ffff border=ccccccff
LEAK control_stylebox bg_source=base border_source= path=/root/@EditorNode@18065/@Panel@14/@Control@40/TileMap/@GridContainer@17304/@FlowContainer@17411/@Button@17440 class=Button variation=FlatButton type=FlatButton slot=hover_pressed_mirrored bg=ff40ffff border=ccccccff
LEAK control_stylebox bg_source=base border_source= path=/root/@EditorNode@18065/@Panel@14/@Control@40/TileMap/@GridContainer@17304/@FlowContainer@17411/@Button@17440 class=Button variation=FlatButton type=FlatButton slot=pressed_mirrored bg=ff40ffff border=ccccccff
LEAK control_stylebox bg_source=base border_source= path=/root/@EditorNode@18065/@Panel@14/@Control@40/TileMap/@GridContainer@17304/@FlowContainer@17411/@MenuButton@17449 class=MenuButton variation=FlatButton type=FlatButton slot=hover_mirrored bg=ff40ffff border=ccccccff
LEAK control_stylebox bg_source=base border_source= path=/root/@EditorNode@18065/@Panel@14/@Control@40/TileMap/@GridContainer@17304/@FlowContainer@17411/@MenuButton@17449 class=MenuButton variation=FlatButton type=FlatButton slot=hover_pressed_mirrored bg=ff40ffff border=ccccccff
LEAK control_stylebox bg_source=base border_source= path=/root/@EditorNode@18065/@Panel@14/@Control@40/TileMap/@GridContainer@17304/@FlowContainer@17411/@MenuButton@17449 class=MenuButton variation=FlatButton type=FlatButton slot=pressed_mirrored bg=ff40ffff border=ccccccff
LEAK control_stylebox bg_source=base border_source= path=/root/@EditorNode@18065/@Panel@14/@Control@40/TileMap/@GridContainer@17304/@FlowContainer@17411/@PanelContainer@17414 class=PanelContainer variation=PanelContainerTabbarInner type=PanelContainerTabbarInner slot=panel bg=910f91ff border=ccccccff
LEAK control_stylebox bg_source=base border_source= path=/root/@EditorNode@18065/@Panel@14/@Control@40/TileMap/@GridContainer@17304/Tiles/@SplitContainer@17331/@BoxContainer@17332/@MenuButton@17344 class=MenuButton variation=FlatMenuButton type=FlatMenuButton slot=hover_mirrored bg=ff40ffff border=ccccccff
LEAK control_stylebox bg_source=base border_source= path=/root/@EditorNode@18065/@Panel@14/@Control@40/TileMap/@GridContainer@17304/Tiles/@SplitContainer@17331/@BoxContainer@17332/@MenuButton@17344 class=MenuButton variation=FlatMenuButton type=FlatMenuButton slot=hover_pressed_mirrored bg=ff40ffff border=ccccccff
LEAK control_stylebox bg_source=base border_source= path=/root/@EditorNode@18065/@Panel@14/@Control@40/TileMap/@GridContainer@17304/Tiles/@SplitContainer@17331/@BoxContainer@17332/@MenuButton@17344 class=MenuButton variation=FlatMenuButton type=FlatMenuButton slot=pressed_mirrored bg=ff40ffff border=ccccccff
LEAK control_stylebox bg_source=base border_source= path=/root/@EditorNode@18065/@Panel@14/@Control@40/TileSet/@VBoxContainer@16837/@HBoxContainer@16841/@PanelContainer@16840 class=PanelContainer variation=PanelContainerTabbarInner type=PanelContainerTabbarInner slot=panel bg=910f91ff border=ccccccff
LEAK control_stylebox bg_source=base border_source= path=/root/@EditorNode@18065/@Panel@14/@Control@40/TileSet/@VBoxContainer@16837/Tiles/@VBoxContainer@16843/@HBoxContainer@16855/@Button@16856 class=Button variation=FlatButton type=Button slot=hover_mirrored bg=ff40ffff border=ccccccff
LEAK control_stylebox bg_source=base border_source= path=/root/@EditorNode@18065/@Panel@14/@Control@40/TileSet/@VBoxContainer@16837/Tiles/@VBoxContainer@16843/@HBoxContainer@16855/@Button@16856 class=Button variation=FlatButton type=Button slot=hover_pressed_mirrored bg=ff40ffff border=ccccccff
LEAK control_stylebox bg_source=base border_source= path=/root/@EditorNode@18065/@Panel@14/@Control@40/TileSet/@VBoxContainer@16837/Tiles/@VBoxContainer@16843/@HBoxContainer@16855/@Button@16856 class=Button variation=FlatButton type=Button slot=pressed_mirrored bg=ff40ffff border=ccccccff
LEAK control_stylebox bg_source=base border_source= path=/root/@EditorNode@18065/@Panel@14/@Control@40/TileSet/@VBoxContainer@16837/Tiles/@VBoxContainer@16843/@HBoxContainer@16855/@Button@16856 class=Button variation=FlatButton type=FlatButton slot=hover_mirrored bg=ff40ffff border=ccccccff
LEAK control_stylebox bg_source=base border_source= path=/root/@EditorNode@18065/@Panel@14/@Control@40/TileSet/@VBoxContainer@16837/Tiles/@VBoxContainer@16843/@HBoxContainer@16855/@Button@16856 class=Button variation=FlatButton type=FlatButton slot=hover_pressed_mirrored bg=ff40ffff border=ccccccff
LEAK control_stylebox bg_source=base border_source= path=/root/@EditorNode@18065/@Panel@14/@Control@40/TileSet/@VBoxContainer@16837/Tiles/@VBoxContainer@16843/@HBoxContainer@16855/@Button@16856 class=Button variation=FlatButton type=FlatButton slot=pressed_mirrored bg=ff40ffff border=ccccccff
LEAK control_stylebox bg_source=base border_source= path=/root/@EditorNode@18065/@Panel@14/@Control@40/TileSet/@VBoxContainer@16837/Tiles/@VBoxContainer@16843/@HBoxContainer@16855/@MenuButton@16865 class=MenuButton variation=FlatButton type=FlatButton slot=hover_mirrored bg=ff40ffff border=ccccccff
LEAK control_stylebox bg_source=base border_source= path=/root/@EditorNode@18065/@Panel@14/@Control@40/TileSet/@VBoxContainer@16837/Tiles/@VBoxContainer@16843/@HBoxContainer@16855/@MenuButton@16865 class=MenuButton variation=FlatButton type=FlatButton slot=hover_pressed_mirrored bg=ff40ffff border=ccccccff
LEAK control_stylebox bg_source=base border_source= path=/root/@EditorNode@18065/@Panel@14/@Control@40/TileSet/@VBoxContainer@16837/Tiles/@VBoxContainer@16843/@HBoxContainer@16855/@MenuButton@16865 class=MenuButton variation=FlatButton type=FlatButton slot=pressed_mirrored bg=ff40ffff border=ccccccff
LEAK control_stylebox bg_source=base border_source= path=/root/@EditorNode@18065/@Panel@14/@Control@40/TileSet/@VBoxContainer@16837/Tiles/@VBoxContainer@16843/@HBoxContainer@16855/@MenuButton@16874 class=MenuButton variation=FlatButton type=FlatButton slot=hover_mirrored bg=ff40ffff border=ccccccff
LEAK control_stylebox bg_source=base border_source= path=/root/@EditorNode@18065/@Panel@14/@Control@40/TileSet/@VBoxContainer@16837/Tiles/@VBoxContainer@16843/@HBoxContainer@16855/@MenuButton@16874 class=MenuButton variation=FlatButton type=FlatButton slot=hover_pressed_mirrored bg=ff40ffff border=ccccccff
LEAK control_stylebox bg_source=base border_source= path=/root/@EditorNode@18065/@Panel@14/@Control@40/TileSet/@VBoxContainer@16837/Tiles/@VBoxContainer@16843/@HBoxContainer@16855/@MenuButton@16874 class=MenuButton variation=FlatButton type=FlatButton slot=pressed_mirrored bg=ff40ffff border=ccccccff
LEAK control_stylebox bg_source=base border_source= path=/root/@EditorNode@18065/@Panel@14/@Control@40/TileSet/@VBoxContainer@16837/Tiles/@VBoxContainer@16843/@HBoxContainer@16855/@MenuButton@16875 class=MenuButton variation=FlatButton type=FlatButton slot=hover_mirrored bg=ff40ffff border=ccccccff
LEAK control_stylebox bg_source=base border_source= path=/root/@EditorNode@18065/@Panel@14/@Control@40/TileSet/@VBoxContainer@16837/Tiles/@VBoxContainer@16843/@HBoxContainer@16855/@MenuButton@16875 class=MenuButton variation=FlatButton type=FlatButton slot=hover_pressed_mirrored bg=ff40ffff border=ccccccff
LEAK control_stylebox bg_source=base border_source= path=/root/@EditorNode@18065/@Panel@14/@Control@40/TileSet/@VBoxContainer@16837/Tiles/@VBoxContainer@16843/@HBoxContainer@16855/@MenuButton@16875 class=MenuButton variation=FlatButton type=FlatButton slot=pressed_mirrored bg=ff40ffff border=ccccccff
LEAK control_stylebox bg_source=base border_source= path=/root/@EditorNode@18065/@Panel@14/@Control@40/TileSet/@VBoxContainer@16837/Tiles/@VBoxContainer@17125/@TileSetAtlasSourceEditor@17258/@VBoxContainer@17128/@EditorInspector@17143 class=EditorInspector variation=ScrollContainerSecondary type=EditorInspector slot=panel bg=c200c2ff border=ccccccff
LEAK control_stylebox bg_source=base border_source= path=/root/@EditorNode@18065/@Panel@14/@Control@40/TileSet/@VBoxContainer@16837/Tiles/@VBoxContainer@17125/@TileSetAtlasSourceEditor@17258/@VBoxContainer@17128/@EditorInspector@17143 class=EditorInspector variation=ScrollContainerSecondary type=ScrollContainerSecondary slot=panel bg=c200c2ff border=ccccccff
LEAK control_stylebox bg_source=base border_source= path=/root/@EditorNode@18065/@Panel@14/@Control@40/TileSet/@VBoxContainer@16837/Tiles/@VBoxContainer@17125/@TileSetAtlasSourceEditor@17258/@VBoxContainer@17128/@EditorInspector@17177 class=EditorInspector variation=ScrollContainerSecondary type=EditorInspector slot=panel bg=c200c2ff border=ccccccff
LEAK control_stylebox bg_source=base border_source= path=/root/@EditorNode@18065/@Panel@14/@Control@40/TileSet/@VBoxContainer@16837/Tiles/@VBoxContainer@17125/@TileSetAtlasSourceEditor@17258/@VBoxContainer@17128/@EditorInspector@17177 class=EditorInspector variation=ScrollContainerSecondary type=ScrollContainerSecondary slot=panel bg=c200c2ff border=ccccccff
LEAK control_stylebox bg_source=base border_source= path=/root/@EditorNode@18065/@Panel@14/@Control@40/TileSet/@VBoxContainer@16837/Tiles/@VBoxContainer@17125/@TileSetAtlasSourceEditor@17258/@VBoxContainer@17128/@EditorInspector@17177/@VBoxContainer@17169/@VBoxContainer@17176/@VBoxContainer@18381/@EditorPropertyResource@18395/@EditorResourcePicker@18394/@Button@18392 class=Button variation=EditorInspectorFlatButton type=Button slot=hover_mirrored bg=ff40ffff border=ccccccff
LEAK control_stylebox bg_source=base border_source= path=/root/@EditorNode@18065/@Panel@14/@Control@40/TileSet/@VBoxContainer@16837/Tiles/@VBoxContainer@17125/@TileSetAtlasSourceEditor@17258/@VBoxContainer@17128/@EditorInspector@17177/@VBoxContainer@17169/@VBoxContainer@17176/@VBoxContainer@18381/@EditorPropertyResource@18395/@EditorResourcePicker@18394/@Button@18392 class=Button variation=EditorInspectorFlatButton type=Button slot=hover_pressed_mirrored bg=ff40ffff border=ccccccff
LEAK control_stylebox bg_source=base border_source= path=/root/@EditorNode@18065/@Panel@14/@Control@40/TileSet/@VBoxContainer@16837/Tiles/@VBoxContainer@17125/@TileSetAtlasSourceEditor@17258/@VBoxContainer@17128/@EditorInspector@17177/@VBoxContainer@17169/@VBoxContainer@17176/@VBoxContainer@18381/@EditorPropertyResource@18395/@EditorResourcePicker@18394/@Button@18392 class=Button variation=EditorInspectorFlatButton type=Button slot=pressed_mirrored bg=ff40ffff border=ccccccff
LEAK control_stylebox bg_source=base border_source= path=/root/@EditorNode@18065/@Panel@14/@Control@40/TileSet/@VBoxContainer@16837/Tiles/@VBoxContainer@17125/@TileSetAtlasSourceEditor@17258/@VBoxContainer@17128/@EditorInspector@17177/@VBoxContainer@17169/@VBoxContainer@17176/@VBoxContainer@18381/@EditorPropertyResource@18395/@EditorResourcePicker@18394/@Button@18392 class=Button variation=EditorInspectorFlatButton type=EditorInspectorFlatButton slot=hover bg=ff40ffff border=ccccccff
LEAK control_stylebox bg_source=base border_source= path=/root/@EditorNode@18065/@Panel@14/@Control@40/TileSet/@VBoxContainer@16837/Tiles/@VBoxContainer@17125/@TileSetAtlasSourceEditor@17258/@VBoxContainer@17128/@EditorInspector@17177/@VBoxContainer@17169/@VBoxContainer@17176/@VBoxContainer@18381/@EditorPropertyResource@18395/@EditorResourcePicker@18394/@Button@18392 class=Button variation=EditorInspectorFlatButton type=EditorInspectorFlatButton slot=hover_pressed bg=ff40ffff border=ccccccff
LEAK control_stylebox bg_source=base border_source= path=/root/@EditorNode@18065/@Panel@14/@Control@40/TileSet/@VBoxContainer@16837/Tiles/@VBoxContainer@17125/@TileSetAtlasSourceEditor@17258/@VBoxContainer@17128/@EditorInspector@17177/@VBoxContainer@17169/@VBoxContainer@17176/@VBoxContainer@18381/@EditorPropertyResource@18395/@EditorResourcePicker@18394/@Button@18392 class=Button variation=EditorInspectorFlatButton type=EditorInspectorFlatButton slot=pressed bg=ff40ffff border=ccccccff
LEAK control_stylebox bg_source=base border_source= path=/root/@EditorNode@18065/@Panel@14/@Control@40/TileSet/@VBoxContainer@16837/Tiles/@VBoxContainer@17125/@TileSetAtlasSourceEditor@17258/@VBoxContainer@17128/@EditorInspector@17177/@VBoxContainer@17169/@VBoxContainer@17176/@VBoxContainer@18381/@EditorPropertyResource@18395/@EditorResourcePicker@18394/@Button@18393 class=Button variation=EditorInspectorFlatButton type=Button slot=hover_mirrored bg=ff40ffff border=ccccccff
LEAK control_stylebox bg_source=base border_source= path=/root/@EditorNode@18065/@Panel@14/@Control@40/TileSet/@VBoxContainer@16837/Tiles/@VBoxContainer@17125/@TileSetAtlasSourceEditor@17258/@VBoxContainer@17128/@EditorInspector@17177/@VBoxContainer@17169/@VBoxContainer@17176/@VBoxContainer@18381/@EditorPropertyResource@18395/@EditorResourcePicker@18394/@Button@18393 class=Button variation=EditorInspectorFlatButton type=Button slot=hover_pressed_mirrored bg=ff40ffff border=ccccccff
LEAK control_stylebox bg_source=base border_source= path=/root/@EditorNode@18065/@Panel@14/@Control@40/TileSet/@VBoxContainer@16837/Tiles/@VBoxContainer@17125/@TileSetAtlasSourceEditor@17258/@VBoxContainer@17128/@EditorInspector@17177/@VBoxContainer@17169/@VBoxContainer@17176/@VBoxContainer@18381/@EditorPropertyResource@18395/@EditorResourcePicker@18394/@Button@18393 class=Button variation=EditorInspectorFlatButton type=Button slot=pressed_mirrored bg=ff40ffff border=ccccccff
LEAK control_stylebox bg_source=base border_source= path=/root/@EditorNode@18065/@Panel@14/@Control@40/TileSet/@VBoxContainer@16837/Tiles/@VBoxContainer@17125/@TileSetAtlasSourceEditor@17258/@VBoxContainer@17128/@EditorInspector@17177/@VBoxContainer@17169/@VBoxContainer@17176/@VBoxContainer@18381/@EditorPropertyResource@18395/@EditorResourcePicker@18394/@Button@18393 class=Button variation=EditorInspectorFlatButton type=EditorInspectorFlatButton slot=hover bg=ff40ffff border=ccccccff
LEAK control_stylebox bg_source=base border_source= path=/root/@EditorNode@18065/@Panel@14/@Control@40/TileSet/@VBoxContainer@16837/Tiles/@VBoxContainer@17125/@TileSetAtlasSourceEditor@17258/@VBoxContainer@17128/@EditorInspector@17177/@VBoxContainer@17169/@VBoxContainer@17176/@VBoxContainer@18381/@EditorPropertyResource@18395/@EditorResourcePicker@18394/@Button@18393 class=Button variation=EditorInspectorFlatButton type=EditorInspectorFlatButton slot=hover_pressed bg=ff40ffff border=ccccccff
LEAK control_stylebox bg_source=base border_source= path=/root/@EditorNode@18065/@Panel@14/@Control@40/TileSet/@VBoxContainer@16837/Tiles/@VBoxContainer@17125/@TileSetAtlasSourceEditor@17258/@VBoxContainer@17128/@EditorInspector@17177/@VBoxContainer@17169/@VBoxContainer@17176/@VBoxContainer@18381/@EditorPropertyResource@18395/@EditorResourcePicker@18394/@Button@18393 class=Button variation=EditorInspectorFlatButton type=EditorInspectorFlatButton slot=pressed bg=ff40ffff border=ccccccff
LEAK control_stylebox bg_source=base border_source= path=/root/@EditorNode@18065/@Panel@14/@Control@40/TileSet/@VBoxContainer@16837/Tiles/@VBoxContainer@17125/@TileSetAtlasSourceEditor@17258/@VBoxContainer@17128/@HBoxContainer@17129/@Button@17130 class=Button variation=FlatButton type=Button slot=hover_mirrored bg=ff40ffff border=ccccccff
LEAK control_stylebox bg_source=base border_source= path=/root/@EditorNode@18065/@Panel@14/@Control@40/TileSet/@VBoxContainer@16837/Tiles/@VBoxContainer@17125/@TileSetAtlasSourceEditor@17258/@VBoxContainer@17128/@HBoxContainer@17129/@Button@17130 class=Button variation=FlatButton type=Button slot=hover_pressed_mirrored bg=ff40ffff border=ccccccff
LEAK control_stylebox bg_source=base border_source= path=/root/@EditorNode@18065/@Panel@14/@Control@40/TileSet/@VBoxContainer@16837/Tiles/@VBoxContainer@17125/@TileSetAtlasSourceEditor@17258/@VBoxContainer@17128/@HBoxContainer@17129/@Button@17130 class=Button variation=FlatButton type=Button slot=pressed_mirrored bg=ff40ffff border=ccccccff
LEAK control_stylebox bg_source=base border_source= path=/root/@EditorNode@18065/@Panel@14/@Control@40/TileSet/@VBoxContainer@16837/Tiles/@VBoxContainer@17125/@TileSetAtlasSourceEditor@17258/@VBoxContainer@17128/@HBoxContainer@17129/@Button@17130 class=Button variation=FlatButton type=FlatButton slot=hover_mirrored bg=ff40ffff border=ccccccff
LEAK control_stylebox bg_source=base border_source= path=/root/@EditorNode@18065/@Panel@14/@Control@40/TileSet/@VBoxContainer@16837/Tiles/@VBoxContainer@17125/@TileSetAtlasSourceEditor@17258/@VBoxContainer@17128/@HBoxContainer@17129/@Button@17130 class=Button variation=FlatButton type=FlatButton slot=hover_pressed_mirrored bg=ff40ffff border=ccccccff
LEAK control_stylebox bg_source=base border_source= path=/root/@EditorNode@18065/@Panel@14/@Control@40/TileSet/@VBoxContainer@16837/Tiles/@VBoxContainer@17125/@TileSetAtlasSourceEditor@17258/@VBoxContainer@17128/@HBoxContainer@17129/@Button@17130 class=Button variation=FlatButton type=FlatButton slot=pressed_mirrored bg=ff40ffff border=ccccccff
LEAK control_stylebox bg_source=base border_source= path=/root/@EditorNode@18065/@Panel@14/@Control@40/TileSet/@VBoxContainer@16837/Tiles/@VBoxContainer@17125/@TileSetAtlasSourceEditor@17258/@VBoxContainer@17128/@HBoxContainer@17129/@Button@17131 class=Button variation=FlatButton type=Button slot=hover_mirrored bg=ff40ffff border=ccccccff
LEAK control_stylebox bg_source=base border_source= path=/root/@EditorNode@18065/@Panel@14/@Control@40/TileSet/@VBoxContainer@16837/Tiles/@VBoxContainer@17125/@TileSetAtlasSourceEditor@17258/@VBoxContainer@17128/@HBoxContainer@17129/@Button@17131 class=Button variation=FlatButton type=Button slot=hover_pressed_mirrored bg=ff40ffff border=ccccccff
LEAK control_stylebox bg_source=base border_source= path=/root/@EditorNode@18065/@Panel@14/@Control@40/TileSet/@VBoxContainer@16837/Tiles/@VBoxContainer@17125/@TileSetAtlasSourceEditor@17258/@VBoxContainer@17128/@HBoxContainer@17129/@Button@17131 class=Button variation=FlatButton type=Button slot=pressed_mirrored bg=ff40ffff border=ccccccff
LEAK control_stylebox bg_source=base border_source= path=/root/@EditorNode@18065/@Panel@14/@Control@40/TileSet/@VBoxContainer@16837/Tiles/@VBoxContainer@17125/@TileSetAtlasSourceEditor@17258/@VBoxContainer@17128/@HBoxContainer@17129/@Button@17131 class=Button variation=FlatButton type=FlatButton slot=hover_mirrored bg=ff40ffff border=ccccccff
LEAK control_stylebox bg_source=base border_source= path=/root/@EditorNode@18065/@Panel@14/@Control@40/TileSet/@VBoxContainer@16837/Tiles/@VBoxContainer@17125/@TileSetAtlasSourceEditor@17258/@VBoxContainer@17128/@HBoxContainer@17129/@Button@17131 class=Button variation=FlatButton type=FlatButton slot=hover_pressed_mirrored bg=ff40ffff border=ccccccff
LEAK control_stylebox bg_source=base border_source= path=/root/@EditorNode@18065/@Panel@14/@Control@40/TileSet/@VBoxContainer@16837/Tiles/@VBoxContainer@17125/@TileSetAtlasSourceEditor@17258/@VBoxContainer@17128/@HBoxContainer@17129/@Button@17131 class=Button variation=FlatButton type=FlatButton slot=pressed_mirrored bg=ff40ffff border=ccccccff
LEAK control_stylebox bg_source=base border_source= path=/root/@EditorNode@18065/@Panel@14/@Control@40/TileSet/@VBoxContainer@16837/Tiles/@VBoxContainer@17125/@TileSetAtlasSourceEditor@17258/@VBoxContainer@17128/@HBoxContainer@17129/@Button@17132 class=Button variation=FlatButton type=Button slot=hover_mirrored bg=ff40ffff border=ccccccff
LEAK control_stylebox bg_source=base border_source= path=/root/@EditorNode@18065/@Panel@14/@Control@40/TileSet/@VBoxContainer@16837/Tiles/@VBoxContainer@17125/@TileSetAtlasSourceEditor@17258/@VBoxContainer@17128/@HBoxContainer@17129/@Button@17132 class=Button variation=FlatButton type=Button slot=hover_pressed_mirrored bg=ff40ffff border=ccccccff
LEAK control_stylebox bg_source=base border_source= path=/root/@EditorNode@18065/@Panel@14/@Control@40/TileSet/@VBoxContainer@16837/Tiles/@VBoxContainer@17125/@TileSetAtlasSourceEditor@17258/@VBoxContainer@17128/@HBoxContainer@17129/@Button@17132 class=Button variation=FlatButton type=Button slot=pressed_mirrored bg=ff40ffff border=ccccccff
LEAK control_stylebox bg_source=base border_source= path=/root/@EditorNode@18065/@Panel@14/@Control@40/TileSet/@VBoxContainer@16837/Tiles/@VBoxContainer@17125/@TileSetAtlasSourceEditor@17258/@VBoxContainer@17128/@HBoxContainer@17129/@Button@17132 class=Button variation=FlatButton type=FlatButton slot=hover_mirrored bg=ff40ffff border=ccccccff
LEAK control_stylebox bg_source=base border_source= path=/root/@EditorNode@18065/@Panel@14/@Control@40/TileSet/@VBoxContainer@16837/Tiles/@VBoxContainer@17125/@TileSetAtlasSourceEditor@17258/@VBoxContainer@17128/@HBoxContainer@17129/@Button@17132 class=Button variation=FlatButton type=FlatButton slot=hover_pressed_mirrored bg=ff40ffff border=ccccccff
LEAK control_stylebox bg_source=base border_source= path=/root/@EditorNode@18065/@Panel@14/@Control@40/TileSet/@VBoxContainer@16837/Tiles/@VBoxContainer@17125/@TileSetAtlasSourceEditor@17258/@VBoxContainer@17128/@HBoxContainer@17129/@Button@17132 class=Button variation=FlatButton type=FlatButton slot=pressed_mirrored bg=ff40ffff border=ccccccff
LEAK control_stylebox bg_source=base border_source= path=/root/@EditorNode@18065/@Panel@14/@Control@40/TileSet/@VBoxContainer@16837/Tiles/@VBoxContainer@17125/@TileSetAtlasSourceEditor@17258/@VBoxContainer@17128/@ScrollContainer@17147 class=ScrollContainer variation=ScrollContainerSecondary type=ScrollContainerSecondary slot=panel bg=c200c2ff border=ccccccff
LEAK control_stylebox bg_source=base border_source= path=/root/@EditorNode@18065/@Panel@14/@Control@40/TileSet/@VBoxContainer@16837/Tiles/@VBoxContainer@17125/@TileSetAtlasSourceEditor@17258/@VBoxContainer@17178/@HBoxContainer@17179/@Button@17181 class=Button variation=FlatButton type=Button slot=hover_mirrored bg=ff40ffff border=ccccccff
LEAK control_stylebox bg_source=base border_source= path=/root/@EditorNode@18065/@Panel@14/@Control@40/TileSet/@VBoxContainer@16837/Tiles/@VBoxContainer@17125/@TileSetAtlasSourceEditor@17258/@VBoxContainer@17178/@HBoxContainer@17179/@Button@17181 class=Button variation=FlatButton type=Button slot=hover_pressed_mirrored bg=ff40ffff border=ccccccff
LEAK control_stylebox bg_source=base border_source= path=/root/@EditorNode@18065/@Panel@14/@Control@40/TileSet/@VBoxContainer@16837/Tiles/@VBoxContainer@17125/@TileSetAtlasSourceEditor@17258/@VBoxContainer@17178/@HBoxContainer@17179/@Button@17181 class=Button variation=FlatButton type=Button slot=pressed_mirrored bg=ff40ffff border=ccccccff
LEAK control_stylebox bg_source=base border_source= path=/root/@EditorNode@18065/@Panel@14/@Control@40/TileSet/@VBoxContainer@16837/Tiles/@VBoxContainer@17125/@TileSetAtlasSourceEditor@17258/@VBoxContainer@17178/@HBoxContainer@17179/@Button@17181 class=Button variation=FlatButton type=FlatButton slot=hover_mirrored bg=ff40ffff border=ccccccff
LEAK control_stylebox bg_source=base border_source= path=/root/@EditorNode@18065/@Panel@14/@Control@40/TileSet/@VBoxContainer@16837/Tiles/@VBoxContainer@17125/@TileSetAtlasSourceEditor@17258/@VBoxContainer@17178/@HBoxContainer@17179/@Button@17181 class=Button variation=FlatButton type=FlatButton slot=hover_pressed_mirrored bg=ff40ffff border=ccccccff
LEAK control_stylebox bg_source=base border_source= path=/root/@EditorNode@18065/@Panel@14/@Control@40/TileSet/@VBoxContainer@16837/Tiles/@VBoxContainer@17125/@TileSetAtlasSourceEditor@17258/@VBoxContainer@17178/@HBoxContainer@17179/@Button@17181 class=Button variation=FlatButton type=FlatButton slot=pressed_mirrored bg=ff40ffff border=ccccccff
LEAK control_stylebox bg_source=base border_source= path=/root/@EditorNode@18065/@Panel@14/@Control@40/TileSet/@VBoxContainer@16837/Tiles/@VBoxContainer@17125/@TileSetAtlasSourceEditor@17258/@VBoxContainer@17178/@HBoxContainer@17179/@MenuButton@17190 class=MenuButton variation=FlatMenuButton type=FlatMenuButton slot=hover_mirrored bg=ff40ffff border=ccccccff
LEAK control_stylebox bg_source=base border_source= path=/root/@EditorNode@18065/@Panel@14/@Control@40/TileSet/@VBoxContainer@16837/Tiles/@VBoxContainer@17125/@TileSetAtlasSourceEditor@17258/@VBoxContainer@17178/@HBoxContainer@17179/@MenuButton@17190 class=MenuButton variation=FlatMenuButton type=FlatMenuButton slot=hover_pressed_mirrored bg=ff40ffff border=ccccccff
LEAK control_stylebox bg_source=base border_source= path=/root/@EditorNode@18065/@Panel@14/@Control@40/TileSet/@VBoxContainer@16837/Tiles/@VBoxContainer@17125/@TileSetAtlasSourceEditor@17258/@VBoxContainer@17178/@HBoxContainer@17179/@MenuButton@17190 class=MenuButton variation=FlatMenuButton type=FlatMenuButton slot=pressed_mirrored bg=ff40ffff border=ccccccff
LEAK control_stylebox bg_source=base border_source= path=/root/@EditorNode@18065/@Panel@14/@Control@40/TileSet/@VBoxContainer@16837/Tiles/@VBoxContainer@17125/@TileSetScenesCollectionSourceEditor@17296/@HSplitContainer@17260/@VBoxContainer@17289/@HBoxContainer@17293/@Button@17294 class=Button variation=FlatButton type=Button slot=hover_mirrored bg=ff40ffff border=ccccccff
LEAK control_stylebox bg_source=base border_source= path=/root/@EditorNode@18065/@Panel@14/@Control@40/TileSet/@VBoxContainer@16837/Tiles/@VBoxContainer@17125/@TileSetScenesCollectionSourceEditor@17296/@HSplitContainer@17260/@VBoxContainer@17289/@HBoxContainer@17293/@Button@17294 class=Button variation=FlatButton type=Button slot=hover_pressed_mirrored bg=ff40ffff border=ccccccff
LEAK control_stylebox bg_source=base border_source= path=/root/@EditorNode@18065/@Panel@14/@Control@40/TileSet/@VBoxContainer@16837/Tiles/@VBoxContainer@17125/@TileSetScenesCollectionSourceEditor@17296/@HSplitContainer@17260/@VBoxContainer@17289/@HBoxContainer@17293/@Button@17294 class=Button variation=FlatButton type=Button slot=pressed_mirrored bg=ff40ffff border=ccccccff
LEAK control_stylebox bg_source=base border_source= path=/root/@EditorNode@18065/@Panel@14/@Control@40/TileSet/@VBoxContainer@16837/Tiles/@VBoxContainer@17125/@TileSetScenesCollectionSourceEditor@17296/@HSplitContainer@17260/@VBoxContainer@17289/@HBoxContainer@17293/@Button@17294 class=Button variation=FlatButton type=FlatButton slot=hover_mirrored bg=ff40ffff border=ccccccff
LEAK control_stylebox bg_source=base border_source= path=/root/@EditorNode@18065/@Panel@14/@Control@40/TileSet/@VBoxContainer@16837/Tiles/@VBoxContainer@17125/@TileSetScenesCollectionSourceEditor@17296/@HSplitContainer@17260/@VBoxContainer@17289/@HBoxContainer@17293/@Button@17294 class=Button variation=FlatButton type=FlatButton slot=hover_pressed_mirrored bg=ff40ffff border=ccccccff
LEAK control_stylebox bg_source=base border_source= path=/root/@EditorNode@18065/@Panel@14/@Control@40/TileSet/@VBoxContainer@16837/Tiles/@VBoxContainer@17125/@TileSetScenesCollectionSourceEditor@17296/@HSplitContainer@17260/@VBoxContainer@17289/@HBoxContainer@17293/@Button@17294 class=Button variation=FlatButton type=FlatButton slot=pressed_mirrored bg=ff40ffff border=ccccccff
LEAK control_stylebox bg_source=base border_source= path=/root/@EditorNode@18065/@Panel@14/@Control@40/TileSet/@VBoxContainer@16837/Tiles/@VBoxContainer@17125/@TileSetScenesCollectionSourceEditor@17296/@HSplitContainer@17260/@VBoxContainer@17289/@HBoxContainer@17293/@Button@17295 class=Button variation=FlatButton type=Button slot=hover_mirrored bg=ff40ffff border=ccccccff
LEAK control_stylebox bg_source=base border_source= path=/root/@EditorNode@18065/@Panel@14/@Control@40/TileSet/@VBoxContainer@16837/Tiles/@VBoxContainer@17125/@TileSetScenesCollectionSourceEditor@17296/@HSplitContainer@17260/@VBoxContainer@17289/@HBoxContainer@17293/@Button@17295 class=Button variation=FlatButton type=Button slot=hover_pressed_mirrored bg=ff40ffff border=ccccccff
LEAK control_stylebox bg_source=base border_source= path=/root/@EditorNode@18065/@Panel@14/@Control@40/TileSet/@VBoxContainer@16837/Tiles/@VBoxContainer@17125/@TileSetScenesCollectionSourceEditor@17296/@HSplitContainer@17260/@VBoxContainer@17289/@HBoxContainer@17293/@Button@17295 class=Button variation=FlatButton type=Button slot=pressed_mirrored bg=ff40ffff border=ccccccff
LEAK control_stylebox bg_source=base border_source= path=/root/@EditorNode@18065/@Panel@14/@Control@40/TileSet/@VBoxContainer@16837/Tiles/@VBoxContainer@17125/@TileSetScenesCollectionSourceEditor@17296/@HSplitContainer@17260/@VBoxContainer@17289/@HBoxContainer@17293/@Button@17295 class=Button variation=FlatButton type=FlatButton slot=hover_mirrored bg=ff40ffff border=ccccccff
LEAK control_stylebox bg_source=base border_source= path=/root/@EditorNode@18065/@Panel@14/@Control@40/TileSet/@VBoxContainer@16837/Tiles/@VBoxContainer@17125/@TileSetScenesCollectionSourceEditor@17296/@HSplitContainer@17260/@VBoxContainer@17289/@HBoxContainer@17293/@Button@17295 class=Button variation=FlatButton type=FlatButton slot=hover_pressed_mirrored bg=ff40ffff border=ccccccff
LEAK control_stylebox bg_source=base border_source= path=/root/@EditorNode@18065/@Panel@14/@Control@40/TileSet/@VBoxContainer@16837/Tiles/@VBoxContainer@17125/@TileSetScenesCollectionSourceEditor@17296/@HSplitContainer@17260/@VBoxContainer@17289/@HBoxContainer@17293/@Button@17295 class=Button variation=FlatButton type=FlatButton slot=pressed_mirrored bg=ff40ffff border=ccccccff
LEAK control_stylebox bg_source=base border_source= path=/root/@EditorNode@18065/@Panel@14/@VBoxContainer@15/@EditorTitleBar@16/@MenuBar@4735 class=MenuBar variation=MainMenuBar type=MainMenuBar slot=hover bg=ff40ffff border=ccccccff
LEAK control_stylebox bg_source=base border_source= path=/root/@EditorNode@18065/@Panel@14/@VBoxContainer@15/@EditorTitleBar@16/@MenuBar@4735 class=MenuBar variation=MainMenuBar type=MainMenuBar slot=hover_pressed bg=ff40ffff border=ccccccff
LEAK control_stylebox bg_source=base border_source= path=/root/@EditorNode@18065/@Panel@14/@VBoxContainer@15/@EditorTitleBar@16/@MenuBar@4735 class=MenuBar variation=MainMenuBar type=MainMenuBar slot=normal bg=ff40ffff border=ccccccff
LEAK control_stylebox bg_source=base border_source= path=/root/@EditorNode@18065/@Panel@14/@VBoxContainer@15/@EditorTitleBar@16/@MenuBar@4735 class=MenuBar variation=MainMenuBar type=MainMenuBar slot=pressed bg=ff40ffff border=ccccccff
LEAK control_stylebox bg_source=base border_source= path=/root/@EditorNode@18065/@Panel@14/@VBoxContainer@15/DockHSplitMain/@VBoxContainer@28/DockVSplitCenter/@EditorBottomPanel@7422/Animation/@VBoxContainer@11222/@AnimationTrackEditor@11989/@MarginContainer@11264/@PanelContainer@11265/@HBoxContainer@11266/@VBoxContainer@11267/@MarginContainer@11271/@AnimationTimelineEdit@11290 class=AnimationTimelineEdit variation= type=AnimationTimelineEdit slot=time_unavailable bg=ff33ffff border=ccccccff
LEAK control_stylebox bg_source=base border_source= path=/root/@EditorNode@18065/@Panel@14/@VBoxContainer@15/DockHSplitMain/@VBoxContainer@28/DockVSplitCenter/@EditorBottomPanel@7422/Animation/@VBoxContainer@11222/@HBoxContainer@11223/@Button@11262 class=Button variation=FlatButton type=Button slot=hover_mirrored bg=ff40ffff border=ccccccff
LEAK control_stylebox bg_source=base border_source= path=/root/@EditorNode@18065/@Panel@14/@VBoxContainer@15/DockHSplitMain/@VBoxContainer@28/DockVSplitCenter/@EditorBottomPanel@7422/Animation/@VBoxContainer@11222/@HBoxContainer@11223/@Button@11262 class=Button variation=FlatButton type=Button slot=hover_pressed_mirrored bg=ff40ffff border=ccccccff
LEAK control_stylebox bg_source=base border_source= path=/root/@EditorNode@18065/@Panel@14/@VBoxContainer@15/DockHSplitMain/@VBoxContainer@28/DockVSplitCenter/@EditorBottomPanel@7422/Animation/@VBoxContainer@11222/@HBoxContainer@11223/@Button@11262 class=Button variation=FlatButton type=Button slot=pressed_mirrored bg=ff40ffff border=ccccccff
LEAK control_stylebox bg_source=base border_source= path=/root/@EditorNode@18065/@Panel@14/@VBoxContainer@15/DockHSplitMain/@VBoxContainer@28/DockVSplitCenter/@EditorBottomPanel@7422/Animation/@VBoxContainer@11222/@HBoxContainer@11223/@Button@11262 class=Button variation=FlatButton type=FlatButton slot=hover_mirrored bg=ff40ffff border=ccccccff
LEAK control_stylebox bg_source=base border_source= path=/root/@EditorNode@18065/@Panel@14/@VBoxContainer@15/DockHSplitMain/@VBoxContainer@28/DockVSplitCenter/@EditorBottomPanel@7422/Animation/@VBoxContainer@11222/@HBoxContainer@11223/@Button@11262 class=Button variation=FlatButton type=FlatButton slot=hover_pressed_mirrored bg=ff40ffff border=ccccccff
LEAK control_stylebox bg_source=base border_source= path=/root/@EditorNode@18065/@Panel@14/@VBoxContainer@15/DockHSplitMain/@VBoxContainer@28/DockVSplitCenter/@EditorBottomPanel@7422/Animation/@VBoxContainer@11222/@HBoxContainer@11223/@Button@11262 class=Button variation=FlatButton type=FlatButton slot=pressed_mirrored bg=ff40ffff border=ccccccff
LEAK control_stylebox bg_source=base border_source= path=/root/@EditorNode@18065/@Panel@14/@VBoxContainer@15/DockHSplitMain/@VBoxContainer@28/DockVSplitCenter/@EditorBottomPanel@7422/Animation/@VBoxContainer@11222/@HBoxContainer@11223/@Button@11774 class=Button variation=FlatButton type=Button slot=hover_mirrored bg=ff40ffff border=ccccccff
LEAK control_stylebox bg_source=base border_source= path=/root/@EditorNode@18065/@Panel@14/@VBoxContainer@15/DockHSplitMain/@VBoxContainer@28/DockVSplitCenter/@EditorBottomPanel@7422/Animation/@VBoxContainer@11222/@HBoxContainer@11223/@Button@11774 class=Button variation=FlatButton type=Button slot=hover_pressed_mirrored bg=ff40ffff border=ccccccff
LEAK control_stylebox bg_source=base border_source= path=/root/@EditorNode@18065/@Panel@14/@VBoxContainer@15/DockHSplitMain/@VBoxContainer@28/DockVSplitCenter/@EditorBottomPanel@7422/Animation/@VBoxContainer@11222/@HBoxContainer@11223/@Button@11774 class=Button variation=FlatButton type=Button slot=pressed_mirrored bg=ff40ffff border=ccccccff
LEAK control_stylebox bg_source=base border_source= path=/root/@EditorNode@18065/@Panel@14/@VBoxContainer@15/DockHSplitMain/@VBoxContainer@28/DockVSplitCenter/@EditorBottomPanel@7422/Animation/@VBoxContainer@11222/@HBoxContainer@11223/@Button@11774 class=Button variation=FlatButton type=FlatButton slot=hover_mirrored bg=ff40ffff border=ccccccff
LEAK control_stylebox bg_source=base border_source= path=/root/@EditorNode@18065/@Panel@14/@VBoxContainer@15/DockHSplitMain/@VBoxContainer@28/DockVSplitCenter/@EditorBottomPanel@7422/Animation/@VBoxContainer@11222/@HBoxContainer@11223/@Button@11774 class=Button variation=FlatButton type=FlatButton slot=hover_pressed_mirrored bg=ff40ffff border=ccccccff
LEAK control_stylebox bg_source=base border_source= path=/root/@EditorNode@18065/@Panel@14/@VBoxContainer@15/DockHSplitMain/@VBoxContainer@28/DockVSplitCenter/@EditorBottomPanel@7422/Animation/@VBoxContainer@11222/@HBoxContainer@11223/@Button@11774 class=Button variation=FlatButton type=FlatButton slot=pressed_mirrored bg=ff40ffff border=ccccccff
LEAK control_stylebox bg_source=base border_source= path=/root/@EditorNode@18065/@Panel@14/@VBoxContainer@15/DockHSplitMain/@VBoxContainer@28/DockVSplitCenter/@EditorBottomPanel@7422/Animation/@VBoxContainer@11222/@HBoxContainer@11223/@Button@11785 class=Button variation=FlatButton type=Button slot=hover_mirrored bg=ff40ffff border=ccccccff
LEAK control_stylebox bg_source=base border_source= path=/root/@EditorNode@18065/@Panel@14/@VBoxContainer@15/DockHSplitMain/@VBoxContainer@28/DockVSplitCenter/@EditorBottomPanel@7422/Animation/@VBoxContainer@11222/@HBoxContainer@11223/@Button@11785 class=Button variation=FlatButton type=Button slot=hover_pressed_mirrored bg=ff40ffff border=ccccccff
LEAK control_stylebox bg_source=base border_source= path=/root/@EditorNode@18065/@Panel@14/@VBoxContainer@15/DockHSplitMain/@VBoxContainer@28/DockVSplitCenter/@EditorBottomPanel@7422/Animation/@VBoxContainer@11222/@HBoxContainer@11223/@Button@11785 class=Button variation=FlatButton type=Button slot=pressed_mirrored bg=ff40ffff border=ccccccff
LEAK control_stylebox bg_source=base border_source= path=/root/@EditorNode@18065/@Panel@14/@VBoxContainer@15/DockHSplitMain/@VBoxContainer@28/DockVSplitCenter/@EditorBottomPanel@7422/Animation/@VBoxContainer@11222/@HBoxContainer@11223/@Button@11785 class=Button variation=FlatButton type=FlatButton slot=hover_mirrored bg=ff40ffff border=ccccccff
LEAK control_stylebox bg_source=base border_source= path=/root/@EditorNode@18065/@Panel@14/@VBoxContainer@15/DockHSplitMain/@VBoxContainer@28/DockVSplitCenter/@EditorBottomPanel@7422/Animation/@VBoxContainer@11222/@HBoxContainer@11223/@Button@11785 class=Button variation=FlatButton type=FlatButton slot=hover_pressed_mirrored bg=ff40ffff border=ccccccff
LEAK control_stylebox bg_source=base border_source= path=/root/@EditorNode@18065/@Panel@14/@VBoxContainer@15/DockHSplitMain/@VBoxContainer@28/DockVSplitCenter/@EditorBottomPanel@7422/Animation/@VBoxContainer@11222/@HBoxContainer@11223/@Button@11785 class=Button variation=FlatButton type=FlatButton slot=pressed_mirrored bg=ff40ffff border=ccccccff
LEAK control_stylebox bg_source=base border_source= path=/root/@EditorNode@18065/@Panel@14/@VBoxContainer@15/DockHSplitMain/@VBoxContainer@28/DockVSplitCenter/@EditorBottomPanel@7422/Animation/@VBoxContainer@11222/@HBoxContainer@11223/@HBoxContainer@11224/@Button@11225 class=Button variation=FlatButton type=Button slot=hover_mirrored bg=ff40ffff border=ccccccff
LEAK control_stylebox bg_source=base border_source= path=/root/@EditorNode@18065/@Panel@14/@VBoxContainer@15/DockHSplitMain/@VBoxContainer@28/DockVSplitCenter/@EditorBottomPanel@7422/Animation/@VBoxContainer@11222/@HBoxContainer@11223/@HBoxContainer@11224/@Button@11225 class=Button variation=FlatButton type=Button slot=hover_pressed_mirrored bg=ff40ffff border=ccccccff
LEAK control_stylebox bg_source=base border_source= path=/root/@EditorNode@18065/@Panel@14/@VBoxContainer@15/DockHSplitMain/@VBoxContainer@28/DockVSplitCenter/@EditorBottomPanel@7422/Animation/@VBoxContainer@11222/@HBoxContainer@11223/@HBoxContainer@11224/@Button@11225 class=Button variation=FlatButton type=Button slot=pressed_mirrored bg=ff40ffff border=ccccccff
LEAK control_stylebox bg_source=base border_source= path=/root/@EditorNode@18065/@Panel@14/@VBoxContainer@15/DockHSplitMain/@VBoxContainer@28/DockVSplitCenter/@EditorBottomPanel@7422/Animation/@VBoxContainer@11222/@HBoxContainer@11223/@HBoxContainer@11224/@Button@11225 class=Button variation=FlatButton type=FlatButton slot=hover_mirrored bg=ff40ffff border=ccccccff
LEAK control_stylebox bg_source=base border_source= path=/root/@EditorNode@18065/@Panel@14/@VBoxContainer@15/DockHSplitMain/@VBoxContainer@28/DockVSplitCenter/@EditorBottomPanel@7422/Animation/@VBoxContainer@11222/@HBoxContainer@11223/@HBoxContainer@11224/@Button@11225 class=Button variation=FlatButton type=FlatButton slot=hover_pressed_mirrored bg=ff40ffff border=ccccccff
LEAK control_stylebox bg_source=base border_source= path=/root/@EditorNode@18065/@Panel@14/@VBoxContainer@15/DockHSplitMain/@VBoxContainer@28/DockVSplitCenter/@EditorBottomPanel@7422/Animation/@VBoxContainer@11222/@HBoxContainer@11223/@HBoxContainer@11224/@Button@11225 class=Button variation=FlatButton type=FlatButton slot=pressed_mirrored bg=ff40ffff border=ccccccff
LEAK control_stylebox bg_source=base border_source= path=/root/@EditorNode@18065/@Panel@14/@VBoxContainer@15/DockHSplitMain/@VBoxContainer@28/DockVSplitCenter/@EditorBottomPanel@7422/Animation/@VBoxContainer@11222/@HBoxContainer@11223/@HBoxContainer@11224/@Button@11226 class=Button variation=FlatButton type=Button slot=hover_mirrored bg=ff40ffff border=ccccccff
LEAK control_stylebox bg_source=base border_source= path=/root/@EditorNode@18065/@Panel@14/@VBoxContainer@15/DockHSplitMain/@VBoxContainer@28/DockVSplitCenter/@EditorBottomPanel@7422/Animation/@VBoxContainer@11222/@HBoxContainer@11223/@HBoxContainer@11224/@Button@11226 class=Button variation=FlatButton type=Button slot=hover_pressed_mirrored bg=ff40ffff border=ccccccff
LEAK control_stylebox bg_source=base border_source= path=/root/@EditorNode@18065/@Panel@14/@VBoxContainer@15/DockHSplitMain/@VBoxContainer@28/DockVSplitCenter/@EditorBottomPanel@7422/Animation/@VBoxContainer@11222/@HBoxContainer@11223/@HBoxContainer@11224/@Button@11226 class=Button variation=FlatButton type=Button slot=pressed_mirrored bg=ff40ffff border=ccccccff
LEAK control_stylebox bg_source=base border_source= path=/root/@EditorNode@18065/@Panel@14/@VBoxContainer@15/DockHSplitMain/@VBoxContainer@28/DockVSplitCenter/@EditorBottomPanel@7422/Animation/@VBoxContainer@11222/@HBoxContainer@11223/@HBoxContainer@11224/@Button@11226 class=Button variation=FlatButton type=FlatButton slot=hover_mirrored bg=ff40ffff border=ccccccff
LEAK control_stylebox bg_source=base border_source= path=/root/@EditorNode@18065/@Panel@14/@VBoxContainer@15/DockHSplitMain/@VBoxContainer@28/DockVSplitCenter/@EditorBottomPanel@7422/Animation/@VBoxContainer@11222/@HBoxContainer@11223/@HBoxContainer@11224/@Button@11226 class=Button variation=FlatButton type=FlatButton slot=hover_pressed_mirrored bg=ff40ffff border=ccccccff
LEAK control_stylebox bg_source=base border_source= path=/root/@EditorNode@18065/@Panel@14/@VBoxContainer@15/DockHSplitMain/@VBoxContainer@28/DockVSplitCenter/@EditorBottomPanel@7422/Animation/@VBoxContainer@11222/@HBoxContainer@11223/@HBoxContainer@11224/@Button@11226 class=Button variation=FlatButton type=FlatButton slot=pressed_mirrored bg=ff40ffff border=ccccccff
LEAK control_stylebox bg_source=base border_source= path=/root/@EditorNode@18065/@Panel@14/@VBoxContainer@15/DockHSplitMain/@VBoxContainer@28/DockVSplitCenter/@EditorBottomPanel@7422/Animation/@VBoxContainer@11222/@HBoxContainer@11223/@HBoxContainer@11224/@Button@11227 class=Button variation=FlatButton type=Button slot=hover_mirrored bg=ff40ffff border=ccccccff
LEAK control_stylebox bg_source=base border_source= path=/root/@EditorNode@18065/@Panel@14/@VBoxContainer@15/DockHSplitMain/@VBoxContainer@28/DockVSplitCenter/@EditorBottomPanel@7422/Animation/@VBoxContainer@11222/@HBoxContainer@11223/@HBoxContainer@11224/@Button@11227 class=Button variation=FlatButton type=Button slot=hover_pressed_mirrored bg=ff40ffff border=ccccccff
LEAK control_stylebox bg_source=base border_source= path=/root/@EditorNode@18065/@Panel@14/@VBoxContainer@15/DockHSplitMain/@VBoxContainer@28/DockVSplitCenter/@EditorBottomPanel@7422/Animation/@VBoxContainer@11222/@HBoxContainer@11223/@HBoxContainer@11224/@Button@11227 class=Button variation=FlatButton type=Button slot=pressed_mirrored bg=ff40ffff border=ccccccff
LEAK control_stylebox bg_source=base border_source= path=/root/@EditorNode@18065/@Panel@14/@VBoxContainer@15/DockHSplitMain/@VBoxContainer@28/DockVSplitCenter/@EditorBottomPanel@7422/Animation/@VBoxContainer@11222/@HBoxContainer@11223/@HBoxContainer@11224/@Button@11227 class=Button variation=FlatButton type=FlatButton slot=hover_mirrored bg=ff40ffff border=ccccccff
LEAK control_stylebox bg_source=base border_source= path=/root/@EditorNode@18065/@Panel@14/@VBoxContainer@15/DockHSplitMain/@VBoxContainer@28/DockVSplitCenter/@EditorBottomPanel@7422/Animation/@VBoxContainer@11222/@HBoxContainer@11223/@HBoxContainer@11224/@Button@11227 class=Button variation=FlatButton type=FlatButton slot=hover_pressed_mirrored bg=ff40ffff border=ccccccff
LEAK control_stylebox bg_source=base border_source= path=/root/@EditorNode@18065/@Panel@14/@VBoxContainer@15/DockHSplitMain/@VBoxContainer@28/DockVSplitCenter/@EditorBottomPanel@7422/Animation/@VBoxContainer@11222/@HBoxContainer@11223/@HBoxContainer@11224/@Button@11227 class=Button variation=FlatButton type=FlatButton slot=pressed_mirrored bg=ff40ffff border=ccccccff
LEAK control_stylebox bg_source=base border_source= path=/root/@EditorNode@18065/@Panel@14/@VBoxContainer@15/DockHSplitMain/@VBoxContainer@28/DockVSplitCenter/@EditorBottomPanel@7422/Animation/@VBoxContainer@11222/@HBoxContainer@11223/@HBoxContainer@11224/@Button@11228 class=Button variation=FlatButton type=Button slot=hover_mirrored bg=ff40ffff border=ccccccff
LEAK control_stylebox bg_source=base border_source= path=/root/@EditorNode@18065/@Panel@14/@VBoxContainer@15/DockHSplitMain/@VBoxContainer@28/DockVSplitCenter/@EditorBottomPanel@7422/Animation/@VBoxContainer@11222/@HBoxContainer@11223/@HBoxContainer@11224/@Button@11228 class=Button variation=FlatButton type=Button slot=hover_pressed_mirrored bg=ff40ffff border=ccccccff
LEAK control_stylebox bg_source=base border_source= path=/root/@EditorNode@18065/@Panel@14/@VBoxContainer@15/DockHSplitMain/@VBoxContainer@28/DockVSplitCenter/@EditorBottomPanel@7422/Animation/@VBoxContainer@11222/@HBoxContainer@11223/@HBoxContainer@11224/@Button@11228 class=Button variation=FlatButton type=Button slot=pressed_mirrored bg=ff40ffff border=ccccccff
LEAK control_stylebox bg_source=base border_source= path=/root/@EditorNode@18065/@Panel@14/@VBoxContainer@15/DockHSplitMain/@VBoxContainer@28/DockVSplitCenter/@EditorBottomPanel@7422/Animation/@VBoxContainer@11222/@HBoxContainer@11223/@HBoxContainer@11224/@Button@11228 class=Button variation=FlatButton type=FlatButton slot=hover_mirrored bg=ff40ffff border=ccccccff
LEAK control_stylebox bg_source=base border_source= path=/root/@EditorNode@18065/@Panel@14/@VBoxContainer@15/DockHSplitMain/@VBoxContainer@28/DockVSplitCenter/@EditorBottomPanel@7422/Animation/@VBoxContainer@11222/@HBoxContainer@11223/@HBoxContainer@11224/@Button@11228 class=Button variation=FlatButton type=FlatButton slot=hover_pressed_mirrored bg=ff40ffff border=ccccccff
LEAK control_stylebox bg_source=base border_source= path=/root/@EditorNode@18065/@Panel@14/@VBoxContainer@15/DockHSplitMain/@VBoxContainer@28/DockVSplitCenter/@EditorBottomPanel@7422/Animation/@VBoxContainer@11222/@HBoxContainer@11223/@HBoxContainer@11224/@Button@11228 class=Button variation=FlatButton type=FlatButton slot=pressed_mirrored bg=ff40ffff border=ccccccff
LEAK control_stylebox bg_source=base border_source= path=/root/@EditorNode@18065/@Panel@14/@VBoxContainer@15/DockHSplitMain/@VBoxContainer@28/DockVSplitCenter/@EditorBottomPanel@7422/Animation/@VBoxContainer@11222/@HBoxContainer@11223/@HBoxContainer@11224/@Button@11229 class=Button variation=FlatButton type=Button slot=hover_mirrored bg=ff40ffff border=ccccccff
LEAK control_stylebox bg_source=base border_source= path=/root/@EditorNode@18065/@Panel@14/@VBoxContainer@15/DockHSplitMain/@VBoxContainer@28/DockVSplitCenter/@EditorBottomPanel@7422/Animation/@VBoxContainer@11222/@HBoxContainer@11223/@HBoxContainer@11224/@Button@11229 class=Button variation=FlatButton type=Button slot=hover_pressed_mirrored bg=ff40ffff border=ccccccff
LEAK control_stylebox bg_source=base border_source= path=/root/@EditorNode@18065/@Panel@14/@VBoxContainer@15/DockHSplitMain/@VBoxContainer@28/DockVSplitCenter/@EditorBottomPanel@7422/Animation/@VBoxContainer@11222/@HBoxContainer@11223/@HBoxContainer@11224/@Button@11229 class=Button variation=FlatButton type=Button slot=pressed_mirrored bg=ff40ffff border=ccccccff
LEAK control_stylebox bg_source=base border_source= path=/root/@EditorNode@18065/@Panel@14/@VBoxContainer@15/DockHSplitMain/@VBoxContainer@28/DockVSplitCenter/@EditorBottomPanel@7422/Animation/@VBoxContainer@11222/@HBoxContainer@11223/@HBoxContainer@11224/@Button@11229 class=Button variation=FlatButton type=FlatButton slot=hover_mirrored bg=ff40ffff border=ccccccff
LEAK control_stylebox bg_source=base border_source= path=/root/@EditorNode@18065/@Panel@14/@VBoxContainer@15/DockHSplitMain/@VBoxContainer@28/DockVSplitCenter/@EditorBottomPanel@7422/Animation/@VBoxContainer@11222/@HBoxContainer@11223/@HBoxContainer@11224/@Button@11229 class=Button variation=FlatButton type=FlatButton slot=hover_pressed_mirrored bg=ff40ffff border=ccccccff
LEAK control_stylebox bg_source=base border_source= path=/root/@EditorNode@18065/@Panel@14/@VBoxContainer@15/DockHSplitMain/@VBoxContainer@28/DockVSplitCenter/@EditorBottomPanel@7422/Animation/@VBoxContainer@11222/@HBoxContainer@11223/@HBoxContainer@11224/@Button@11229 class=Button variation=FlatButton type=FlatButton slot=pressed_mirrored bg=ff40ffff border=ccccccff
LEAK control_stylebox bg_source=base border_source= path=/root/@EditorNode@18065/@Panel@14/@VBoxContainer@15/DockHSplitMain/@VBoxContainer@28/DockVSplitCenter/@EditorBottomPanel@7422/Animation/@VBoxContainer@11222/@HBoxContainer@11223/@MenuButton@11783 class=MenuButton variation=FlatMenuButton type=FlatMenuButton slot=hover_mirrored bg=ff40ffff border=ccccccff
LEAK control_stylebox bg_source=base border_source= path=/root/@EditorNode@18065/@Panel@14/@VBoxContainer@15/DockHSplitMain/@VBoxContainer@28/DockVSplitCenter/@EditorBottomPanel@7422/Animation/@VBoxContainer@11222/@HBoxContainer@11223/@MenuButton@11783 class=MenuButton variation=FlatMenuButton type=FlatMenuButton slot=hover_pressed_mirrored bg=ff40ffff border=ccccccff
LEAK control_stylebox bg_source=base border_source= path=/root/@EditorNode@18065/@Panel@14/@VBoxContainer@15/DockHSplitMain/@VBoxContainer@28/DockVSplitCenter/@EditorBottomPanel@7422/Animation/@VBoxContainer@11222/@HBoxContainer@11223/@MenuButton@11783 class=MenuButton variation=FlatMenuButton type=FlatMenuButton slot=pressed_mirrored bg=ff40ffff border=ccccccff
LEAK control_stylebox bg_source=base border_source= path=/root/@EditorNode@18065/@Panel@14/@VBoxContainer@15/DockHSplitMain/@VBoxContainer@28/DockVSplitCenter/@EditorBottomPanel@7422/Audio/@VBoxContainer@10851/@MarginContainer@10861/@ScrollContainer@10864/@HBoxContainer@10865/@EditorAudioBus@18317 class=EditorAudioBus variation= type=EditorAudioBus slot=master bg=ff33ffff border=ccccccff
LEAK control_stylebox bg_source=base border_source= path=/root/@EditorNode@18065/@Panel@14/@VBoxContainer@15/DockHSplitMain/@VBoxContainer@28/DockVSplitCenter/@EditorBottomPanel@7422/Audio/@VBoxContainer@10851/@MarginContainer@10861/@ScrollContainer@10864/@HBoxContainer@10865/@EditorAudioBus@18317 class=EditorAudioBus variation= type=EditorAudioBus slot=normal bg=ff33ffff border=ccccccff
LEAK control_stylebox bg_source=base border_source= path=/root/@EditorNode@18065/@Panel@14/@VBoxContainer@15/DockHSplitMain/@VBoxContainer@28/DockVSplitCenter/@EditorBottomPanel@7422/Audio/@VBoxContainer@10851/@MarginContainer@10861/@ScrollContainer@10864/@HBoxContainer@10865/@EditorAudioBus@18317/@VBoxContainer@18244/@Tree@18282 class=Tree variation=EditorAudioBusEffectsTree type=EditorAudioBusEffectsTree slot=panel bg=e800e8ff border=ccccccff
LEAK control_stylebox bg_source=base border_source= path=/root/@EditorNode@18065/@Panel@14/@VBoxContainer@15/DockHSplitMain/@VBoxContainer@28/DockVSplitCenter/@EditorBottomPanel@7422/Debugger/@TabContainer@8422/Session 1/@TabContainer@8425/Evaluator/@EditorDebuggerInspector@8689 class=EditorDebuggerInspector variation= type=EditorDebuggerInspector slot=panel bg=c200c2ff border=ccccccff
LEAK control_stylebox bg_source=base border_source= path=/root/@EditorNode@18065/@Panel@14/@VBoxContainer@15/DockHSplitMain/@VBoxContainer@28/DockVSplitCenter/@EditorBottomPanel@7422/Debugger/@TabContainer@8422/Session 1/@TabContainer@8425/Stack Trace/@HBoxContainer@8426/@Button@8431 class=Button variation=FlatButton type=Button slot=hover_mirrored bg=ff40ffff border=ccccccff
LEAK control_stylebox bg_source=base border_source= path=/root/@EditorNode@18065/@Panel@14/@VBoxContainer@15/DockHSplitMain/@VBoxContainer@28/DockVSplitCenter/@EditorBottomPanel@7422/Debugger/@TabContainer@8422/Session 1/@TabContainer@8425/Stack Trace/@HBoxContainer@8426/@Button@8431 class=Button variation=FlatButton type=Button slot=hover_pressed_mirrored bg=ff40ffff border=ccccccff
LEAK control_stylebox bg_source=base border_source= path=/root/@EditorNode@18065/@Panel@14/@VBoxContainer@15/DockHSplitMain/@VBoxContainer@28/DockVSplitCenter/@EditorBottomPanel@7422/Debugger/@TabContainer@8422/Session 1/@TabContainer@8425/Stack Trace/@HBoxContainer@8426/@Button@8431 class=Button variation=FlatButton type=Button slot=pressed_mirrored bg=ff40ffff border=ccccccff
LEAK control_stylebox bg_source=base border_source= path=/root/@EditorNode@18065/@Panel@14/@VBoxContainer@15/DockHSplitMain/@VBoxContainer@28/DockVSplitCenter/@EditorBottomPanel@7422/Debugger/@TabContainer@8422/Session 1/@TabContainer@8425/Stack Trace/@HBoxContainer@8426/@Button@8431 class=Button variation=FlatButton type=FlatButton slot=hover_mirrored bg=ff40ffff border=ccccccff
LEAK control_stylebox bg_source=base border_source= path=/root/@EditorNode@18065/@Panel@14/@VBoxContainer@15/DockHSplitMain/@VBoxContainer@28/DockVSplitCenter/@EditorBottomPanel@7422/Debugger/@TabContainer@8422/Session 1/@TabContainer@8425/Stack Trace/@HBoxContainer@8426/@Button@8431 class=Button variation=FlatButton type=FlatButton slot=hover_pressed_mirrored bg=ff40ffff border=ccccccff
LEAK control_stylebox bg_source=base border_source= path=/root/@EditorNode@18065/@Panel@14/@VBoxContainer@15/DockHSplitMain/@VBoxContainer@28/DockVSplitCenter/@EditorBottomPanel@7422/Debugger/@TabContainer@8422/Session 1/@TabContainer@8425/Stack Trace/@HBoxContainer@8426/@Button@8431 class=Button variation=FlatButton type=FlatButton slot=pressed_mirrored bg=ff40ffff border=ccccccff
LEAK control_stylebox bg_source=base border_source= path=/root/@EditorNode@18065/@Panel@14/@VBoxContainer@15/DockHSplitMain/@VBoxContainer@28/DockVSplitCenter/@EditorBottomPanel@7422/Debugger/@TabContainer@8422/Session 1/@TabContainer@8425/Stack Trace/@HBoxContainer@8426/@Button@8432 class=Button variation=FlatButton type=Button slot=hover_mirrored bg=ff40ffff border=ccccccff
LEAK control_stylebox bg_source=base border_source= path=/root/@EditorNode@18065/@Panel@14/@VBoxContainer@15/DockHSplitMain/@VBoxContainer@28/DockVSplitCenter/@EditorBottomPanel@7422/Debugger/@TabContainer@8422/Session 1/@TabContainer@8425/Stack Trace/@HBoxContainer@8426/@Button@8432 class=Button variation=FlatButton type=Button slot=hover_pressed_mirrored bg=ff40ffff border=ccccccff
LEAK control_stylebox bg_source=base border_source= path=/root/@EditorNode@18065/@Panel@14/@VBoxContainer@15/DockHSplitMain/@VBoxContainer@28/DockVSplitCenter/@EditorBottomPanel@7422/Debugger/@TabContainer@8422/Session 1/@TabContainer@8425/Stack Trace/@HBoxContainer@8426/@Button@8432 class=Button variation=FlatButton type=Button slot=pressed_mirrored bg=ff40ffff border=ccccccff
LEAK control_stylebox bg_source=base border_source= path=/root/@EditorNode@18065/@Panel@14/@VBoxContainer@15/DockHSplitMain/@VBoxContainer@28/DockVSplitCenter/@EditorBottomPanel@7422/Debugger/@TabContainer@8422/Session 1/@TabContainer@8425/Stack Trace/@HBoxContainer@8426/@Button@8432 class=Button variation=FlatButton type=FlatButton slot=hover_mirrored bg=ff40ffff border=ccccccff
LEAK control_stylebox bg_source=base border_source= path=/root/@EditorNode@18065/@Panel@14/@VBoxContainer@15/DockHSplitMain/@VBoxContainer@28/DockVSplitCenter/@EditorBottomPanel@7422/Debugger/@TabContainer@8422/Session 1/@TabContainer@8425/Stack Trace/@HBoxContainer@8426/@Button@8432 class=Button variation=FlatButton type=FlatButton slot=hover_pressed_mirrored bg=ff40ffff border=ccccccff
LEAK control_stylebox bg_source=base border_source= path=/root/@EditorNode@18065/@Panel@14/@VBoxContainer@15/DockHSplitMain/@VBoxContainer@28/DockVSplitCenter/@EditorBottomPanel@7422/Debugger/@TabContainer@8422/Session 1/@TabContainer@8425/Stack Trace/@HBoxContainer@8426/@Button@8432 class=Button variation=FlatButton type=FlatButton slot=pressed_mirrored bg=ff40ffff border=ccccccff
LEAK control_stylebox bg_source=base border_source= path=/root/@EditorNode@18065/@Panel@14/@VBoxContainer@15/DockHSplitMain/@VBoxContainer@28/DockVSplitCenter/@EditorBottomPanel@7422/Debugger/@TabContainer@8422/Session 1/@TabContainer@8425/Stack Trace/@HBoxContainer@8426/@Button@8434 class=Button variation=FlatButton type=Button slot=hover_mirrored bg=ff40ffff border=ccccccff
LEAK control_stylebox bg_source=base border_source= path=/root/@EditorNode@18065/@Panel@14/@VBoxContainer@15/DockHSplitMain/@VBoxContainer@28/DockVSplitCenter/@EditorBottomPanel@7422/Debugger/@TabContainer@8422/Session 1/@TabContainer@8425/Stack Trace/@HBoxContainer@8426/@Button@8434 class=Button variation=FlatButton type=Button slot=hover_pressed_mirrored bg=ff40ffff border=ccccccff
LEAK control_stylebox bg_source=base border_source= path=/root/@EditorNode@18065/@Panel@14/@VBoxContainer@15/DockHSplitMain/@VBoxContainer@28/DockVSplitCenter/@EditorBottomPanel@7422/Debugger/@TabContainer@8422/Session 1/@TabContainer@8425/Stack Trace/@HBoxContainer@8426/@Button@8434 class=Button variation=FlatButton type=Button slot=pressed_mirrored bg=ff40ffff border=ccccccff
LEAK control_stylebox bg_source=base border_source= path=/root/@EditorNode@18065/@Panel@14/@VBoxContainer@15/DockHSplitMain/@VBoxContainer@28/DockVSplitCenter/@EditorBottomPanel@7422/Debugger/@TabContainer@8422/Session 1/@TabContainer@8425/Stack Trace/@HBoxContainer@8426/@Button@8434 class=Button variation=FlatButton type=FlatButton slot=hover_mirrored bg=ff40ffff border=ccccccff
LEAK control_stylebox bg_source=base border_source= path=/root/@EditorNode@18065/@Panel@14/@VBoxContainer@15/DockHSplitMain/@VBoxContainer@28/DockVSplitCenter/@EditorBottomPanel@7422/Debugger/@TabContainer@8422/Session 1/@TabContainer@8425/Stack Trace/@HBoxContainer@8426/@Button@8434 class=Button variation=FlatButton type=FlatButton slot=hover_pressed_mirrored bg=ff40ffff border=ccccccff
LEAK control_stylebox bg_source=base border_source= path=/root/@EditorNode@18065/@Panel@14/@VBoxContainer@15/DockHSplitMain/@VBoxContainer@28/DockVSplitCenter/@EditorBottomPanel@7422/Debugger/@TabContainer@8422/Session 1/@TabContainer@8425/Stack Trace/@HBoxContainer@8426/@Button@8434 class=Button variation=FlatButton type=FlatButton slot=pressed_mirrored bg=ff40ffff border=ccccccff
LEAK control_stylebox bg_source=base border_source= path=/root/@EditorNode@18065/@Panel@14/@VBoxContainer@15/DockHSplitMain/@VBoxContainer@28/DockVSplitCenter/@EditorBottomPanel@7422/Debugger/@TabContainer@8422/Session 1/@TabContainer@8425/Stack Trace/@HBoxContainer@8426/@Button@8436 class=Button variation=FlatButton type=Button slot=hover_mirrored bg=ff40ffff border=ccccccff
LEAK control_stylebox bg_source=base border_source= path=/root/@EditorNode@18065/@Panel@14/@VBoxContainer@15/DockHSplitMain/@VBoxContainer@28/DockVSplitCenter/@EditorBottomPanel@7422/Debugger/@TabContainer@8422/Session 1/@TabContainer@8425/Stack Trace/@HBoxContainer@8426/@Button@8436 class=Button variation=FlatButton type=Button slot=hover_pressed_mirrored bg=ff40ffff border=ccccccff
LEAK control_stylebox bg_source=base border_source= path=/root/@EditorNode@18065/@Panel@14/@VBoxContainer@15/DockHSplitMain/@VBoxContainer@28/DockVSplitCenter/@EditorBottomPanel@7422/Debugger/@TabContainer@8422/Session 1/@TabContainer@8425/Stack Trace/@HBoxContainer@8426/@Button@8436 class=Button variation=FlatButton type=Button slot=pressed_mirrored bg=ff40ffff border=ccccccff
LEAK control_stylebox bg_source=base border_source= path=/root/@EditorNode@18065/@Panel@14/@VBoxContainer@15/DockHSplitMain/@VBoxContainer@28/DockVSplitCenter/@EditorBottomPanel@7422/Debugger/@TabContainer@8422/Session 1/@TabContainer@8425/Stack Trace/@HBoxContainer@8426/@Button@8436 class=Button variation=FlatButton type=FlatButton slot=hover_mirrored bg=ff40ffff border=ccccccff
LEAK control_stylebox bg_source=base border_source= path=/root/@EditorNode@18065/@Panel@14/@VBoxContainer@15/DockHSplitMain/@VBoxContainer@28/DockVSplitCenter/@EditorBottomPanel@7422/Debugger/@TabContainer@8422/Session 1/@TabContainer@8425/Stack Trace/@HBoxContainer@8426/@Button@8436 class=Button variation=FlatButton type=FlatButton slot=hover_pressed_mirrored bg=ff40ffff border=ccccccff
LEAK control_stylebox bg_source=base border_source= path=/root/@EditorNode@18065/@Panel@14/@VBoxContainer@15/DockHSplitMain/@VBoxContainer@28/DockVSplitCenter/@EditorBottomPanel@7422/Debugger/@TabContainer@8422/Session 1/@TabContainer@8425/Stack Trace/@HBoxContainer@8426/@Button@8436 class=Button variation=FlatButton type=FlatButton slot=pressed_mirrored bg=ff40ffff border=ccccccff
LEAK control_stylebox bg_source=base border_source= path=/root/@EditorNode@18065/@Panel@14/@VBoxContainer@15/DockHSplitMain/@VBoxContainer@28/DockVSplitCenter/@EditorBottomPanel@7422/Debugger/@TabContainer@8422/Session 1/@TabContainer@8425/Stack Trace/@HBoxContainer@8426/@Button@8437 class=Button variation=FlatButton type=Button slot=hover_mirrored bg=ff40ffff border=ccccccff
LEAK control_stylebox bg_source=base border_source= path=/root/@EditorNode@18065/@Panel@14/@VBoxContainer@15/DockHSplitMain/@VBoxContainer@28/DockVSplitCenter/@EditorBottomPanel@7422/Debugger/@TabContainer@8422/Session 1/@TabContainer@8425/Stack Trace/@HBoxContainer@8426/@Button@8437 class=Button variation=FlatButton type=Button slot=hover_pressed_mirrored bg=ff40ffff border=ccccccff
LEAK control_stylebox bg_source=base border_source= path=/root/@EditorNode@18065/@Panel@14/@VBoxContainer@15/DockHSplitMain/@VBoxContainer@28/DockVSplitCenter/@EditorBottomPanel@7422/Debugger/@TabContainer@8422/Session 1/@TabContainer@8425/Stack Trace/@HBoxContainer@8426/@Button@8437 class=Button variation=FlatButton type=Button slot=pressed_mirrored bg=ff40ffff border=ccccccff
LEAK control_stylebox bg_source=base border_source= path=/root/@EditorNode@18065/@Panel@14/@VBoxContainer@15/DockHSplitMain/@VBoxContainer@28/DockVSplitCenter/@EditorBottomPanel@7422/Debugger/@TabContainer@8422/Session 1/@TabContainer@8425/Stack Trace/@HBoxContainer@8426/@Button@8437 class=Button variation=FlatButton type=FlatButton slot=hover_mirrored bg=ff40ffff border=ccccccff
LEAK control_stylebox bg_source=base border_source= path=/root/@EditorNode@18065/@Panel@14/@VBoxContainer@15/DockHSplitMain/@VBoxContainer@28/DockVSplitCenter/@EditorBottomPanel@7422/Debugger/@TabContainer@8422/Session 1/@TabContainer@8425/Stack Trace/@HBoxContainer@8426/@Button@8437 class=Button variation=FlatButton type=FlatButton slot=hover_pressed_mirrored bg=ff40ffff border=ccccccff
LEAK control_stylebox bg_source=base border_source= path=/root/@EditorNode@18065/@Panel@14/@VBoxContainer@15/DockHSplitMain/@VBoxContainer@28/DockVSplitCenter/@EditorBottomPanel@7422/Debugger/@TabContainer@8422/Session 1/@TabContainer@8425/Stack Trace/@HBoxContainer@8426/@Button@8437 class=Button variation=FlatButton type=FlatButton slot=pressed_mirrored bg=ff40ffff border=ccccccff
LEAK control_stylebox bg_source=base border_source= path=/root/@EditorNode@18065/@Panel@14/@VBoxContainer@15/DockHSplitMain/@VBoxContainer@28/DockVSplitCenter/@EditorBottomPanel@7422/Debugger/@TabContainer@8422/Session 1/@TabContainer@8425/Stack Trace/@HBoxContainer@8426/@Button@8438 class=Button variation=FlatButton type=Button slot=hover_mirrored bg=ff40ffff border=ccccccff
LEAK control_stylebox bg_source=base border_source= path=/root/@EditorNode@18065/@Panel@14/@VBoxContainer@15/DockHSplitMain/@VBoxContainer@28/DockVSplitCenter/@EditorBottomPanel@7422/Debugger/@TabContainer@8422/Session 1/@TabContainer@8425/Stack Trace/@HBoxContainer@8426/@Button@8438 class=Button variation=FlatButton type=Button slot=hover_pressed_mirrored bg=ff40ffff border=ccccccff
LEAK control_stylebox bg_source=base border_source= path=/root/@EditorNode@18065/@Panel@14/@VBoxContainer@15/DockHSplitMain/@VBoxContainer@28/DockVSplitCenter/@EditorBottomPanel@7422/Debugger/@TabContainer@8422/Session 1/@TabContainer@8425/Stack Trace/@HBoxContainer@8426/@Button@8438 class=Button variation=FlatButton type=Button slot=pressed_mirrored bg=ff40ffff border=ccccccff
LEAK control_stylebox bg_source=base border_source= path=/root/@EditorNode@18065/@Panel@14/@VBoxContainer@15/DockHSplitMain/@VBoxContainer@28/DockVSplitCenter/@EditorBottomPanel@7422/Debugger/@TabContainer@8422/Session 1/@TabContainer@8425/Stack Trace/@HBoxContainer@8426/@Button@8438 class=Button variation=FlatButton type=FlatButton slot=hover_mirrored bg=ff40ffff border=ccccccff
LEAK control_stylebox bg_source=base border_source= path=/root/@EditorNode@18065/@Panel@14/@VBoxContainer@15/DockHSplitMain/@VBoxContainer@28/DockVSplitCenter/@EditorBottomPanel@7422/Debugger/@TabContainer@8422/Session 1/@TabContainer@8425/Stack Trace/@HBoxContainer@8426/@Button@8438 class=Button variation=FlatButton type=FlatButton slot=hover_pressed_mirrored bg=ff40ffff border=ccccccff
LEAK control_stylebox bg_source=base border_source= path=/root/@EditorNode@18065/@Panel@14/@VBoxContainer@15/DockHSplitMain/@VBoxContainer@28/DockVSplitCenter/@EditorBottomPanel@7422/Debugger/@TabContainer@8422/Session 1/@TabContainer@8425/Stack Trace/@HBoxContainer@8426/@Button@8438 class=Button variation=FlatButton type=FlatButton slot=pressed_mirrored bg=ff40ffff border=ccccccff
LEAK control_stylebox bg_source=base border_source= path=/root/@EditorNode@18065/@Panel@14/@VBoxContainer@15/DockHSplitMain/@VBoxContainer@28/DockVSplitCenter/@EditorBottomPanel@7422/Debugger/@TabContainer@8422/Session 1/@TabContainer@8425/Stack Trace/@HBoxContainer@8426/@Button@8440 class=Button variation=FlatButton type=Button slot=hover_mirrored bg=ff40ffff border=ccccccff
LEAK control_stylebox bg_source=base border_source= path=/root/@EditorNode@18065/@Panel@14/@VBoxContainer@15/DockHSplitMain/@VBoxContainer@28/DockVSplitCenter/@EditorBottomPanel@7422/Debugger/@TabContainer@8422/Session 1/@TabContainer@8425/Stack Trace/@HBoxContainer@8426/@Button@8440 class=Button variation=FlatButton type=Button slot=hover_pressed_mirrored bg=ff40ffff border=ccccccff
LEAK control_stylebox bg_source=base border_source= path=/root/@EditorNode@18065/@Panel@14/@VBoxContainer@15/DockHSplitMain/@VBoxContainer@28/DockVSplitCenter/@EditorBottomPanel@7422/Debugger/@TabContainer@8422/Session 1/@TabContainer@8425/Stack Trace/@HBoxContainer@8426/@Button@8440 class=Button variation=FlatButton type=Button slot=pressed_mirrored bg=ff40ffff border=ccccccff
LEAK control_stylebox bg_source=base border_source= path=/root/@EditorNode@18065/@Panel@14/@VBoxContainer@15/DockHSplitMain/@VBoxContainer@28/DockVSplitCenter/@EditorBottomPanel@7422/Debugger/@TabContainer@8422/Session 1/@TabContainer@8425/Stack Trace/@HBoxContainer@8426/@Button@8440 class=Button variation=FlatButton type=FlatButton slot=hover_mirrored bg=ff40ffff border=ccccccff
LEAK control_stylebox bg_source=base border_source= path=/root/@EditorNode@18065/@Panel@14/@VBoxContainer@15/DockHSplitMain/@VBoxContainer@28/DockVSplitCenter/@EditorBottomPanel@7422/Debugger/@TabContainer@8422/Session 1/@TabContainer@8425/Stack Trace/@HBoxContainer@8426/@Button@8440 class=Button variation=FlatButton type=FlatButton slot=hover_pressed_mirrored bg=ff40ffff border=ccccccff
LEAK control_stylebox bg_source=base border_source= path=/root/@EditorNode@18065/@Panel@14/@VBoxContainer@15/DockHSplitMain/@VBoxContainer@28/DockVSplitCenter/@EditorBottomPanel@7422/Debugger/@TabContainer@8422/Session 1/@TabContainer@8425/Stack Trace/@HBoxContainer@8426/@Button@8440 class=Button variation=FlatButton type=FlatButton slot=pressed_mirrored bg=ff40ffff border=ccccccff
LEAK control_stylebox bg_source=base border_source= path=/root/@EditorNode@18065/@Panel@14/@VBoxContainer@15/DockHSplitMain/@VBoxContainer@28/DockVSplitCenter/@EditorBottomPanel@7422/Debugger/@TabContainer@8422/Session 1/@TabContainer@8425/Stack Trace/@HBoxContainer@8426/@Button@8441 class=Button variation=FlatButton type=Button slot=hover_mirrored bg=ff40ffff border=ccccccff
LEAK control_stylebox bg_source=base border_source= path=/root/@EditorNode@18065/@Panel@14/@VBoxContainer@15/DockHSplitMain/@VBoxContainer@28/DockVSplitCenter/@EditorBottomPanel@7422/Debugger/@TabContainer@8422/Session 1/@TabContainer@8425/Stack Trace/@HBoxContainer@8426/@Button@8441 class=Button variation=FlatButton type=Button slot=hover_pressed_mirrored bg=ff40ffff border=ccccccff
LEAK control_stylebox bg_source=base border_source= path=/root/@EditorNode@18065/@Panel@14/@VBoxContainer@15/DockHSplitMain/@VBoxContainer@28/DockVSplitCenter/@EditorBottomPanel@7422/Debugger/@TabContainer@8422/Session 1/@TabContainer@8425/Stack Trace/@HBoxContainer@8426/@Button@8441 class=Button variation=FlatButton type=Button slot=pressed_mirrored bg=ff40ffff border=ccccccff
LEAK control_stylebox bg_source=base border_source= path=/root/@EditorNode@18065/@Panel@14/@VBoxContainer@15/DockHSplitMain/@VBoxContainer@28/DockVSplitCenter/@EditorBottomPanel@7422/Debugger/@TabContainer@8422/Session 1/@TabContainer@8425/Stack Trace/@HBoxContainer@8426/@Button@8441 class=Button variation=FlatButton type=FlatButton slot=hover_mirrored bg=ff40ffff border=ccccccff
LEAK control_stylebox bg_source=base border_source= path=/root/@EditorNode@18065/@Panel@14/@VBoxContainer@15/DockHSplitMain/@VBoxContainer@28/DockVSplitCenter/@EditorBottomPanel@7422/Debugger/@TabContainer@8422/Session 1/@TabContainer@8425/Stack Trace/@HBoxContainer@8426/@Button@8441 class=Button variation=FlatButton type=FlatButton slot=hover_pressed_mirrored bg=ff40ffff border=ccccccff
LEAK control_stylebox bg_source=base border_source= path=/root/@EditorNode@18065/@Panel@14/@VBoxContainer@15/DockHSplitMain/@VBoxContainer@28/DockVSplitCenter/@EditorBottomPanel@7422/Debugger/@TabContainer@8422/Session 1/@TabContainer@8425/Stack Trace/@HBoxContainer@8426/@Button@8441 class=Button variation=FlatButton type=FlatButton slot=pressed_mirrored bg=ff40ffff border=ccccccff
LEAK control_stylebox bg_source=base border_source= path=/root/@EditorNode@18065/@Panel@14/@VBoxContainer@15/DockHSplitMain/@VBoxContainer@28/DockVSplitCenter/@EditorBottomPanel@7422/Debugger/@TabContainer@8422/Session 1/@TabContainer@8425/Stack Trace/@HSplitContainer@8443/@VBoxContainer@8470/@EditorDebuggerInspector@8483 class=EditorDebuggerInspector variation= type=EditorDebuggerInspector slot=panel bg=c200c2ff border=ccccccff
LEAK control_stylebox bg_source=base border_source= path=/root/@EditorNode@18065/@Panel@14/@VBoxContainer@15/DockHSplitMain/@VBoxContainer@28/DockVSplitCenter/@EditorBottomPanel@7422/Debugger/@TabContainer@8422/Session 1/@TabContainer@8425/Video RAM/@HBoxContainer@8808/@Button@8806 class=Button variation=FlatButton type=Button slot=hover_mirrored bg=ff40ffff border=ccccccff
LEAK control_stylebox bg_source=base border_source= path=/root/@EditorNode@18065/@Panel@14/@VBoxContainer@15/DockHSplitMain/@VBoxContainer@28/DockVSplitCenter/@EditorBottomPanel@7422/Debugger/@TabContainer@8422/Session 1/@TabContainer@8425/Video RAM/@HBoxContainer@8808/@Button@8806 class=Button variation=FlatButton type=Button slot=hover_pressed_mirrored bg=ff40ffff border=ccccccff
LEAK control_stylebox bg_source=base border_source= path=/root/@EditorNode@18065/@Panel@14/@VBoxContainer@15/DockHSplitMain/@VBoxContainer@28/DockVSplitCenter/@EditorBottomPanel@7422/Debugger/@TabContainer@8422/Session 1/@TabContainer@8425/Video RAM/@HBoxContainer@8808/@Button@8806 class=Button variation=FlatButton type=Button slot=pressed_mirrored bg=ff40ffff border=ccccccff
LEAK control_stylebox bg_source=base border_source= path=/root/@EditorNode@18065/@Panel@14/@VBoxContainer@15/DockHSplitMain/@VBoxContainer@28/DockVSplitCenter/@EditorBottomPanel@7422/Debugger/@TabContainer@8422/Session 1/@TabContainer@8425/Video RAM/@HBoxContainer@8808/@Button@8806 class=Button variation=FlatButton type=FlatButton slot=hover_mirrored bg=ff40ffff border=ccccccff
LEAK control_stylebox bg_source=base border_source= path=/root/@EditorNode@18065/@Panel@14/@VBoxContainer@15/DockHSplitMain/@VBoxContainer@28/DockVSplitCenter/@EditorBottomPanel@7422/Debugger/@TabContainer@8422/Session 1/@TabContainer@8425/Video RAM/@HBoxContainer@8808/@Button@8806 class=Button variation=FlatButton type=FlatButton slot=hover_pressed_mirrored bg=ff40ffff border=ccccccff
LEAK control_stylebox bg_source=base border_source= path=/root/@EditorNode@18065/@Panel@14/@VBoxContainer@15/DockHSplitMain/@VBoxContainer@28/DockVSplitCenter/@EditorBottomPanel@7422/Debugger/@TabContainer@8422/Session 1/@TabContainer@8425/Video RAM/@HBoxContainer@8808/@Button@8806 class=Button variation=FlatButton type=FlatButton slot=pressed_mirrored bg=ff40ffff border=ccccccff
LEAK control_stylebox bg_source=base border_source= path=/root/@EditorNode@18065/@Panel@14/@VBoxContainer@15/DockHSplitMain/@VBoxContainer@28/DockVSplitCenter/@EditorBottomPanel@7422/Debugger/@TabContainer@8422/Session 1/@TabContainer@8425/Video RAM/@HBoxContainer@8808/@Button@8807 class=Button variation=FlatButton type=Button slot=hover_mirrored bg=ff40ffff border=ccccccff
LEAK control_stylebox bg_source=base border_source= path=/root/@EditorNode@18065/@Panel@14/@VBoxContainer@15/DockHSplitMain/@VBoxContainer@28/DockVSplitCenter/@EditorBottomPanel@7422/Debugger/@TabContainer@8422/Session 1/@TabContainer@8425/Video RAM/@HBoxContainer@8808/@Button@8807 class=Button variation=FlatButton type=Button slot=hover_pressed_mirrored bg=ff40ffff border=ccccccff
LEAK control_stylebox bg_source=base border_source= path=/root/@EditorNode@18065/@Panel@14/@VBoxContainer@15/DockHSplitMain/@VBoxContainer@28/DockVSplitCenter/@EditorBottomPanel@7422/Debugger/@TabContainer@8422/Session 1/@TabContainer@8425/Video RAM/@HBoxContainer@8808/@Button@8807 class=Button variation=FlatButton type=Button slot=pressed_mirrored bg=ff40ffff border=ccccccff
LEAK control_stylebox bg_source=base border_source= path=/root/@EditorNode@18065/@Panel@14/@VBoxContainer@15/DockHSplitMain/@VBoxContainer@28/DockVSplitCenter/@EditorBottomPanel@7422/Debugger/@TabContainer@8422/Session 1/@TabContainer@8425/Video RAM/@HBoxContainer@8808/@Button@8807 class=Button variation=FlatButton type=FlatButton slot=hover_mirrored bg=ff40ffff border=ccccccff
LEAK control_stylebox bg_source=base border_source= path=/root/@EditorNode@18065/@Panel@14/@VBoxContainer@15/DockHSplitMain/@VBoxContainer@28/DockVSplitCenter/@EditorBottomPanel@7422/Debugger/@TabContainer@8422/Session 1/@TabContainer@8425/Video RAM/@HBoxContainer@8808/@Button@8807 class=Button variation=FlatButton type=FlatButton slot=hover_pressed_mirrored bg=ff40ffff border=ccccccff
LEAK control_stylebox bg_source=base border_source= path=/root/@EditorNode@18065/@Panel@14/@VBoxContainer@15/DockHSplitMain/@VBoxContainer@28/DockVSplitCenter/@EditorBottomPanel@7422/Debugger/@TabContainer@8422/Session 1/@TabContainer@8425/Video RAM/@HBoxContainer@8808/@Button@8807 class=Button variation=FlatButton type=FlatButton slot=pressed_mirrored bg=ff40ffff border=ccccccff
LEAK control_stylebox bg_source=base border_source= path=/root/@EditorNode@18065/@Panel@14/@VBoxContainer@15/DockHSplitMain/@VBoxContainer@28/DockVSplitCenter/@EditorBottomPanel@7422/Output/@HBoxContainer@7424/@VBoxContainer@7430/@HBoxContainer@7431/@Button@7432 class=Button variation=FlatButton type=Button slot=hover_mirrored bg=ff40ffff border=ccccccff
LEAK control_stylebox bg_source=base border_source= path=/root/@EditorNode@18065/@Panel@14/@VBoxContainer@15/DockHSplitMain/@VBoxContainer@28/DockVSplitCenter/@EditorBottomPanel@7422/Output/@HBoxContainer@7424/@VBoxContainer@7430/@HBoxContainer@7431/@Button@7432 class=Button variation=FlatButton type=Button slot=hover_pressed_mirrored bg=ff40ffff border=ccccccff
LEAK control_stylebox bg_source=base border_source= path=/root/@EditorNode@18065/@Panel@14/@VBoxContainer@15/DockHSplitMain/@VBoxContainer@28/DockVSplitCenter/@EditorBottomPanel@7422/Output/@HBoxContainer@7424/@VBoxContainer@7430/@HBoxContainer@7431/@Button@7432 class=Button variation=FlatButton type=Button slot=pressed_mirrored bg=ff40ffff border=ccccccff
LEAK control_stylebox bg_source=base border_source= path=/root/@EditorNode@18065/@Panel@14/@VBoxContainer@15/DockHSplitMain/@VBoxContainer@28/DockVSplitCenter/@EditorBottomPanel@7422/Output/@HBoxContainer@7424/@VBoxContainer@7430/@HBoxContainer@7431/@Button@7432 class=Button variation=FlatButton type=FlatButton slot=hover_mirrored bg=ff40ffff border=ccccccff
LEAK control_stylebox bg_source=base border_source= path=/root/@EditorNode@18065/@Panel@14/@VBoxContainer@15/DockHSplitMain/@VBoxContainer@28/DockVSplitCenter/@EditorBottomPanel@7422/Output/@HBoxContainer@7424/@VBoxContainer@7430/@HBoxContainer@7431/@Button@7432 class=Button variation=FlatButton type=FlatButton slot=hover_pressed_mirrored bg=ff40ffff border=ccccccff
LEAK control_stylebox bg_source=base border_source= path=/root/@EditorNode@18065/@Panel@14/@VBoxContainer@15/DockHSplitMain/@VBoxContainer@28/DockVSplitCenter/@EditorBottomPanel@7422/Output/@HBoxContainer@7424/@VBoxContainer@7430/@HBoxContainer@7431/@Button@7432 class=Button variation=FlatButton type=FlatButton slot=pressed_mirrored bg=ff40ffff border=ccccccff
LEAK control_stylebox bg_source=base border_source= path=/root/@EditorNode@18065/@Panel@14/@VBoxContainer@15/DockHSplitMain/@VBoxContainer@28/DockVSplitCenter/@EditorBottomPanel@7422/Output/@HBoxContainer@7424/@VBoxContainer@7430/@HBoxContainer@7431/@Button@7433 class=Button variation=FlatButton type=Button slot=hover_mirrored bg=ff40ffff border=ccccccff
LEAK control_stylebox bg_source=base border_source= path=/root/@EditorNode@18065/@Panel@14/@VBoxContainer@15/DockHSplitMain/@VBoxContainer@28/DockVSplitCenter/@EditorBottomPanel@7422/Output/@HBoxContainer@7424/@VBoxContainer@7430/@HBoxContainer@7431/@Button@7433 class=Button variation=FlatButton type=Button slot=hover_pressed_mirrored bg=ff40ffff border=ccccccff
LEAK control_stylebox bg_source=base border_source= path=/root/@EditorNode@18065/@Panel@14/@VBoxContainer@15/DockHSplitMain/@VBoxContainer@28/DockVSplitCenter/@EditorBottomPanel@7422/Output/@HBoxContainer@7424/@VBoxContainer@7430/@HBoxContainer@7431/@Button@7433 class=Button variation=FlatButton type=Button slot=pressed_mirrored bg=ff40ffff border=ccccccff
LEAK control_stylebox bg_source=base border_source= path=/root/@EditorNode@18065/@Panel@14/@VBoxContainer@15/DockHSplitMain/@VBoxContainer@28/DockVSplitCenter/@EditorBottomPanel@7422/Output/@HBoxContainer@7424/@VBoxContainer@7430/@HBoxContainer@7431/@Button@7433 class=Button variation=FlatButton type=FlatButton slot=hover_mirrored bg=ff40ffff border=ccccccff
LEAK control_stylebox bg_source=base border_source= path=/root/@EditorNode@18065/@Panel@14/@VBoxContainer@15/DockHSplitMain/@VBoxContainer@28/DockVSplitCenter/@EditorBottomPanel@7422/Output/@HBoxContainer@7424/@VBoxContainer@7430/@HBoxContainer@7431/@Button@7433 class=Button variation=FlatButton type=FlatButton slot=hover_pressed_mirrored bg=ff40ffff border=ccccccff
LEAK control_stylebox bg_source=base border_source= path=/root/@EditorNode@18065/@Panel@14/@VBoxContainer@15/DockHSplitMain/@VBoxContainer@28/DockVSplitCenter/@EditorBottomPanel@7422/Output/@HBoxContainer@7424/@VBoxContainer@7430/@HBoxContainer@7431/@Button@7433 class=Button variation=FlatButton type=FlatButton slot=pressed_mirrored bg=ff40ffff border=ccccccff
LEAK control_stylebox bg_source=base border_source= path=/root/@EditorNode@18065/@Panel@14/@VBoxContainer@15/DockHSplitMain/@VBoxContainer@28/DockVSplitCenter/@EditorBottomPanel@7422/Output/@HBoxContainer@7424/@VBoxContainer@7430/@HBoxContainer@7435/@Button@7436 class=Button variation=FlatButton type=Button slot=hover_mirrored bg=ff40ffff border=ccccccff
LEAK control_stylebox bg_source=base border_source= path=/root/@EditorNode@18065/@Panel@14/@VBoxContainer@15/DockHSplitMain/@VBoxContainer@28/DockVSplitCenter/@EditorBottomPanel@7422/Output/@HBoxContainer@7424/@VBoxContainer@7430/@HBoxContainer@7435/@Button@7436 class=Button variation=FlatButton type=Button slot=hover_pressed_mirrored bg=ff40ffff border=ccccccff
LEAK control_stylebox bg_source=base border_source= path=/root/@EditorNode@18065/@Panel@14/@VBoxContainer@15/DockHSplitMain/@VBoxContainer@28/DockVSplitCenter/@EditorBottomPanel@7422/Output/@HBoxContainer@7424/@VBoxContainer@7430/@HBoxContainer@7435/@Button@7436 class=Button variation=FlatButton type=Button slot=pressed_mirrored bg=ff40ffff border=ccccccff
LEAK control_stylebox bg_source=base border_source= path=/root/@EditorNode@18065/@Panel@14/@VBoxContainer@15/DockHSplitMain/@VBoxContainer@28/DockVSplitCenter/@EditorBottomPanel@7422/Output/@HBoxContainer@7424/@VBoxContainer@7430/@HBoxContainer@7435/@Button@7436 class=Button variation=FlatButton type=FlatButton slot=hover_mirrored bg=ff40ffff border=ccccccff
LEAK control_stylebox bg_source=base border_source= path=/root/@EditorNode@18065/@Panel@14/@VBoxContainer@15/DockHSplitMain/@VBoxContainer@28/DockVSplitCenter/@EditorBottomPanel@7422/Output/@HBoxContainer@7424/@VBoxContainer@7430/@HBoxContainer@7435/@Button@7436 class=Button variation=FlatButton type=FlatButton slot=hover_pressed_mirrored bg=ff40ffff border=ccccccff
LEAK control_stylebox bg_source=base border_source= path=/root/@EditorNode@18065/@Panel@14/@VBoxContainer@15/DockHSplitMain/@VBoxContainer@28/DockVSplitCenter/@EditorBottomPanel@7422/Output/@HBoxContainer@7424/@VBoxContainer@7430/@HBoxContainer@7435/@Button@7436 class=Button variation=FlatButton type=FlatButton slot=pressed_mirrored bg=ff40ffff border=ccccccff
LEAK control_stylebox bg_source=base border_source= path=/root/@EditorNode@18065/@Panel@14/@VBoxContainer@15/DockHSplitMain/@VBoxContainer@28/DockVSplitCenter/@EditorBottomPanel@7422/Output/@HBoxContainer@7424/@VBoxContainer@7430/@HBoxContainer@7435/@Button@7437 class=Button variation=FlatButton type=Button slot=hover_mirrored bg=ff40ffff border=ccccccff
LEAK control_stylebox bg_source=base border_source= path=/root/@EditorNode@18065/@Panel@14/@VBoxContainer@15/DockHSplitMain/@VBoxContainer@28/DockVSplitCenter/@EditorBottomPanel@7422/Output/@HBoxContainer@7424/@VBoxContainer@7430/@HBoxContainer@7435/@Button@7437 class=Button variation=FlatButton type=Button slot=hover_pressed_mirrored bg=ff40ffff border=ccccccff
LEAK control_stylebox bg_source=base border_source= path=/root/@EditorNode@18065/@Panel@14/@VBoxContainer@15/DockHSplitMain/@VBoxContainer@28/DockVSplitCenter/@EditorBottomPanel@7422/Output/@HBoxContainer@7424/@VBoxContainer@7430/@HBoxContainer@7435/@Button@7437 class=Button variation=FlatButton type=Button slot=pressed_mirrored bg=ff40ffff border=ccccccff
LEAK control_stylebox bg_source=base border_source= path=/root/@EditorNode@18065/@Panel@14/@VBoxContainer@15/DockHSplitMain/@VBoxContainer@28/DockVSplitCenter/@EditorBottomPanel@7422/Output/@HBoxContainer@7424/@VBoxContainer@7430/@HBoxContainer@7435/@Button@7437 class=Button variation=FlatButton type=FlatButton slot=hover_mirrored bg=ff40ffff border=ccccccff
LEAK control_stylebox bg_source=base border_source= path=/root/@EditorNode@18065/@Panel@14/@VBoxContainer@15/DockHSplitMain/@VBoxContainer@28/DockVSplitCenter/@EditorBottomPanel@7422/Output/@HBoxContainer@7424/@VBoxContainer@7430/@HBoxContainer@7435/@Button@7437 class=Button variation=FlatButton type=FlatButton slot=hover_pressed_mirrored bg=ff40ffff border=ccccccff
LEAK control_stylebox bg_source=base border_source= path=/root/@EditorNode@18065/@Panel@14/@VBoxContainer@15/DockHSplitMain/@VBoxContainer@28/DockVSplitCenter/@EditorBottomPanel@7422/Output/@HBoxContainer@7424/@VBoxContainer@7430/@HBoxContainer@7435/@Button@7437 class=Button variation=FlatButton type=FlatButton slot=pressed_mirrored bg=ff40ffff border=ccccccff
LEAK control_stylebox bg_source=base border_source= path=/root/@EditorNode@18065/@Panel@14/@VBoxContainer@15/DockHSplitMain/@VBoxContainer@28/DockVSplitCenter/@EditorBottomPanel@7422/Shader Editor/@HSplitContainer@14384/@MenuButton@14407 class=MenuButton variation=FlatMenuButton type=FlatMenuButton slot=hover_mirrored bg=ff40ffff border=ccccccff
LEAK control_stylebox bg_source=base border_source= path=/root/@EditorNode@18065/@Panel@14/@VBoxContainer@15/DockHSplitMain/@VBoxContainer@28/DockVSplitCenter/@EditorBottomPanel@7422/Shader Editor/@HSplitContainer@14384/@MenuButton@14407 class=MenuButton variation=FlatMenuButton type=FlatMenuButton slot=hover_pressed_mirrored bg=ff40ffff border=ccccccff
LEAK control_stylebox bg_source=base border_source= path=/root/@EditorNode@18065/@Panel@14/@VBoxContainer@15/DockHSplitMain/@VBoxContainer@28/DockVSplitCenter/@EditorBottomPanel@7422/Shader Editor/@HSplitContainer@14384/@MenuButton@14407 class=MenuButton variation=FlatMenuButton type=FlatMenuButton slot=pressed_mirrored bg=ff40ffff border=ccccccff
LEAK control_stylebox bg_source=base border_source= path=/root/@EditorNode@18065/@Panel@14/@VBoxContainer@15/DockHSplitMain/@VBoxContainer@28/DockVSplitCenter/@VSplitContainer@70/@VBoxContainer@71/@EditorMainScreen@125/MainScreen/@CanvasItemEditor@9318/@MarginContainer@9097/@HFlowContainer@9098/@HBoxContainer@9099/@Button@9147 class=Button variation=FlatButton type=Button slot=hover_mirrored bg=ff40ffff border=ccccccff
LEAK control_stylebox bg_source=base border_source= path=/root/@EditorNode@18065/@Panel@14/@VBoxContainer@15/DockHSplitMain/@VBoxContainer@28/DockVSplitCenter/@VSplitContainer@70/@VBoxContainer@71/@EditorMainScreen@125/MainScreen/@CanvasItemEditor@9318/@MarginContainer@9097/@HFlowContainer@9098/@HBoxContainer@9099/@Button@9147 class=Button variation=FlatButton type=Button slot=hover_pressed_mirrored bg=ff40ffff border=ccccccff
LEAK control_stylebox bg_source=base border_source= path=/root/@EditorNode@18065/@Panel@14/@VBoxContainer@15/DockHSplitMain/@VBoxContainer@28/DockVSplitCenter/@VSplitContainer@70/@VBoxContainer@71/@EditorMainScreen@125/MainScreen/@CanvasItemEditor@9318/@MarginContainer@9097/@HFlowContainer@9098/@HBoxContainer@9099/@Button@9147 class=Button variation=FlatButton type=Button slot=pressed_mirrored bg=ff40ffff border=ccccccff
LEAK control_stylebox bg_source=base border_source= path=/root/@EditorNode@18065/@Panel@14/@VBoxContainer@15/DockHSplitMain/@VBoxContainer@28/DockVSplitCenter/@VSplitContainer@70/@VBoxContainer@71/@EditorMainScreen@125/MainScreen/@CanvasItemEditor@9318/@MarginContainer@9097/@HFlowContainer@9098/@HBoxContainer@9099/@Button@9147 class=Button variation=FlatButton type=FlatButton slot=hover_mirrored bg=ff40ffff border=ccccccff
LEAK control_stylebox bg_source=base border_source= path=/root/@EditorNode@18065/@Panel@14/@VBoxContainer@15/DockHSplitMain/@VBoxContainer@28/DockVSplitCenter/@VSplitContainer@70/@VBoxContainer@71/@EditorMainScreen@125/MainScreen/@CanvasItemEditor@9318/@MarginContainer@9097/@HFlowContainer@9098/@HBoxContainer@9099/@Button@9147 class=Button variation=FlatButton type=FlatButton slot=hover_pressed_mirrored bg=ff40ffff border=ccccccff
LEAK control_stylebox bg_source=base border_source= path=/root/@EditorNode@18065/@Panel@14/@VBoxContainer@15/DockHSplitMain/@VBoxContainer@28/DockVSplitCenter/@VSplitContainer@70/@VBoxContainer@71/@EditorMainScreen@125/MainScreen/@CanvasItemEditor@9318/@MarginContainer@9097/@HFlowContainer@9098/@HBoxContainer@9099/@Button@9147 class=Button variation=FlatButton type=FlatButton slot=pressed_mirrored bg=ff40ffff border=ccccccff
LEAK control_stylebox bg_source=base border_source= path=/root/@EditorNode@18065/@Panel@14/@VBoxContainer@15/DockHSplitMain/@VBoxContainer@28/DockVSplitCenter/@VSplitContainer@70/@VBoxContainer@71/@EditorMainScreen@125/MainScreen/@CanvasItemEditor@9318/@MarginContainer@9097/@HFlowContainer@9098/@HBoxContainer@9099/@Button@9149 class=Button variation=FlatButton type=Button slot=hover_mirrored bg=ff40ffff border=ccccccff
LEAK control_stylebox bg_source=base border_source= path=/root/@EditorNode@18065/@Panel@14/@VBoxContainer@15/DockHSplitMain/@VBoxContainer@28/DockVSplitCenter/@VSplitContainer@70/@VBoxContainer@71/@EditorMainScreen@125/MainScreen/@CanvasItemEditor@9318/@MarginContainer@9097/@HFlowContainer@9098/@HBoxContainer@9099/@Button@9149 class=Button variation=FlatButton type=Button slot=hover_pressed_mirrored bg=ff40ffff border=ccccccff
LEAK control_stylebox bg_source=base border_source= path=/root/@EditorNode@18065/@Panel@14/@VBoxContainer@15/DockHSplitMain/@VBoxContainer@28/DockVSplitCenter/@VSplitContainer@70/@VBoxContainer@71/@EditorMainScreen@125/MainScreen/@CanvasItemEditor@9318/@MarginContainer@9097/@HFlowContainer@9098/@HBoxContainer@9099/@Button@9149 class=Button variation=FlatButton type=Button slot=pressed_mirrored bg=ff40ffff border=ccccccff
LEAK control_stylebox bg_source=base border_source= path=/root/@EditorNode@18065/@Panel@14/@VBoxContainer@15/DockHSplitMain/@VBoxContainer@28/DockVSplitCenter/@VSplitContainer@70/@VBoxContainer@71/@EditorMainScreen@125/MainScreen/@CanvasItemEditor@9318/@MarginContainer@9097/@HFlowContainer@9098/@HBoxContainer@9099/@Button@9149 class=Button variation=FlatButton type=FlatButton slot=hover_mirrored bg=ff40ffff border=ccccccff
LEAK control_stylebox bg_source=base border_source= path=/root/@EditorNode@18065/@Panel@14/@VBoxContainer@15/DockHSplitMain/@VBoxContainer@28/DockVSplitCenter/@VSplitContainer@70/@VBoxContainer@71/@EditorMainScreen@125/MainScreen/@CanvasItemEditor@9318/@MarginContainer@9097/@HFlowContainer@9098/@HBoxContainer@9099/@Button@9149 class=Button variation=FlatButton type=FlatButton slot=hover_pressed_mirrored bg=ff40ffff border=ccccccff
LEAK control_stylebox bg_source=base border_source= path=/root/@EditorNode@18065/@Panel@14/@VBoxContainer@15/DockHSplitMain/@VBoxContainer@28/DockVSplitCenter/@VSplitContainer@70/@VBoxContainer@71/@EditorMainScreen@125/MainScreen/@CanvasItemEditor@9318/@MarginContainer@9097/@HFlowContainer@9098/@HBoxContainer@9099/@Button@9149 class=Button variation=FlatButton type=FlatButton slot=pressed_mirrored bg=ff40ffff border=ccccccff
LEAK control_stylebox bg_source=base border_source= path=/root/@EditorNode@18065/@Panel@14/@VBoxContainer@15/DockHSplitMain/@VBoxContainer@28/DockVSplitCenter/@VSplitContainer@70/@VBoxContainer@71/@EditorMainScreen@125/MainScreen/@CanvasItemEditor@9318/@MarginContainer@9097/@HFlowContainer@9098/@HBoxContainer@9099/@Button@9150 class=Button variation=FlatButton type=Button slot=hover_mirrored bg=ff40ffff border=ccccccff
LEAK control_stylebox bg_source=base border_source= path=/root/@EditorNode@18065/@Panel@14/@VBoxContainer@15/DockHSplitMain/@VBoxContainer@28/DockVSplitCenter/@VSplitContainer@70/@VBoxContainer@71/@EditorMainScreen@125/MainScreen/@CanvasItemEditor@9318/@MarginContainer@9097/@HFlowContainer@9098/@HBoxContainer@9099/@Button@9150 class=Button variation=FlatButton type=Button slot=hover_pressed_mirrored bg=ff40ffff border=ccccccff
LEAK control_stylebox bg_source=base border_source= path=/root/@EditorNode@18065/@Panel@14/@VBoxContainer@15/DockHSplitMain/@VBoxContainer@28/DockVSplitCenter/@VSplitContainer@70/@VBoxContainer@71/@EditorMainScreen@125/MainScreen/@CanvasItemEditor@9318/@MarginContainer@9097/@HFlowContainer@9098/@HBoxContainer@9099/@Button@9150 class=Button variation=FlatButton type=Button slot=pressed_mirrored bg=ff40ffff border=ccccccff
LEAK control_stylebox bg_source=base border_source= path=/root/@EditorNode@18065/@Panel@14/@VBoxContainer@15/DockHSplitMain/@VBoxContainer@28/DockVSplitCenter/@VSplitContainer@70/@VBoxContainer@71/@EditorMainScreen@125/MainScreen/@CanvasItemEditor@9318/@MarginContainer@9097/@HFlowContainer@9098/@HBoxContainer@9099/@Button@9150 class=Button variation=FlatButton type=FlatButton slot=hover_mirrored bg=ff40ffff border=ccccccff
LEAK control_stylebox bg_source=base border_source= path=/root/@EditorNode@18065/@Panel@14/@VBoxContainer@15/DockHSplitMain/@VBoxContainer@28/DockVSplitCenter/@VSplitContainer@70/@VBoxContainer@71/@EditorMainScreen@125/MainScreen/@CanvasItemEditor@9318/@MarginContainer@9097/@HFlowContainer@9098/@HBoxContainer@9099/@Button@9150 class=Button variation=FlatButton type=FlatButton slot=hover_pressed_mirrored bg=ff40ffff border=ccccccff
LEAK control_stylebox bg_source=base border_source= path=/root/@EditorNode@18065/@Panel@14/@VBoxContainer@15/DockHSplitMain/@VBoxContainer@28/DockVSplitCenter/@VSplitContainer@70/@VBoxContainer@71/@EditorMainScreen@125/MainScreen/@CanvasItemEditor@9318/@MarginContainer@9097/@HFlowContainer@9098/@HBoxContainer@9099/@Button@9150 class=Button variation=FlatButton type=FlatButton slot=pressed_mirrored bg=ff40ffff border=ccccccff
LEAK control_stylebox bg_source=base border_source= path=/root/@EditorNode@18065/@Panel@14/@VBoxContainer@15/DockHSplitMain/@VBoxContainer@28/DockVSplitCenter/@VSplitContainer@70/@VBoxContainer@71/@EditorMainScreen@125/MainScreen/@CanvasItemEditor@9318/@MarginContainer@9097/@HFlowContainer@9098/@HBoxContainer@9099/@Button@9151 class=Button variation=FlatButton type=Button slot=hover_mirrored bg=ff40ffff border=ccccccff
LEAK control_stylebox bg_source=base border_source= path=/root/@EditorNode@18065/@Panel@14/@VBoxContainer@15/DockHSplitMain/@VBoxContainer@28/DockVSplitCenter/@VSplitContainer@70/@VBoxContainer@71/@EditorMainScreen@125/MainScreen/@CanvasItemEditor@9318/@MarginContainer@9097/@HFlowContainer@9098/@HBoxContainer@9099/@Button@9151 class=Button variation=FlatButton type=Button slot=hover_pressed_mirrored bg=ff40ffff border=ccccccff
LEAK control_stylebox bg_source=base border_source= path=/root/@EditorNode@18065/@Panel@14/@VBoxContainer@15/DockHSplitMain/@VBoxContainer@28/DockVSplitCenter/@VSplitContainer@70/@VBoxContainer@71/@EditorMainScreen@125/MainScreen/@CanvasItemEditor@9318/@MarginContainer@9097/@HFlowContainer@9098/@HBoxContainer@9099/@Button@9151 class=Button variation=FlatButton type=Button slot=pressed_mirrored bg=ff40ffff border=ccccccff
LEAK control_stylebox bg_source=base border_source= path=/root/@EditorNode@18065/@Panel@14/@VBoxContainer@15/DockHSplitMain/@VBoxContainer@28/DockVSplitCenter/@VSplitContainer@70/@VBoxContainer@71/@EditorMainScreen@125/MainScreen/@CanvasItemEditor@9318/@MarginContainer@9097/@HFlowContainer@9098/@HBoxContainer@9099/@Button@9151 class=Button variation=FlatButton type=FlatButton slot=hover_mirrored bg=ff40ffff border=ccccccff
LEAK control_stylebox bg_source=base border_source= path=/root/@EditorNode@18065/@Panel@14/@VBoxContainer@15/DockHSplitMain/@VBoxContainer@28/DockVSplitCenter/@VSplitContainer@70/@VBoxContainer@71/@EditorMainScreen@125/MainScreen/@CanvasItemEditor@9318/@MarginContainer@9097/@HFlowContainer@9098/@HBoxContainer@9099/@Button@9151 class=Button variation=FlatButton type=FlatButton slot=hover_pressed_mirrored bg=ff40ffff border=ccccccff
LEAK control_stylebox bg_source=base border_source= path=/root/@EditorNode@18065/@Panel@14/@VBoxContainer@15/DockHSplitMain/@VBoxContainer@28/DockVSplitCenter/@VSplitContainer@70/@VBoxContainer@71/@EditorMainScreen@125/MainScreen/@CanvasItemEditor@9318/@MarginContainer@9097/@HFlowContainer@9098/@HBoxContainer@9099/@Button@9151 class=Button variation=FlatButton type=FlatButton slot=pressed_mirrored bg=ff40ffff border=ccccccff
LEAK control_stylebox bg_source=base border_source= path=/root/@EditorNode@18065/@Panel@14/@VBoxContainer@15/DockHSplitMain/@VBoxContainer@28/DockVSplitCenter/@VSplitContainer@70/@VBoxContainer@71/@EditorMainScreen@125/MainScreen/@CanvasItemEditor@9318/@MarginContainer@9097/@HFlowContainer@9098/@HBoxContainer@9099/@Button@9153 class=Button variation=FlatButton type=Button slot=hover_mirrored bg=ff40ffff border=ccccccff
LEAK control_stylebox bg_source=base border_source= path=/root/@EditorNode@18065/@Panel@14/@VBoxContainer@15/DockHSplitMain/@VBoxContainer@28/DockVSplitCenter/@VSplitContainer@70/@VBoxContainer@71/@EditorMainScreen@125/MainScreen/@CanvasItemEditor@9318/@MarginContainer@9097/@HFlowContainer@9098/@HBoxContainer@9099/@Button@9153 class=Button variation=FlatButton type=Button slot=hover_pressed_mirrored bg=ff40ffff border=ccccccff
LEAK control_stylebox bg_source=base border_source= path=/root/@EditorNode@18065/@Panel@14/@VBoxContainer@15/DockHSplitMain/@VBoxContainer@28/DockVSplitCenter/@VSplitContainer@70/@VBoxContainer@71/@EditorMainScreen@125/MainScreen/@CanvasItemEditor@9318/@MarginContainer@9097/@HFlowContainer@9098/@HBoxContainer@9099/@Button@9153 class=Button variation=FlatButton type=Button slot=pressed_mirrored bg=ff40ffff border=ccccccff
LEAK control_stylebox bg_source=base border_source= path=/root/@EditorNode@18065/@Panel@14/@VBoxContainer@15/DockHSplitMain/@VBoxContainer@28/DockVSplitCenter/@VSplitContainer@70/@VBoxContainer@71/@EditorMainScreen@125/MainScreen/@CanvasItemEditor@9318/@MarginContainer@9097/@HFlowContainer@9098/@HBoxContainer@9099/@Button@9153 class=Button variation=FlatButton type=FlatButton slot=hover_mirrored bg=ff40ffff border=ccccccff
LEAK control_stylebox bg_source=base border_source= path=/root/@EditorNode@18065/@Panel@14/@VBoxContainer@15/DockHSplitMain/@VBoxContainer@28/DockVSplitCenter/@VSplitContainer@70/@VBoxContainer@71/@EditorMainScreen@125/MainScreen/@CanvasItemEditor@9318/@MarginContainer@9097/@HFlowContainer@9098/@HBoxContainer@9099/@Button@9153 class=Button variation=FlatButton type=FlatButton slot=hover_pressed_mirrored bg=ff40ffff border=ccccccff
LEAK control_stylebox bg_source=base border_source= path=/root/@EditorNode@18065/@Panel@14/@VBoxContainer@15/DockHSplitMain/@VBoxContainer@28/DockVSplitCenter/@VSplitContainer@70/@VBoxContainer@71/@EditorMainScreen@125/MainScreen/@CanvasItemEditor@9318/@MarginContainer@9097/@HFlowContainer@9098/@HBoxContainer@9099/@Button@9153 class=Button variation=FlatButton type=FlatButton slot=pressed_mirrored bg=ff40ffff border=ccccccff
LEAK control_stylebox bg_source=base border_source= path=/root/@EditorNode@18065/@Panel@14/@VBoxContainer@15/DockHSplitMain/@VBoxContainer@28/DockVSplitCenter/@VSplitContainer@70/@VBoxContainer@71/@EditorMainScreen@125/MainScreen/@CanvasItemEditor@9318/@MarginContainer@9097/@HFlowContainer@9098/@HBoxContainer@9099/@Button@9154 class=Button variation=FlatButton type=Button slot=hover_mirrored bg=ff40ffff border=ccccccff
LEAK control_stylebox bg_source=base border_source= path=/root/@EditorNode@18065/@Panel@14/@VBoxContainer@15/DockHSplitMain/@VBoxContainer@28/DockVSplitCenter/@VSplitContainer@70/@VBoxContainer@71/@EditorMainScreen@125/MainScreen/@CanvasItemEditor@9318/@MarginContainer@9097/@HFlowContainer@9098/@HBoxContainer@9099/@Button@9154 class=Button variation=FlatButton type=Button slot=hover_pressed_mirrored bg=ff40ffff border=ccccccff
LEAK control_stylebox bg_source=base border_source= path=/root/@EditorNode@18065/@Panel@14/@VBoxContainer@15/DockHSplitMain/@VBoxContainer@28/DockVSplitCenter/@VSplitContainer@70/@VBoxContainer@71/@EditorMainScreen@125/MainScreen/@CanvasItemEditor@9318/@MarginContainer@9097/@HFlowContainer@9098/@HBoxContainer@9099/@Button@9154 class=Button variation=FlatButton type=Button slot=pressed_mirrored bg=ff40ffff border=ccccccff
LEAK control_stylebox bg_source=base border_source= path=/root/@EditorNode@18065/@Panel@14/@VBoxContainer@15/DockHSplitMain/@VBoxContainer@28/DockVSplitCenter/@VSplitContainer@70/@VBoxContainer@71/@EditorMainScreen@125/MainScreen/@CanvasItemEditor@9318/@MarginContainer@9097/@HFlowContainer@9098/@HBoxContainer@9099/@Button@9154 class=Button variation=FlatButton type=FlatButton slot=hover_mirrored bg=ff40ffff border=ccccccff
LEAK control_stylebox bg_source=base border_source= path=/root/@EditorNode@18065/@Panel@14/@VBoxContainer@15/DockHSplitMain/@VBoxContainer@28/DockVSplitCenter/@VSplitContainer@70/@VBoxContainer@71/@EditorMainScreen@125/MainScreen/@CanvasItemEditor@9318/@MarginContainer@9097/@HFlowContainer@9098/@HBoxContainer@9099/@Button@9154 class=Button variation=FlatButton type=FlatButton slot=hover_pressed_mirrored bg=ff40ffff border=ccccccff
LEAK control_stylebox bg_source=base border_source= path=/root/@EditorNode@18065/@Panel@14/@VBoxContainer@15/DockHSplitMain/@VBoxContainer@28/DockVSplitCenter/@VSplitContainer@70/@VBoxContainer@71/@EditorMainScreen@125/MainScreen/@CanvasItemEditor@9318/@MarginContainer@9097/@HFlowContainer@9098/@HBoxContainer@9099/@Button@9154 class=Button variation=FlatButton type=FlatButton slot=pressed_mirrored bg=ff40ffff border=ccccccff
LEAK control_stylebox bg_source=base border_source= path=/root/@EditorNode@18065/@Panel@14/@VBoxContainer@15/DockHSplitMain/@VBoxContainer@28/DockVSplitCenter/@VSplitContainer@70/@VBoxContainer@71/@EditorMainScreen@125/MainScreen/@CanvasItemEditor@9318/@MarginContainer@9097/@HFlowContainer@9098/@HBoxContainer@9099/@Button@9155 class=Button variation=FlatButton type=Button slot=hover_mirrored bg=ff40ffff border=ccccccff
LEAK control_stylebox bg_source=base border_source= path=/root/@EditorNode@18065/@Panel@14/@VBoxContainer@15/DockHSplitMain/@VBoxContainer@28/DockVSplitCenter/@VSplitContainer@70/@VBoxContainer@71/@EditorMainScreen@125/MainScreen/@CanvasItemEditor@9318/@MarginContainer@9097/@HFlowContainer@9098/@HBoxContainer@9099/@Button@9155 class=Button variation=FlatButton type=Button slot=hover_pressed_mirrored bg=ff40ffff border=ccccccff
LEAK control_stylebox bg_source=base border_source= path=/root/@EditorNode@18065/@Panel@14/@VBoxContainer@15/DockHSplitMain/@VBoxContainer@28/DockVSplitCenter/@VSplitContainer@70/@VBoxContainer@71/@EditorMainScreen@125/MainScreen/@CanvasItemEditor@9318/@MarginContainer@9097/@HFlowContainer@9098/@HBoxContainer@9099/@Button@9155 class=Button variation=FlatButton type=Button slot=pressed_mirrored bg=ff40ffff border=ccccccff
LEAK control_stylebox bg_source=base border_source= path=/root/@EditorNode@18065/@Panel@14/@VBoxContainer@15/DockHSplitMain/@VBoxContainer@28/DockVSplitCenter/@VSplitContainer@70/@VBoxContainer@71/@EditorMainScreen@125/MainScreen/@CanvasItemEditor@9318/@MarginContainer@9097/@HFlowContainer@9098/@HBoxContainer@9099/@Button@9155 class=Button variation=FlatButton type=FlatButton slot=hover_mirrored bg=ff40ffff border=ccccccff
LEAK control_stylebox bg_source=base border_source= path=/root/@EditorNode@18065/@Panel@14/@VBoxContainer@15/DockHSplitMain/@VBoxContainer@28/DockVSplitCenter/@VSplitContainer@70/@VBoxContainer@71/@EditorMainScreen@125/MainScreen/@CanvasItemEditor@9318/@MarginContainer@9097/@HFlowContainer@9098/@HBoxContainer@9099/@Button@9155 class=Button variation=FlatButton type=FlatButton slot=hover_pressed_mirrored bg=ff40ffff border=ccccccff
LEAK control_stylebox bg_source=base border_source= path=/root/@EditorNode@18065/@Panel@14/@VBoxContainer@15/DockHSplitMain/@VBoxContainer@28/DockVSplitCenter/@VSplitContainer@70/@VBoxContainer@71/@EditorMainScreen@125/MainScreen/@CanvasItemEditor@9318/@MarginContainer@9097/@HFlowContainer@9098/@HBoxContainer@9099/@Button@9155 class=Button variation=FlatButton type=FlatButton slot=pressed_mirrored bg=ff40ffff border=ccccccff
LEAK control_stylebox bg_source=base border_source= path=/root/@EditorNode@18065/@Panel@14/@VBoxContainer@15/DockHSplitMain/@VBoxContainer@28/DockVSplitCenter/@VSplitContainer@70/@VBoxContainer@71/@EditorMainScreen@125/MainScreen/@CanvasItemEditor@9318/@MarginContainer@9097/@HFlowContainer@9098/@HBoxContainer@9099/@Button@9156 class=Button variation=FlatButton type=Button slot=hover_mirrored bg=ff40ffff border=ccccccff
LEAK control_stylebox bg_source=base border_source= path=/root/@EditorNode@18065/@Panel@14/@VBoxContainer@15/DockHSplitMain/@VBoxContainer@28/DockVSplitCenter/@VSplitContainer@70/@VBoxContainer@71/@EditorMainScreen@125/MainScreen/@CanvasItemEditor@9318/@MarginContainer@9097/@HFlowContainer@9098/@HBoxContainer@9099/@Button@9156 class=Button variation=FlatButton type=Button slot=hover_pressed_mirrored bg=ff40ffff border=ccccccff
LEAK control_stylebox bg_source=base border_source= path=/root/@EditorNode@18065/@Panel@14/@VBoxContainer@15/DockHSplitMain/@VBoxContainer@28/DockVSplitCenter/@VSplitContainer@70/@VBoxContainer@71/@EditorMainScreen@125/MainScreen/@CanvasItemEditor@9318/@MarginContainer@9097/@HFlowContainer@9098/@HBoxContainer@9099/@Button@9156 class=Button variation=FlatButton type=Button slot=pressed_mirrored bg=ff40ffff border=ccccccff
LEAK control_stylebox bg_source=base border_source= path=/root/@EditorNode@18065/@Panel@14/@VBoxContainer@15/DockHSplitMain/@VBoxContainer@28/DockVSplitCenter/@VSplitContainer@70/@VBoxContainer@71/@EditorMainScreen@125/MainScreen/@CanvasItemEditor@9318/@MarginContainer@9097/@HFlowContainer@9098/@HBoxContainer@9099/@Button@9156 class=Button variation=FlatButton type=FlatButton slot=hover_mirrored bg=ff40ffff border=ccccccff
LEAK control_stylebox bg_source=base border_source= path=/root/@EditorNode@18065/@Panel@14/@VBoxContainer@15/DockHSplitMain/@VBoxContainer@28/DockVSplitCenter/@VSplitContainer@70/@VBoxContainer@71/@EditorMainScreen@125/MainScreen/@CanvasItemEditor@9318/@MarginContainer@9097/@HFlowContainer@9098/@HBoxContainer@9099/@Button@9156 class=Button variation=FlatButton type=FlatButton slot=hover_pressed_mirrored bg=ff40ffff border=ccccccff
LEAK control_stylebox bg_source=base border_source= path=/root/@EditorNode@18065/@Panel@14/@VBoxContainer@15/DockHSplitMain/@VBoxContainer@28/DockVSplitCenter/@VSplitContainer@70/@VBoxContainer@71/@EditorMainScreen@125/MainScreen/@CanvasItemEditor@9318/@MarginContainer@9097/@HFlowContainer@9098/@HBoxContainer@9099/@Button@9156 class=Button variation=FlatButton type=FlatButton slot=pressed_mirrored bg=ff40ffff border=ccccccff
LEAK control_stylebox bg_source=base border_source= path=/root/@EditorNode@18065/@Panel@14/@VBoxContainer@15/DockHSplitMain/@VBoxContainer@28/DockVSplitCenter/@VSplitContainer@70/@VBoxContainer@71/@EditorMainScreen@125/MainScreen/@CanvasItemEditor@9318/@MarginContainer@9097/@HFlowContainer@9098/@HBoxContainer@9099/@Button@9158 class=Button variation=FlatButton type=Button slot=hover_mirrored bg=ff40ffff border=ccccccff
LEAK control_stylebox bg_source=base border_source= path=/root/@EditorNode@18065/@Panel@14/@VBoxContainer@15/DockHSplitMain/@VBoxContainer@28/DockVSplitCenter/@VSplitContainer@70/@VBoxContainer@71/@EditorMainScreen@125/MainScreen/@CanvasItemEditor@9318/@MarginContainer@9097/@HFlowContainer@9098/@HBoxContainer@9099/@Button@9158 class=Button variation=FlatButton type=Button slot=hover_pressed_mirrored bg=ff40ffff border=ccccccff
LEAK control_stylebox bg_source=base border_source= path=/root/@EditorNode@18065/@Panel@14/@VBoxContainer@15/DockHSplitMain/@VBoxContainer@28/DockVSplitCenter/@VSplitContainer@70/@VBoxContainer@71/@EditorMainScreen@125/MainScreen/@CanvasItemEditor@9318/@MarginContainer@9097/@HFlowContainer@9098/@HBoxContainer@9099/@Button@9158 class=Button variation=FlatButton type=Button slot=pressed_mirrored bg=ff40ffff border=ccccccff
LEAK control_stylebox bg_source=base border_source= path=/root/@EditorNode@18065/@Panel@14/@VBoxContainer@15/DockHSplitMain/@VBoxContainer@28/DockVSplitCenter/@VSplitContainer@70/@VBoxContainer@71/@EditorMainScreen@125/MainScreen/@CanvasItemEditor@9318/@MarginContainer@9097/@HFlowContainer@9098/@HBoxContainer@9099/@Button@9158 class=Button variation=FlatButton type=FlatButton slot=hover_mirrored bg=ff40ffff border=ccccccff
LEAK control_stylebox bg_source=base border_source= path=/root/@EditorNode@18065/@Panel@14/@VBoxContainer@15/DockHSplitMain/@VBoxContainer@28/DockVSplitCenter/@VSplitContainer@70/@VBoxContainer@71/@EditorMainScreen@125/MainScreen/@CanvasItemEditor@9318/@MarginContainer@9097/@HFlowContainer@9098/@HBoxContainer@9099/@Button@9158 class=Button variation=FlatButton type=FlatButton slot=hover_pressed_mirrored bg=ff40ffff border=ccccccff
LEAK control_stylebox bg_source=base border_source= path=/root/@EditorNode@18065/@Panel@14/@VBoxContainer@15/DockHSplitMain/@VBoxContainer@28/DockVSplitCenter/@VSplitContainer@70/@VBoxContainer@71/@EditorMainScreen@125/MainScreen/@CanvasItemEditor@9318/@MarginContainer@9097/@HFlowContainer@9098/@HBoxContainer@9099/@Button@9158 class=Button variation=FlatButton type=FlatButton slot=pressed_mirrored bg=ff40ffff border=ccccccff
LEAK control_stylebox bg_source=base border_source= path=/root/@EditorNode@18065/@Panel@14/@VBoxContainer@15/DockHSplitMain/@VBoxContainer@28/DockVSplitCenter/@VSplitContainer@70/@VBoxContainer@71/@EditorMainScreen@125/MainScreen/@CanvasItemEditor@9318/@MarginContainer@9097/@HFlowContainer@9098/@HBoxContainer@9099/@Button@9159 class=Button variation=FlatButton type=Button slot=hover_mirrored bg=ff40ffff border=ccccccff
LEAK control_stylebox bg_source=base border_source= path=/root/@EditorNode@18065/@Panel@14/@VBoxContainer@15/DockHSplitMain/@VBoxContainer@28/DockVSplitCenter/@VSplitContainer@70/@VBoxContainer@71/@EditorMainScreen@125/MainScreen/@CanvasItemEditor@9318/@MarginContainer@9097/@HFlowContainer@9098/@HBoxContainer@9099/@Button@9159 class=Button variation=FlatButton type=Button slot=hover_pressed_mirrored bg=ff40ffff border=ccccccff
LEAK control_stylebox bg_source=base border_source= path=/root/@EditorNode@18065/@Panel@14/@VBoxContainer@15/DockHSplitMain/@VBoxContainer@28/DockVSplitCenter/@VSplitContainer@70/@VBoxContainer@71/@EditorMainScreen@125/MainScreen/@CanvasItemEditor@9318/@MarginContainer@9097/@HFlowContainer@9098/@HBoxContainer@9099/@Button@9159 class=Button variation=FlatButton type=Button slot=pressed_mirrored bg=ff40ffff border=ccccccff
LEAK control_stylebox bg_source=base border_source= path=/root/@EditorNode@18065/@Panel@14/@VBoxContainer@15/DockHSplitMain/@VBoxContainer@28/DockVSplitCenter/@VSplitContainer@70/@VBoxContainer@71/@EditorMainScreen@125/MainScreen/@CanvasItemEditor@9318/@MarginContainer@9097/@HFlowContainer@9098/@HBoxContainer@9099/@Button@9159 class=Button variation=FlatButton type=FlatButton slot=hover_mirrored bg=ff40ffff border=ccccccff
LEAK control_stylebox bg_source=base border_source= path=/root/@EditorNode@18065/@Panel@14/@VBoxContainer@15/DockHSplitMain/@VBoxContainer@28/DockVSplitCenter/@VSplitContainer@70/@VBoxContainer@71/@EditorMainScreen@125/MainScreen/@CanvasItemEditor@9318/@MarginContainer@9097/@HFlowContainer@9098/@HBoxContainer@9099/@Button@9159 class=Button variation=FlatButton type=FlatButton slot=hover_pressed_mirrored bg=ff40ffff border=ccccccff
LEAK control_stylebox bg_source=base border_source= path=/root/@EditorNode@18065/@Panel@14/@VBoxContainer@15/DockHSplitMain/@VBoxContainer@28/DockVSplitCenter/@VSplitContainer@70/@VBoxContainer@71/@EditorMainScreen@125/MainScreen/@CanvasItemEditor@9318/@MarginContainer@9097/@HFlowContainer@9098/@HBoxContainer@9099/@Button@9159 class=Button variation=FlatButton type=FlatButton slot=pressed_mirrored bg=ff40ffff border=ccccccff
LEAK control_stylebox bg_source=base border_source= path=/root/@EditorNode@18065/@Panel@14/@VBoxContainer@15/DockHSplitMain/@VBoxContainer@28/DockVSplitCenter/@VSplitContainer@70/@VBoxContainer@71/@EditorMainScreen@125/MainScreen/@CanvasItemEditor@9318/@MarginContainer@9097/@HFlowContainer@9098/@HBoxContainer@9099/@Button@9160 class=Button variation=FlatButton type=Button slot=hover_mirrored bg=ff40ffff border=ccccccff
LEAK control_stylebox bg_source=base border_source= path=/root/@EditorNode@18065/@Panel@14/@VBoxContainer@15/DockHSplitMain/@VBoxContainer@28/DockVSplitCenter/@VSplitContainer@70/@VBoxContainer@71/@EditorMainScreen@125/MainScreen/@CanvasItemEditor@9318/@MarginContainer@9097/@HFlowContainer@9098/@HBoxContainer@9099/@Button@9160 class=Button variation=FlatButton type=Button slot=hover_pressed_mirrored bg=ff40ffff border=ccccccff
LEAK control_stylebox bg_source=base border_source= path=/root/@EditorNode@18065/@Panel@14/@VBoxContainer@15/DockHSplitMain/@VBoxContainer@28/DockVSplitCenter/@VSplitContainer@70/@VBoxContainer@71/@EditorMainScreen@125/MainScreen/@CanvasItemEditor@9318/@MarginContainer@9097/@HFlowContainer@9098/@HBoxContainer@9099/@Button@9160 class=Button variation=FlatButton type=Button slot=pressed_mirrored bg=ff40ffff border=ccccccff
LEAK control_stylebox bg_source=base border_source= path=/root/@EditorNode@18065/@Panel@14/@VBoxContainer@15/DockHSplitMain/@VBoxContainer@28/DockVSplitCenter/@VSplitContainer@70/@VBoxContainer@71/@EditorMainScreen@125/MainScreen/@CanvasItemEditor@9318/@MarginContainer@9097/@HFlowContainer@9098/@HBoxContainer@9099/@Button@9160 class=Button variation=FlatButton type=FlatButton slot=hover_mirrored bg=ff40ffff border=ccccccff
LEAK control_stylebox bg_source=base border_source= path=/root/@EditorNode@18065/@Panel@14/@VBoxContainer@15/DockHSplitMain/@VBoxContainer@28/DockVSplitCenter/@VSplitContainer@70/@VBoxContainer@71/@EditorMainScreen@125/MainScreen/@CanvasItemEditor@9318/@MarginContainer@9097/@HFlowContainer@9098/@HBoxContainer@9099/@Button@9160 class=Button variation=FlatButton type=FlatButton slot=hover_pressed_mirrored bg=ff40ffff border=ccccccff
LEAK control_stylebox bg_source=base border_source= path=/root/@EditorNode@18065/@Panel@14/@VBoxContainer@15/DockHSplitMain/@VBoxContainer@28/DockVSplitCenter/@VSplitContainer@70/@VBoxContainer@71/@EditorMainScreen@125/MainScreen/@CanvasItemEditor@9318/@MarginContainer@9097/@HFlowContainer@9098/@HBoxContainer@9099/@Button@9160 class=Button variation=FlatButton type=FlatButton slot=pressed_mirrored bg=ff40ffff border=ccccccff
LEAK control_stylebox bg_source=base border_source= path=/root/@EditorNode@18065/@Panel@14/@VBoxContainer@15/DockHSplitMain/@VBoxContainer@28/DockVSplitCenter/@VSplitContainer@70/@VBoxContainer@71/@EditorMainScreen@125/MainScreen/@CanvasItemEditor@9318/@MarginContainer@9097/@HFlowContainer@9098/@HBoxContainer@9099/@Button@9179 class=Button variation=FlatButton type=Button slot=hover_mirrored bg=ff40ffff border=ccccccff
LEAK control_stylebox bg_source=base border_source= path=/root/@EditorNode@18065/@Panel@14/@VBoxContainer@15/DockHSplitMain/@VBoxContainer@28/DockVSplitCenter/@VSplitContainer@70/@VBoxContainer@71/@EditorMainScreen@125/MainScreen/@CanvasItemEditor@9318/@MarginContainer@9097/@HFlowContainer@9098/@HBoxContainer@9099/@Button@9179 class=Button variation=FlatButton type=Button slot=hover_pressed_mirrored bg=ff40ffff border=ccccccff
LEAK control_stylebox bg_source=base border_source= path=/root/@EditorNode@18065/@Panel@14/@VBoxContainer@15/DockHSplitMain/@VBoxContainer@28/DockVSplitCenter/@VSplitContainer@70/@VBoxContainer@71/@EditorMainScreen@125/MainScreen/@CanvasItemEditor@9318/@MarginContainer@9097/@HFlowContainer@9098/@HBoxContainer@9099/@Button@9179 class=Button variation=FlatButton type=Button slot=pressed_mirrored bg=ff40ffff border=ccccccff
LEAK control_stylebox bg_source=base border_source= path=/root/@EditorNode@18065/@Panel@14/@VBoxContainer@15/DockHSplitMain/@VBoxContainer@28/DockVSplitCenter/@VSplitContainer@70/@VBoxContainer@71/@EditorMainScreen@125/MainScreen/@CanvasItemEditor@9318/@MarginContainer@9097/@HFlowContainer@9098/@HBoxContainer@9099/@Button@9179 class=Button variation=FlatButton type=FlatButton slot=hover_mirrored bg=ff40ffff border=ccccccff
LEAK control_stylebox bg_source=base border_source= path=/root/@EditorNode@18065/@Panel@14/@VBoxContainer@15/DockHSplitMain/@VBoxContainer@28/DockVSplitCenter/@VSplitContainer@70/@VBoxContainer@71/@EditorMainScreen@125/MainScreen/@CanvasItemEditor@9318/@MarginContainer@9097/@HFlowContainer@9098/@HBoxContainer@9099/@Button@9179 class=Button variation=FlatButton type=FlatButton slot=hover_pressed_mirrored bg=ff40ffff border=ccccccff
LEAK control_stylebox bg_source=base border_source= path=/root/@EditorNode@18065/@Panel@14/@VBoxContainer@15/DockHSplitMain/@VBoxContainer@28/DockVSplitCenter/@VSplitContainer@70/@VBoxContainer@71/@EditorMainScreen@125/MainScreen/@CanvasItemEditor@9318/@MarginContainer@9097/@HFlowContainer@9098/@HBoxContainer@9099/@Button@9179 class=Button variation=FlatButton type=FlatButton slot=pressed_mirrored bg=ff40ffff border=ccccccff
LEAK control_stylebox bg_source=base border_source= path=/root/@EditorNode@18065/@Panel@14/@VBoxContainer@15/DockHSplitMain/@VBoxContainer@28/DockVSplitCenter/@VSplitContainer@70/@VBoxContainer@71/@EditorMainScreen@125/MainScreen/@CanvasItemEditor@9318/@MarginContainer@9097/@HFlowContainer@9098/@HBoxContainer@9099/@Button@9180 class=Button variation=FlatButton type=Button slot=hover_mirrored bg=ff40ffff border=ccccccff
LEAK control_stylebox bg_source=base border_source= path=/root/@EditorNode@18065/@Panel@14/@VBoxContainer@15/DockHSplitMain/@VBoxContainer@28/DockVSplitCenter/@VSplitContainer@70/@VBoxContainer@71/@EditorMainScreen@125/MainScreen/@CanvasItemEditor@9318/@MarginContainer@9097/@HFlowContainer@9098/@HBoxContainer@9099/@Button@9180 class=Button variation=FlatButton type=Button slot=hover_pressed_mirrored bg=ff40ffff border=ccccccff
LEAK control_stylebox bg_source=base border_source= path=/root/@EditorNode@18065/@Panel@14/@VBoxContainer@15/DockHSplitMain/@VBoxContainer@28/DockVSplitCenter/@VSplitContainer@70/@VBoxContainer@71/@EditorMainScreen@125/MainScreen/@CanvasItemEditor@9318/@MarginContainer@9097/@HFlowContainer@9098/@HBoxContainer@9099/@Button@9180 class=Button variation=FlatButton type=Button slot=pressed_mirrored bg=ff40ffff border=ccccccff
LEAK control_stylebox bg_source=base border_source= path=/root/@EditorNode@18065/@Panel@14/@VBoxContainer@15/DockHSplitMain/@VBoxContainer@28/DockVSplitCenter/@VSplitContainer@70/@VBoxContainer@71/@EditorMainScreen@125/MainScreen/@CanvasItemEditor@9318/@MarginContainer@9097/@HFlowContainer@9098/@HBoxContainer@9099/@Button@9180 class=Button variation=FlatButton type=FlatButton slot=hover_mirrored bg=ff40ffff border=ccccccff
LEAK control_stylebox bg_source=base border_source= path=/root/@EditorNode@18065/@Panel@14/@VBoxContainer@15/DockHSplitMain/@VBoxContainer@28/DockVSplitCenter/@VSplitContainer@70/@VBoxContainer@71/@EditorMainScreen@125/MainScreen/@CanvasItemEditor@9318/@MarginContainer@9097/@HFlowContainer@9098/@HBoxContainer@9099/@Button@9180 class=Button variation=FlatButton type=FlatButton slot=hover_pressed_mirrored bg=ff40ffff border=ccccccff
LEAK control_stylebox bg_source=base border_source= path=/root/@EditorNode@18065/@Panel@14/@VBoxContainer@15/DockHSplitMain/@VBoxContainer@28/DockVSplitCenter/@VSplitContainer@70/@VBoxContainer@71/@EditorMainScreen@125/MainScreen/@CanvasItemEditor@9318/@MarginContainer@9097/@HFlowContainer@9098/@HBoxContainer@9099/@Button@9180 class=Button variation=FlatButton type=FlatButton slot=pressed_mirrored bg=ff40ffff border=ccccccff
LEAK control_stylebox bg_source=base border_source= path=/root/@EditorNode@18065/@Panel@14/@VBoxContainer@15/DockHSplitMain/@VBoxContainer@28/DockVSplitCenter/@VSplitContainer@70/@VBoxContainer@71/@EditorMainScreen@125/MainScreen/@CanvasItemEditor@9318/@MarginContainer@9097/@HFlowContainer@9098/@HBoxContainer@9099/@Button@9181 class=Button variation=FlatButton type=Button slot=hover_mirrored bg=ff40ffff border=ccccccff
LEAK control_stylebox bg_source=base border_source= path=/root/@EditorNode@18065/@Panel@14/@VBoxContainer@15/DockHSplitMain/@VBoxContainer@28/DockVSplitCenter/@VSplitContainer@70/@VBoxContainer@71/@EditorMainScreen@125/MainScreen/@CanvasItemEditor@9318/@MarginContainer@9097/@HFlowContainer@9098/@HBoxContainer@9099/@Button@9181 class=Button variation=FlatButton type=Button slot=hover_pressed_mirrored bg=ff40ffff border=ccccccff
LEAK control_stylebox bg_source=base border_source= path=/root/@EditorNode@18065/@Panel@14/@VBoxContainer@15/DockHSplitMain/@VBoxContainer@28/DockVSplitCenter/@VSplitContainer@70/@VBoxContainer@71/@EditorMainScreen@125/MainScreen/@CanvasItemEditor@9318/@MarginContainer@9097/@HFlowContainer@9098/@HBoxContainer@9099/@Button@9181 class=Button variation=FlatButton type=Button slot=pressed_mirrored bg=ff40ffff border=ccccccff
LEAK control_stylebox bg_source=base border_source= path=/root/@EditorNode@18065/@Panel@14/@VBoxContainer@15/DockHSplitMain/@VBoxContainer@28/DockVSplitCenter/@VSplitContainer@70/@VBoxContainer@71/@EditorMainScreen@125/MainScreen/@CanvasItemEditor@9318/@MarginContainer@9097/@HFlowContainer@9098/@HBoxContainer@9099/@Button@9181 class=Button variation=FlatButton type=FlatButton slot=hover_mirrored bg=ff40ffff border=ccccccff
LEAK control_stylebox bg_source=base border_source= path=/root/@EditorNode@18065/@Panel@14/@VBoxContainer@15/DockHSplitMain/@VBoxContainer@28/DockVSplitCenter/@VSplitContainer@70/@VBoxContainer@71/@EditorMainScreen@125/MainScreen/@CanvasItemEditor@9318/@MarginContainer@9097/@HFlowContainer@9098/@HBoxContainer@9099/@Button@9181 class=Button variation=FlatButton type=FlatButton slot=hover_pressed_mirrored bg=ff40ffff border=ccccccff
LEAK control_stylebox bg_source=base border_source= path=/root/@EditorNode@18065/@Panel@14/@VBoxContainer@15/DockHSplitMain/@VBoxContainer@28/DockVSplitCenter/@VSplitContainer@70/@VBoxContainer@71/@EditorMainScreen@125/MainScreen/@CanvasItemEditor@9318/@MarginContainer@9097/@HFlowContainer@9098/@HBoxContainer@9099/@Button@9181 class=Button variation=FlatButton type=FlatButton slot=pressed_mirrored bg=ff40ffff border=ccccccff
LEAK control_stylebox bg_source=base border_source= path=/root/@EditorNode@18065/@Panel@14/@VBoxContainer@15/DockHSplitMain/@VBoxContainer@28/DockVSplitCenter/@VSplitContainer@70/@VBoxContainer@71/@EditorMainScreen@125/MainScreen/@CanvasItemEditor@9318/@MarginContainer@9097/@HFlowContainer@9098/@HBoxContainer@9099/@Button@9182 class=Button variation=FlatButton type=Button slot=hover_mirrored bg=ff40ffff border=ccccccff
LEAK control_stylebox bg_source=base border_source= path=/root/@EditorNode@18065/@Panel@14/@VBoxContainer@15/DockHSplitMain/@VBoxContainer@28/DockVSplitCenter/@VSplitContainer@70/@VBoxContainer@71/@EditorMainScreen@125/MainScreen/@CanvasItemEditor@9318/@MarginContainer@9097/@HFlowContainer@9098/@HBoxContainer@9099/@Button@9182 class=Button variation=FlatButton type=Button slot=hover_pressed_mirrored bg=ff40ffff border=ccccccff
LEAK control_stylebox bg_source=base border_source= path=/root/@EditorNode@18065/@Panel@14/@VBoxContainer@15/DockHSplitMain/@VBoxContainer@28/DockVSplitCenter/@VSplitContainer@70/@VBoxContainer@71/@EditorMainScreen@125/MainScreen/@CanvasItemEditor@9318/@MarginContainer@9097/@HFlowContainer@9098/@HBoxContainer@9099/@Button@9182 class=Button variation=FlatButton type=Button slot=pressed_mirrored bg=ff40ffff border=ccccccff
LEAK control_stylebox bg_source=base border_source= path=/root/@EditorNode@18065/@Panel@14/@VBoxContainer@15/DockHSplitMain/@VBoxContainer@28/DockVSplitCenter/@VSplitContainer@70/@VBoxContainer@71/@EditorMainScreen@125/MainScreen/@CanvasItemEditor@9318/@MarginContainer@9097/@HFlowContainer@9098/@HBoxContainer@9099/@Button@9182 class=Button variation=FlatButton type=FlatButton slot=hover_mirrored bg=ff40ffff border=ccccccff
LEAK control_stylebox bg_source=base border_source= path=/root/@EditorNode@18065/@Panel@14/@VBoxContainer@15/DockHSplitMain/@VBoxContainer@28/DockVSplitCenter/@VSplitContainer@70/@VBoxContainer@71/@EditorMainScreen@125/MainScreen/@CanvasItemEditor@9318/@MarginContainer@9097/@HFlowContainer@9098/@HBoxContainer@9099/@Button@9182 class=Button variation=FlatButton type=FlatButton slot=hover_pressed_mirrored bg=ff40ffff border=ccccccff
LEAK control_stylebox bg_source=base border_source= path=/root/@EditorNode@18065/@Panel@14/@VBoxContainer@15/DockHSplitMain/@VBoxContainer@28/DockVSplitCenter/@VSplitContainer@70/@VBoxContainer@71/@EditorMainScreen@125/MainScreen/@CanvasItemEditor@9318/@MarginContainer@9097/@HFlowContainer@9098/@HBoxContainer@9099/@Button@9182 class=Button variation=FlatButton type=FlatButton slot=pressed_mirrored bg=ff40ffff border=ccccccff
LEAK control_stylebox bg_source=base border_source= path=/root/@EditorNode@18065/@Panel@14/@VBoxContainer@15/DockHSplitMain/@VBoxContainer@28/DockVSplitCenter/@VSplitContainer@70/@VBoxContainer@71/@EditorMainScreen@125/MainScreen/@CanvasItemEditor@9318/@MarginContainer@9097/@HFlowContainer@9098/@HBoxContainer@9099/@MenuButton@9169 class=MenuButton variation=FlatMenuButton type=FlatMenuButton slot=hover_mirrored bg=ff40ffff border=ccccccff
LEAK control_stylebox bg_source=base border_source= path=/root/@EditorNode@18065/@Panel@14/@VBoxContainer@15/DockHSplitMain/@VBoxContainer@28/DockVSplitCenter/@VSplitContainer@70/@VBoxContainer@71/@EditorMainScreen@125/MainScreen/@CanvasItemEditor@9318/@MarginContainer@9097/@HFlowContainer@9098/@HBoxContainer@9099/@MenuButton@9169 class=MenuButton variation=FlatMenuButton type=FlatMenuButton slot=hover_pressed_mirrored bg=ff40ffff border=ccccccff
LEAK control_stylebox bg_source=base border_source= path=/root/@EditorNode@18065/@Panel@14/@VBoxContainer@15/DockHSplitMain/@VBoxContainer@28/DockVSplitCenter/@VSplitContainer@70/@VBoxContainer@71/@EditorMainScreen@125/MainScreen/@CanvasItemEditor@9318/@MarginContainer@9097/@HFlowContainer@9098/@HBoxContainer@9099/@MenuButton@9169 class=MenuButton variation=FlatMenuButton type=FlatMenuButton slot=pressed_mirrored bg=ff40ffff border=ccccccff
LEAK control_stylebox bg_source=base border_source= path=/root/@EditorNode@18065/@Panel@14/@VBoxContainer@15/DockHSplitMain/@VBoxContainer@28/DockVSplitCenter/@VSplitContainer@70/@VBoxContainer@71/@EditorMainScreen@125/MainScreen/@CanvasItemEditor@9318/@MarginContainer@9097/@HFlowContainer@9098/@HBoxContainer@9099/@MenuButton@9192 class=MenuButton variation=FlatMenuButton type=FlatMenuButton slot=hover_mirrored bg=ff40ffff border=ccccccff
LEAK control_stylebox bg_source=base border_source= path=/root/@EditorNode@18065/@Panel@14/@VBoxContainer@15/DockHSplitMain/@VBoxContainer@28/DockVSplitCenter/@VSplitContainer@70/@VBoxContainer@71/@EditorMainScreen@125/MainScreen/@CanvasItemEditor@9318/@MarginContainer@9097/@HFlowContainer@9098/@HBoxContainer@9099/@MenuButton@9192 class=MenuButton variation=FlatMenuButton type=FlatMenuButton slot=hover_pressed_mirrored bg=ff40ffff border=ccccccff
LEAK control_stylebox bg_source=base border_source= path=/root/@EditorNode@18065/@Panel@14/@VBoxContainer@15/DockHSplitMain/@VBoxContainer@28/DockVSplitCenter/@VSplitContainer@70/@VBoxContainer@71/@EditorMainScreen@125/MainScreen/@CanvasItemEditor@9318/@MarginContainer@9097/@HFlowContainer@9098/@HBoxContainer@9099/@MenuButton@9192 class=MenuButton variation=FlatMenuButton type=FlatMenuButton slot=pressed_mirrored bg=ff40ffff border=ccccccff
LEAK control_stylebox bg_source=base border_source= path=/root/@EditorNode@18065/@Panel@14/@VBoxContainer@15/DockHSplitMain/@VBoxContainer@28/DockVSplitCenter/@VSplitContainer@70/@VBoxContainer@71/@EditorMainScreen@125/MainScreen/@CanvasItemEditor@9318/@MarginContainer@9097/@HFlowContainer@9098/@HBoxContainer@9099/@MenuButton@9202 class=MenuButton variation=FlatMenuButton type=FlatMenuButton slot=hover_mirrored bg=ff40ffff border=ccccccff
LEAK control_stylebox bg_source=base border_source= path=/root/@EditorNode@18065/@Panel@14/@VBoxContainer@15/DockHSplitMain/@VBoxContainer@28/DockVSplitCenter/@VSplitContainer@70/@VBoxContainer@71/@EditorMainScreen@125/MainScreen/@CanvasItemEditor@9318/@MarginContainer@9097/@HFlowContainer@9098/@HBoxContainer@9099/@MenuButton@9202 class=MenuButton variation=FlatMenuButton type=FlatMenuButton slot=hover_pressed_mirrored bg=ff40ffff border=ccccccff
LEAK control_stylebox bg_source=base border_source= path=/root/@EditorNode@18065/@Panel@14/@VBoxContainer@15/DockHSplitMain/@VBoxContainer@28/DockVSplitCenter/@VSplitContainer@70/@VBoxContainer@71/@EditorMainScreen@125/MainScreen/@CanvasItemEditor@9318/@MarginContainer@9097/@HFlowContainer@9098/@HBoxContainer@9099/@MenuButton@9202 class=MenuButton variation=FlatMenuButton type=FlatMenuButton slot=pressed_mirrored bg=ff40ffff border=ccccccff
LEAK control_stylebox bg_source=base border_source= path=/root/@EditorNode@18065/@Panel@14/@VBoxContainer@15/DockHSplitMain/@VBoxContainer@28/DockVSplitCenter/@VSplitContainer@70/@VBoxContainer@71/@EditorMainScreen@125/MainScreen/@CanvasItemEditor@9318/@MarginContainer@9097/@HFlowContainer@9098/@PanelContainer@9236/@HBoxContainer@9235/@CollisionPolygon2DEditor@16192/@Button@16178 class=Button variation=FlatButton type=Button slot=hover_mirrored bg=ff40ffff border=ccccccff
LEAK control_stylebox bg_source=base border_source= path=/root/@EditorNode@18065/@Panel@14/@VBoxContainer@15/DockHSplitMain/@VBoxContainer@28/DockVSplitCenter/@VSplitContainer@70/@VBoxContainer@71/@EditorMainScreen@125/MainScreen/@CanvasItemEditor@9318/@MarginContainer@9097/@HFlowContainer@9098/@PanelContainer@9236/@HBoxContainer@9235/@CollisionPolygon2DEditor@16192/@Button@16178 class=Button variation=FlatButton type=Button slot=hover_pressed_mirrored bg=ff40ffff border=ccccccff
LEAK control_stylebox bg_source=base border_source= path=/root/@EditorNode@18065/@Panel@14/@VBoxContainer@15/DockHSplitMain/@VBoxContainer@28/DockVSplitCenter/@VSplitContainer@70/@VBoxContainer@71/@EditorMainScreen@125/MainScreen/@CanvasItemEditor@9318/@MarginContainer@9097/@HFlowContainer@9098/@PanelContainer@9236/@HBoxContainer@9235/@CollisionPolygon2DEditor@16192/@Button@16178 class=Button variation=FlatButton type=Button slot=pressed_mirrored bg=ff40ffff border=ccccccff
LEAK control_stylebox bg_source=base border_source= path=/root/@EditorNode@18065/@Panel@14/@VBoxContainer@15/DockHSplitMain/@VBoxContainer@28/DockVSplitCenter/@VSplitContainer@70/@VBoxContainer@71/@EditorMainScreen@125/MainScreen/@CanvasItemEditor@9318/@MarginContainer@9097/@HFlowContainer@9098/@PanelContainer@9236/@HBoxContainer@9235/@CollisionPolygon2DEditor@16192/@Button@16178 class=Button variation=FlatButton type=FlatButton slot=hover_mirrored bg=ff40ffff border=ccccccff
LEAK control_stylebox bg_source=base border_source= path=/root/@EditorNode@18065/@Panel@14/@VBoxContainer@15/DockHSplitMain/@VBoxContainer@28/DockVSplitCenter/@VSplitContainer@70/@VBoxContainer@71/@EditorMainScreen@125/MainScreen/@CanvasItemEditor@9318/@MarginContainer@9097/@HFlowContainer@9098/@PanelContainer@9236/@HBoxContainer@9235/@CollisionPolygon2DEditor@16192/@Button@16178 class=Button variation=FlatButton type=FlatButton slot=hover_pressed_mirrored bg=ff40ffff border=ccccccff
LEAK control_stylebox bg_source=base border_source= path=/root/@EditorNode@18065/@Panel@14/@VBoxContainer@15/DockHSplitMain/@VBoxContainer@28/DockVSplitCenter/@VSplitContainer@70/@VBoxContainer@71/@EditorMainScreen@125/MainScreen/@CanvasItemEditor@9318/@MarginContainer@9097/@HFlowContainer@9098/@PanelContainer@9236/@HBoxContainer@9235/@CollisionPolygon2DEditor@16192/@Button@16178 class=Button variation=FlatButton type=FlatButton slot=pressed_mirrored bg=ff40ffff border=ccccccff
LEAK control_stylebox bg_source=base border_source= path=/root/@EditorNode@18065/@Panel@14/@VBoxContainer@15/DockHSplitMain/@VBoxContainer@28/DockVSplitCenter/@VSplitContainer@70/@VBoxContainer@71/@EditorMainScreen@125/MainScreen/@CanvasItemEditor@9318/@MarginContainer@9097/@HFlowContainer@9098/@PanelContainer@9236/@HBoxContainer@9235/@CollisionPolygon2DEditor@16192/@Button@16179 class=Button variation=FlatButton type=Button slot=hover_mirrored bg=ff40ffff border=ccccccff
LEAK control_stylebox bg_source=base border_source= path=/root/@EditorNode@18065/@Panel@14/@VBoxContainer@15/DockHSplitMain/@VBoxContainer@28/DockVSplitCenter/@VSplitContainer@70/@VBoxContainer@71/@EditorMainScreen@125/MainScreen/@CanvasItemEditor@9318/@MarginContainer@9097/@HFlowContainer@9098/@PanelContainer@9236/@HBoxContainer@9235/@CollisionPolygon2DEditor@16192/@Button@16179 class=Button variation=FlatButton type=Button slot=hover_pressed_mirrored bg=ff40ffff border=ccccccff
LEAK control_stylebox bg_source=base border_source= path=/root/@EditorNode@18065/@Panel@14/@VBoxContainer@15/DockHSplitMain/@VBoxContainer@28/DockVSplitCenter/@VSplitContainer@70/@VBoxContainer@71/@EditorMainScreen@125/MainScreen/@CanvasItemEditor@9318/@MarginContainer@9097/@HFlowContainer@9098/@PanelContainer@9236/@HBoxContainer@9235/@CollisionPolygon2DEditor@16192/@Button@16179 class=Button variation=FlatButton type=Button slot=pressed_mirrored bg=ff40ffff border=ccccccff
LEAK control_stylebox bg_source=base border_source= path=/root/@EditorNode@18065/@Panel@14/@VBoxContainer@15/DockHSplitMain/@VBoxContainer@28/DockVSplitCenter/@VSplitContainer@70/@VBoxContainer@71/@EditorMainScreen@125/MainScreen/@CanvasItemEditor@9318/@MarginContainer@9097/@HFlowContainer@9098/@PanelContainer@9236/@HBoxContainer@9235/@CollisionPolygon2DEditor@16192/@Button@16179 class=Button variation=FlatButton type=FlatButton slot=hover_mirrored bg=ff40ffff border=ccccccff
LEAK control_stylebox bg_source=base border_source= path=/root/@EditorNode@18065/@Panel@14/@VBoxContainer@15/DockHSplitMain/@VBoxContainer@28/DockVSplitCenter/@VSplitContainer@70/@VBoxContainer@71/@EditorMainScreen@125/MainScreen/@CanvasItemEditor@9318/@MarginContainer@9097/@HFlowContainer@9098/@PanelContainer@9236/@HBoxContainer@9235/@CollisionPolygon2DEditor@16192/@Button@16179 class=Button variation=FlatButton type=FlatButton slot=hover_pressed_mirrored bg=ff40ffff border=ccccccff
LEAK control_stylebox bg_source=base border_source= path=/root/@EditorNode@18065/@Panel@14/@VBoxContainer@15/DockHSplitMain/@VBoxContainer@28/DockVSplitCenter/@VSplitContainer@70/@VBoxContainer@71/@EditorMainScreen@125/MainScreen/@CanvasItemEditor@9318/@MarginContainer@9097/@HFlowContainer@9098/@PanelContainer@9236/@HBoxContainer@9235/@CollisionPolygon2DEditor@16192/@Button@16179 class=Button variation=FlatButton type=FlatButton slot=pressed_mirrored bg=ff40ffff border=ccccccff
LEAK control_stylebox bg_source=base border_source= path=/root/@EditorNode@18065/@Panel@14/@VBoxContainer@15/DockHSplitMain/@VBoxContainer@28/DockVSplitCenter/@VSplitContainer@70/@VBoxContainer@71/@EditorMainScreen@125/MainScreen/@CanvasItemEditor@9318/@MarginContainer@9097/@HFlowContainer@9098/@PanelContainer@9236/@HBoxContainer@9235/@CollisionPolygon2DEditor@16192/@Button@16180 class=Button variation=FlatButton type=Button slot=hover_mirrored bg=ff40ffff border=ccccccff
LEAK control_stylebox bg_source=base border_source= path=/root/@EditorNode@18065/@Panel@14/@VBoxContainer@15/DockHSplitMain/@VBoxContainer@28/DockVSplitCenter/@VSplitContainer@70/@VBoxContainer@71/@EditorMainScreen@125/MainScreen/@CanvasItemEditor@9318/@MarginContainer@9097/@HFlowContainer@9098/@PanelContainer@9236/@HBoxContainer@9235/@CollisionPolygon2DEditor@16192/@Button@16180 class=Button variation=FlatButton type=Button slot=hover_pressed_mirrored bg=ff40ffff border=ccccccff
LEAK control_stylebox bg_source=base border_source= path=/root/@EditorNode@18065/@Panel@14/@VBoxContainer@15/DockHSplitMain/@VBoxContainer@28/DockVSplitCenter/@VSplitContainer@70/@VBoxContainer@71/@EditorMainScreen@125/MainScreen/@CanvasItemEditor@9318/@MarginContainer@9097/@HFlowContainer@9098/@PanelContainer@9236/@HBoxContainer@9235/@CollisionPolygon2DEditor@16192/@Button@16180 class=Button variation=FlatButton type=Button slot=pressed_mirrored bg=ff40ffff border=ccccccff
LEAK control_stylebox bg_source=base border_source= path=/root/@EditorNode@18065/@Panel@14/@VBoxContainer@15/DockHSplitMain/@VBoxContainer@28/DockVSplitCenter/@VSplitContainer@70/@VBoxContainer@71/@EditorMainScreen@125/MainScreen/@CanvasItemEditor@9318/@MarginContainer@9097/@HFlowContainer@9098/@PanelContainer@9236/@HBoxContainer@9235/@CollisionPolygon2DEditor@16192/@Button@16180 class=Button variation=FlatButton type=FlatButton slot=hover_mirrored bg=ff40ffff border=ccccccff
LEAK control_stylebox bg_source=base border_source= path=/root/@EditorNode@18065/@Panel@14/@VBoxContainer@15/DockHSplitMain/@VBoxContainer@28/DockVSplitCenter/@VSplitContainer@70/@VBoxContainer@71/@EditorMainScreen@125/MainScreen/@CanvasItemEditor@9318/@MarginContainer@9097/@HFlowContainer@9098/@PanelContainer@9236/@HBoxContainer@9235/@CollisionPolygon2DEditor@16192/@Button@16180 class=Button variation=FlatButton type=FlatButton slot=hover_pressed_mirrored bg=ff40ffff border=ccccccff
LEAK control_stylebox bg_source=base border_source= path=/root/@EditorNode@18065/@Panel@14/@VBoxContainer@15/DockHSplitMain/@VBoxContainer@28/DockVSplitCenter/@VSplitContainer@70/@VBoxContainer@71/@EditorMainScreen@125/MainScreen/@CanvasItemEditor@9318/@MarginContainer@9097/@HFlowContainer@9098/@PanelContainer@9236/@HBoxContainer@9235/@CollisionPolygon2DEditor@16192/@Button@16180 class=Button variation=FlatButton type=FlatButton slot=pressed_mirrored bg=ff40ffff border=ccccccff
LEAK control_stylebox bg_source=base border_source= path=/root/@EditorNode@18065/@Panel@14/@VBoxContainer@15/DockHSplitMain/@VBoxContainer@28/DockVSplitCenter/@VSplitContainer@70/@VBoxContainer@71/@EditorMainScreen@125/MainScreen/@CanvasItemEditor@9318/@MarginContainer@9097/@HFlowContainer@9098/@PanelContainer@9236/@HBoxContainer@9235/@CollisionPolygon2DEditor@16192/@Button@16181 class=Button variation=FlatButton type=Button slot=hover_mirrored bg=ff40ffff border=ccccccff
LEAK control_stylebox bg_source=base border_source= path=/root/@EditorNode@18065/@Panel@14/@VBoxContainer@15/DockHSplitMain/@VBoxContainer@28/DockVSplitCenter/@VSplitContainer@70/@VBoxContainer@71/@EditorMainScreen@125/MainScreen/@CanvasItemEditor@9318/@MarginContainer@9097/@HFlowContainer@9098/@PanelContainer@9236/@HBoxContainer@9235/@CollisionPolygon2DEditor@16192/@Button@16181 class=Button variation=FlatButton type=Button slot=hover_pressed_mirrored bg=ff40ffff border=ccccccff
LEAK control_stylebox bg_source=base border_source= path=/root/@EditorNode@18065/@Panel@14/@VBoxContainer@15/DockHSplitMain/@VBoxContainer@28/DockVSplitCenter/@VSplitContainer@70/@VBoxContainer@71/@EditorMainScreen@125/MainScreen/@CanvasItemEditor@9318/@MarginContainer@9097/@HFlowContainer@9098/@PanelContainer@9236/@HBoxContainer@9235/@CollisionPolygon2DEditor@16192/@Button@16181 class=Button variation=FlatButton type=Button slot=pressed_mirrored bg=ff40ffff border=ccccccff
LEAK control_stylebox bg_source=base border_source= path=/root/@EditorNode@18065/@Panel@14/@VBoxContainer@15/DockHSplitMain/@VBoxContainer@28/DockVSplitCenter/@VSplitContainer@70/@VBoxContainer@71/@EditorMainScreen@125/MainScreen/@CanvasItemEditor@9318/@MarginContainer@9097/@HFlowContainer@9098/@PanelContainer@9236/@HBoxContainer@9235/@CollisionPolygon2DEditor@16192/@Button@16181 class=Button variation=FlatButton type=FlatButton slot=hover_mirrored bg=ff40ffff border=ccccccff
LEAK control_stylebox bg_source=base border_source= path=/root/@EditorNode@18065/@Panel@14/@VBoxContainer@15/DockHSplitMain/@VBoxContainer@28/DockVSplitCenter/@VSplitContainer@70/@VBoxContainer@71/@EditorMainScreen@125/MainScreen/@CanvasItemEditor@9318/@MarginContainer@9097/@HFlowContainer@9098/@PanelContainer@9236/@HBoxContainer@9235/@CollisionPolygon2DEditor@16192/@Button@16181 class=Button variation=FlatButton type=FlatButton slot=hover_pressed_mirrored bg=ff40ffff border=ccccccff
LEAK control_stylebox bg_source=base border_source= path=/root/@EditorNode@18065/@Panel@14/@VBoxContainer@15/DockHSplitMain/@VBoxContainer@28/DockVSplitCenter/@VSplitContainer@70/@VBoxContainer@71/@EditorMainScreen@125/MainScreen/@CanvasItemEditor@9318/@MarginContainer@9097/@HFlowContainer@9098/@PanelContainer@9236/@HBoxContainer@9235/@CollisionPolygon2DEditor@16192/@Button@16181 class=Button variation=FlatButton type=FlatButton slot=pressed_mirrored bg=ff40ffff border=ccccccff
LEAK control_stylebox bg_source=base border_source= path=/root/@EditorNode@18065/@Panel@14/@VBoxContainer@15/DockHSplitMain/@VBoxContainer@28/DockVSplitCenter/@VSplitContainer@70/@VBoxContainer@71/@EditorMainScreen@125/MainScreen/@CanvasItemEditor@9318/@MarginContainer@9097/@HFlowContainer@9098/@PanelContainer@9236/@HBoxContainer@9235/@ControlEditorToolbar@13115/@Button@13088 class=Button variation=FlatButton type=Button slot=hover_mirrored bg=ff40ffff border=ccccccff
LEAK control_stylebox bg_source=base border_source= path=/root/@EditorNode@18065/@Panel@14/@VBoxContainer@15/DockHSplitMain/@VBoxContainer@28/DockVSplitCenter/@VSplitContainer@70/@VBoxContainer@71/@EditorMainScreen@125/MainScreen/@CanvasItemEditor@9318/@MarginContainer@9097/@HFlowContainer@9098/@PanelContainer@9236/@HBoxContainer@9235/@ControlEditorToolbar@13115/@Button@13088 class=Button variation=FlatButton type=Button slot=hover_pressed_mirrored bg=ff40ffff border=ccccccff
LEAK control_stylebox bg_source=base border_source= path=/root/@EditorNode@18065/@Panel@14/@VBoxContainer@15/DockHSplitMain/@VBoxContainer@28/DockVSplitCenter/@VSplitContainer@70/@VBoxContainer@71/@EditorMainScreen@125/MainScreen/@CanvasItemEditor@9318/@MarginContainer@9097/@HFlowContainer@9098/@PanelContainer@9236/@HBoxContainer@9235/@ControlEditorToolbar@13115/@Button@13088 class=Button variation=FlatButton type=Button slot=pressed_mirrored bg=ff40ffff border=ccccccff
LEAK control_stylebox bg_source=base border_source= path=/root/@EditorNode@18065/@Panel@14/@VBoxContainer@15/DockHSplitMain/@VBoxContainer@28/DockVSplitCenter/@VSplitContainer@70/@VBoxContainer@71/@EditorMainScreen@125/MainScreen/@CanvasItemEditor@9318/@MarginContainer@9097/@HFlowContainer@9098/@PanelContainer@9236/@HBoxContainer@9235/@ControlEditorToolbar@13115/@Button@13088 class=Button variation=FlatButton type=FlatButton slot=hover_mirrored bg=ff40ffff border=ccccccff
LEAK control_stylebox bg_source=base border_source= path=/root/@EditorNode@18065/@Panel@14/@VBoxContainer@15/DockHSplitMain/@VBoxContainer@28/DockVSplitCenter/@VSplitContainer@70/@VBoxContainer@71/@EditorMainScreen@125/MainScreen/@CanvasItemEditor@9318/@MarginContainer@9097/@HFlowContainer@9098/@PanelContainer@9236/@HBoxContainer@9235/@ControlEditorToolbar@13115/@Button@13088 class=Button variation=FlatButton type=FlatButton slot=hover_pressed_mirrored bg=ff40ffff border=ccccccff
LEAK control_stylebox bg_source=base border_source= path=/root/@EditorNode@18065/@Panel@14/@VBoxContainer@15/DockHSplitMain/@VBoxContainer@28/DockVSplitCenter/@VSplitContainer@70/@VBoxContainer@71/@EditorMainScreen@125/MainScreen/@CanvasItemEditor@9318/@MarginContainer@9097/@HFlowContainer@9098/@PanelContainer@9236/@HBoxContainer@9235/@ControlEditorToolbar@13115/@Button@13088 class=Button variation=FlatButton type=FlatButton slot=pressed_mirrored bg=ff40ffff border=ccccccff
LEAK control_stylebox bg_source=base border_source= path=/root/@EditorNode@18065/@Panel@14/@VBoxContainer@15/DockHSplitMain/@VBoxContainer@28/DockVSplitCenter/@VSplitContainer@70/@VBoxContainer@71/@EditorMainScreen@125/MainScreen/@CanvasItemEditor@9318/@MarginContainer@9097/@HFlowContainer@9098/@PanelContainer@9236/@HBoxContainer@9235/@ControlEditorToolbar@13115/@ControlEditorPopupButton@13057 class=ControlEditorPopupButton variation=FlatButton type=FlatButton slot=hover_mirrored bg=ff40ffff border=ccccccff
LEAK control_stylebox bg_source=base border_source= path=/root/@EditorNode@18065/@Panel@14/@VBoxContainer@15/DockHSplitMain/@VBoxContainer@28/DockVSplitCenter/@VSplitContainer@70/@VBoxContainer@71/@EditorMainScreen@125/MainScreen/@CanvasItemEditor@9318/@MarginContainer@9097/@HFlowContainer@9098/@PanelContainer@9236/@HBoxContainer@9235/@ControlEditorToolbar@13115/@ControlEditorPopupButton@13057 class=ControlEditorPopupButton variation=FlatButton type=FlatButton slot=hover_pressed_mirrored bg=ff40ffff border=ccccccff
LEAK control_stylebox bg_source=base border_source= path=/root/@EditorNode@18065/@Panel@14/@VBoxContainer@15/DockHSplitMain/@VBoxContainer@28/DockVSplitCenter/@VSplitContainer@70/@VBoxContainer@71/@EditorMainScreen@125/MainScreen/@CanvasItemEditor@9318/@MarginContainer@9097/@HFlowContainer@9098/@PanelContainer@9236/@HBoxContainer@9235/@ControlEditorToolbar@13115/@ControlEditorPopupButton@13057 class=ControlEditorPopupButton variation=FlatButton type=FlatButton slot=pressed_mirrored bg=ff40ffff border=ccccccff
LEAK control_stylebox bg_source=base border_source= path=/root/@EditorNode@18065/@Panel@14/@VBoxContainer@15/DockHSplitMain/@VBoxContainer@28/DockVSplitCenter/@VSplitContainer@70/@VBoxContainer@71/@EditorMainScreen@125/MainScreen/@CanvasItemEditor@9318/@MarginContainer@9097/@HFlowContainer@9098/@PanelContainer@9236/@HBoxContainer@9235/@ControlEditorToolbar@13115/@ControlEditorPopupButton@13092 class=ControlEditorPopupButton variation=FlatButton type=FlatButton slot=hover_mirrored bg=ff40ffff border=ccccccff
LEAK control_stylebox bg_source=base border_source= path=/root/@EditorNode@18065/@Panel@14/@VBoxContainer@15/DockHSplitMain/@VBoxContainer@28/DockVSplitCenter/@VSplitContainer@70/@VBoxContainer@71/@EditorMainScreen@125/MainScreen/@CanvasItemEditor@9318/@MarginContainer@9097/@HFlowContainer@9098/@PanelContainer@9236/@HBoxContainer@9235/@ControlEditorToolbar@13115/@ControlEditorPopupButton@13092 class=ControlEditorPopupButton variation=FlatButton type=FlatButton slot=hover_pressed_mirrored bg=ff40ffff border=ccccccff
LEAK control_stylebox bg_source=base border_source= path=/root/@EditorNode@18065/@Panel@14/@VBoxContainer@15/DockHSplitMain/@VBoxContainer@28/DockVSplitCenter/@VSplitContainer@70/@VBoxContainer@71/@EditorMainScreen@125/MainScreen/@CanvasItemEditor@9318/@MarginContainer@9097/@HFlowContainer@9098/@PanelContainer@9236/@HBoxContainer@9235/@ControlEditorToolbar@13115/@ControlEditorPopupButton@13092 class=ControlEditorPopupButton variation=FlatButton type=FlatButton slot=pressed_mirrored bg=ff40ffff border=ccccccff
LEAK control_stylebox bg_source=base border_source= path=/root/@EditorNode@18065/@Panel@14/@VBoxContainer@15/DockHSplitMain/@VBoxContainer@28/DockVSplitCenter/@VSplitContainer@70/@VBoxContainer@71/@EditorMainScreen@125/MainScreen/@CanvasItemEditor@9318/@MarginContainer@9097/@HFlowContainer@9098/@PanelContainer@9236/@HBoxContainer@9235/@HBoxContainer@16781/@Button@16791 class=Button variation=FlatMenuButton type=Button slot=hover_mirrored bg=ff40ffff border=ccccccff
LEAK control_stylebox bg_source=base border_source= path=/root/@EditorNode@18065/@Panel@14/@VBoxContainer@15/DockHSplitMain/@VBoxContainer@28/DockVSplitCenter/@VSplitContainer@70/@VBoxContainer@71/@EditorMainScreen@125/MainScreen/@CanvasItemEditor@9318/@MarginContainer@9097/@HFlowContainer@9098/@PanelContainer@9236/@HBoxContainer@9235/@HBoxContainer@16781/@Button@16791 class=Button variation=FlatMenuButton type=Button slot=hover_pressed_mirrored bg=ff40ffff border=ccccccff
LEAK control_stylebox bg_source=base border_source= path=/root/@EditorNode@18065/@Panel@14/@VBoxContainer@15/DockHSplitMain/@VBoxContainer@28/DockVSplitCenter/@VSplitContainer@70/@VBoxContainer@71/@EditorMainScreen@125/MainScreen/@CanvasItemEditor@9318/@MarginContainer@9097/@HFlowContainer@9098/@PanelContainer@9236/@HBoxContainer@9235/@HBoxContainer@16781/@Button@16791 class=Button variation=FlatMenuButton type=Button slot=pressed_mirrored bg=ff40ffff border=ccccccff
LEAK control_stylebox bg_source=base border_source= path=/root/@EditorNode@18065/@Panel@14/@VBoxContainer@15/DockHSplitMain/@VBoxContainer@28/DockVSplitCenter/@VSplitContainer@70/@VBoxContainer@71/@EditorMainScreen@125/MainScreen/@CanvasItemEditor@9318/@MarginContainer@9097/@HFlowContainer@9098/@PanelContainer@9236/@HBoxContainer@9235/@HBoxContainer@16781/@Button@16791 class=Button variation=FlatMenuButton type=FlatMenuButton slot=hover_mirrored bg=ff40ffff border=ccccccff
LEAK control_stylebox bg_source=base border_source= path=/root/@EditorNode@18065/@Panel@14/@VBoxContainer@15/DockHSplitMain/@VBoxContainer@28/DockVSplitCenter/@VSplitContainer@70/@VBoxContainer@71/@EditorMainScreen@125/MainScreen/@CanvasItemEditor@9318/@MarginContainer@9097/@HFlowContainer@9098/@PanelContainer@9236/@HBoxContainer@9235/@HBoxContainer@16781/@Button@16791 class=Button variation=FlatMenuButton type=FlatMenuButton slot=hover_pressed_mirrored bg=ff40ffff border=ccccccff
LEAK control_stylebox bg_source=base border_source= path=/root/@EditorNode@18065/@Panel@14/@VBoxContainer@15/DockHSplitMain/@VBoxContainer@28/DockVSplitCenter/@VSplitContainer@70/@VBoxContainer@71/@EditorMainScreen@125/MainScreen/@CanvasItemEditor@9318/@MarginContainer@9097/@HFlowContainer@9098/@PanelContainer@9236/@HBoxContainer@9235/@HBoxContainer@16781/@Button@16791 class=Button variation=FlatMenuButton type=FlatMenuButton slot=pressed_mirrored bg=ff40ffff border=ccccccff
LEAK control_stylebox bg_source=base border_source= path=/root/@EditorNode@18065/@Panel@14/@VBoxContainer@15/DockHSplitMain/@VBoxContainer@28/DockVSplitCenter/@VSplitContainer@70/@VBoxContainer@71/@EditorMainScreen@125/MainScreen/@CanvasItemEditor@9318/@MarginContainer@9097/@HFlowContainer@9098/@PanelContainer@9236/@HBoxContainer@9235/@HBoxContainer@17453/@MenuButton@17462 class=MenuButton variation=FlatMenuButton type=FlatMenuButton slot=hover_mirrored bg=ff40ffff border=ccccccff
LEAK control_stylebox bg_source=base border_source= path=/root/@EditorNode@18065/@Panel@14/@VBoxContainer@15/DockHSplitMain/@VBoxContainer@28/DockVSplitCenter/@VSplitContainer@70/@VBoxContainer@71/@EditorMainScreen@125/MainScreen/@CanvasItemEditor@9318/@MarginContainer@9097/@HFlowContainer@9098/@PanelContainer@9236/@HBoxContainer@9235/@HBoxContainer@17453/@MenuButton@17462 class=MenuButton variation=FlatMenuButton type=FlatMenuButton slot=hover_pressed_mirrored bg=ff40ffff border=ccccccff
LEAK control_stylebox bg_source=base border_source= path=/root/@EditorNode@18065/@Panel@14/@VBoxContainer@15/DockHSplitMain/@VBoxContainer@28/DockVSplitCenter/@VSplitContainer@70/@VBoxContainer@71/@EditorMainScreen@125/MainScreen/@CanvasItemEditor@9318/@MarginContainer@9097/@HFlowContainer@9098/@PanelContainer@9236/@HBoxContainer@9235/@HBoxContainer@17453/@MenuButton@17462 class=MenuButton variation=FlatMenuButton type=FlatMenuButton slot=pressed_mirrored bg=ff40ffff border=ccccccff
LEAK control_stylebox bg_source=base border_source= path=/root/@EditorNode@18065/@Panel@14/@VBoxContainer@15/DockHSplitMain/@VBoxContainer@28/DockVSplitCenter/@VSplitContainer@70/@VBoxContainer@71/@EditorMainScreen@125/MainScreen/@CanvasItemEditor@9318/@MarginContainer@9097/@HFlowContainer@9098/@PanelContainer@9236/@HBoxContainer@9235/@HBoxContainer@9238/@Button@9239 class=Button variation=FlatButton type=Button slot=hover_mirrored bg=ff40ffff border=ccccccff
LEAK control_stylebox bg_source=base border_source= path=/root/@EditorNode@18065/@Panel@14/@VBoxContainer@15/DockHSplitMain/@VBoxContainer@28/DockVSplitCenter/@VSplitContainer@70/@VBoxContainer@71/@EditorMainScreen@125/MainScreen/@CanvasItemEditor@9318/@MarginContainer@9097/@HFlowContainer@9098/@PanelContainer@9236/@HBoxContainer@9235/@HBoxContainer@9238/@Button@9239 class=Button variation=FlatButton type=Button slot=hover_pressed_mirrored bg=ff40ffff border=ccccccff
LEAK control_stylebox bg_source=base border_source= path=/root/@EditorNode@18065/@Panel@14/@VBoxContainer@15/DockHSplitMain/@VBoxContainer@28/DockVSplitCenter/@VSplitContainer@70/@VBoxContainer@71/@EditorMainScreen@125/MainScreen/@CanvasItemEditor@9318/@MarginContainer@9097/@HFlowContainer@9098/@PanelContainer@9236/@HBoxContainer@9235/@HBoxContainer@9238/@Button@9239 class=Button variation=FlatButton type=Button slot=pressed_mirrored bg=ff40ffff border=ccccccff
LEAK control_stylebox bg_source=base border_source= path=/root/@EditorNode@18065/@Panel@14/@VBoxContainer@15/DockHSplitMain/@VBoxContainer@28/DockVSplitCenter/@VSplitContainer@70/@VBoxContainer@71/@EditorMainScreen@125/MainScreen/@CanvasItemEditor@9318/@MarginContainer@9097/@HFlowContainer@9098/@PanelContainer@9236/@HBoxContainer@9235/@HBoxContainer@9238/@Button@9239 class=Button variation=FlatButton type=FlatButton slot=hover_mirrored bg=ff40ffff border=ccccccff
LEAK control_stylebox bg_source=base border_source= path=/root/@EditorNode@18065/@Panel@14/@VBoxContainer@15/DockHSplitMain/@VBoxContainer@28/DockVSplitCenter/@VSplitContainer@70/@VBoxContainer@71/@EditorMainScreen@125/MainScreen/@CanvasItemEditor@9318/@MarginContainer@9097/@HFlowContainer@9098/@PanelContainer@9236/@HBoxContainer@9235/@HBoxContainer@9238/@Button@9239 class=Button variation=FlatButton type=FlatButton slot=hover_pressed_mirrored bg=ff40ffff border=ccccccff
LEAK control_stylebox bg_source=base border_source= path=/root/@EditorNode@18065/@Panel@14/@VBoxContainer@15/DockHSplitMain/@VBoxContainer@28/DockVSplitCenter/@VSplitContainer@70/@VBoxContainer@71/@EditorMainScreen@125/MainScreen/@CanvasItemEditor@9318/@MarginContainer@9097/@HFlowContainer@9098/@PanelContainer@9236/@HBoxContainer@9235/@HBoxContainer@9238/@Button@9239 class=Button variation=FlatButton type=FlatButton slot=pressed_mirrored bg=ff40ffff border=ccccccff
LEAK control_stylebox bg_source=base border_source= path=/root/@EditorNode@18065/@Panel@14/@VBoxContainer@15/DockHSplitMain/@VBoxContainer@28/DockVSplitCenter/@VSplitContainer@70/@VBoxContainer@71/@EditorMainScreen@125/MainScreen/@CanvasItemEditor@9318/@MarginContainer@9097/@HFlowContainer@9098/@PanelContainer@9236/@HBoxContainer@9235/@HBoxContainer@9238/@Button@9240 class=Button variation=FlatButton type=Button slot=hover_mirrored bg=ff40ffff border=ccccccff
LEAK control_stylebox bg_source=base border_source= path=/root/@EditorNode@18065/@Panel@14/@VBoxContainer@15/DockHSplitMain/@VBoxContainer@28/DockVSplitCenter/@VSplitContainer@70/@VBoxContainer@71/@EditorMainScreen@125/MainScreen/@CanvasItemEditor@9318/@MarginContainer@9097/@HFlowContainer@9098/@PanelContainer@9236/@HBoxContainer@9235/@HBoxContainer@9238/@Button@9240 class=Button variation=FlatButton type=Button slot=hover_pressed_mirrored bg=ff40ffff border=ccccccff
LEAK control_stylebox bg_source=base border_source= path=/root/@EditorNode@18065/@Panel@14/@VBoxContainer@15/DockHSplitMain/@VBoxContainer@28/DockVSplitCenter/@VSplitContainer@70/@VBoxContainer@71/@EditorMainScreen@125/MainScreen/@CanvasItemEditor@9318/@MarginContainer@9097/@HFlowContainer@9098/@PanelContainer@9236/@HBoxContainer@9235/@HBoxContainer@9238/@Button@9240 class=Button variation=FlatButton type=Button slot=pressed_mirrored bg=ff40ffff border=ccccccff
LEAK control_stylebox bg_source=base border_source= path=/root/@EditorNode@18065/@Panel@14/@VBoxContainer@15/DockHSplitMain/@VBoxContainer@28/DockVSplitCenter/@VSplitContainer@70/@VBoxContainer@71/@EditorMainScreen@125/MainScreen/@CanvasItemEditor@9318/@MarginContainer@9097/@HFlowContainer@9098/@PanelContainer@9236/@HBoxContainer@9235/@HBoxContainer@9238/@Button@9240 class=Button variation=FlatButton type=FlatButton slot=hover_mirrored bg=ff40ffff border=ccccccff
LEAK control_stylebox bg_source=base border_source= path=/root/@EditorNode@18065/@Panel@14/@VBoxContainer@15/DockHSplitMain/@VBoxContainer@28/DockVSplitCenter/@VSplitContainer@70/@VBoxContainer@71/@EditorMainScreen@125/MainScreen/@CanvasItemEditor@9318/@MarginContainer@9097/@HFlowContainer@9098/@PanelContainer@9236/@HBoxContainer@9235/@HBoxContainer@9238/@Button@9240 class=Button variation=FlatButton type=FlatButton slot=hover_pressed_mirrored bg=ff40ffff border=ccccccff
LEAK control_stylebox bg_source=base border_source= path=/root/@EditorNode@18065/@Panel@14/@VBoxContainer@15/DockHSplitMain/@VBoxContainer@28/DockVSplitCenter/@VSplitContainer@70/@VBoxContainer@71/@EditorMainScreen@125/MainScreen/@CanvasItemEditor@9318/@MarginContainer@9097/@HFlowContainer@9098/@PanelContainer@9236/@HBoxContainer@9235/@HBoxContainer@9238/@Button@9240 class=Button variation=FlatButton type=FlatButton slot=pressed_mirrored bg=ff40ffff border=ccccccff
LEAK control_stylebox bg_source=base border_source= path=/root/@EditorNode@18065/@Panel@14/@VBoxContainer@15/DockHSplitMain/@VBoxContainer@28/DockVSplitCenter/@VSplitContainer@70/@VBoxContainer@71/@EditorMainScreen@125/MainScreen/@CanvasItemEditor@9318/@MarginContainer@9097/@HFlowContainer@9098/@PanelContainer@9236/@HBoxContainer@9235/@HBoxContainer@9238/@Button@9241 class=Button variation=FlatButton type=Button slot=hover_mirrored bg=ff40ffff border=ccccccff
LEAK control_stylebox bg_source=base border_source= path=/root/@EditorNode@18065/@Panel@14/@VBoxContainer@15/DockHSplitMain/@VBoxContainer@28/DockVSplitCenter/@VSplitContainer@70/@VBoxContainer@71/@EditorMainScreen@125/MainScreen/@CanvasItemEditor@9318/@MarginContainer@9097/@HFlowContainer@9098/@PanelContainer@9236/@HBoxContainer@9235/@HBoxContainer@9238/@Button@9241 class=Button variation=FlatButton type=Button slot=hover_pressed_mirrored bg=ff40ffff border=ccccccff
LEAK control_stylebox bg_source=base border_source= path=/root/@EditorNode@18065/@Panel@14/@VBoxContainer@15/DockHSplitMain/@VBoxContainer@28/DockVSplitCenter/@VSplitContainer@70/@VBoxContainer@71/@EditorMainScreen@125/MainScreen/@CanvasItemEditor@9318/@MarginContainer@9097/@HFlowContainer@9098/@PanelContainer@9236/@HBoxContainer@9235/@HBoxContainer@9238/@Button@9241 class=Button variation=FlatButton type=Button slot=pressed_mirrored bg=ff40ffff border=ccccccff
LEAK control_stylebox bg_source=base border_source= path=/root/@EditorNode@18065/@Panel@14/@VBoxContainer@15/DockHSplitMain/@VBoxContainer@28/DockVSplitCenter/@VSplitContainer@70/@VBoxContainer@71/@EditorMainScreen@125/MainScreen/@CanvasItemEditor@9318/@MarginContainer@9097/@HFlowContainer@9098/@PanelContainer@9236/@HBoxContainer@9235/@HBoxContainer@9238/@Button@9241 class=Button variation=FlatButton type=FlatButton slot=hover_mirrored bg=ff40ffff border=ccccccff
LEAK control_stylebox bg_source=base border_source= path=/root/@EditorNode@18065/@Panel@14/@VBoxContainer@15/DockHSplitMain/@VBoxContainer@28/DockVSplitCenter/@VSplitContainer@70/@VBoxContainer@71/@EditorMainScreen@125/MainScreen/@CanvasItemEditor@9318/@MarginContainer@9097/@HFlowContainer@9098/@PanelContainer@9236/@HBoxContainer@9235/@HBoxContainer@9238/@Button@9241 class=Button variation=FlatButton type=FlatButton slot=hover_pressed_mirrored bg=ff40ffff border=ccccccff
LEAK control_stylebox bg_source=base border_source= path=/root/@EditorNode@18065/@Panel@14/@VBoxContainer@15/DockHSplitMain/@VBoxContainer@28/DockVSplitCenter/@VSplitContainer@70/@VBoxContainer@71/@EditorMainScreen@125/MainScreen/@CanvasItemEditor@9318/@MarginContainer@9097/@HFlowContainer@9098/@PanelContainer@9236/@HBoxContainer@9235/@HBoxContainer@9238/@Button@9241 class=Button variation=FlatButton type=FlatButton slot=pressed_mirrored bg=ff40ffff border=ccccccff
LEAK control_stylebox bg_source=base border_source= path=/root/@EditorNode@18065/@Panel@14/@VBoxContainer@15/DockHSplitMain/@VBoxContainer@28/DockVSplitCenter/@VSplitContainer@70/@VBoxContainer@71/@EditorMainScreen@125/MainScreen/@CanvasItemEditor@9318/@MarginContainer@9097/@HFlowContainer@9098/@PanelContainer@9236/@HBoxContainer@9235/@HBoxContainer@9238/@Button@9242 class=Button variation=FlatButton type=Button slot=hover_mirrored bg=ff40ffff border=ccccccff
LEAK control_stylebox bg_source=base border_source= path=/root/@EditorNode@18065/@Panel@14/@VBoxContainer@15/DockHSplitMain/@VBoxContainer@28/DockVSplitCenter/@VSplitContainer@70/@VBoxContainer@71/@EditorMainScreen@125/MainScreen/@CanvasItemEditor@9318/@MarginContainer@9097/@HFlowContainer@9098/@PanelContainer@9236/@HBoxContainer@9235/@HBoxContainer@9238/@Button@9242 class=Button variation=FlatButton type=Button slot=hover_pressed_mirrored bg=ff40ffff border=ccccccff
LEAK control_stylebox bg_source=base border_source= path=/root/@EditorNode@18065/@Panel@14/@VBoxContainer@15/DockHSplitMain/@VBoxContainer@28/DockVSplitCenter/@VSplitContainer@70/@VBoxContainer@71/@EditorMainScreen@125/MainScreen/@CanvasItemEditor@9318/@MarginContainer@9097/@HFlowContainer@9098/@PanelContainer@9236/@HBoxContainer@9235/@HBoxContainer@9238/@Button@9242 class=Button variation=FlatButton type=Button slot=pressed_mirrored bg=ff40ffff border=ccccccff
LEAK control_stylebox bg_source=base border_source= path=/root/@EditorNode@18065/@Panel@14/@VBoxContainer@15/DockHSplitMain/@VBoxContainer@28/DockVSplitCenter/@VSplitContainer@70/@VBoxContainer@71/@EditorMainScreen@125/MainScreen/@CanvasItemEditor@9318/@MarginContainer@9097/@HFlowContainer@9098/@PanelContainer@9236/@HBoxContainer@9235/@HBoxContainer@9238/@Button@9242 class=Button variation=FlatButton type=FlatButton slot=hover_mirrored bg=ff40ffff border=ccccccff
LEAK control_stylebox bg_source=base border_source= path=/root/@EditorNode@18065/@Panel@14/@VBoxContainer@15/DockHSplitMain/@VBoxContainer@28/DockVSplitCenter/@VSplitContainer@70/@VBoxContainer@71/@EditorMainScreen@125/MainScreen/@CanvasItemEditor@9318/@MarginContainer@9097/@HFlowContainer@9098/@PanelContainer@9236/@HBoxContainer@9235/@HBoxContainer@9238/@Button@9242 class=Button variation=FlatButton type=FlatButton slot=hover_pressed_mirrored bg=ff40ffff border=ccccccff
LEAK control_stylebox bg_source=base border_source= path=/root/@EditorNode@18065/@Panel@14/@VBoxContainer@15/DockHSplitMain/@VBoxContainer@28/DockVSplitCenter/@VSplitContainer@70/@VBoxContainer@71/@EditorMainScreen@125/MainScreen/@CanvasItemEditor@9318/@MarginContainer@9097/@HFlowContainer@9098/@PanelContainer@9236/@HBoxContainer@9235/@HBoxContainer@9238/@Button@9242 class=Button variation=FlatButton type=FlatButton slot=pressed_mirrored bg=ff40ffff border=ccccccff
LEAK control_stylebox bg_source=base border_source= path=/root/@EditorNode@18065/@Panel@14/@VBoxContainer@15/DockHSplitMain/@VBoxContainer@28/DockVSplitCenter/@VSplitContainer@70/@VBoxContainer@71/@EditorMainScreen@125/MainScreen/@CanvasItemEditor@9318/@MarginContainer@9097/@HFlowContainer@9098/@PanelContainer@9236/@HBoxContainer@9235/@HBoxContainer@9238/@Button@9243 class=Button variation=FlatButton type=Button slot=hover_mirrored bg=ff40ffff border=ccccccff
LEAK control_stylebox bg_source=base border_source= path=/root/@EditorNode@18065/@Panel@14/@VBoxContainer@15/DockHSplitMain/@VBoxContainer@28/DockVSplitCenter/@VSplitContainer@70/@VBoxContainer@71/@EditorMainScreen@125/MainScreen/@CanvasItemEditor@9318/@MarginContainer@9097/@HFlowContainer@9098/@PanelContainer@9236/@HBoxContainer@9235/@HBoxContainer@9238/@Button@9243 class=Button variation=FlatButton type=Button slot=hover_pressed_mirrored bg=ff40ffff border=ccccccff
LEAK control_stylebox bg_source=base border_source= path=/root/@EditorNode@18065/@Panel@14/@VBoxContainer@15/DockHSplitMain/@VBoxContainer@28/DockVSplitCenter/@VSplitContainer@70/@VBoxContainer@71/@EditorMainScreen@125/MainScreen/@CanvasItemEditor@9318/@MarginContainer@9097/@HFlowContainer@9098/@PanelContainer@9236/@HBoxContainer@9235/@HBoxContainer@9238/@Button@9243 class=Button variation=FlatButton type=Button slot=pressed_mirrored bg=ff40ffff border=ccccccff
LEAK control_stylebox bg_source=base border_source= path=/root/@EditorNode@18065/@Panel@14/@VBoxContainer@15/DockHSplitMain/@VBoxContainer@28/DockVSplitCenter/@VSplitContainer@70/@VBoxContainer@71/@EditorMainScreen@125/MainScreen/@CanvasItemEditor@9318/@MarginContainer@9097/@HFlowContainer@9098/@PanelContainer@9236/@HBoxContainer@9235/@HBoxContainer@9238/@Button@9243 class=Button variation=FlatButton type=FlatButton slot=hover_mirrored bg=ff40ffff border=ccccccff
LEAK control_stylebox bg_source=base border_source= path=/root/@EditorNode@18065/@Panel@14/@VBoxContainer@15/DockHSplitMain/@VBoxContainer@28/DockVSplitCenter/@VSplitContainer@70/@VBoxContainer@71/@EditorMainScreen@125/MainScreen/@CanvasItemEditor@9318/@MarginContainer@9097/@HFlowContainer@9098/@PanelContainer@9236/@HBoxContainer@9235/@HBoxContainer@9238/@Button@9243 class=Button variation=FlatButton type=FlatButton slot=hover_pressed_mirrored bg=ff40ffff border=ccccccff
LEAK control_stylebox bg_source=base border_source= path=/root/@EditorNode@18065/@Panel@14/@VBoxContainer@15/DockHSplitMain/@VBoxContainer@28/DockVSplitCenter/@VSplitContainer@70/@VBoxContainer@71/@EditorMainScreen@125/MainScreen/@CanvasItemEditor@9318/@MarginContainer@9097/@HFlowContainer@9098/@PanelContainer@9236/@HBoxContainer@9235/@HBoxContainer@9238/@Button@9243 class=Button variation=FlatButton type=FlatButton slot=pressed_mirrored bg=ff40ffff border=ccccccff
LEAK control_stylebox bg_source=base border_source= path=/root/@EditorNode@18065/@Panel@14/@VBoxContainer@15/DockHSplitMain/@VBoxContainer@28/DockVSplitCenter/@VSplitContainer@70/@VBoxContainer@71/@EditorMainScreen@125/MainScreen/@CanvasItemEditor@9318/@MarginContainer@9097/@HFlowContainer@9098/@PanelContainer@9236/@HBoxContainer@9235/@HBoxContainer@9238/@MenuButton@9252 class=MenuButton variation=FlatMenuButton type=FlatMenuButton slot=hover_mirrored bg=ff40ffff border=ccccccff
LEAK control_stylebox bg_source=base border_source= path=/root/@EditorNode@18065/@Panel@14/@VBoxContainer@15/DockHSplitMain/@VBoxContainer@28/DockVSplitCenter/@VSplitContainer@70/@VBoxContainer@71/@EditorMainScreen@125/MainScreen/@CanvasItemEditor@9318/@MarginContainer@9097/@HFlowContainer@9098/@PanelContainer@9236/@HBoxContainer@9235/@HBoxContainer@9238/@MenuButton@9252 class=MenuButton variation=FlatMenuButton type=FlatMenuButton slot=hover_pressed_mirrored bg=ff40ffff border=ccccccff
LEAK control_stylebox bg_source=base border_source= path=/root/@EditorNode@18065/@Panel@14/@VBoxContainer@15/DockHSplitMain/@VBoxContainer@28/DockVSplitCenter/@VSplitContainer@70/@VBoxContainer@71/@EditorMainScreen@125/MainScreen/@CanvasItemEditor@9318/@MarginContainer@9097/@HFlowContainer@9098/@PanelContainer@9236/@HBoxContainer@9235/@HBoxContainer@9238/@MenuButton@9252 class=MenuButton variation=FlatMenuButton type=FlatMenuButton slot=pressed_mirrored bg=ff40ffff border=ccccccff
LEAK control_stylebox bg_source=base border_source= path=/root/@EditorNode@18065/@Panel@14/@VBoxContainer@15/DockHSplitMain/@VBoxContainer@28/DockVSplitCenter/@VSplitContainer@70/@VBoxContainer@71/@EditorMainScreen@125/MainScreen/@CanvasItemEditor@9318/@MarginContainer@9097/@HFlowContainer@9098/@PanelContainer@9236/@HBoxContainer@9235/@LightOccluder2DEditor@16612/@Button@16598 class=Button variation=FlatButton type=Button slot=hover_mirrored bg=ff40ffff border=ccccccff
LEAK control_stylebox bg_source=base border_source= path=/root/@EditorNode@18065/@Panel@14/@VBoxContainer@15/DockHSplitMain/@VBoxContainer@28/DockVSplitCenter/@VSplitContainer@70/@VBoxContainer@71/@EditorMainScreen@125/MainScreen/@CanvasItemEditor@9318/@MarginContainer@9097/@HFlowContainer@9098/@PanelContainer@9236/@HBoxContainer@9235/@LightOccluder2DEditor@16612/@Button@16598 class=Button variation=FlatButton type=Button slot=hover_pressed_mirrored bg=ff40ffff border=ccccccff
LEAK control_stylebox bg_source=base border_source= path=/root/@EditorNode@18065/@Panel@14/@VBoxContainer@15/DockHSplitMain/@VBoxContainer@28/DockVSplitCenter/@VSplitContainer@70/@VBoxContainer@71/@EditorMainScreen@125/MainScreen/@CanvasItemEditor@9318/@MarginContainer@9097/@HFlowContainer@9098/@PanelContainer@9236/@HBoxContainer@9235/@LightOccluder2DEditor@16612/@Button@16598 class=Button variation=FlatButton type=Button slot=pressed_mirrored bg=ff40ffff border=ccccccff
LEAK control_stylebox bg_source=base border_source= path=/root/@EditorNode@18065/@Panel@14/@VBoxContainer@15/DockHSplitMain/@VBoxContainer@28/DockVSplitCenter/@VSplitContainer@70/@VBoxContainer@71/@EditorMainScreen@125/MainScreen/@CanvasItemEditor@9318/@MarginContainer@9097/@HFlowContainer@9098/@PanelContainer@9236/@HBoxContainer@9235/@LightOccluder2DEditor@16612/@Button@16598 class=Button variation=FlatButton type=FlatButton slot=hover_mirrored bg=ff40ffff border=ccccccff
LEAK control_stylebox bg_source=base border_source= path=/root/@EditorNode@18065/@Panel@14/@VBoxContainer@15/DockHSplitMain/@VBoxContainer@28/DockVSplitCenter/@VSplitContainer@70/@VBoxContainer@71/@EditorMainScreen@125/MainScreen/@CanvasItemEditor@9318/@MarginContainer@9097/@HFlowContainer@9098/@PanelContainer@9236/@HBoxContainer@9235/@LightOccluder2DEditor@16612/@Button@16598 class=Button variation=FlatButton type=FlatButton slot=hover_pressed_mirrored bg=ff40ffff border=ccccccff
LEAK control_stylebox bg_source=base border_source= path=/root/@EditorNode@18065/@Panel@14/@VBoxContainer@15/DockHSplitMain/@VBoxContainer@28/DockVSplitCenter/@VSplitContainer@70/@VBoxContainer@71/@EditorMainScreen@125/MainScreen/@CanvasItemEditor@9318/@MarginContainer@9097/@HFlowContainer@9098/@PanelContainer@9236/@HBoxContainer@9235/@LightOccluder2DEditor@16612/@Button@16598 class=Button variation=FlatButton type=FlatButton slot=pressed_mirrored bg=ff40ffff border=ccccccff
LEAK control_stylebox bg_source=base border_source= path=/root/@EditorNode@18065/@Panel@14/@VBoxContainer@15/DockHSplitMain/@VBoxContainer@28/DockVSplitCenter/@VSplitContainer@70/@VBoxContainer@71/@EditorMainScreen@125/MainScreen/@CanvasItemEditor@9318/@MarginContainer@9097/@HFlowContainer@9098/@PanelContainer@9236/@HBoxContainer@9235/@LightOccluder2DEditor@16612/@Button@16599 class=Button variation=FlatButton type=Button slot=hover_mirrored bg=ff40ffff border=ccccccff
LEAK control_stylebox bg_source=base border_source= path=/root/@EditorNode@18065/@Panel@14/@VBoxContainer@15/DockHSplitMain/@VBoxContainer@28/DockVSplitCenter/@VSplitContainer@70/@VBoxContainer@71/@EditorMainScreen@125/MainScreen/@CanvasItemEditor@9318/@MarginContainer@9097/@HFlowContainer@9098/@PanelContainer@9236/@HBoxContainer@9235/@LightOccluder2DEditor@16612/@Button@16599 class=Button variation=FlatButton type=Button slot=hover_pressed_mirrored bg=ff40ffff border=ccccccff
LEAK control_stylebox bg_source=base border_source= path=/root/@EditorNode@18065/@Panel@14/@VBoxContainer@15/DockHSplitMain/@VBoxContainer@28/DockVSplitCenter/@VSplitContainer@70/@VBoxContainer@71/@EditorMainScreen@125/MainScreen/@CanvasItemEditor@9318/@MarginContainer@9097/@HFlowContainer@9098/@PanelContainer@9236/@HBoxContainer@9235/@LightOccluder2DEditor@16612/@Button@16599 class=Button variation=FlatButton type=Button slot=pressed_mirrored bg=ff40ffff border=ccccccff
LEAK control_stylebox bg_source=base border_source= path=/root/@EditorNode@18065/@Panel@14/@VBoxContainer@15/DockHSplitMain/@VBoxContainer@28/DockVSplitCenter/@VSplitContainer@70/@VBoxContainer@71/@EditorMainScreen@125/MainScreen/@CanvasItemEditor@9318/@MarginContainer@9097/@HFlowContainer@9098/@PanelContainer@9236/@HBoxContainer@9235/@LightOccluder2DEditor@16612/@Button@16599 class=Button variation=FlatButton type=FlatButton slot=hover_mirrored bg=ff40ffff border=ccccccff
LEAK control_stylebox bg_source=base border_source= path=/root/@EditorNode@18065/@Panel@14/@VBoxContainer@15/DockHSplitMain/@VBoxContainer@28/DockVSplitCenter/@VSplitContainer@70/@VBoxContainer@71/@EditorMainScreen@125/MainScreen/@CanvasItemEditor@9318/@MarginContainer@9097/@HFlowContainer@9098/@PanelContainer@9236/@HBoxContainer@9235/@LightOccluder2DEditor@16612/@Button@16599 class=Button variation=FlatButton type=FlatButton slot=hover_pressed_mirrored bg=ff40ffff border=ccccccff
LEAK control_stylebox bg_source=base border_source= path=/root/@EditorNode@18065/@Panel@14/@VBoxContainer@15/DockHSplitMain/@VBoxContainer@28/DockVSplitCenter/@VSplitContainer@70/@VBoxContainer@71/@EditorMainScreen@125/MainScreen/@CanvasItemEditor@9318/@MarginContainer@9097/@HFlowContainer@9098/@PanelContainer@9236/@HBoxContainer@9235/@LightOccluder2DEditor@16612/@Button@16599 class=Button variation=FlatButton type=FlatButton slot=pressed_mirrored bg=ff40ffff border=ccccccff
LEAK control_stylebox bg_source=base border_source= path=/root/@EditorNode@18065/@Panel@14/@VBoxContainer@15/DockHSplitMain/@VBoxContainer@28/DockVSplitCenter/@VSplitContainer@70/@VBoxContainer@71/@EditorMainScreen@125/MainScreen/@CanvasItemEditor@9318/@MarginContainer@9097/@HFlowContainer@9098/@PanelContainer@9236/@HBoxContainer@9235/@LightOccluder2DEditor@16612/@Button@16600 class=Button variation=FlatButton type=Button slot=hover_mirrored bg=ff40ffff border=ccccccff
LEAK control_stylebox bg_source=base border_source= path=/root/@EditorNode@18065/@Panel@14/@VBoxContainer@15/DockHSplitMain/@VBoxContainer@28/DockVSplitCenter/@VSplitContainer@70/@VBoxContainer@71/@EditorMainScreen@125/MainScreen/@CanvasItemEditor@9318/@MarginContainer@9097/@HFlowContainer@9098/@PanelContainer@9236/@HBoxContainer@9235/@LightOccluder2DEditor@16612/@Button@16600 class=Button variation=FlatButton type=Button slot=hover_pressed_mirrored bg=ff40ffff border=ccccccff
LEAK control_stylebox bg_source=base border_source= path=/root/@EditorNode@18065/@Panel@14/@VBoxContainer@15/DockHSplitMain/@VBoxContainer@28/DockVSplitCenter/@VSplitContainer@70/@VBoxContainer@71/@EditorMainScreen@125/MainScreen/@CanvasItemEditor@9318/@MarginContainer@9097/@HFlowContainer@9098/@PanelContainer@9236/@HBoxContainer@9235/@LightOccluder2DEditor@16612/@Button@16600 class=Button variation=FlatButton type=Button slot=pressed_mirrored bg=ff40ffff border=ccccccff
LEAK control_stylebox bg_source=base border_source= path=/root/@EditorNode@18065/@Panel@14/@VBoxContainer@15/DockHSplitMain/@VBoxContainer@28/DockVSplitCenter/@VSplitContainer@70/@VBoxContainer@71/@EditorMainScreen@125/MainScreen/@CanvasItemEditor@9318/@MarginContainer@9097/@HFlowContainer@9098/@PanelContainer@9236/@HBoxContainer@9235/@LightOccluder2DEditor@16612/@Button@16600 class=Button variation=FlatButton type=FlatButton slot=hover_mirrored bg=ff40ffff border=ccccccff
LEAK control_stylebox bg_source=base border_source= path=/root/@EditorNode@18065/@Panel@14/@VBoxContainer@15/DockHSplitMain/@VBoxContainer@28/DockVSplitCenter/@VSplitContainer@70/@VBoxContainer@71/@EditorMainScreen@125/MainScreen/@CanvasItemEditor@9318/@MarginContainer@9097/@HFlowContainer@9098/@PanelContainer@9236/@HBoxContainer@9235/@LightOccluder2DEditor@16612/@Button@16600 class=Button variation=FlatButton type=FlatButton slot=hover_pressed_mirrored bg=ff40ffff border=ccccccff
LEAK control_stylebox bg_source=base border_source= path=/root/@EditorNode@18065/@Panel@14/@VBoxContainer@15/DockHSplitMain/@VBoxContainer@28/DockVSplitCenter/@VSplitContainer@70/@VBoxContainer@71/@EditorMainScreen@125/MainScreen/@CanvasItemEditor@9318/@MarginContainer@9097/@HFlowContainer@9098/@PanelContainer@9236/@HBoxContainer@9235/@LightOccluder2DEditor@16612/@Button@16600 class=Button variation=FlatButton type=FlatButton slot=pressed_mirrored bg=ff40ffff border=ccccccff
LEAK control_stylebox bg_source=base border_source= path=/root/@EditorNode@18065/@Panel@14/@VBoxContainer@15/DockHSplitMain/@VBoxContainer@28/DockVSplitCenter/@VSplitContainer@70/@VBoxContainer@71/@EditorMainScreen@125/MainScreen/@CanvasItemEditor@9318/@MarginContainer@9097/@HFlowContainer@9098/@PanelContainer@9236/@HBoxContainer@9235/@LightOccluder2DEditor@16612/@Button@16601 class=Button variation=FlatButton type=Button slot=hover_mirrored bg=ff40ffff border=ccccccff
LEAK control_stylebox bg_source=base border_source= path=/root/@EditorNode@18065/@Panel@14/@VBoxContainer@15/DockHSplitMain/@VBoxContainer@28/DockVSplitCenter/@VSplitContainer@70/@VBoxContainer@71/@EditorMainScreen@125/MainScreen/@CanvasItemEditor@9318/@MarginContainer@9097/@HFlowContainer@9098/@PanelContainer@9236/@HBoxContainer@9235/@LightOccluder2DEditor@16612/@Button@16601 class=Button variation=FlatButton type=Button slot=hover_pressed_mirrored bg=ff40ffff border=ccccccff
LEAK control_stylebox bg_source=base border_source= path=/root/@EditorNode@18065/@Panel@14/@VBoxContainer@15/DockHSplitMain/@VBoxContainer@28/DockVSplitCenter/@VSplitContainer@70/@VBoxContainer@71/@EditorMainScreen@125/MainScreen/@CanvasItemEditor@9318/@MarginContainer@9097/@HFlowContainer@9098/@PanelContainer@9236/@HBoxContainer@9235/@LightOccluder2DEditor@16612/@Button@16601 class=Button variation=FlatButton type=Button slot=pressed_mirrored bg=ff40ffff border=ccccccff
LEAK control_stylebox bg_source=base border_source= path=/root/@EditorNode@18065/@Panel@14/@VBoxContainer@15/DockHSplitMain/@VBoxContainer@28/DockVSplitCenter/@VSplitContainer@70/@VBoxContainer@71/@EditorMainScreen@125/MainScreen/@CanvasItemEditor@9318/@MarginContainer@9097/@HFlowContainer@9098/@PanelContainer@9236/@HBoxContainer@9235/@LightOccluder2DEditor@16612/@Button@16601 class=Button variation=FlatButton type=FlatButton slot=hover_mirrored bg=ff40ffff border=ccccccff
LEAK control_stylebox bg_source=base border_source= path=/root/@EditorNode@18065/@Panel@14/@VBoxContainer@15/DockHSplitMain/@VBoxContainer@28/DockVSplitCenter/@VSplitContainer@70/@VBoxContainer@71/@EditorMainScreen@125/MainScreen/@CanvasItemEditor@9318/@MarginContainer@9097/@HFlowContainer@9098/@PanelContainer@9236/@HBoxContainer@9235/@LightOccluder2DEditor@16612/@Button@16601 class=Button variation=FlatButton type=FlatButton slot=hover_pressed_mirrored bg=ff40ffff border=ccccccff
LEAK control_stylebox bg_source=base border_source= path=/root/@EditorNode@18065/@Panel@14/@VBoxContainer@15/DockHSplitMain/@VBoxContainer@28/DockVSplitCenter/@VSplitContainer@70/@VBoxContainer@71/@EditorMainScreen@125/MainScreen/@CanvasItemEditor@9318/@MarginContainer@9097/@HFlowContainer@9098/@PanelContainer@9236/@HBoxContainer@9235/@LightOccluder2DEditor@16612/@Button@16601 class=Button variation=FlatButton type=FlatButton slot=pressed_mirrored bg=ff40ffff border=ccccccff
LEAK control_stylebox bg_source=base border_source= path=/root/@EditorNode@18065/@Panel@14/@VBoxContainer@15/DockHSplitMain/@VBoxContainer@28/DockVSplitCenter/@VSplitContainer@70/@VBoxContainer@71/@EditorMainScreen@125/MainScreen/@CanvasItemEditor@9318/@MarginContainer@9097/@HFlowContainer@9098/@PanelContainer@9236/@HBoxContainer@9235/@Line2DEditor@16628/@Button@16614 class=Button variation=FlatButton type=Button slot=hover_mirrored bg=ff40ffff border=ccccccff
LEAK control_stylebox bg_source=base border_source= path=/root/@EditorNode@18065/@Panel@14/@VBoxContainer@15/DockHSplitMain/@VBoxContainer@28/DockVSplitCenter/@VSplitContainer@70/@VBoxContainer@71/@EditorMainScreen@125/MainScreen/@CanvasItemEditor@9318/@MarginContainer@9097/@HFlowContainer@9098/@PanelContainer@9236/@HBoxContainer@9235/@Line2DEditor@16628/@Button@16614 class=Button variation=FlatButton type=Button slot=hover_pressed_mirrored bg=ff40ffff border=ccccccff
LEAK control_stylebox bg_source=base border_source= path=/root/@EditorNode@18065/@Panel@14/@VBoxContainer@15/DockHSplitMain/@VBoxContainer@28/DockVSplitCenter/@VSplitContainer@70/@VBoxContainer@71/@EditorMainScreen@125/MainScreen/@CanvasItemEditor@9318/@MarginContainer@9097/@HFlowContainer@9098/@PanelContainer@9236/@HBoxContainer@9235/@Line2DEditor@16628/@Button@16614 class=Button variation=FlatButton type=Button slot=pressed_mirrored bg=ff40ffff border=ccccccff
LEAK control_stylebox bg_source=base border_source= path=/root/@EditorNode@18065/@Panel@14/@VBoxContainer@15/DockHSplitMain/@VBoxContainer@28/DockVSplitCenter/@VSplitContainer@70/@VBoxContainer@71/@EditorMainScreen@125/MainScreen/@CanvasItemEditor@9318/@MarginContainer@9097/@HFlowContainer@9098/@PanelContainer@9236/@HBoxContainer@9235/@Line2DEditor@16628/@Button@16614 class=Button variation=FlatButton type=FlatButton slot=hover_mirrored bg=ff40ffff border=ccccccff
LEAK control_stylebox bg_source=base border_source= path=/root/@EditorNode@18065/@Panel@14/@VBoxContainer@15/DockHSplitMain/@VBoxContainer@28/DockVSplitCenter/@VSplitContainer@70/@VBoxContainer@71/@EditorMainScreen@125/MainScreen/@CanvasItemEditor@9318/@MarginContainer@9097/@HFlowContainer@9098/@PanelContainer@9236/@HBoxContainer@9235/@Line2DEditor@16628/@Button@16614 class=Button variation=FlatButton type=FlatButton slot=hover_pressed_mirrored bg=ff40ffff border=ccccccff
LEAK control_stylebox bg_source=base border_source= path=/root/@EditorNode@18065/@Panel@14/@VBoxContainer@15/DockHSplitMain/@VBoxContainer@28/DockVSplitCenter/@VSplitContainer@70/@VBoxContainer@71/@EditorMainScreen@125/MainScreen/@CanvasItemEditor@9318/@MarginContainer@9097/@HFlowContainer@9098/@PanelContainer@9236/@HBoxContainer@9235/@Line2DEditor@16628/@Button@16614 class=Button variation=FlatButton type=FlatButton slot=pressed_mirrored bg=ff40ffff border=ccccccff
LEAK control_stylebox bg_source=base border_source= path=/root/@EditorNode@18065/@Panel@14/@VBoxContainer@15/DockHSplitMain/@VBoxContainer@28/DockVSplitCenter/@VSplitContainer@70/@VBoxContainer@71/@EditorMainScreen@125/MainScreen/@CanvasItemEditor@9318/@MarginContainer@9097/@HFlowContainer@9098/@PanelContainer@9236/@HBoxContainer@9235/@Line2DEditor@16628/@Button@16615 class=Button variation=FlatButton type=Button slot=hover_mirrored bg=ff40ffff border=ccccccff
LEAK control_stylebox bg_source=base border_source= path=/root/@EditorNode@18065/@Panel@14/@VBoxContainer@15/DockHSplitMain/@VBoxContainer@28/DockVSplitCenter/@VSplitContainer@70/@VBoxContainer@71/@EditorMainScreen@125/MainScreen/@CanvasItemEditor@9318/@MarginContainer@9097/@HFlowContainer@9098/@PanelContainer@9236/@HBoxContainer@9235/@Line2DEditor@16628/@Button@16615 class=Button variation=FlatButton type=Button slot=hover_pressed_mirrored bg=ff40ffff border=ccccccff
LEAK control_stylebox bg_source=base border_source= path=/root/@EditorNode@18065/@Panel@14/@VBoxContainer@15/DockHSplitMain/@VBoxContainer@28/DockVSplitCenter/@VSplitContainer@70/@VBoxContainer@71/@EditorMainScreen@125/MainScreen/@CanvasItemEditor@9318/@MarginContainer@9097/@HFlowContainer@9098/@PanelContainer@9236/@HBoxContainer@9235/@Line2DEditor@16628/@Button@16615 class=Button variation=FlatButton type=Button slot=pressed_mirrored bg=ff40ffff border=ccccccff
LEAK control_stylebox bg_source=base border_source= path=/root/@EditorNode@18065/@Panel@14/@VBoxContainer@15/DockHSplitMain/@VBoxContainer@28/DockVSplitCenter/@VSplitContainer@70/@VBoxContainer@71/@EditorMainScreen@125/MainScreen/@CanvasItemEditor@9318/@MarginContainer@9097/@HFlowContainer@9098/@PanelContainer@9236/@HBoxContainer@9235/@Line2DEditor@16628/@Button@16615 class=Button variation=FlatButton type=FlatButton slot=hover_mirrored bg=ff40ffff border=ccccccff
LEAK control_stylebox bg_source=base border_source= path=/root/@EditorNode@18065/@Panel@14/@VBoxContainer@15/DockHSplitMain/@VBoxContainer@28/DockVSplitCenter/@VSplitContainer@70/@VBoxContainer@71/@EditorMainScreen@125/MainScreen/@CanvasItemEditor@9318/@MarginContainer@9097/@HFlowContainer@9098/@PanelContainer@9236/@HBoxContainer@9235/@Line2DEditor@16628/@Button@16615 class=Button variation=FlatButton type=FlatButton slot=hover_pressed_mirrored bg=ff40ffff border=ccccccff
LEAK control_stylebox bg_source=base border_source= path=/root/@EditorNode@18065/@Panel@14/@VBoxContainer@15/DockHSplitMain/@VBoxContainer@28/DockVSplitCenter/@VSplitContainer@70/@VBoxContainer@71/@EditorMainScreen@125/MainScreen/@CanvasItemEditor@9318/@MarginContainer@9097/@HFlowContainer@9098/@PanelContainer@9236/@HBoxContainer@9235/@Line2DEditor@16628/@Button@16615 class=Button variation=FlatButton type=FlatButton slot=pressed_mirrored bg=ff40ffff border=ccccccff
LEAK control_stylebox bg_source=base border_source= path=/root/@EditorNode@18065/@Panel@14/@VBoxContainer@15/DockHSplitMain/@VBoxContainer@28/DockVSplitCenter/@VSplitContainer@70/@VBoxContainer@71/@EditorMainScreen@125/MainScreen/@CanvasItemEditor@9318/@MarginContainer@9097/@HFlowContainer@9098/@PanelContainer@9236/@HBoxContainer@9235/@Line2DEditor@16628/@Button@16616 class=Button variation=FlatButton type=Button slot=hover_mirrored bg=ff40ffff border=ccccccff
LEAK control_stylebox bg_source=base border_source= path=/root/@EditorNode@18065/@Panel@14/@VBoxContainer@15/DockHSplitMain/@VBoxContainer@28/DockVSplitCenter/@VSplitContainer@70/@VBoxContainer@71/@EditorMainScreen@125/MainScreen/@CanvasItemEditor@9318/@MarginContainer@9097/@HFlowContainer@9098/@PanelContainer@9236/@HBoxContainer@9235/@Line2DEditor@16628/@Button@16616 class=Button variation=FlatButton type=Button slot=hover_pressed_mirrored bg=ff40ffff border=ccccccff
LEAK control_stylebox bg_source=base border_source= path=/root/@EditorNode@18065/@Panel@14/@VBoxContainer@15/DockHSplitMain/@VBoxContainer@28/DockVSplitCenter/@VSplitContainer@70/@VBoxContainer@71/@EditorMainScreen@125/MainScreen/@CanvasItemEditor@9318/@MarginContainer@9097/@HFlowContainer@9098/@PanelContainer@9236/@HBoxContainer@9235/@Line2DEditor@16628/@Button@16616 class=Button variation=FlatButton type=Button slot=pressed_mirrored bg=ff40ffff border=ccccccff
LEAK control_stylebox bg_source=base border_source= path=/root/@EditorNode@18065/@Panel@14/@VBoxContainer@15/DockHSplitMain/@VBoxContainer@28/DockVSplitCenter/@VSplitContainer@70/@VBoxContainer@71/@EditorMainScreen@125/MainScreen/@CanvasItemEditor@9318/@MarginContainer@9097/@HFlowContainer@9098/@PanelContainer@9236/@HBoxContainer@9235/@Line2DEditor@16628/@Button@16616 class=Button variation=FlatButton type=FlatButton slot=hover_mirrored bg=ff40ffff border=ccccccff
LEAK control_stylebox bg_source=base border_source= path=/root/@EditorNode@18065/@Panel@14/@VBoxContainer@15/DockHSplitMain/@VBoxContainer@28/DockVSplitCenter/@VSplitContainer@70/@VBoxContainer@71/@EditorMainScreen@125/MainScreen/@CanvasItemEditor@9318/@MarginContainer@9097/@HFlowContainer@9098/@PanelContainer@9236/@HBoxContainer@9235/@Line2DEditor@16628/@Button@16616 class=Button variation=FlatButton type=FlatButton slot=hover_pressed_mirrored bg=ff40ffff border=ccccccff
LEAK control_stylebox bg_source=base border_source= path=/root/@EditorNode@18065/@Panel@14/@VBoxContainer@15/DockHSplitMain/@VBoxContainer@28/DockVSplitCenter/@VSplitContainer@70/@VBoxContainer@71/@EditorMainScreen@125/MainScreen/@CanvasItemEditor@9318/@MarginContainer@9097/@HFlowContainer@9098/@PanelContainer@9236/@HBoxContainer@9235/@Line2DEditor@16628/@Button@16616 class=Button variation=FlatButton type=FlatButton slot=pressed_mirrored bg=ff40ffff border=ccccccff
LEAK control_stylebox bg_source=base border_source= path=/root/@EditorNode@18065/@Panel@14/@VBoxContainer@15/DockHSplitMain/@VBoxContainer@28/DockVSplitCenter/@VSplitContainer@70/@VBoxContainer@71/@EditorMainScreen@125/MainScreen/@CanvasItemEditor@9318/@MarginContainer@9097/@HFlowContainer@9098/@PanelContainer@9236/@HBoxContainer@9235/@Line2DEditor@16628/@Button@16617 class=Button variation=FlatButton type=Button slot=hover_mirrored bg=ff40ffff border=ccccccff
LEAK control_stylebox bg_source=base border_source= path=/root/@EditorNode@18065/@Panel@14/@VBoxContainer@15/DockHSplitMain/@VBoxContainer@28/DockVSplitCenter/@VSplitContainer@70/@VBoxContainer@71/@EditorMainScreen@125/MainScreen/@CanvasItemEditor@9318/@MarginContainer@9097/@HFlowContainer@9098/@PanelContainer@9236/@HBoxContainer@9235/@Line2DEditor@16628/@Button@16617 class=Button variation=FlatButton type=Button slot=hover_pressed_mirrored bg=ff40ffff border=ccccccff
LEAK control_stylebox bg_source=base border_source= path=/root/@EditorNode@18065/@Panel@14/@VBoxContainer@15/DockHSplitMain/@VBoxContainer@28/DockVSplitCenter/@VSplitContainer@70/@VBoxContainer@71/@EditorMainScreen@125/MainScreen/@CanvasItemEditor@9318/@MarginContainer@9097/@HFlowContainer@9098/@PanelContainer@9236/@HBoxContainer@9235/@Line2DEditor@16628/@Button@16617 class=Button variation=FlatButton type=Button slot=pressed_mirrored bg=ff40ffff border=ccccccff
LEAK control_stylebox bg_source=base border_source= path=/root/@EditorNode@18065/@Panel@14/@VBoxContainer@15/DockHSplitMain/@VBoxContainer@28/DockVSplitCenter/@VSplitContainer@70/@VBoxContainer@71/@EditorMainScreen@125/MainScreen/@CanvasItemEditor@9318/@MarginContainer@9097/@HFlowContainer@9098/@PanelContainer@9236/@HBoxContainer@9235/@Line2DEditor@16628/@Button@16617 class=Button variation=FlatButton type=FlatButton slot=hover_mirrored bg=ff40ffff border=ccccccff
LEAK control_stylebox bg_source=base border_source= path=/root/@EditorNode@18065/@Panel@14/@VBoxContainer@15/DockHSplitMain/@VBoxContainer@28/DockVSplitCenter/@VSplitContainer@70/@VBoxContainer@71/@EditorMainScreen@125/MainScreen/@CanvasItemEditor@9318/@MarginContainer@9097/@HFlowContainer@9098/@PanelContainer@9236/@HBoxContainer@9235/@Line2DEditor@16628/@Button@16617 class=Button variation=FlatButton type=FlatButton slot=hover_pressed_mirrored bg=ff40ffff border=ccccccff
LEAK control_stylebox bg_source=base border_source= path=/root/@EditorNode@18065/@Panel@14/@VBoxContainer@15/DockHSplitMain/@VBoxContainer@28/DockVSplitCenter/@VSplitContainer@70/@VBoxContainer@71/@EditorMainScreen@125/MainScreen/@CanvasItemEditor@9318/@MarginContainer@9097/@HFlowContainer@9098/@PanelContainer@9236/@HBoxContainer@9235/@Line2DEditor@16628/@Button@16617 class=Button variation=FlatButton type=FlatButton slot=pressed_mirrored bg=ff40ffff border=ccccccff
LEAK control_stylebox bg_source=base border_source= path=/root/@EditorNode@18065/@Panel@14/@VBoxContainer@15/DockHSplitMain/@VBoxContainer@28/DockVSplitCenter/@VSplitContainer@70/@VBoxContainer@71/@EditorMainScreen@125/MainScreen/@CanvasItemEditor@9318/@MarginContainer@9097/@HFlowContainer@9098/@PanelContainer@9236/@HBoxContainer@9235/@NavigationObstacle2DEditor@17891/@Button@17877 class=Button variation=FlatButton type=Button slot=hover_mirrored bg=ff40ffff border=ccccccff
LEAK control_stylebox bg_source=base border_source= path=/root/@EditorNode@18065/@Panel@14/@VBoxContainer@15/DockHSplitMain/@VBoxContainer@28/DockVSplitCenter/@VSplitContainer@70/@VBoxContainer@71/@EditorMainScreen@125/MainScreen/@CanvasItemEditor@9318/@MarginContainer@9097/@HFlowContainer@9098/@PanelContainer@9236/@HBoxContainer@9235/@NavigationObstacle2DEditor@17891/@Button@17877 class=Button variation=FlatButton type=Button slot=hover_pressed_mirrored bg=ff40ffff border=ccccccff
LEAK control_stylebox bg_source=base border_source= path=/root/@EditorNode@18065/@Panel@14/@VBoxContainer@15/DockHSplitMain/@VBoxContainer@28/DockVSplitCenter/@VSplitContainer@70/@VBoxContainer@71/@EditorMainScreen@125/MainScreen/@CanvasItemEditor@9318/@MarginContainer@9097/@HFlowContainer@9098/@PanelContainer@9236/@HBoxContainer@9235/@NavigationObstacle2DEditor@17891/@Button@17877 class=Button variation=FlatButton type=Button slot=pressed_mirrored bg=ff40ffff border=ccccccff
LEAK control_stylebox bg_source=base border_source= path=/root/@EditorNode@18065/@Panel@14/@VBoxContainer@15/DockHSplitMain/@VBoxContainer@28/DockVSplitCenter/@VSplitContainer@70/@VBoxContainer@71/@EditorMainScreen@125/MainScreen/@CanvasItemEditor@9318/@MarginContainer@9097/@HFlowContainer@9098/@PanelContainer@9236/@HBoxContainer@9235/@NavigationObstacle2DEditor@17891/@Button@17877 class=Button variation=FlatButton type=FlatButton slot=hover_mirrored bg=ff40ffff border=ccccccff
LEAK control_stylebox bg_source=base border_source= path=/root/@EditorNode@18065/@Panel@14/@VBoxContainer@15/DockHSplitMain/@VBoxContainer@28/DockVSplitCenter/@VSplitContainer@70/@VBoxContainer@71/@EditorMainScreen@125/MainScreen/@CanvasItemEditor@9318/@MarginContainer@9097/@HFlowContainer@9098/@PanelContainer@9236/@HBoxContainer@9235/@NavigationObstacle2DEditor@17891/@Button@17877 class=Button variation=FlatButton type=FlatButton slot=hover_pressed_mirrored bg=ff40ffff border=ccccccff
LEAK control_stylebox bg_source=base border_source= path=/root/@EditorNode@18065/@Panel@14/@VBoxContainer@15/DockHSplitMain/@VBoxContainer@28/DockVSplitCenter/@VSplitContainer@70/@VBoxContainer@71/@EditorMainScreen@125/MainScreen/@CanvasItemEditor@9318/@MarginContainer@9097/@HFlowContainer@9098/@PanelContainer@9236/@HBoxContainer@9235/@NavigationObstacle2DEditor@17891/@Button@17877 class=Button variation=FlatButton type=FlatButton slot=pressed_mirrored bg=ff40ffff border=ccccccff
LEAK control_stylebox bg_source=base border_source= path=/root/@EditorNode@18065/@Panel@14/@VBoxContainer@15/DockHSplitMain/@VBoxContainer@28/DockVSplitCenter/@VSplitContainer@70/@VBoxContainer@71/@EditorMainScreen@125/MainScreen/@CanvasItemEditor@9318/@MarginContainer@9097/@HFlowContainer@9098/@PanelContainer@9236/@HBoxContainer@9235/@NavigationObstacle2DEditor@17891/@Button@17878 class=Button variation=FlatButton type=Button slot=hover_mirrored bg=ff40ffff border=ccccccff
LEAK control_stylebox bg_source=base border_source= path=/root/@EditorNode@18065/@Panel@14/@VBoxContainer@15/DockHSplitMain/@VBoxContainer@28/DockVSplitCenter/@VSplitContainer@70/@VBoxContainer@71/@EditorMainScreen@125/MainScreen/@CanvasItemEditor@9318/@MarginContainer@9097/@HFlowContainer@9098/@PanelContainer@9236/@HBoxContainer@9235/@NavigationObstacle2DEditor@17891/@Button@17878 class=Button variation=FlatButton type=Button slot=hover_pressed_mirrored bg=ff40ffff border=ccccccff
LEAK control_stylebox bg_source=base border_source= path=/root/@EditorNode@18065/@Panel@14/@VBoxContainer@15/DockHSplitMain/@VBoxContainer@28/DockVSplitCenter/@VSplitContainer@70/@VBoxContainer@71/@EditorMainScreen@125/MainScreen/@CanvasItemEditor@9318/@MarginContainer@9097/@HFlowContainer@9098/@PanelContainer@9236/@HBoxContainer@9235/@NavigationObstacle2DEditor@17891/@Button@17878 class=Button variation=FlatButton type=Button slot=pressed_mirrored bg=ff40ffff border=ccccccff
LEAK control_stylebox bg_source=base border_source= path=/root/@EditorNode@18065/@Panel@14/@VBoxContainer@15/DockHSplitMain/@VBoxContainer@28/DockVSplitCenter/@VSplitContainer@70/@VBoxContainer@71/@EditorMainScreen@125/MainScreen/@CanvasItemEditor@9318/@MarginContainer@9097/@HFlowContainer@9098/@PanelContainer@9236/@HBoxContainer@9235/@NavigationObstacle2DEditor@17891/@Button@17878 class=Button variation=FlatButton type=FlatButton slot=hover_mirrored bg=ff40ffff border=ccccccff
LEAK control_stylebox bg_source=base border_source= path=/root/@EditorNode@18065/@Panel@14/@VBoxContainer@15/DockHSplitMain/@VBoxContainer@28/DockVSplitCenter/@VSplitContainer@70/@VBoxContainer@71/@EditorMainScreen@125/MainScreen/@CanvasItemEditor@9318/@MarginContainer@9097/@HFlowContainer@9098/@PanelContainer@9236/@HBoxContainer@9235/@NavigationObstacle2DEditor@17891/@Button@17878 class=Button variation=FlatButton type=FlatButton slot=hover_pressed_mirrored bg=ff40ffff border=ccccccff
LEAK control_stylebox bg_source=base border_source= path=/root/@EditorNode@18065/@Panel@14/@VBoxContainer@15/DockHSplitMain/@VBoxContainer@28/DockVSplitCenter/@VSplitContainer@70/@VBoxContainer@71/@EditorMainScreen@125/MainScreen/@CanvasItemEditor@9318/@MarginContainer@9097/@HFlowContainer@9098/@PanelContainer@9236/@HBoxContainer@9235/@NavigationObstacle2DEditor@17891/@Button@17878 class=Button variation=FlatButton type=FlatButton slot=pressed_mirrored bg=ff40ffff border=ccccccff
LEAK control_stylebox bg_source=base border_source= path=/root/@EditorNode@18065/@Panel@14/@VBoxContainer@15/DockHSplitMain/@VBoxContainer@28/DockVSplitCenter/@VSplitContainer@70/@VBoxContainer@71/@EditorMainScreen@125/MainScreen/@CanvasItemEditor@9318/@MarginContainer@9097/@HFlowContainer@9098/@PanelContainer@9236/@HBoxContainer@9235/@NavigationObstacle2DEditor@17891/@Button@17879 class=Button variation=FlatButton type=Button slot=hover_mirrored bg=ff40ffff border=ccccccff
LEAK control_stylebox bg_source=base border_source= path=/root/@EditorNode@18065/@Panel@14/@VBoxContainer@15/DockHSplitMain/@VBoxContainer@28/DockVSplitCenter/@VSplitContainer@70/@VBoxContainer@71/@EditorMainScreen@125/MainScreen/@CanvasItemEditor@9318/@MarginContainer@9097/@HFlowContainer@9098/@PanelContainer@9236/@HBoxContainer@9235/@NavigationObstacle2DEditor@17891/@Button@17879 class=Button variation=FlatButton type=Button slot=hover_pressed_mirrored bg=ff40ffff border=ccccccff
LEAK control_stylebox bg_source=base border_source= path=/root/@EditorNode@18065/@Panel@14/@VBoxContainer@15/DockHSplitMain/@VBoxContainer@28/DockVSplitCenter/@VSplitContainer@70/@VBoxContainer@71/@EditorMainScreen@125/MainScreen/@CanvasItemEditor@9318/@MarginContainer@9097/@HFlowContainer@9098/@PanelContainer@9236/@HBoxContainer@9235/@NavigationObstacle2DEditor@17891/@Button@17879 class=Button variation=FlatButton type=Button slot=pressed_mirrored bg=ff40ffff border=ccccccff
LEAK control_stylebox bg_source=base border_source= path=/root/@EditorNode@18065/@Panel@14/@VBoxContainer@15/DockHSplitMain/@VBoxContainer@28/DockVSplitCenter/@VSplitContainer@70/@VBoxContainer@71/@EditorMainScreen@125/MainScreen/@CanvasItemEditor@9318/@MarginContainer@9097/@HFlowContainer@9098/@PanelContainer@9236/@HBoxContainer@9235/@NavigationObstacle2DEditor@17891/@Button@17879 class=Button variation=FlatButton type=FlatButton slot=hover_mirrored bg=ff40ffff border=ccccccff
LEAK control_stylebox bg_source=base border_source= path=/root/@EditorNode@18065/@Panel@14/@VBoxContainer@15/DockHSplitMain/@VBoxContainer@28/DockVSplitCenter/@VSplitContainer@70/@VBoxContainer@71/@EditorMainScreen@125/MainScreen/@CanvasItemEditor@9318/@MarginContainer@9097/@HFlowContainer@9098/@PanelContainer@9236/@HBoxContainer@9235/@NavigationObstacle2DEditor@17891/@Button@17879 class=Button variation=FlatButton type=FlatButton slot=hover_pressed_mirrored bg=ff40ffff border=ccccccff
LEAK control_stylebox bg_source=base border_source= path=/root/@EditorNode@18065/@Panel@14/@VBoxContainer@15/DockHSplitMain/@VBoxContainer@28/DockVSplitCenter/@VSplitContainer@70/@VBoxContainer@71/@EditorMainScreen@125/MainScreen/@CanvasItemEditor@9318/@MarginContainer@9097/@HFlowContainer@9098/@PanelContainer@9236/@HBoxContainer@9235/@NavigationObstacle2DEditor@17891/@Button@17879 class=Button variation=FlatButton type=FlatButton slot=pressed_mirrored bg=ff40ffff border=ccccccff
LEAK control_stylebox bg_source=base border_source= path=/root/@EditorNode@18065/@Panel@14/@VBoxContainer@15/DockHSplitMain/@VBoxContainer@28/DockVSplitCenter/@VSplitContainer@70/@VBoxContainer@71/@EditorMainScreen@125/MainScreen/@CanvasItemEditor@9318/@MarginContainer@9097/@HFlowContainer@9098/@PanelContainer@9236/@HBoxContainer@9235/@NavigationObstacle2DEditor@17891/@Button@17880 class=Button variation=FlatButton type=Button slot=hover_mirrored bg=ff40ffff border=ccccccff
LEAK control_stylebox bg_source=base border_source= path=/root/@EditorNode@18065/@Panel@14/@VBoxContainer@15/DockHSplitMain/@VBoxContainer@28/DockVSplitCenter/@VSplitContainer@70/@VBoxContainer@71/@EditorMainScreen@125/MainScreen/@CanvasItemEditor@9318/@MarginContainer@9097/@HFlowContainer@9098/@PanelContainer@9236/@HBoxContainer@9235/@NavigationObstacle2DEditor@17891/@Button@17880 class=Button variation=FlatButton type=Button slot=hover_pressed_mirrored bg=ff40ffff border=ccccccff
LEAK control_stylebox bg_source=base border_source= path=/root/@EditorNode@18065/@Panel@14/@VBoxContainer@15/DockHSplitMain/@VBoxContainer@28/DockVSplitCenter/@VSplitContainer@70/@VBoxContainer@71/@EditorMainScreen@125/MainScreen/@CanvasItemEditor@9318/@MarginContainer@9097/@HFlowContainer@9098/@PanelContainer@9236/@HBoxContainer@9235/@NavigationObstacle2DEditor@17891/@Button@17880 class=Button variation=FlatButton type=Button slot=pressed_mirrored bg=ff40ffff border=ccccccff
LEAK control_stylebox bg_source=base border_source= path=/root/@EditorNode@18065/@Panel@14/@VBoxContainer@15/DockHSplitMain/@VBoxContainer@28/DockVSplitCenter/@VSplitContainer@70/@VBoxContainer@71/@EditorMainScreen@125/MainScreen/@CanvasItemEditor@9318/@MarginContainer@9097/@HFlowContainer@9098/@PanelContainer@9236/@HBoxContainer@9235/@NavigationObstacle2DEditor@17891/@Button@17880 class=Button variation=FlatButton type=FlatButton slot=hover_mirrored bg=ff40ffff border=ccccccff
LEAK control_stylebox bg_source=base border_source= path=/root/@EditorNode@18065/@Panel@14/@VBoxContainer@15/DockHSplitMain/@VBoxContainer@28/DockVSplitCenter/@VSplitContainer@70/@VBoxContainer@71/@EditorMainScreen@125/MainScreen/@CanvasItemEditor@9318/@MarginContainer@9097/@HFlowContainer@9098/@PanelContainer@9236/@HBoxContainer@9235/@NavigationObstacle2DEditor@17891/@Button@17880 class=Button variation=FlatButton type=FlatButton slot=hover_pressed_mirrored bg=ff40ffff border=ccccccff
LEAK control_stylebox bg_source=base border_source= path=/root/@EditorNode@18065/@Panel@14/@VBoxContainer@15/DockHSplitMain/@VBoxContainer@28/DockVSplitCenter/@VSplitContainer@70/@VBoxContainer@71/@EditorMainScreen@125/MainScreen/@CanvasItemEditor@9318/@MarginContainer@9097/@HFlowContainer@9098/@PanelContainer@9236/@HBoxContainer@9235/@NavigationObstacle2DEditor@17891/@Button@17880 class=Button variation=FlatButton type=FlatButton slot=pressed_mirrored bg=ff40ffff border=ccccccff
LEAK control_stylebox bg_source=base border_source= path=/root/@EditorNode@18065/@Panel@14/@VBoxContainer@15/DockHSplitMain/@VBoxContainer@28/DockVSplitCenter/@VSplitContainer@70/@VBoxContainer@71/@EditorMainScreen@125/MainScreen/@CanvasItemEditor@9318/@MarginContainer@9097/@HFlowContainer@9098/@PanelContainer@9236/@HBoxContainer@9235/@NavigationRegion2DEditor@17875/@Button@17849 class=Button variation=FlatButton type=Button slot=hover_mirrored bg=ff40ffff border=ccccccff
LEAK control_stylebox bg_source=base border_source= path=/root/@EditorNode@18065/@Panel@14/@VBoxContainer@15/DockHSplitMain/@VBoxContainer@28/DockVSplitCenter/@VSplitContainer@70/@VBoxContainer@71/@EditorMainScreen@125/MainScreen/@CanvasItemEditor@9318/@MarginContainer@9097/@HFlowContainer@9098/@PanelContainer@9236/@HBoxContainer@9235/@NavigationRegion2DEditor@17875/@Button@17849 class=Button variation=FlatButton type=Button slot=hover_pressed_mirrored bg=ff40ffff border=ccccccff
LEAK control_stylebox bg_source=base border_source= path=/root/@EditorNode@18065/@Panel@14/@VBoxContainer@15/DockHSplitMain/@VBoxContainer@28/DockVSplitCenter/@VSplitContainer@70/@VBoxContainer@71/@EditorMainScreen@125/MainScreen/@CanvasItemEditor@9318/@MarginContainer@9097/@HFlowContainer@9098/@PanelContainer@9236/@HBoxContainer@9235/@NavigationRegion2DEditor@17875/@Button@17849 class=Button variation=FlatButton type=Button slot=pressed_mirrored bg=ff40ffff border=ccccccff
LEAK control_stylebox bg_source=base border_source= path=/root/@EditorNode@18065/@Panel@14/@VBoxContainer@15/DockHSplitMain/@VBoxContainer@28/DockVSplitCenter/@VSplitContainer@70/@VBoxContainer@71/@EditorMainScreen@125/MainScreen/@CanvasItemEditor@9318/@MarginContainer@9097/@HFlowContainer@9098/@PanelContainer@9236/@HBoxContainer@9235/@NavigationRegion2DEditor@17875/@Button@17849 class=Button variation=FlatButton type=FlatButton slot=hover_mirrored bg=ff40ffff border=ccccccff
LEAK control_stylebox bg_source=base border_source= path=/root/@EditorNode@18065/@Panel@14/@VBoxContainer@15/DockHSplitMain/@VBoxContainer@28/DockVSplitCenter/@VSplitContainer@70/@VBoxContainer@71/@EditorMainScreen@125/MainScreen/@CanvasItemEditor@9318/@MarginContainer@9097/@HFlowContainer@9098/@PanelContainer@9236/@HBoxContainer@9235/@NavigationRegion2DEditor@17875/@Button@17849 class=Button variation=FlatButton type=FlatButton slot=hover_pressed_mirrored bg=ff40ffff border=ccccccff
LEAK control_stylebox bg_source=base border_source= path=/root/@EditorNode@18065/@Panel@14/@VBoxContainer@15/DockHSplitMain/@VBoxContainer@28/DockVSplitCenter/@VSplitContainer@70/@VBoxContainer@71/@EditorMainScreen@125/MainScreen/@CanvasItemEditor@9318/@MarginContainer@9097/@HFlowContainer@9098/@PanelContainer@9236/@HBoxContainer@9235/@NavigationRegion2DEditor@17875/@Button@17849 class=Button variation=FlatButton type=FlatButton slot=pressed_mirrored bg=ff40ffff border=ccccccff
LEAK control_stylebox bg_source=base border_source= path=/root/@EditorNode@18065/@Panel@14/@VBoxContainer@15/DockHSplitMain/@VBoxContainer@28/DockVSplitCenter/@VSplitContainer@70/@VBoxContainer@71/@EditorMainScreen@125/MainScreen/@CanvasItemEditor@9318/@MarginContainer@9097/@HFlowContainer@9098/@PanelContainer@9236/@HBoxContainer@9235/@NavigationRegion2DEditor@17875/@Button@17850 class=Button variation=FlatButton type=Button slot=hover_mirrored bg=ff40ffff border=ccccccff
LEAK control_stylebox bg_source=base border_source= path=/root/@EditorNode@18065/@Panel@14/@VBoxContainer@15/DockHSplitMain/@VBoxContainer@28/DockVSplitCenter/@VSplitContainer@70/@VBoxContainer@71/@EditorMainScreen@125/MainScreen/@CanvasItemEditor@9318/@MarginContainer@9097/@HFlowContainer@9098/@PanelContainer@9236/@HBoxContainer@9235/@NavigationRegion2DEditor@17875/@Button@17850 class=Button variation=FlatButton type=Button slot=hover_pressed_mirrored bg=ff40ffff border=ccccccff
LEAK control_stylebox bg_source=base border_source= path=/root/@EditorNode@18065/@Panel@14/@VBoxContainer@15/DockHSplitMain/@VBoxContainer@28/DockVSplitCenter/@VSplitContainer@70/@VBoxContainer@71/@EditorMainScreen@125/MainScreen/@CanvasItemEditor@9318/@MarginContainer@9097/@HFlowContainer@9098/@PanelContainer@9236/@HBoxContainer@9235/@NavigationRegion2DEditor@17875/@Button@17850 class=Button variation=FlatButton type=Button slot=pressed_mirrored bg=ff40ffff border=ccccccff
LEAK control_stylebox bg_source=base border_source= path=/root/@EditorNode@18065/@Panel@14/@VBoxContainer@15/DockHSplitMain/@VBoxContainer@28/DockVSplitCenter/@VSplitContainer@70/@VBoxContainer@71/@EditorMainScreen@125/MainScreen/@CanvasItemEditor@9318/@MarginContainer@9097/@HFlowContainer@9098/@PanelContainer@9236/@HBoxContainer@9235/@NavigationRegion2DEditor@17875/@Button@17850 class=Button variation=FlatButton type=FlatButton slot=hover_mirrored bg=ff40ffff border=ccccccff
LEAK control_stylebox bg_source=base border_source= path=/root/@EditorNode@18065/@Panel@14/@VBoxContainer@15/DockHSplitMain/@VBoxContainer@28/DockVSplitCenter/@VSplitContainer@70/@VBoxContainer@71/@EditorMainScreen@125/MainScreen/@CanvasItemEditor@9318/@MarginContainer@9097/@HFlowContainer@9098/@PanelContainer@9236/@HBoxContainer@9235/@NavigationRegion2DEditor@17875/@Button@17850 class=Button variation=FlatButton type=FlatButton slot=hover_pressed_mirrored bg=ff40ffff border=ccccccff
LEAK control_stylebox bg_source=base border_source= path=/root/@EditorNode@18065/@Panel@14/@VBoxContainer@15/DockHSplitMain/@VBoxContainer@28/DockVSplitCenter/@VSplitContainer@70/@VBoxContainer@71/@EditorMainScreen@125/MainScreen/@CanvasItemEditor@9318/@MarginContainer@9097/@HFlowContainer@9098/@PanelContainer@9236/@HBoxContainer@9235/@NavigationRegion2DEditor@17875/@Button@17850 class=Button variation=FlatButton type=FlatButton slot=pressed_mirrored bg=ff40ffff border=ccccccff
LEAK control_stylebox bg_source=base border_source= path=/root/@EditorNode@18065/@Panel@14/@VBoxContainer@15/DockHSplitMain/@VBoxContainer@28/DockVSplitCenter/@VSplitContainer@70/@VBoxContainer@71/@EditorMainScreen@125/MainScreen/@CanvasItemEditor@9318/@MarginContainer@9097/@HFlowContainer@9098/@PanelContainer@9236/@HBoxContainer@9235/@NavigationRegion2DEditor@17875/@Button@17851 class=Button variation=FlatButton type=Button slot=hover_mirrored bg=ff40ffff border=ccccccff
LEAK control_stylebox bg_source=base border_source= path=/root/@EditorNode@18065/@Panel@14/@VBoxContainer@15/DockHSplitMain/@VBoxContainer@28/DockVSplitCenter/@VSplitContainer@70/@VBoxContainer@71/@EditorMainScreen@125/MainScreen/@CanvasItemEditor@9318/@MarginContainer@9097/@HFlowContainer@9098/@PanelContainer@9236/@HBoxContainer@9235/@NavigationRegion2DEditor@17875/@Button@17851 class=Button variation=FlatButton type=Button slot=hover_pressed_mirrored bg=ff40ffff border=ccccccff
LEAK control_stylebox bg_source=base border_source= path=/root/@EditorNode@18065/@Panel@14/@VBoxContainer@15/DockHSplitMain/@VBoxContainer@28/DockVSplitCenter/@VSplitContainer@70/@VBoxContainer@71/@EditorMainScreen@125/MainScreen/@CanvasItemEditor@9318/@MarginContainer@9097/@HFlowContainer@9098/@PanelContainer@9236/@HBoxContainer@9235/@NavigationRegion2DEditor@17875/@Button@17851 class=Button variation=FlatButton type=Button slot=pressed_mirrored bg=ff40ffff border=ccccccff
LEAK control_stylebox bg_source=base border_source= path=/root/@EditorNode@18065/@Panel@14/@VBoxContainer@15/DockHSplitMain/@VBoxContainer@28/DockVSplitCenter/@VSplitContainer@70/@VBoxContainer@71/@EditorMainScreen@125/MainScreen/@CanvasItemEditor@9318/@MarginContainer@9097/@HFlowContainer@9098/@PanelContainer@9236/@HBoxContainer@9235/@NavigationRegion2DEditor@17875/@Button@17851 class=Button variation=FlatButton type=FlatButton slot=hover_mirrored bg=ff40ffff border=ccccccff
LEAK control_stylebox bg_source=base border_source= path=/root/@EditorNode@18065/@Panel@14/@VBoxContainer@15/DockHSplitMain/@VBoxContainer@28/DockVSplitCenter/@VSplitContainer@70/@VBoxContainer@71/@EditorMainScreen@125/MainScreen/@CanvasItemEditor@9318/@MarginContainer@9097/@HFlowContainer@9098/@PanelContainer@9236/@HBoxContainer@9235/@NavigationRegion2DEditor@17875/@Button@17851 class=Button variation=FlatButton type=FlatButton slot=hover_pressed_mirrored bg=ff40ffff border=ccccccff
LEAK control_stylebox bg_source=base border_source= path=/root/@EditorNode@18065/@Panel@14/@VBoxContainer@15/DockHSplitMain/@VBoxContainer@28/DockVSplitCenter/@VSplitContainer@70/@VBoxContainer@71/@EditorMainScreen@125/MainScreen/@CanvasItemEditor@9318/@MarginContainer@9097/@HFlowContainer@9098/@PanelContainer@9236/@HBoxContainer@9235/@NavigationRegion2DEditor@17875/@Button@17851 class=Button variation=FlatButton type=FlatButton slot=pressed_mirrored bg=ff40ffff border=ccccccff
LEAK control_stylebox bg_source=base border_source= path=/root/@EditorNode@18065/@Panel@14/@VBoxContainer@15/DockHSplitMain/@VBoxContainer@28/DockVSplitCenter/@VSplitContainer@70/@VBoxContainer@71/@EditorMainScreen@125/MainScreen/@CanvasItemEditor@9318/@MarginContainer@9097/@HFlowContainer@9098/@PanelContainer@9236/@HBoxContainer@9235/@NavigationRegion2DEditor@17875/@Button@17852 class=Button variation=FlatButton type=Button slot=hover_mirrored bg=ff40ffff border=ccccccff
LEAK control_stylebox bg_source=base border_source= path=/root/@EditorNode@18065/@Panel@14/@VBoxContainer@15/DockHSplitMain/@VBoxContainer@28/DockVSplitCenter/@VSplitContainer@70/@VBoxContainer@71/@EditorMainScreen@125/MainScreen/@CanvasItemEditor@9318/@MarginContainer@9097/@HFlowContainer@9098/@PanelContainer@9236/@HBoxContainer@9235/@NavigationRegion2DEditor@17875/@Button@17852 class=Button variation=FlatButton type=Button slot=hover_pressed_mirrored bg=ff40ffff border=ccccccff
LEAK control_stylebox bg_source=base border_source= path=/root/@EditorNode@18065/@Panel@14/@VBoxContainer@15/DockHSplitMain/@VBoxContainer@28/DockVSplitCenter/@VSplitContainer@70/@VBoxContainer@71/@EditorMainScreen@125/MainScreen/@CanvasItemEditor@9318/@MarginContainer@9097/@HFlowContainer@9098/@PanelContainer@9236/@HBoxContainer@9235/@NavigationRegion2DEditor@17875/@Button@17852 class=Button variation=FlatButton type=Button slot=pressed_mirrored bg=ff40ffff border=ccccccff
LEAK control_stylebox bg_source=base border_source= path=/root/@EditorNode@18065/@Panel@14/@VBoxContainer@15/DockHSplitMain/@VBoxContainer@28/DockVSplitCenter/@VSplitContainer@70/@VBoxContainer@71/@EditorMainScreen@125/MainScreen/@CanvasItemEditor@9318/@MarginContainer@9097/@HFlowContainer@9098/@PanelContainer@9236/@HBoxContainer@9235/@NavigationRegion2DEditor@17875/@Button@17852 class=Button variation=FlatButton type=FlatButton slot=hover_mirrored bg=ff40ffff border=ccccccff
LEAK control_stylebox bg_source=base border_source= path=/root/@EditorNode@18065/@Panel@14/@VBoxContainer@15/DockHSplitMain/@VBoxContainer@28/DockVSplitCenter/@VSplitContainer@70/@VBoxContainer@71/@EditorMainScreen@125/MainScreen/@CanvasItemEditor@9318/@MarginContainer@9097/@HFlowContainer@9098/@PanelContainer@9236/@HBoxContainer@9235/@NavigationRegion2DEditor@17875/@Button@17852 class=Button variation=FlatButton type=FlatButton slot=hover_pressed_mirrored bg=ff40ffff border=ccccccff
LEAK control_stylebox bg_source=base border_source= path=/root/@EditorNode@18065/@Panel@14/@VBoxContainer@15/DockHSplitMain/@VBoxContainer@28/DockVSplitCenter/@VSplitContainer@70/@VBoxContainer@71/@EditorMainScreen@125/MainScreen/@CanvasItemEditor@9318/@MarginContainer@9097/@HFlowContainer@9098/@PanelContainer@9236/@HBoxContainer@9235/@NavigationRegion2DEditor@17875/@Button@17852 class=Button variation=FlatButton type=FlatButton slot=pressed_mirrored bg=ff40ffff border=ccccccff
LEAK control_stylebox bg_source=base border_source= path=/root/@EditorNode@18065/@Panel@14/@VBoxContainer@15/DockHSplitMain/@VBoxContainer@28/DockVSplitCenter/@VSplitContainer@70/@VBoxContainer@71/@EditorMainScreen@125/MainScreen/@CanvasItemEditor@9318/@MarginContainer@9097/@HFlowContainer@9098/@PanelContainer@9236/@HBoxContainer@9235/@Path2DEditor@16657/@HBoxContainer@16654/@Button@16630 class=Button variation=FlatButton type=Button slot=hover_mirrored bg=ff40ffff border=ccccccff
LEAK control_stylebox bg_source=base border_source= path=/root/@EditorNode@18065/@Panel@14/@VBoxContainer@15/DockHSplitMain/@VBoxContainer@28/DockVSplitCenter/@VSplitContainer@70/@VBoxContainer@71/@EditorMainScreen@125/MainScreen/@CanvasItemEditor@9318/@MarginContainer@9097/@HFlowContainer@9098/@PanelContainer@9236/@HBoxContainer@9235/@Path2DEditor@16657/@HBoxContainer@16654/@Button@16630 class=Button variation=FlatButton type=Button slot=hover_pressed_mirrored bg=ff40ffff border=ccccccff
LEAK control_stylebox bg_source=base border_source= path=/root/@EditorNode@18065/@Panel@14/@VBoxContainer@15/DockHSplitMain/@VBoxContainer@28/DockVSplitCenter/@VSplitContainer@70/@VBoxContainer@71/@EditorMainScreen@125/MainScreen/@CanvasItemEditor@9318/@MarginContainer@9097/@HFlowContainer@9098/@PanelContainer@9236/@HBoxContainer@9235/@Path2DEditor@16657/@HBoxContainer@16654/@Button@16630 class=Button variation=FlatButton type=Button slot=pressed_mirrored bg=ff40ffff border=ccccccff
LEAK control_stylebox bg_source=base border_source= path=/root/@EditorNode@18065/@Panel@14/@VBoxContainer@15/DockHSplitMain/@VBoxContainer@28/DockVSplitCenter/@VSplitContainer@70/@VBoxContainer@71/@EditorMainScreen@125/MainScreen/@CanvasItemEditor@9318/@MarginContainer@9097/@HFlowContainer@9098/@PanelContainer@9236/@HBoxContainer@9235/@Path2DEditor@16657/@HBoxContainer@16654/@Button@16630 class=Button variation=FlatButton type=FlatButton slot=hover_mirrored bg=ff40ffff border=ccccccff
LEAK control_stylebox bg_source=base border_source= path=/root/@EditorNode@18065/@Panel@14/@VBoxContainer@15/DockHSplitMain/@VBoxContainer@28/DockVSplitCenter/@VSplitContainer@70/@VBoxContainer@71/@EditorMainScreen@125/MainScreen/@CanvasItemEditor@9318/@MarginContainer@9097/@HFlowContainer@9098/@PanelContainer@9236/@HBoxContainer@9235/@Path2DEditor@16657/@HBoxContainer@16654/@Button@16630 class=Button variation=FlatButton type=FlatButton slot=hover_pressed_mirrored bg=ff40ffff border=ccccccff
LEAK control_stylebox bg_source=base border_source= path=/root/@EditorNode@18065/@Panel@14/@VBoxContainer@15/DockHSplitMain/@VBoxContainer@28/DockVSplitCenter/@VSplitContainer@70/@VBoxContainer@71/@EditorMainScreen@125/MainScreen/@CanvasItemEditor@9318/@MarginContainer@9097/@HFlowContainer@9098/@PanelContainer@9236/@HBoxContainer@9235/@Path2DEditor@16657/@HBoxContainer@16654/@Button@16630 class=Button variation=FlatButton type=FlatButton slot=pressed_mirrored bg=ff40ffff border=ccccccff
LEAK control_stylebox bg_source=base border_source= path=/root/@EditorNode@18065/@Panel@14/@VBoxContainer@15/DockHSplitMain/@VBoxContainer@28/DockVSplitCenter/@VSplitContainer@70/@VBoxContainer@71/@EditorMainScreen@125/MainScreen/@CanvasItemEditor@9318/@MarginContainer@9097/@HFlowContainer@9098/@PanelContainer@9236/@HBoxContainer@9235/@Path2DEditor@16657/@HBoxContainer@16654/@Button@16631 class=Button variation=FlatButton type=Button slot=hover_mirrored bg=ff40ffff border=ccccccff
LEAK control_stylebox bg_source=base border_source= path=/root/@EditorNode@18065/@Panel@14/@VBoxContainer@15/DockHSplitMain/@VBoxContainer@28/DockVSplitCenter/@VSplitContainer@70/@VBoxContainer@71/@EditorMainScreen@125/MainScreen/@CanvasItemEditor@9318/@MarginContainer@9097/@HFlowContainer@9098/@PanelContainer@9236/@HBoxContainer@9235/@Path2DEditor@16657/@HBoxContainer@16654/@Button@16631 class=Button variation=FlatButton type=Button slot=hover_pressed_mirrored bg=ff40ffff border=ccccccff
LEAK control_stylebox bg_source=base border_source= path=/root/@EditorNode@18065/@Panel@14/@VBoxContainer@15/DockHSplitMain/@VBoxContainer@28/DockVSplitCenter/@VSplitContainer@70/@VBoxContainer@71/@EditorMainScreen@125/MainScreen/@CanvasItemEditor@9318/@MarginContainer@9097/@HFlowContainer@9098/@PanelContainer@9236/@HBoxContainer@9235/@Path2DEditor@16657/@HBoxContainer@16654/@Button@16631 class=Button variation=FlatButton type=Button slot=pressed_mirrored bg=ff40ffff border=ccccccff
LEAK control_stylebox bg_source=base border_source= path=/root/@EditorNode@18065/@Panel@14/@VBoxContainer@15/DockHSplitMain/@VBoxContainer@28/DockVSplitCenter/@VSplitContainer@70/@VBoxContainer@71/@EditorMainScreen@125/MainScreen/@CanvasItemEditor@9318/@MarginContainer@9097/@HFlowContainer@9098/@PanelContainer@9236/@HBoxContainer@9235/@Path2DEditor@16657/@HBoxContainer@16654/@Button@16631 class=Button variation=FlatButton type=FlatButton slot=hover_mirrored bg=ff40ffff border=ccccccff
LEAK control_stylebox bg_source=base border_source= path=/root/@EditorNode@18065/@Panel@14/@VBoxContainer@15/DockHSplitMain/@VBoxContainer@28/DockVSplitCenter/@VSplitContainer@70/@VBoxContainer@71/@EditorMainScreen@125/MainScreen/@CanvasItemEditor@9318/@MarginContainer@9097/@HFlowContainer@9098/@PanelContainer@9236/@HBoxContainer@9235/@Path2DEditor@16657/@HBoxContainer@16654/@Button@16631 class=Button variation=FlatButton type=FlatButton slot=hover_pressed_mirrored bg=ff40ffff border=ccccccff
LEAK control_stylebox bg_source=base border_source= path=/root/@EditorNode@18065/@Panel@14/@VBoxContainer@15/DockHSplitMain/@VBoxContainer@28/DockVSplitCenter/@VSplitContainer@70/@VBoxContainer@71/@EditorMainScreen@125/MainScreen/@CanvasItemEditor@9318/@MarginContainer@9097/@HFlowContainer@9098/@PanelContainer@9236/@HBoxContainer@9235/@Path2DEditor@16657/@HBoxContainer@16654/@Button@16631 class=Button variation=FlatButton type=FlatButton slot=pressed_mirrored bg=ff40ffff border=ccccccff
LEAK control_stylebox bg_source=base border_source= path=/root/@EditorNode@18065/@Panel@14/@VBoxContainer@15/DockHSplitMain/@VBoxContainer@28/DockVSplitCenter/@VSplitContainer@70/@VBoxContainer@71/@EditorMainScreen@125/MainScreen/@CanvasItemEditor@9318/@MarginContainer@9097/@HFlowContainer@9098/@PanelContainer@9236/@HBoxContainer@9235/@Path2DEditor@16657/@HBoxContainer@16654/@Button@16632 class=Button variation=FlatButton type=Button slot=hover_mirrored bg=ff40ffff border=ccccccff
LEAK control_stylebox bg_source=base border_source= path=/root/@EditorNode@18065/@Panel@14/@VBoxContainer@15/DockHSplitMain/@VBoxContainer@28/DockVSplitCenter/@VSplitContainer@70/@VBoxContainer@71/@EditorMainScreen@125/MainScreen/@CanvasItemEditor@9318/@MarginContainer@9097/@HFlowContainer@9098/@PanelContainer@9236/@HBoxContainer@9235/@Path2DEditor@16657/@HBoxContainer@16654/@Button@16632 class=Button variation=FlatButton type=Button slot=hover_pressed_mirrored bg=ff40ffff border=ccccccff
LEAK control_stylebox bg_source=base border_source= path=/root/@EditorNode@18065/@Panel@14/@VBoxContainer@15/DockHSplitMain/@VBoxContainer@28/DockVSplitCenter/@VSplitContainer@70/@VBoxContainer@71/@EditorMainScreen@125/MainScreen/@CanvasItemEditor@9318/@MarginContainer@9097/@HFlowContainer@9098/@PanelContainer@9236/@HBoxContainer@9235/@Path2DEditor@16657/@HBoxContainer@16654/@Button@16632 class=Button variation=FlatButton type=Button slot=pressed_mirrored bg=ff40ffff border=ccccccff
LEAK control_stylebox bg_source=base border_source= path=/root/@EditorNode@18065/@Panel@14/@VBoxContainer@15/DockHSplitMain/@VBoxContainer@28/DockVSplitCenter/@VSplitContainer@70/@VBoxContainer@71/@EditorMainScreen@125/MainScreen/@CanvasItemEditor@9318/@MarginContainer@9097/@HFlowContainer@9098/@PanelContainer@9236/@HBoxContainer@9235/@Path2DEditor@16657/@HBoxContainer@16654/@Button@16632 class=Button variation=FlatButton type=FlatButton slot=hover_mirrored bg=ff40ffff border=ccccccff
LEAK control_stylebox bg_source=base border_source= path=/root/@EditorNode@18065/@Panel@14/@VBoxContainer@15/DockHSplitMain/@VBoxContainer@28/DockVSplitCenter/@VSplitContainer@70/@VBoxContainer@71/@EditorMainScreen@125/MainScreen/@CanvasItemEditor@9318/@MarginContainer@9097/@HFlowContainer@9098/@PanelContainer@9236/@HBoxContainer@9235/@Path2DEditor@16657/@HBoxContainer@16654/@Button@16632 class=Button variation=FlatButton type=FlatButton slot=hover_pressed_mirrored bg=ff40ffff border=ccccccff
LEAK control_stylebox bg_source=base border_source= path=/root/@EditorNode@18065/@Panel@14/@VBoxContainer@15/DockHSplitMain/@VBoxContainer@28/DockVSplitCenter/@VSplitContainer@70/@VBoxContainer@71/@EditorMainScreen@125/MainScreen/@CanvasItemEditor@9318/@MarginContainer@9097/@HFlowContainer@9098/@PanelContainer@9236/@HBoxContainer@9235/@Path2DEditor@16657/@HBoxContainer@16654/@Button@16632 class=Button variation=FlatButton type=FlatButton slot=pressed_mirrored bg=ff40ffff border=ccccccff
LEAK control_stylebox bg_source=base border_source= path=/root/@EditorNode@18065/@Panel@14/@VBoxContainer@15/DockHSplitMain/@VBoxContainer@28/DockVSplitCenter/@VSplitContainer@70/@VBoxContainer@71/@EditorMainScreen@125/MainScreen/@CanvasItemEditor@9318/@MarginContainer@9097/@HFlowContainer@9098/@PanelContainer@9236/@HBoxContainer@9235/@Path2DEditor@16657/@HBoxContainer@16654/@Button@16633 class=Button variation=FlatButton type=Button slot=hover_mirrored bg=ff40ffff border=ccccccff
LEAK control_stylebox bg_source=base border_source= path=/root/@EditorNode@18065/@Panel@14/@VBoxContainer@15/DockHSplitMain/@VBoxContainer@28/DockVSplitCenter/@VSplitContainer@70/@VBoxContainer@71/@EditorMainScreen@125/MainScreen/@CanvasItemEditor@9318/@MarginContainer@9097/@HFlowContainer@9098/@PanelContainer@9236/@HBoxContainer@9235/@Path2DEditor@16657/@HBoxContainer@16654/@Button@16633 class=Button variation=FlatButton type=Button slot=hover_pressed_mirrored bg=ff40ffff border=ccccccff
LEAK control_stylebox bg_source=base border_source= path=/root/@EditorNode@18065/@Panel@14/@VBoxContainer@15/DockHSplitMain/@VBoxContainer@28/DockVSplitCenter/@VSplitContainer@70/@VBoxContainer@71/@EditorMainScreen@125/MainScreen/@CanvasItemEditor@9318/@MarginContainer@9097/@HFlowContainer@9098/@PanelContainer@9236/@HBoxContainer@9235/@Path2DEditor@16657/@HBoxContainer@16654/@Button@16633 class=Button variation=FlatButton type=Button slot=pressed_mirrored bg=ff40ffff border=ccccccff
LEAK control_stylebox bg_source=base border_source= path=/root/@EditorNode@18065/@Panel@14/@VBoxContainer@15/DockHSplitMain/@VBoxContainer@28/DockVSplitCenter/@VSplitContainer@70/@VBoxContainer@71/@EditorMainScreen@125/MainScreen/@CanvasItemEditor@9318/@MarginContainer@9097/@HFlowContainer@9098/@PanelContainer@9236/@HBoxContainer@9235/@Path2DEditor@16657/@HBoxContainer@16654/@Button@16633 class=Button variation=FlatButton type=FlatButton slot=hover_mirrored bg=ff40ffff border=ccccccff
LEAK control_stylebox bg_source=base border_source= path=/root/@EditorNode@18065/@Panel@14/@VBoxContainer@15/DockHSplitMain/@VBoxContainer@28/DockVSplitCenter/@VSplitContainer@70/@VBoxContainer@71/@EditorMainScreen@125/MainScreen/@CanvasItemEditor@9318/@MarginContainer@9097/@HFlowContainer@9098/@PanelContainer@9236/@HBoxContainer@9235/@Path2DEditor@16657/@HBoxContainer@16654/@Button@16633 class=Button variation=FlatButton type=FlatButton slot=hover_pressed_mirrored bg=ff40ffff border=ccccccff
LEAK control_stylebox bg_source=base border_source= path=/root/@EditorNode@18065/@Panel@14/@VBoxContainer@15/DockHSplitMain/@VBoxContainer@28/DockVSplitCenter/@VSplitContainer@70/@VBoxContainer@71/@EditorMainScreen@125/MainScreen/@CanvasItemEditor@9318/@MarginContainer@9097/@HFlowContainer@9098/@PanelContainer@9236/@HBoxContainer@9235/@Path2DEditor@16657/@HBoxContainer@16654/@Button@16633 class=Button variation=FlatButton type=FlatButton slot=pressed_mirrored bg=ff40ffff border=ccccccff
LEAK control_stylebox bg_source=base border_source= path=/root/@EditorNode@18065/@Panel@14/@VBoxContainer@15/DockHSplitMain/@VBoxContainer@28/DockVSplitCenter/@VSplitContainer@70/@VBoxContainer@71/@EditorMainScreen@125/MainScreen/@CanvasItemEditor@9318/@MarginContainer@9097/@HFlowContainer@9098/@PanelContainer@9236/@HBoxContainer@9235/@Path2DEditor@16657/@HBoxContainer@16654/@Button@16634 class=Button variation=FlatButton type=Button slot=hover_mirrored bg=ff40ffff border=ccccccff
LEAK control_stylebox bg_source=base border_source= path=/root/@EditorNode@18065/@Panel@14/@VBoxContainer@15/DockHSplitMain/@VBoxContainer@28/DockVSplitCenter/@VSplitContainer@70/@VBoxContainer@71/@EditorMainScreen@125/MainScreen/@CanvasItemEditor@9318/@MarginContainer@9097/@HFlowContainer@9098/@PanelContainer@9236/@HBoxContainer@9235/@Path2DEditor@16657/@HBoxContainer@16654/@Button@16634 class=Button variation=FlatButton type=Button slot=hover_pressed_mirrored bg=ff40ffff border=ccccccff
LEAK control_stylebox bg_source=base border_source= path=/root/@EditorNode@18065/@Panel@14/@VBoxContainer@15/DockHSplitMain/@VBoxContainer@28/DockVSplitCenter/@VSplitContainer@70/@VBoxContainer@71/@EditorMainScreen@125/MainScreen/@CanvasItemEditor@9318/@MarginContainer@9097/@HFlowContainer@9098/@PanelContainer@9236/@HBoxContainer@9235/@Path2DEditor@16657/@HBoxContainer@16654/@Button@16634 class=Button variation=FlatButton type=Button slot=pressed_mirrored bg=ff40ffff border=ccccccff
LEAK control_stylebox bg_source=base border_source= path=/root/@EditorNode@18065/@Panel@14/@VBoxContainer@15/DockHSplitMain/@VBoxContainer@28/DockVSplitCenter/@VSplitContainer@70/@VBoxContainer@71/@EditorMainScreen@125/MainScreen/@CanvasItemEditor@9318/@MarginContainer@9097/@HFlowContainer@9098/@PanelContainer@9236/@HBoxContainer@9235/@Path2DEditor@16657/@HBoxContainer@16654/@Button@16634 class=Button variation=FlatButton type=FlatButton slot=hover_mirrored bg=ff40ffff border=ccccccff
LEAK control_stylebox bg_source=base border_source= path=/root/@EditorNode@18065/@Panel@14/@VBoxContainer@15/DockHSplitMain/@VBoxContainer@28/DockVSplitCenter/@VSplitContainer@70/@VBoxContainer@71/@EditorMainScreen@125/MainScreen/@CanvasItemEditor@9318/@MarginContainer@9097/@HFlowContainer@9098/@PanelContainer@9236/@HBoxContainer@9235/@Path2DEditor@16657/@HBoxContainer@16654/@Button@16634 class=Button variation=FlatButton type=FlatButton slot=hover_pressed_mirrored bg=ff40ffff border=ccccccff
LEAK control_stylebox bg_source=base border_source= path=/root/@EditorNode@18065/@Panel@14/@VBoxContainer@15/DockHSplitMain/@VBoxContainer@28/DockVSplitCenter/@VSplitContainer@70/@VBoxContainer@71/@EditorMainScreen@125/MainScreen/@CanvasItemEditor@9318/@MarginContainer@9097/@HFlowContainer@9098/@PanelContainer@9236/@HBoxContainer@9235/@Path2DEditor@16657/@HBoxContainer@16654/@Button@16634 class=Button variation=FlatButton type=FlatButton slot=pressed_mirrored bg=ff40ffff border=ccccccff
LEAK control_stylebox bg_source=base border_source= path=/root/@EditorNode@18065/@Panel@14/@VBoxContainer@15/DockHSplitMain/@VBoxContainer@28/DockVSplitCenter/@VSplitContainer@70/@VBoxContainer@71/@EditorMainScreen@125/MainScreen/@CanvasItemEditor@9318/@MarginContainer@9097/@HFlowContainer@9098/@PanelContainer@9236/@HBoxContainer@9235/@Path2DEditor@16657/@HBoxContainer@16654/@Button@16635 class=Button variation=FlatButton type=Button slot=hover_mirrored bg=ff40ffff border=ccccccff
LEAK control_stylebox bg_source=base border_source= path=/root/@EditorNode@18065/@Panel@14/@VBoxContainer@15/DockHSplitMain/@VBoxContainer@28/DockVSplitCenter/@VSplitContainer@70/@VBoxContainer@71/@EditorMainScreen@125/MainScreen/@CanvasItemEditor@9318/@MarginContainer@9097/@HFlowContainer@9098/@PanelContainer@9236/@HBoxContainer@9235/@Path2DEditor@16657/@HBoxContainer@16654/@Button@16635 class=Button variation=FlatButton type=Button slot=hover_pressed_mirrored bg=ff40ffff border=ccccccff
LEAK control_stylebox bg_source=base border_source= path=/root/@EditorNode@18065/@Panel@14/@VBoxContainer@15/DockHSplitMain/@VBoxContainer@28/DockVSplitCenter/@VSplitContainer@70/@VBoxContainer@71/@EditorMainScreen@125/MainScreen/@CanvasItemEditor@9318/@MarginContainer@9097/@HFlowContainer@9098/@PanelContainer@9236/@HBoxContainer@9235/@Path2DEditor@16657/@HBoxContainer@16654/@Button@16635 class=Button variation=FlatButton type=Button slot=pressed_mirrored bg=ff40ffff border=ccccccff
LEAK control_stylebox bg_source=base border_source= path=/root/@EditorNode@18065/@Panel@14/@VBoxContainer@15/DockHSplitMain/@VBoxContainer@28/DockVSplitCenter/@VSplitContainer@70/@VBoxContainer@71/@EditorMainScreen@125/MainScreen/@CanvasItemEditor@9318/@MarginContainer@9097/@HFlowContainer@9098/@PanelContainer@9236/@HBoxContainer@9235/@Path2DEditor@16657/@HBoxContainer@16654/@Button@16635 class=Button variation=FlatButton type=FlatButton slot=hover_mirrored bg=ff40ffff border=ccccccff
LEAK control_stylebox bg_source=base border_source= path=/root/@EditorNode@18065/@Panel@14/@VBoxContainer@15/DockHSplitMain/@VBoxContainer@28/DockVSplitCenter/@VSplitContainer@70/@VBoxContainer@71/@EditorMainScreen@125/MainScreen/@CanvasItemEditor@9318/@MarginContainer@9097/@HFlowContainer@9098/@PanelContainer@9236/@HBoxContainer@9235/@Path2DEditor@16657/@HBoxContainer@16654/@Button@16635 class=Button variation=FlatButton type=FlatButton slot=hover_pressed_mirrored bg=ff40ffff border=ccccccff
LEAK control_stylebox bg_source=base border_source= path=/root/@EditorNode@18065/@Panel@14/@VBoxContainer@15/DockHSplitMain/@VBoxContainer@28/DockVSplitCenter/@VSplitContainer@70/@VBoxContainer@71/@EditorMainScreen@125/MainScreen/@CanvasItemEditor@9318/@MarginContainer@9097/@HFlowContainer@9098/@PanelContainer@9236/@HBoxContainer@9235/@Path2DEditor@16657/@HBoxContainer@16654/@Button@16635 class=Button variation=FlatButton type=FlatButton slot=pressed_mirrored bg=ff40ffff border=ccccccff
LEAK control_stylebox bg_source=base border_source= path=/root/@EditorNode@18065/@Panel@14/@VBoxContainer@15/DockHSplitMain/@VBoxContainer@28/DockVSplitCenter/@VSplitContainer@70/@VBoxContainer@71/@EditorMainScreen@125/MainScreen/@CanvasItemEditor@9318/@MarginContainer@9097/@HFlowContainer@9098/@PanelContainer@9236/@HBoxContainer@9235/@Path2DEditor@16657/@HBoxContainer@16654/@MenuButton@16653 class=MenuButton variation=FlatMenuButton type=FlatMenuButton slot=hover_mirrored bg=ff40ffff border=ccccccff
LEAK control_stylebox bg_source=base border_source= path=/root/@EditorNode@18065/@Panel@14/@VBoxContainer@15/DockHSplitMain/@VBoxContainer@28/DockVSplitCenter/@VSplitContainer@70/@VBoxContainer@71/@EditorMainScreen@125/MainScreen/@CanvasItemEditor@9318/@MarginContainer@9097/@HFlowContainer@9098/@PanelContainer@9236/@HBoxContainer@9235/@Path2DEditor@16657/@HBoxContainer@16654/@MenuButton@16653 class=MenuButton variation=FlatMenuButton type=FlatMenuButton slot=hover_pressed_mirrored bg=ff40ffff border=ccccccff
LEAK control_stylebox bg_source=base border_source= path=/root/@EditorNode@18065/@Panel@14/@VBoxContainer@15/DockHSplitMain/@VBoxContainer@28/DockVSplitCenter/@VSplitContainer@70/@VBoxContainer@71/@EditorMainScreen@125/MainScreen/@CanvasItemEditor@9318/@MarginContainer@9097/@HFlowContainer@9098/@PanelContainer@9236/@HBoxContainer@9235/@Path2DEditor@16657/@HBoxContainer@16654/@MenuButton@16653 class=MenuButton variation=FlatMenuButton type=FlatMenuButton slot=pressed_mirrored bg=ff40ffff border=ccccccff
LEAK control_stylebox bg_source=base border_source= path=/root/@EditorNode@18065/@Panel@14/@VBoxContainer@15/DockHSplitMain/@VBoxContainer@28/DockVSplitCenter/@VSplitContainer@70/@VBoxContainer@71/@EditorMainScreen@125/MainScreen/@CanvasItemEditor@9318/@MarginContainer@9097/@HFlowContainer@9098/@PanelContainer@9236/@HBoxContainer@9235/@Polygon2DEditor@16757/@Button@16659 class=Button variation=FlatButton type=Button slot=hover_mirrored bg=ff40ffff border=ccccccff
LEAK control_stylebox bg_source=base border_source= path=/root/@EditorNode@18065/@Panel@14/@VBoxContainer@15/DockHSplitMain/@VBoxContainer@28/DockVSplitCenter/@VSplitContainer@70/@VBoxContainer@71/@EditorMainScreen@125/MainScreen/@CanvasItemEditor@9318/@MarginContainer@9097/@HFlowContainer@9098/@PanelContainer@9236/@HBoxContainer@9235/@Polygon2DEditor@16757/@Button@16659 class=Button variation=FlatButton type=Button slot=hover_pressed_mirrored bg=ff40ffff border=ccccccff
LEAK control_stylebox bg_source=base border_source= path=/root/@EditorNode@18065/@Panel@14/@VBoxContainer@15/DockHSplitMain/@VBoxContainer@28/DockVSplitCenter/@VSplitContainer@70/@VBoxContainer@71/@EditorMainScreen@125/MainScreen/@CanvasItemEditor@9318/@MarginContainer@9097/@HFlowContainer@9098/@PanelContainer@9236/@HBoxContainer@9235/@Polygon2DEditor@16757/@Button@16659 class=Button variation=FlatButton type=Button slot=pressed_mirrored bg=ff40ffff border=ccccccff
LEAK control_stylebox bg_source=base border_source= path=/root/@EditorNode@18065/@Panel@14/@VBoxContainer@15/DockHSplitMain/@VBoxContainer@28/DockVSplitCenter/@VSplitContainer@70/@VBoxContainer@71/@EditorMainScreen@125/MainScreen/@CanvasItemEditor@9318/@MarginContainer@9097/@HFlowContainer@9098/@PanelContainer@9236/@HBoxContainer@9235/@Polygon2DEditor@16757/@Button@16659 class=Button variation=FlatButton type=FlatButton slot=hover_mirrored bg=ff40ffff border=ccccccff
LEAK control_stylebox bg_source=base border_source= path=/root/@EditorNode@18065/@Panel@14/@VBoxContainer@15/DockHSplitMain/@VBoxContainer@28/DockVSplitCenter/@VSplitContainer@70/@VBoxContainer@71/@EditorMainScreen@125/MainScreen/@CanvasItemEditor@9318/@MarginContainer@9097/@HFlowContainer@9098/@PanelContainer@9236/@HBoxContainer@9235/@Polygon2DEditor@16757/@Button@16659 class=Button variation=FlatButton type=FlatButton slot=hover_pressed_mirrored bg=ff40ffff border=ccccccff
LEAK control_stylebox bg_source=base border_source= path=/root/@EditorNode@18065/@Panel@14/@VBoxContainer@15/DockHSplitMain/@VBoxContainer@28/DockVSplitCenter/@VSplitContainer@70/@VBoxContainer@71/@EditorMainScreen@125/MainScreen/@CanvasItemEditor@9318/@MarginContainer@9097/@HFlowContainer@9098/@PanelContainer@9236/@HBoxContainer@9235/@Polygon2DEditor@16757/@Button@16659 class=Button variation=FlatButton type=FlatButton slot=pressed_mirrored bg=ff40ffff border=ccccccff
LEAK control_stylebox bg_source=base border_source= path=/root/@EditorNode@18065/@Panel@14/@VBoxContainer@15/DockHSplitMain/@VBoxContainer@28/DockVSplitCenter/@VSplitContainer@70/@VBoxContainer@71/@EditorMainScreen@125/MainScreen/@CanvasItemEditor@9318/@MarginContainer@9097/@HFlowContainer@9098/@PanelContainer@9236/@HBoxContainer@9235/@Polygon2DEditor@16757/@Button@16660 class=Button variation=FlatButton type=Button slot=hover_mirrored bg=ff40ffff border=ccccccff
LEAK control_stylebox bg_source=base border_source= path=/root/@EditorNode@18065/@Panel@14/@VBoxContainer@15/DockHSplitMain/@VBoxContainer@28/DockVSplitCenter/@VSplitContainer@70/@VBoxContainer@71/@EditorMainScreen@125/MainScreen/@CanvasItemEditor@9318/@MarginContainer@9097/@HFlowContainer@9098/@PanelContainer@9236/@HBoxContainer@9235/@Polygon2DEditor@16757/@Button@16660 class=Button variation=FlatButton type=Button slot=hover_pressed_mirrored bg=ff40ffff border=ccccccff
LEAK control_stylebox bg_source=base border_source= path=/root/@EditorNode@18065/@Panel@14/@VBoxContainer@15/DockHSplitMain/@VBoxContainer@28/DockVSplitCenter/@VSplitContainer@70/@VBoxContainer@71/@EditorMainScreen@125/MainScreen/@CanvasItemEditor@9318/@MarginContainer@9097/@HFlowContainer@9098/@PanelContainer@9236/@HBoxContainer@9235/@Polygon2DEditor@16757/@Button@16660 class=Button variation=FlatButton type=Button slot=pressed_mirrored bg=ff40ffff border=ccccccff
LEAK control_stylebox bg_source=base border_source= path=/root/@EditorNode@18065/@Panel@14/@VBoxContainer@15/DockHSplitMain/@VBoxContainer@28/DockVSplitCenter/@VSplitContainer@70/@VBoxContainer@71/@EditorMainScreen@125/MainScreen/@CanvasItemEditor@9318/@MarginContainer@9097/@HFlowContainer@9098/@PanelContainer@9236/@HBoxContainer@9235/@Polygon2DEditor@16757/@Button@16660 class=Button variation=FlatButton type=FlatButton slot=hover_mirrored bg=ff40ffff border=ccccccff
LEAK control_stylebox bg_source=base border_source= path=/root/@EditorNode@18065/@Panel@14/@VBoxContainer@15/DockHSplitMain/@VBoxContainer@28/DockVSplitCenter/@VSplitContainer@70/@VBoxContainer@71/@EditorMainScreen@125/MainScreen/@CanvasItemEditor@9318/@MarginContainer@9097/@HFlowContainer@9098/@PanelContainer@9236/@HBoxContainer@9235/@Polygon2DEditor@16757/@Button@16660 class=Button variation=FlatButton type=FlatButton slot=hover_pressed_mirrored bg=ff40ffff border=ccccccff
LEAK control_stylebox bg_source=base border_source= path=/root/@EditorNode@18065/@Panel@14/@VBoxContainer@15/DockHSplitMain/@VBoxContainer@28/DockVSplitCenter/@VSplitContainer@70/@VBoxContainer@71/@EditorMainScreen@125/MainScreen/@CanvasItemEditor@9318/@MarginContainer@9097/@HFlowContainer@9098/@PanelContainer@9236/@HBoxContainer@9235/@Polygon2DEditor@16757/@Button@16660 class=Button variation=FlatButton type=FlatButton slot=pressed_mirrored bg=ff40ffff border=ccccccff
LEAK control_stylebox bg_source=base border_source= path=/root/@EditorNode@18065/@Panel@14/@VBoxContainer@15/DockHSplitMain/@VBoxContainer@28/DockVSplitCenter/@VSplitContainer@70/@VBoxContainer@71/@EditorMainScreen@125/MainScreen/@CanvasItemEditor@9318/@MarginContainer@9097/@HFlowContainer@9098/@PanelContainer@9236/@HBoxContainer@9235/@Polygon2DEditor@16757/@Button@16661 class=Button variation=FlatButton type=Button slot=hover_mirrored bg=ff40ffff border=ccccccff
LEAK control_stylebox bg_source=base border_source= path=/root/@EditorNode@18065/@Panel@14/@VBoxContainer@15/DockHSplitMain/@VBoxContainer@28/DockVSplitCenter/@VSplitContainer@70/@VBoxContainer@71/@EditorMainScreen@125/MainScreen/@CanvasItemEditor@9318/@MarginContainer@9097/@HFlowContainer@9098/@PanelContainer@9236/@HBoxContainer@9235/@Polygon2DEditor@16757/@Button@16661 class=Button variation=FlatButton type=Button slot=hover_pressed_mirrored bg=ff40ffff border=ccccccff
LEAK control_stylebox bg_source=base border_source= path=/root/@EditorNode@18065/@Panel@14/@VBoxContainer@15/DockHSplitMain/@VBoxContainer@28/DockVSplitCenter/@VSplitContainer@70/@VBoxContainer@71/@EditorMainScreen@125/MainScreen/@CanvasItemEditor@9318/@MarginContainer@9097/@HFlowContainer@9098/@PanelContainer@9236/@HBoxContainer@9235/@Polygon2DEditor@16757/@Button@16661 class=Button variation=FlatButton type=Button slot=pressed_mirrored bg=ff40ffff border=ccccccff
LEAK control_stylebox bg_source=base border_source= path=/root/@EditorNode@18065/@Panel@14/@VBoxContainer@15/DockHSplitMain/@VBoxContainer@28/DockVSplitCenter/@VSplitContainer@70/@VBoxContainer@71/@EditorMainScreen@125/MainScreen/@CanvasItemEditor@9318/@MarginContainer@9097/@HFlowContainer@9098/@PanelContainer@9236/@HBoxContainer@9235/@Polygon2DEditor@16757/@Button@16661 class=Button variation=FlatButton type=FlatButton slot=hover_mirrored bg=ff40ffff border=ccccccff
LEAK control_stylebox bg_source=base border_source= path=/root/@EditorNode@18065/@Panel@14/@VBoxContainer@15/DockHSplitMain/@VBoxContainer@28/DockVSplitCenter/@VSplitContainer@70/@VBoxContainer@71/@EditorMainScreen@125/MainScreen/@CanvasItemEditor@9318/@MarginContainer@9097/@HFlowContainer@9098/@PanelContainer@9236/@HBoxContainer@9235/@Polygon2DEditor@16757/@Button@16661 class=Button variation=FlatButton type=FlatButton slot=hover_pressed_mirrored bg=ff40ffff border=ccccccff
LEAK control_stylebox bg_source=base border_source= path=/root/@EditorNode@18065/@Panel@14/@VBoxContainer@15/DockHSplitMain/@VBoxContainer@28/DockVSplitCenter/@VSplitContainer@70/@VBoxContainer@71/@EditorMainScreen@125/MainScreen/@CanvasItemEditor@9318/@MarginContainer@9097/@HFlowContainer@9098/@PanelContainer@9236/@HBoxContainer@9235/@Polygon2DEditor@16757/@Button@16661 class=Button variation=FlatButton type=FlatButton slot=pressed_mirrored bg=ff40ffff border=ccccccff
LEAK control_stylebox bg_source=base border_source= path=/root/@EditorNode@18065/@Panel@14/@VBoxContainer@15/DockHSplitMain/@VBoxContainer@28/DockVSplitCenter/@VSplitContainer@70/@VBoxContainer@71/@EditorMainScreen@125/MainScreen/@CanvasItemEditor@9318/@MarginContainer@9097/@HFlowContainer@9098/@PanelContainer@9236/@HBoxContainer@9235/@Polygon2DEditor@16757/@Button@16662 class=Button variation=FlatButton type=Button slot=hover_mirrored bg=ff40ffff border=ccccccff
LEAK control_stylebox bg_source=base border_source= path=/root/@EditorNode@18065/@Panel@14/@VBoxContainer@15/DockHSplitMain/@VBoxContainer@28/DockVSplitCenter/@VSplitContainer@70/@VBoxContainer@71/@EditorMainScreen@125/MainScreen/@CanvasItemEditor@9318/@MarginContainer@9097/@HFlowContainer@9098/@PanelContainer@9236/@HBoxContainer@9235/@Polygon2DEditor@16757/@Button@16662 class=Button variation=FlatButton type=Button slot=hover_pressed_mirrored bg=ff40ffff border=ccccccff
LEAK control_stylebox bg_source=base border_source= path=/root/@EditorNode@18065/@Panel@14/@VBoxContainer@15/DockHSplitMain/@VBoxContainer@28/DockVSplitCenter/@VSplitContainer@70/@VBoxContainer@71/@EditorMainScreen@125/MainScreen/@CanvasItemEditor@9318/@MarginContainer@9097/@HFlowContainer@9098/@PanelContainer@9236/@HBoxContainer@9235/@Polygon2DEditor@16757/@Button@16662 class=Button variation=FlatButton type=Button slot=pressed_mirrored bg=ff40ffff border=ccccccff
LEAK control_stylebox bg_source=base border_source= path=/root/@EditorNode@18065/@Panel@14/@VBoxContainer@15/DockHSplitMain/@VBoxContainer@28/DockVSplitCenter/@VSplitContainer@70/@VBoxContainer@71/@EditorMainScreen@125/MainScreen/@CanvasItemEditor@9318/@MarginContainer@9097/@HFlowContainer@9098/@PanelContainer@9236/@HBoxContainer@9235/@Polygon2DEditor@16757/@Button@16662 class=Button variation=FlatButton type=FlatButton slot=hover_mirrored bg=ff40ffff border=ccccccff
LEAK control_stylebox bg_source=base border_source= path=/root/@EditorNode@18065/@Panel@14/@VBoxContainer@15/DockHSplitMain/@VBoxContainer@28/DockVSplitCenter/@VSplitContainer@70/@VBoxContainer@71/@EditorMainScreen@125/MainScreen/@CanvasItemEditor@9318/@MarginContainer@9097/@HFlowContainer@9098/@PanelContainer@9236/@HBoxContainer@9235/@Polygon2DEditor@16757/@Button@16662 class=Button variation=FlatButton type=FlatButton slot=hover_pressed_mirrored bg=ff40ffff border=ccccccff
LEAK control_stylebox bg_source=base border_source= path=/root/@EditorNode@18065/@Panel@14/@VBoxContainer@15/DockHSplitMain/@VBoxContainer@28/DockVSplitCenter/@VSplitContainer@70/@VBoxContainer@71/@EditorMainScreen@125/MainScreen/@CanvasItemEditor@9318/@MarginContainer@9097/@HFlowContainer@9098/@PanelContainer@9236/@HBoxContainer@9235/@Polygon2DEditor@16757/@Button@16662 class=Button variation=FlatButton type=FlatButton slot=pressed_mirrored bg=ff40ffff border=ccccccff
LEAK control_stylebox bg_source=base border_source= path=/root/@EditorNode@18065/@Panel@14/@VBoxContainer@15/DockHSplitMain/@VBoxContainer@28/DockVSplitCenter/@VSplitContainer@70/@VBoxContainer@71/@EditorMainScreen@125/MainScreen/@EditorAssetLibrary@11220/@VBoxContainer@11008/@ScrollContainer@11077 class=ScrollContainer variation=ScrollContainerSecondary type=ScrollContainerSecondary slot=panel bg=c200c2ff border=ccccccff
LEAK control_stylebox bg_source=base border_source= path=/root/@EditorNode@18065/@Panel@14/@VBoxContainer@15/DockHSplitMain/@VBoxContainer@28/DockVSplitCenter/@VSplitContainer@70/@VBoxContainer@71/@EditorMainScreen@125/MainScreen/@Node3DEditor@9983/@MarginContainer@9320/@HFlowContainer@9321/@HBoxContainer@9322/@Button@9323 class=Button variation=FlatButton type=Button slot=hover_mirrored bg=ff40ffff border=ccccccff
LEAK control_stylebox bg_source=base border_source= path=/root/@EditorNode@18065/@Panel@14/@VBoxContainer@15/DockHSplitMain/@VBoxContainer@28/DockVSplitCenter/@VSplitContainer@70/@VBoxContainer@71/@EditorMainScreen@125/MainScreen/@Node3DEditor@9983/@MarginContainer@9320/@HFlowContainer@9321/@HBoxContainer@9322/@Button@9323 class=Button variation=FlatButton type=Button slot=hover_pressed_mirrored bg=ff40ffff border=ccccccff
LEAK control_stylebox bg_source=base border_source= path=/root/@EditorNode@18065/@Panel@14/@VBoxContainer@15/DockHSplitMain/@VBoxContainer@28/DockVSplitCenter/@VSplitContainer@70/@VBoxContainer@71/@EditorMainScreen@125/MainScreen/@Node3DEditor@9983/@MarginContainer@9320/@HFlowContainer@9321/@HBoxContainer@9322/@Button@9323 class=Button variation=FlatButton type=Button slot=pressed_mirrored bg=ff40ffff border=ccccccff
LEAK control_stylebox bg_source=base border_source= path=/root/@EditorNode@18065/@Panel@14/@VBoxContainer@15/DockHSplitMain/@VBoxContainer@28/DockVSplitCenter/@VSplitContainer@70/@VBoxContainer@71/@EditorMainScreen@125/MainScreen/@Node3DEditor@9983/@MarginContainer@9320/@HFlowContainer@9321/@HBoxContainer@9322/@Button@9323 class=Button variation=FlatButton type=FlatButton slot=hover_mirrored bg=ff40ffff border=ccccccff
LEAK control_stylebox bg_source=base border_source= path=/root/@EditorNode@18065/@Panel@14/@VBoxContainer@15/DockHSplitMain/@VBoxContainer@28/DockVSplitCenter/@VSplitContainer@70/@VBoxContainer@71/@EditorMainScreen@125/MainScreen/@Node3DEditor@9983/@MarginContainer@9320/@HFlowContainer@9321/@HBoxContainer@9322/@Button@9323 class=Button variation=FlatButton type=FlatButton slot=hover_pressed_mirrored bg=ff40ffff border=ccccccff
LEAK control_stylebox bg_source=base border_source= path=/root/@EditorNode@18065/@Panel@14/@VBoxContainer@15/DockHSplitMain/@VBoxContainer@28/DockVSplitCenter/@VSplitContainer@70/@VBoxContainer@71/@EditorMainScreen@125/MainScreen/@Node3DEditor@9983/@MarginContainer@9320/@HFlowContainer@9321/@HBoxContainer@9322/@Button@9323 class=Button variation=FlatButton type=FlatButton slot=pressed_mirrored bg=ff40ffff border=ccccccff
LEAK control_stylebox bg_source=base border_source= path=/root/@EditorNode@18065/@Panel@14/@VBoxContainer@15/DockHSplitMain/@VBoxContainer@28/DockVSplitCenter/@VSplitContainer@70/@VBoxContainer@71/@EditorMainScreen@125/MainScreen/@Node3DEditor@9983/@MarginContainer@9320/@HFlowContainer@9321/@HBoxContainer@9322/@Button@9324 class=Button variation=FlatButton type=Button slot=hover_mirrored bg=ff40ffff border=ccccccff
LEAK control_stylebox bg_source=base border_source= path=/root/@EditorNode@18065/@Panel@14/@VBoxContainer@15/DockHSplitMain/@VBoxContainer@28/DockVSplitCenter/@VSplitContainer@70/@VBoxContainer@71/@EditorMainScreen@125/MainScreen/@Node3DEditor@9983/@MarginContainer@9320/@HFlowContainer@9321/@HBoxContainer@9322/@Button@9324 class=Button variation=FlatButton type=Button slot=hover_pressed_mirrored bg=ff40ffff border=ccccccff
LEAK control_stylebox bg_source=base border_source= path=/root/@EditorNode@18065/@Panel@14/@VBoxContainer@15/DockHSplitMain/@VBoxContainer@28/DockVSplitCenter/@VSplitContainer@70/@VBoxContainer@71/@EditorMainScreen@125/MainScreen/@Node3DEditor@9983/@MarginContainer@9320/@HFlowContainer@9321/@HBoxContainer@9322/@Button@9324 class=Button variation=FlatButton type=Button slot=pressed_mirrored bg=ff40ffff border=ccccccff
LEAK control_stylebox bg_source=base border_source= path=/root/@EditorNode@18065/@Panel@14/@VBoxContainer@15/DockHSplitMain/@VBoxContainer@28/DockVSplitCenter/@VSplitContainer@70/@VBoxContainer@71/@EditorMainScreen@125/MainScreen/@Node3DEditor@9983/@MarginContainer@9320/@HFlowContainer@9321/@HBoxContainer@9322/@Button@9324 class=Button variation=FlatButton type=FlatButton slot=hover_mirrored bg=ff40ffff border=ccccccff
LEAK control_stylebox bg_source=base border_source= path=/root/@EditorNode@18065/@Panel@14/@VBoxContainer@15/DockHSplitMain/@VBoxContainer@28/DockVSplitCenter/@VSplitContainer@70/@VBoxContainer@71/@EditorMainScreen@125/MainScreen/@Node3DEditor@9983/@MarginContainer@9320/@HFlowContainer@9321/@HBoxContainer@9322/@Button@9324 class=Button variation=FlatButton type=FlatButton slot=hover_pressed_mirrored bg=ff40ffff border=ccccccff
LEAK control_stylebox bg_source=base border_source= path=/root/@EditorNode@18065/@Panel@14/@VBoxContainer@15/DockHSplitMain/@VBoxContainer@28/DockVSplitCenter/@VSplitContainer@70/@VBoxContainer@71/@EditorMainScreen@125/MainScreen/@Node3DEditor@9983/@MarginContainer@9320/@HFlowContainer@9321/@HBoxContainer@9322/@Button@9324 class=Button variation=FlatButton type=FlatButton slot=pressed_mirrored bg=ff40ffff border=ccccccff
LEAK control_stylebox bg_source=base border_source= path=/root/@EditorNode@18065/@Panel@14/@VBoxContainer@15/DockHSplitMain/@VBoxContainer@28/DockVSplitCenter/@VSplitContainer@70/@VBoxContainer@71/@EditorMainScreen@125/MainScreen/@Node3DEditor@9983/@MarginContainer@9320/@HFlowContainer@9321/@HBoxContainer@9322/@Button@9325 class=Button variation=FlatButton type=Button slot=hover_mirrored bg=ff40ffff border=ccccccff
LEAK control_stylebox bg_source=base border_source= path=/root/@EditorNode@18065/@Panel@14/@VBoxContainer@15/DockHSplitMain/@VBoxContainer@28/DockVSplitCenter/@VSplitContainer@70/@VBoxContainer@71/@EditorMainScreen@125/MainScreen/@Node3DEditor@9983/@MarginContainer@9320/@HFlowContainer@9321/@HBoxContainer@9322/@Button@9325 class=Button variation=FlatButton type=Button slot=hover_pressed_mirrored bg=ff40ffff border=ccccccff
LEAK control_stylebox bg_source=base border_source= path=/root/@EditorNode@18065/@Panel@14/@VBoxContainer@15/DockHSplitMain/@VBoxContainer@28/DockVSplitCenter/@VSplitContainer@70/@VBoxContainer@71/@EditorMainScreen@125/MainScreen/@Node3DEditor@9983/@MarginContainer@9320/@HFlowContainer@9321/@HBoxContainer@9322/@Button@9325 class=Button variation=FlatButton type=Button slot=pressed_mirrored bg=ff40ffff border=ccccccff
LEAK control_stylebox bg_source=base border_source= path=/root/@EditorNode@18065/@Panel@14/@VBoxContainer@15/DockHSplitMain/@VBoxContainer@28/DockVSplitCenter/@VSplitContainer@70/@VBoxContainer@71/@EditorMainScreen@125/MainScreen/@Node3DEditor@9983/@MarginContainer@9320/@HFlowContainer@9321/@HBoxContainer@9322/@Button@9325 class=Button variation=FlatButton type=FlatButton slot=hover_mirrored bg=ff40ffff border=ccccccff
LEAK control_stylebox bg_source=base border_source= path=/root/@EditorNode@18065/@Panel@14/@VBoxContainer@15/DockHSplitMain/@VBoxContainer@28/DockVSplitCenter/@VSplitContainer@70/@VBoxContainer@71/@EditorMainScreen@125/MainScreen/@Node3DEditor@9983/@MarginContainer@9320/@HFlowContainer@9321/@HBoxContainer@9322/@Button@9325 class=Button variation=FlatButton type=FlatButton slot=hover_pressed_mirrored bg=ff40ffff border=ccccccff
LEAK control_stylebox bg_source=base border_source= path=/root/@EditorNode@18065/@Panel@14/@VBoxContainer@15/DockHSplitMain/@VBoxContainer@28/DockVSplitCenter/@VSplitContainer@70/@VBoxContainer@71/@EditorMainScreen@125/MainScreen/@Node3DEditor@9983/@MarginContainer@9320/@HFlowContainer@9321/@HBoxContainer@9322/@Button@9325 class=Button variation=FlatButton type=FlatButton slot=pressed_mirrored bg=ff40ffff border=ccccccff
LEAK control_stylebox bg_source=base border_source= path=/root/@EditorNode@18065/@Panel@14/@VBoxContainer@15/DockHSplitMain/@VBoxContainer@28/DockVSplitCenter/@VSplitContainer@70/@VBoxContainer@71/@EditorMainScreen@125/MainScreen/@Node3DEditor@9983/@MarginContainer@9320/@HFlowContainer@9321/@HBoxContainer@9322/@Button@9326 class=Button variation=FlatButton type=Button slot=hover_mirrored bg=ff40ffff border=ccccccff
LEAK control_stylebox bg_source=base border_source= path=/root/@EditorNode@18065/@Panel@14/@VBoxContainer@15/DockHSplitMain/@VBoxContainer@28/DockVSplitCenter/@VSplitContainer@70/@VBoxContainer@71/@EditorMainScreen@125/MainScreen/@Node3DEditor@9983/@MarginContainer@9320/@HFlowContainer@9321/@HBoxContainer@9322/@Button@9326 class=Button variation=FlatButton type=Button slot=hover_pressed_mirrored bg=ff40ffff border=ccccccff
LEAK control_stylebox bg_source=base border_source= path=/root/@EditorNode@18065/@Panel@14/@VBoxContainer@15/DockHSplitMain/@VBoxContainer@28/DockVSplitCenter/@VSplitContainer@70/@VBoxContainer@71/@EditorMainScreen@125/MainScreen/@Node3DEditor@9983/@MarginContainer@9320/@HFlowContainer@9321/@HBoxContainer@9322/@Button@9326 class=Button variation=FlatButton type=Button slot=pressed_mirrored bg=ff40ffff border=ccccccff
LEAK control_stylebox bg_source=base border_source= path=/root/@EditorNode@18065/@Panel@14/@VBoxContainer@15/DockHSplitMain/@VBoxContainer@28/DockVSplitCenter/@VSplitContainer@70/@VBoxContainer@71/@EditorMainScreen@125/MainScreen/@Node3DEditor@9983/@MarginContainer@9320/@HFlowContainer@9321/@HBoxContainer@9322/@Button@9326 class=Button variation=FlatButton type=FlatButton slot=hover_mirrored bg=ff40ffff border=ccccccff
LEAK control_stylebox bg_source=base border_source= path=/root/@EditorNode@18065/@Panel@14/@VBoxContainer@15/DockHSplitMain/@VBoxContainer@28/DockVSplitCenter/@VSplitContainer@70/@VBoxContainer@71/@EditorMainScreen@125/MainScreen/@Node3DEditor@9983/@MarginContainer@9320/@HFlowContainer@9321/@HBoxContainer@9322/@Button@9326 class=Button variation=FlatButton type=FlatButton slot=hover_pressed_mirrored bg=ff40ffff border=ccccccff
LEAK control_stylebox bg_source=base border_source= path=/root/@EditorNode@18065/@Panel@14/@VBoxContainer@15/DockHSplitMain/@VBoxContainer@28/DockVSplitCenter/@VSplitContainer@70/@VBoxContainer@71/@EditorMainScreen@125/MainScreen/@Node3DEditor@9983/@MarginContainer@9320/@HFlowContainer@9321/@HBoxContainer@9322/@Button@9326 class=Button variation=FlatButton type=FlatButton slot=pressed_mirrored bg=ff40ffff border=ccccccff
LEAK control_stylebox bg_source=base border_source= path=/root/@EditorNode@18065/@Panel@14/@VBoxContainer@15/DockHSplitMain/@VBoxContainer@28/DockVSplitCenter/@VSplitContainer@70/@VBoxContainer@71/@EditorMainScreen@125/MainScreen/@Node3DEditor@9983/@MarginContainer@9320/@HFlowContainer@9321/@HBoxContainer@9322/@Button@9327 class=Button variation=FlatButton type=Button slot=hover_mirrored bg=ff40ffff border=ccccccff
LEAK control_stylebox bg_source=base border_source= path=/root/@EditorNode@18065/@Panel@14/@VBoxContainer@15/DockHSplitMain/@VBoxContainer@28/DockVSplitCenter/@VSplitContainer@70/@VBoxContainer@71/@EditorMainScreen@125/MainScreen/@Node3DEditor@9983/@MarginContainer@9320/@HFlowContainer@9321/@HBoxContainer@9322/@Button@9327 class=Button variation=FlatButton type=Button slot=hover_pressed_mirrored bg=ff40ffff border=ccccccff
LEAK control_stylebox bg_source=base border_source= path=/root/@EditorNode@18065/@Panel@14/@VBoxContainer@15/DockHSplitMain/@VBoxContainer@28/DockVSplitCenter/@VSplitContainer@70/@VBoxContainer@71/@EditorMainScreen@125/MainScreen/@Node3DEditor@9983/@MarginContainer@9320/@HFlowContainer@9321/@HBoxContainer@9322/@Button@9327 class=Button variation=FlatButton type=Button slot=pressed_mirrored bg=ff40ffff border=ccccccff
LEAK control_stylebox bg_source=base border_source= path=/root/@EditorNode@18065/@Panel@14/@VBoxContainer@15/DockHSplitMain/@VBoxContainer@28/DockVSplitCenter/@VSplitContainer@70/@VBoxContainer@71/@EditorMainScreen@125/MainScreen/@Node3DEditor@9983/@MarginContainer@9320/@HFlowContainer@9321/@HBoxContainer@9322/@Button@9327 class=Button variation=FlatButton type=FlatButton slot=hover_mirrored bg=ff40ffff border=ccccccff
LEAK control_stylebox bg_source=base border_source= path=/root/@EditorNode@18065/@Panel@14/@VBoxContainer@15/DockHSplitMain/@VBoxContainer@28/DockVSplitCenter/@VSplitContainer@70/@VBoxContainer@71/@EditorMainScreen@125/MainScreen/@Node3DEditor@9983/@MarginContainer@9320/@HFlowContainer@9321/@HBoxContainer@9322/@Button@9327 class=Button variation=FlatButton type=FlatButton slot=hover_pressed_mirrored bg=ff40ffff border=ccccccff
LEAK control_stylebox bg_source=base border_source= path=/root/@EditorNode@18065/@Panel@14/@VBoxContainer@15/DockHSplitMain/@VBoxContainer@28/DockVSplitCenter/@VSplitContainer@70/@VBoxContainer@71/@EditorMainScreen@125/MainScreen/@Node3DEditor@9983/@MarginContainer@9320/@HFlowContainer@9321/@HBoxContainer@9322/@Button@9327 class=Button variation=FlatButton type=FlatButton slot=pressed_mirrored bg=ff40ffff border=ccccccff
LEAK control_stylebox bg_source=base border_source= path=/root/@EditorNode@18065/@Panel@14/@VBoxContainer@15/DockHSplitMain/@VBoxContainer@28/DockVSplitCenter/@VSplitContainer@70/@VBoxContainer@71/@EditorMainScreen@125/MainScreen/@Node3DEditor@9983/@MarginContainer@9320/@HFlowContainer@9321/@HBoxContainer@9322/@Button@9329 class=Button variation=FlatButton type=Button slot=hover_mirrored bg=ff40ffff border=ccccccff
LEAK control_stylebox bg_source=base border_source= path=/root/@EditorNode@18065/@Panel@14/@VBoxContainer@15/DockHSplitMain/@VBoxContainer@28/DockVSplitCenter/@VSplitContainer@70/@VBoxContainer@71/@EditorMainScreen@125/MainScreen/@Node3DEditor@9983/@MarginContainer@9320/@HFlowContainer@9321/@HBoxContainer@9322/@Button@9329 class=Button variation=FlatButton type=Button slot=hover_pressed_mirrored bg=ff40ffff border=ccccccff
LEAK control_stylebox bg_source=base border_source= path=/root/@EditorNode@18065/@Panel@14/@VBoxContainer@15/DockHSplitMain/@VBoxContainer@28/DockVSplitCenter/@VSplitContainer@70/@VBoxContainer@71/@EditorMainScreen@125/MainScreen/@Node3DEditor@9983/@MarginContainer@9320/@HFlowContainer@9321/@HBoxContainer@9322/@Button@9329 class=Button variation=FlatButton type=Button slot=pressed_mirrored bg=ff40ffff border=ccccccff
LEAK control_stylebox bg_source=base border_source= path=/root/@EditorNode@18065/@Panel@14/@VBoxContainer@15/DockHSplitMain/@VBoxContainer@28/DockVSplitCenter/@VSplitContainer@70/@VBoxContainer@71/@EditorMainScreen@125/MainScreen/@Node3DEditor@9983/@MarginContainer@9320/@HFlowContainer@9321/@HBoxContainer@9322/@Button@9329 class=Button variation=FlatButton type=FlatButton slot=hover_mirrored bg=ff40ffff border=ccccccff
LEAK control_stylebox bg_source=base border_source= path=/root/@EditorNode@18065/@Panel@14/@VBoxContainer@15/DockHSplitMain/@VBoxContainer@28/DockVSplitCenter/@VSplitContainer@70/@VBoxContainer@71/@EditorMainScreen@125/MainScreen/@Node3DEditor@9983/@MarginContainer@9320/@HFlowContainer@9321/@HBoxContainer@9322/@Button@9329 class=Button variation=FlatButton type=FlatButton slot=hover_pressed_mirrored bg=ff40ffff border=ccccccff
LEAK control_stylebox bg_source=base border_source= path=/root/@EditorNode@18065/@Panel@14/@VBoxContainer@15/DockHSplitMain/@VBoxContainer@28/DockVSplitCenter/@VSplitContainer@70/@VBoxContainer@71/@EditorMainScreen@125/MainScreen/@Node3DEditor@9983/@MarginContainer@9320/@HFlowContainer@9321/@HBoxContainer@9322/@Button@9329 class=Button variation=FlatButton type=FlatButton slot=pressed_mirrored bg=ff40ffff border=ccccccff
LEAK control_stylebox bg_source=base border_source= path=/root/@EditorNode@18065/@Panel@14/@VBoxContainer@15/DockHSplitMain/@VBoxContainer@28/DockVSplitCenter/@VSplitContainer@70/@VBoxContainer@71/@EditorMainScreen@125/MainScreen/@Node3DEditor@9983/@MarginContainer@9320/@HFlowContainer@9321/@HBoxContainer@9322/@Button@9330 class=Button variation=FlatButton type=Button slot=hover_mirrored bg=ff40ffff border=ccccccff
LEAK control_stylebox bg_source=base border_source= path=/root/@EditorNode@18065/@Panel@14/@VBoxContainer@15/DockHSplitMain/@VBoxContainer@28/DockVSplitCenter/@VSplitContainer@70/@VBoxContainer@71/@EditorMainScreen@125/MainScreen/@Node3DEditor@9983/@MarginContainer@9320/@HFlowContainer@9321/@HBoxContainer@9322/@Button@9330 class=Button variation=FlatButton type=Button slot=hover_pressed_mirrored bg=ff40ffff border=ccccccff
LEAK control_stylebox bg_source=base border_source= path=/root/@EditorNode@18065/@Panel@14/@VBoxContainer@15/DockHSplitMain/@VBoxContainer@28/DockVSplitCenter/@VSplitContainer@70/@VBoxContainer@71/@EditorMainScreen@125/MainScreen/@Node3DEditor@9983/@MarginContainer@9320/@HFlowContainer@9321/@HBoxContainer@9322/@Button@9330 class=Button variation=FlatButton type=Button slot=pressed_mirrored bg=ff40ffff border=ccccccff
LEAK control_stylebox bg_source=base border_source= path=/root/@EditorNode@18065/@Panel@14/@VBoxContainer@15/DockHSplitMain/@VBoxContainer@28/DockVSplitCenter/@VSplitContainer@70/@VBoxContainer@71/@EditorMainScreen@125/MainScreen/@Node3DEditor@9983/@MarginContainer@9320/@HFlowContainer@9321/@HBoxContainer@9322/@Button@9330 class=Button variation=FlatButton type=FlatButton slot=hover_mirrored bg=ff40ffff border=ccccccff
LEAK control_stylebox bg_source=base border_source= path=/root/@EditorNode@18065/@Panel@14/@VBoxContainer@15/DockHSplitMain/@VBoxContainer@28/DockVSplitCenter/@VSplitContainer@70/@VBoxContainer@71/@EditorMainScreen@125/MainScreen/@Node3DEditor@9983/@MarginContainer@9320/@HFlowContainer@9321/@HBoxContainer@9322/@Button@9330 class=Button variation=FlatButton type=FlatButton slot=hover_pressed_mirrored bg=ff40ffff border=ccccccff
LEAK control_stylebox bg_source=base border_source= path=/root/@EditorNode@18065/@Panel@14/@VBoxContainer@15/DockHSplitMain/@VBoxContainer@28/DockVSplitCenter/@VSplitContainer@70/@VBoxContainer@71/@EditorMainScreen@125/MainScreen/@Node3DEditor@9983/@MarginContainer@9320/@HFlowContainer@9321/@HBoxContainer@9322/@Button@9330 class=Button variation=FlatButton type=FlatButton slot=pressed_mirrored bg=ff40ffff border=ccccccff
LEAK control_stylebox bg_source=base border_source= path=/root/@EditorNode@18065/@Panel@14/@VBoxContainer@15/DockHSplitMain/@VBoxContainer@28/DockVSplitCenter/@VSplitContainer@70/@VBoxContainer@71/@EditorMainScreen@125/MainScreen/@Node3DEditor@9983/@MarginContainer@9320/@HFlowContainer@9321/@HBoxContainer@9322/@Button@9331 class=Button variation=FlatButton type=Button slot=hover_mirrored bg=ff40ffff border=ccccccff
LEAK control_stylebox bg_source=base border_source= path=/root/@EditorNode@18065/@Panel@14/@VBoxContainer@15/DockHSplitMain/@VBoxContainer@28/DockVSplitCenter/@VSplitContainer@70/@VBoxContainer@71/@EditorMainScreen@125/MainScreen/@Node3DEditor@9983/@MarginContainer@9320/@HFlowContainer@9321/@HBoxContainer@9322/@Button@9331 class=Button variation=FlatButton type=Button slot=hover_pressed_mirrored bg=ff40ffff border=ccccccff
LEAK control_stylebox bg_source=base border_source= path=/root/@EditorNode@18065/@Panel@14/@VBoxContainer@15/DockHSplitMain/@VBoxContainer@28/DockVSplitCenter/@VSplitContainer@70/@VBoxContainer@71/@EditorMainScreen@125/MainScreen/@Node3DEditor@9983/@MarginContainer@9320/@HFlowContainer@9321/@HBoxContainer@9322/@Button@9331 class=Button variation=FlatButton type=Button slot=pressed_mirrored bg=ff40ffff border=ccccccff
LEAK control_stylebox bg_source=base border_source= path=/root/@EditorNode@18065/@Panel@14/@VBoxContainer@15/DockHSplitMain/@VBoxContainer@28/DockVSplitCenter/@VSplitContainer@70/@VBoxContainer@71/@EditorMainScreen@125/MainScreen/@Node3DEditor@9983/@MarginContainer@9320/@HFlowContainer@9321/@HBoxContainer@9322/@Button@9331 class=Button variation=FlatButton type=FlatButton slot=hover_mirrored bg=ff40ffff border=ccccccff
LEAK control_stylebox bg_source=base border_source= path=/root/@EditorNode@18065/@Panel@14/@VBoxContainer@15/DockHSplitMain/@VBoxContainer@28/DockVSplitCenter/@VSplitContainer@70/@VBoxContainer@71/@EditorMainScreen@125/MainScreen/@Node3DEditor@9983/@MarginContainer@9320/@HFlowContainer@9321/@HBoxContainer@9322/@Button@9331 class=Button variation=FlatButton type=FlatButton slot=hover_pressed_mirrored bg=ff40ffff border=ccccccff
LEAK control_stylebox bg_source=base border_source= path=/root/@EditorNode@18065/@Panel@14/@VBoxContainer@15/DockHSplitMain/@VBoxContainer@28/DockVSplitCenter/@VSplitContainer@70/@VBoxContainer@71/@EditorMainScreen@125/MainScreen/@Node3DEditor@9983/@MarginContainer@9320/@HFlowContainer@9321/@HBoxContainer@9322/@Button@9331 class=Button variation=FlatButton type=FlatButton slot=pressed_mirrored bg=ff40ffff border=ccccccff
LEAK control_stylebox bg_source=base border_source= path=/root/@EditorNode@18065/@Panel@14/@VBoxContainer@15/DockHSplitMain/@VBoxContainer@28/DockVSplitCenter/@VSplitContainer@70/@VBoxContainer@71/@EditorMainScreen@125/MainScreen/@Node3DEditor@9983/@MarginContainer@9320/@HFlowContainer@9321/@HBoxContainer@9322/@Button@9332 class=Button variation=FlatButton type=Button slot=hover_mirrored bg=ff40ffff border=ccccccff
LEAK control_stylebox bg_source=base border_source= path=/root/@EditorNode@18065/@Panel@14/@VBoxContainer@15/DockHSplitMain/@VBoxContainer@28/DockVSplitCenter/@VSplitContainer@70/@VBoxContainer@71/@EditorMainScreen@125/MainScreen/@Node3DEditor@9983/@MarginContainer@9320/@HFlowContainer@9321/@HBoxContainer@9322/@Button@9332 class=Button variation=FlatButton type=Button slot=hover_pressed_mirrored bg=ff40ffff border=ccccccff
LEAK control_stylebox bg_source=base border_source= path=/root/@EditorNode@18065/@Panel@14/@VBoxContainer@15/DockHSplitMain/@VBoxContainer@28/DockVSplitCenter/@VSplitContainer@70/@VBoxContainer@71/@EditorMainScreen@125/MainScreen/@Node3DEditor@9983/@MarginContainer@9320/@HFlowContainer@9321/@HBoxContainer@9322/@Button@9332 class=Button variation=FlatButton type=Button slot=pressed_mirrored bg=ff40ffff border=ccccccff
LEAK control_stylebox bg_source=base border_source= path=/root/@EditorNode@18065/@Panel@14/@VBoxContainer@15/DockHSplitMain/@VBoxContainer@28/DockVSplitCenter/@VSplitContainer@70/@VBoxContainer@71/@EditorMainScreen@125/MainScreen/@Node3DEditor@9983/@MarginContainer@9320/@HFlowContainer@9321/@HBoxContainer@9322/@Button@9332 class=Button variation=FlatButton type=FlatButton slot=hover_mirrored bg=ff40ffff border=ccccccff
LEAK control_stylebox bg_source=base border_source= path=/root/@EditorNode@18065/@Panel@14/@VBoxContainer@15/DockHSplitMain/@VBoxContainer@28/DockVSplitCenter/@VSplitContainer@70/@VBoxContainer@71/@EditorMainScreen@125/MainScreen/@Node3DEditor@9983/@MarginContainer@9320/@HFlowContainer@9321/@HBoxContainer@9322/@Button@9332 class=Button variation=FlatButton type=FlatButton slot=hover_pressed_mirrored bg=ff40ffff border=ccccccff
LEAK control_stylebox bg_source=base border_source= path=/root/@EditorNode@18065/@Panel@14/@VBoxContainer@15/DockHSplitMain/@VBoxContainer@28/DockVSplitCenter/@VSplitContainer@70/@VBoxContainer@71/@EditorMainScreen@125/MainScreen/@Node3DEditor@9983/@MarginContainer@9320/@HFlowContainer@9321/@HBoxContainer@9322/@Button@9332 class=Button variation=FlatButton type=FlatButton slot=pressed_mirrored bg=ff40ffff border=ccccccff
LEAK control_stylebox bg_source=base border_source= path=/root/@EditorNode@18065/@Panel@14/@VBoxContainer@15/DockHSplitMain/@VBoxContainer@28/DockVSplitCenter/@VSplitContainer@70/@VBoxContainer@71/@EditorMainScreen@125/MainScreen/@Node3DEditor@9983/@MarginContainer@9320/@HFlowContainer@9321/@HBoxContainer@9322/@Button@9333 class=Button variation=FlatButton type=Button slot=hover_mirrored bg=ff40ffff border=ccccccff
LEAK control_stylebox bg_source=base border_source= path=/root/@EditorNode@18065/@Panel@14/@VBoxContainer@15/DockHSplitMain/@VBoxContainer@28/DockVSplitCenter/@VSplitContainer@70/@VBoxContainer@71/@EditorMainScreen@125/MainScreen/@Node3DEditor@9983/@MarginContainer@9320/@HFlowContainer@9321/@HBoxContainer@9322/@Button@9333 class=Button variation=FlatButton type=Button slot=hover_pressed_mirrored bg=ff40ffff border=ccccccff
LEAK control_stylebox bg_source=base border_source= path=/root/@EditorNode@18065/@Panel@14/@VBoxContainer@15/DockHSplitMain/@VBoxContainer@28/DockVSplitCenter/@VSplitContainer@70/@VBoxContainer@71/@EditorMainScreen@125/MainScreen/@Node3DEditor@9983/@MarginContainer@9320/@HFlowContainer@9321/@HBoxContainer@9322/@Button@9333 class=Button variation=FlatButton type=Button slot=pressed_mirrored bg=ff40ffff border=ccccccff
LEAK control_stylebox bg_source=base border_source= path=/root/@EditorNode@18065/@Panel@14/@VBoxContainer@15/DockHSplitMain/@VBoxContainer@28/DockVSplitCenter/@VSplitContainer@70/@VBoxContainer@71/@EditorMainScreen@125/MainScreen/@Node3DEditor@9983/@MarginContainer@9320/@HFlowContainer@9321/@HBoxContainer@9322/@Button@9333 class=Button variation=FlatButton type=FlatButton slot=hover_mirrored bg=ff40ffff border=ccccccff
LEAK control_stylebox bg_source=base border_source= path=/root/@EditorNode@18065/@Panel@14/@VBoxContainer@15/DockHSplitMain/@VBoxContainer@28/DockVSplitCenter/@VSplitContainer@70/@VBoxContainer@71/@EditorMainScreen@125/MainScreen/@Node3DEditor@9983/@MarginContainer@9320/@HFlowContainer@9321/@HBoxContainer@9322/@Button@9333 class=Button variation=FlatButton type=FlatButton slot=hover_pressed_mirrored bg=ff40ffff border=ccccccff
LEAK control_stylebox bg_source=base border_source= path=/root/@EditorNode@18065/@Panel@14/@VBoxContainer@15/DockHSplitMain/@VBoxContainer@28/DockVSplitCenter/@VSplitContainer@70/@VBoxContainer@71/@EditorMainScreen@125/MainScreen/@Node3DEditor@9983/@MarginContainer@9320/@HFlowContainer@9321/@HBoxContainer@9322/@Button@9333 class=Button variation=FlatButton type=FlatButton slot=pressed_mirrored bg=ff40ffff border=ccccccff
LEAK control_stylebox bg_source=base border_source= path=/root/@EditorNode@18065/@Panel@14/@VBoxContainer@15/DockHSplitMain/@VBoxContainer@28/DockVSplitCenter/@VSplitContainer@70/@VBoxContainer@71/@EditorMainScreen@125/MainScreen/@Node3DEditor@9983/@MarginContainer@9320/@HFlowContainer@9321/@HBoxContainer@9322/@Button@9334 class=Button variation=FlatButton type=Button slot=hover_mirrored bg=ff40ffff border=ccccccff
LEAK control_stylebox bg_source=base border_source= path=/root/@EditorNode@18065/@Panel@14/@VBoxContainer@15/DockHSplitMain/@VBoxContainer@28/DockVSplitCenter/@VSplitContainer@70/@VBoxContainer@71/@EditorMainScreen@125/MainScreen/@Node3DEditor@9983/@MarginContainer@9320/@HFlowContainer@9321/@HBoxContainer@9322/@Button@9334 class=Button variation=FlatButton type=Button slot=hover_pressed_mirrored bg=ff40ffff border=ccccccff
LEAK control_stylebox bg_source=base border_source= path=/root/@EditorNode@18065/@Panel@14/@VBoxContainer@15/DockHSplitMain/@VBoxContainer@28/DockVSplitCenter/@VSplitContainer@70/@VBoxContainer@71/@EditorMainScreen@125/MainScreen/@Node3DEditor@9983/@MarginContainer@9320/@HFlowContainer@9321/@HBoxContainer@9322/@Button@9334 class=Button variation=FlatButton type=Button slot=pressed_mirrored bg=ff40ffff border=ccccccff
LEAK control_stylebox bg_source=base border_source= path=/root/@EditorNode@18065/@Panel@14/@VBoxContainer@15/DockHSplitMain/@VBoxContainer@28/DockVSplitCenter/@VSplitContainer@70/@VBoxContainer@71/@EditorMainScreen@125/MainScreen/@Node3DEditor@9983/@MarginContainer@9320/@HFlowContainer@9321/@HBoxContainer@9322/@Button@9334 class=Button variation=FlatButton type=FlatButton slot=hover_mirrored bg=ff40ffff border=ccccccff
LEAK control_stylebox bg_source=base border_source= path=/root/@EditorNode@18065/@Panel@14/@VBoxContainer@15/DockHSplitMain/@VBoxContainer@28/DockVSplitCenter/@VSplitContainer@70/@VBoxContainer@71/@EditorMainScreen@125/MainScreen/@Node3DEditor@9983/@MarginContainer@9320/@HFlowContainer@9321/@HBoxContainer@9322/@Button@9334 class=Button variation=FlatButton type=FlatButton slot=hover_pressed_mirrored bg=ff40ffff border=ccccccff
LEAK control_stylebox bg_source=base border_source= path=/root/@EditorNode@18065/@Panel@14/@VBoxContainer@15/DockHSplitMain/@VBoxContainer@28/DockVSplitCenter/@VSplitContainer@70/@VBoxContainer@71/@EditorMainScreen@125/MainScreen/@Node3DEditor@9983/@MarginContainer@9320/@HFlowContainer@9321/@HBoxContainer@9322/@Button@9334 class=Button variation=FlatButton type=FlatButton slot=pressed_mirrored bg=ff40ffff border=ccccccff
LEAK control_stylebox bg_source=base border_source= path=/root/@EditorNode@18065/@Panel@14/@VBoxContainer@15/DockHSplitMain/@VBoxContainer@28/DockVSplitCenter/@VSplitContainer@70/@VBoxContainer@71/@EditorMainScreen@125/MainScreen/@Node3DEditor@9983/@MarginContainer@9320/@HFlowContainer@9321/@HBoxContainer@9322/@Button@9336 class=Button variation=FlatButton type=Button slot=hover_mirrored bg=ff40ffff border=ccccccff
LEAK control_stylebox bg_source=base border_source= path=/root/@EditorNode@18065/@Panel@14/@VBoxContainer@15/DockHSplitMain/@VBoxContainer@28/DockVSplitCenter/@VSplitContainer@70/@VBoxContainer@71/@EditorMainScreen@125/MainScreen/@Node3DEditor@9983/@MarginContainer@9320/@HFlowContainer@9321/@HBoxContainer@9322/@Button@9336 class=Button variation=FlatButton type=Button slot=hover_pressed_mirrored bg=ff40ffff border=ccccccff
LEAK control_stylebox bg_source=base border_source= path=/root/@EditorNode@18065/@Panel@14/@VBoxContainer@15/DockHSplitMain/@VBoxContainer@28/DockVSplitCenter/@VSplitContainer@70/@VBoxContainer@71/@EditorMainScreen@125/MainScreen/@Node3DEditor@9983/@MarginContainer@9320/@HFlowContainer@9321/@HBoxContainer@9322/@Button@9336 class=Button variation=FlatButton type=Button slot=pressed_mirrored bg=ff40ffff border=ccccccff
LEAK control_stylebox bg_source=base border_source= path=/root/@EditorNode@18065/@Panel@14/@VBoxContainer@15/DockHSplitMain/@VBoxContainer@28/DockVSplitCenter/@VSplitContainer@70/@VBoxContainer@71/@EditorMainScreen@125/MainScreen/@Node3DEditor@9983/@MarginContainer@9320/@HFlowContainer@9321/@HBoxContainer@9322/@Button@9336 class=Button variation=FlatButton type=FlatButton slot=hover_mirrored bg=ff40ffff border=ccccccff
LEAK control_stylebox bg_source=base border_source= path=/root/@EditorNode@18065/@Panel@14/@VBoxContainer@15/DockHSplitMain/@VBoxContainer@28/DockVSplitCenter/@VSplitContainer@70/@VBoxContainer@71/@EditorMainScreen@125/MainScreen/@Node3DEditor@9983/@MarginContainer@9320/@HFlowContainer@9321/@HBoxContainer@9322/@Button@9336 class=Button variation=FlatButton type=FlatButton slot=hover_pressed_mirrored bg=ff40ffff border=ccccccff
LEAK control_stylebox bg_source=base border_source= path=/root/@EditorNode@18065/@Panel@14/@VBoxContainer@15/DockHSplitMain/@VBoxContainer@28/DockVSplitCenter/@VSplitContainer@70/@VBoxContainer@71/@EditorMainScreen@125/MainScreen/@Node3DEditor@9983/@MarginContainer@9320/@HFlowContainer@9321/@HBoxContainer@9322/@Button@9336 class=Button variation=FlatButton type=FlatButton slot=pressed_mirrored bg=ff40ffff border=ccccccff
LEAK control_stylebox bg_source=base border_source= path=/root/@EditorNode@18065/@Panel@14/@VBoxContainer@15/DockHSplitMain/@VBoxContainer@28/DockVSplitCenter/@VSplitContainer@70/@VBoxContainer@71/@EditorMainScreen@125/MainScreen/@Node3DEditor@9983/@MarginContainer@9320/@HFlowContainer@9321/@HBoxContainer@9322/@Button@9337 class=Button variation=FlatButton type=Button slot=hover_mirrored bg=ff40ffff border=ccccccff
LEAK control_stylebox bg_source=base border_source= path=/root/@EditorNode@18065/@Panel@14/@VBoxContainer@15/DockHSplitMain/@VBoxContainer@28/DockVSplitCenter/@VSplitContainer@70/@VBoxContainer@71/@EditorMainScreen@125/MainScreen/@Node3DEditor@9983/@MarginContainer@9320/@HFlowContainer@9321/@HBoxContainer@9322/@Button@9337 class=Button variation=FlatButton type=Button slot=hover_pressed_mirrored bg=ff40ffff border=ccccccff
LEAK control_stylebox bg_source=base border_source= path=/root/@EditorNode@18065/@Panel@14/@VBoxContainer@15/DockHSplitMain/@VBoxContainer@28/DockVSplitCenter/@VSplitContainer@70/@VBoxContainer@71/@EditorMainScreen@125/MainScreen/@Node3DEditor@9983/@MarginContainer@9320/@HFlowContainer@9321/@HBoxContainer@9322/@Button@9337 class=Button variation=FlatButton type=Button slot=pressed_mirrored bg=ff40ffff border=ccccccff
LEAK control_stylebox bg_source=base border_source= path=/root/@EditorNode@18065/@Panel@14/@VBoxContainer@15/DockHSplitMain/@VBoxContainer@28/DockVSplitCenter/@VSplitContainer@70/@VBoxContainer@71/@EditorMainScreen@125/MainScreen/@Node3DEditor@9983/@MarginContainer@9320/@HFlowContainer@9321/@HBoxContainer@9322/@Button@9337 class=Button variation=FlatButton type=FlatButton slot=hover_mirrored bg=ff40ffff border=ccccccff
LEAK control_stylebox bg_source=base border_source= path=/root/@EditorNode@18065/@Panel@14/@VBoxContainer@15/DockHSplitMain/@VBoxContainer@28/DockVSplitCenter/@VSplitContainer@70/@VBoxContainer@71/@EditorMainScreen@125/MainScreen/@Node3DEditor@9983/@MarginContainer@9320/@HFlowContainer@9321/@HBoxContainer@9322/@Button@9337 class=Button variation=FlatButton type=FlatButton slot=hover_pressed_mirrored bg=ff40ffff border=ccccccff
LEAK control_stylebox bg_source=base border_source= path=/root/@EditorNode@18065/@Panel@14/@VBoxContainer@15/DockHSplitMain/@VBoxContainer@28/DockVSplitCenter/@VSplitContainer@70/@VBoxContainer@71/@EditorMainScreen@125/MainScreen/@Node3DEditor@9983/@MarginContainer@9320/@HFlowContainer@9321/@HBoxContainer@9322/@Button@9337 class=Button variation=FlatButton type=FlatButton slot=pressed_mirrored bg=ff40ffff border=ccccccff
LEAK control_stylebox bg_source=base border_source= path=/root/@EditorNode@18065/@Panel@14/@VBoxContainer@15/DockHSplitMain/@VBoxContainer@28/DockVSplitCenter/@VSplitContainer@70/@VBoxContainer@71/@EditorMainScreen@125/MainScreen/@Node3DEditor@9983/@MarginContainer@9320/@HFlowContainer@9321/@HBoxContainer@9322/@Button@9339 class=Button variation=FlatButton type=Button slot=hover_mirrored bg=ff40ffff border=ccccccff
LEAK control_stylebox bg_source=base border_source= path=/root/@EditorNode@18065/@Panel@14/@VBoxContainer@15/DockHSplitMain/@VBoxContainer@28/DockVSplitCenter/@VSplitContainer@70/@VBoxContainer@71/@EditorMainScreen@125/MainScreen/@Node3DEditor@9983/@MarginContainer@9320/@HFlowContainer@9321/@HBoxContainer@9322/@Button@9339 class=Button variation=FlatButton type=Button slot=hover_pressed_mirrored bg=ff40ffff border=ccccccff
LEAK control_stylebox bg_source=base border_source= path=/root/@EditorNode@18065/@Panel@14/@VBoxContainer@15/DockHSplitMain/@VBoxContainer@28/DockVSplitCenter/@VSplitContainer@70/@VBoxContainer@71/@EditorMainScreen@125/MainScreen/@Node3DEditor@9983/@MarginContainer@9320/@HFlowContainer@9321/@HBoxContainer@9322/@Button@9339 class=Button variation=FlatButton type=Button slot=pressed_mirrored bg=ff40ffff border=ccccccff
LEAK control_stylebox bg_source=base border_source= path=/root/@EditorNode@18065/@Panel@14/@VBoxContainer@15/DockHSplitMain/@VBoxContainer@28/DockVSplitCenter/@VSplitContainer@70/@VBoxContainer@71/@EditorMainScreen@125/MainScreen/@Node3DEditor@9983/@MarginContainer@9320/@HFlowContainer@9321/@HBoxContainer@9322/@Button@9339 class=Button variation=FlatButton type=FlatButton slot=hover_mirrored bg=ff40ffff border=ccccccff
LEAK control_stylebox bg_source=base border_source= path=/root/@EditorNode@18065/@Panel@14/@VBoxContainer@15/DockHSplitMain/@VBoxContainer@28/DockVSplitCenter/@VSplitContainer@70/@VBoxContainer@71/@EditorMainScreen@125/MainScreen/@Node3DEditor@9983/@MarginContainer@9320/@HFlowContainer@9321/@HBoxContainer@9322/@Button@9339 class=Button variation=FlatButton type=FlatButton slot=hover_pressed_mirrored bg=ff40ffff border=ccccccff
LEAK control_stylebox bg_source=base border_source= path=/root/@EditorNode@18065/@Panel@14/@VBoxContainer@15/DockHSplitMain/@VBoxContainer@28/DockVSplitCenter/@VSplitContainer@70/@VBoxContainer@71/@EditorMainScreen@125/MainScreen/@Node3DEditor@9983/@MarginContainer@9320/@HFlowContainer@9321/@HBoxContainer@9322/@Button@9339 class=Button variation=FlatButton type=FlatButton slot=pressed_mirrored bg=ff40ffff border=ccccccff
LEAK control_stylebox bg_source=base border_source= path=/root/@EditorNode@18065/@Panel@14/@VBoxContainer@15/DockHSplitMain/@VBoxContainer@28/DockVSplitCenter/@VSplitContainer@70/@VBoxContainer@71/@EditorMainScreen@125/MainScreen/@Node3DEditor@9983/@MarginContainer@9320/@HFlowContainer@9321/@HBoxContainer@9322/@Button@9340 class=Button variation=FlatButton type=Button slot=hover_mirrored bg=ff40ffff border=ccccccff
LEAK control_stylebox bg_source=base border_source= path=/root/@EditorNode@18065/@Panel@14/@VBoxContainer@15/DockHSplitMain/@VBoxContainer@28/DockVSplitCenter/@VSplitContainer@70/@VBoxContainer@71/@EditorMainScreen@125/MainScreen/@Node3DEditor@9983/@MarginContainer@9320/@HFlowContainer@9321/@HBoxContainer@9322/@Button@9340 class=Button variation=FlatButton type=Button slot=hover_pressed_mirrored bg=ff40ffff border=ccccccff
LEAK control_stylebox bg_source=base border_source= path=/root/@EditorNode@18065/@Panel@14/@VBoxContainer@15/DockHSplitMain/@VBoxContainer@28/DockVSplitCenter/@VSplitContainer@70/@VBoxContainer@71/@EditorMainScreen@125/MainScreen/@Node3DEditor@9983/@MarginContainer@9320/@HFlowContainer@9321/@HBoxContainer@9322/@Button@9340 class=Button variation=FlatButton type=Button slot=pressed_mirrored bg=ff40ffff border=ccccccff
LEAK control_stylebox bg_source=base border_source= path=/root/@EditorNode@18065/@Panel@14/@VBoxContainer@15/DockHSplitMain/@VBoxContainer@28/DockVSplitCenter/@VSplitContainer@70/@VBoxContainer@71/@EditorMainScreen@125/MainScreen/@Node3DEditor@9983/@MarginContainer@9320/@HFlowContainer@9321/@HBoxContainer@9322/@Button@9340 class=Button variation=FlatButton type=FlatButton slot=hover_mirrored bg=ff40ffff border=ccccccff
LEAK control_stylebox bg_source=base border_source= path=/root/@EditorNode@18065/@Panel@14/@VBoxContainer@15/DockHSplitMain/@VBoxContainer@28/DockVSplitCenter/@VSplitContainer@70/@VBoxContainer@71/@EditorMainScreen@125/MainScreen/@Node3DEditor@9983/@MarginContainer@9320/@HFlowContainer@9321/@HBoxContainer@9322/@Button@9340 class=Button variation=FlatButton type=FlatButton slot=hover_pressed_mirrored bg=ff40ffff border=ccccccff
LEAK control_stylebox bg_source=base border_source= path=/root/@EditorNode@18065/@Panel@14/@VBoxContainer@15/DockHSplitMain/@VBoxContainer@28/DockVSplitCenter/@VSplitContainer@70/@VBoxContainer@71/@EditorMainScreen@125/MainScreen/@Node3DEditor@9983/@MarginContainer@9320/@HFlowContainer@9321/@HBoxContainer@9322/@Button@9340 class=Button variation=FlatButton type=FlatButton slot=pressed_mirrored bg=ff40ffff border=ccccccff
LEAK control_stylebox bg_source=base border_source= path=/root/@EditorNode@18065/@Panel@14/@VBoxContainer@15/DockHSplitMain/@VBoxContainer@28/DockVSplitCenter/@VSplitContainer@70/@VBoxContainer@71/@EditorMainScreen@125/MainScreen/@Node3DEditor@9983/@MarginContainer@9320/@HFlowContainer@9321/@HBoxContainer@9322/@Button@9341 class=Button variation=FlatButton type=Button slot=hover_mirrored bg=ff40ffff border=ccccccff
LEAK control_stylebox bg_source=base border_source= path=/root/@EditorNode@18065/@Panel@14/@VBoxContainer@15/DockHSplitMain/@VBoxContainer@28/DockVSplitCenter/@VSplitContainer@70/@VBoxContainer@71/@EditorMainScreen@125/MainScreen/@Node3DEditor@9983/@MarginContainer@9320/@HFlowContainer@9321/@HBoxContainer@9322/@Button@9341 class=Button variation=FlatButton type=Button slot=hover_pressed_mirrored bg=ff40ffff border=ccccccff
LEAK control_stylebox bg_source=base border_source= path=/root/@EditorNode@18065/@Panel@14/@VBoxContainer@15/DockHSplitMain/@VBoxContainer@28/DockVSplitCenter/@VSplitContainer@70/@VBoxContainer@71/@EditorMainScreen@125/MainScreen/@Node3DEditor@9983/@MarginContainer@9320/@HFlowContainer@9321/@HBoxContainer@9322/@Button@9341 class=Button variation=FlatButton type=Button slot=pressed_mirrored bg=ff40ffff border=ccccccff
LEAK control_stylebox bg_source=base border_source= path=/root/@EditorNode@18065/@Panel@14/@VBoxContainer@15/DockHSplitMain/@VBoxContainer@28/DockVSplitCenter/@VSplitContainer@70/@VBoxContainer@71/@EditorMainScreen@125/MainScreen/@Node3DEditor@9983/@MarginContainer@9320/@HFlowContainer@9321/@HBoxContainer@9322/@Button@9341 class=Button variation=FlatButton type=FlatButton slot=hover_mirrored bg=ff40ffff border=ccccccff
LEAK control_stylebox bg_source=base border_source= path=/root/@EditorNode@18065/@Panel@14/@VBoxContainer@15/DockHSplitMain/@VBoxContainer@28/DockVSplitCenter/@VSplitContainer@70/@VBoxContainer@71/@EditorMainScreen@125/MainScreen/@Node3DEditor@9983/@MarginContainer@9320/@HFlowContainer@9321/@HBoxContainer@9322/@Button@9341 class=Button variation=FlatButton type=FlatButton slot=hover_pressed_mirrored bg=ff40ffff border=ccccccff
LEAK control_stylebox bg_source=base border_source= path=/root/@EditorNode@18065/@Panel@14/@VBoxContainer@15/DockHSplitMain/@VBoxContainer@28/DockVSplitCenter/@VSplitContainer@70/@VBoxContainer@71/@EditorMainScreen@125/MainScreen/@Node3DEditor@9983/@MarginContainer@9320/@HFlowContainer@9321/@HBoxContainer@9322/@Button@9341 class=Button variation=FlatButton type=FlatButton slot=pressed_mirrored bg=ff40ffff border=ccccccff
LEAK control_stylebox bg_source=base border_source= path=/root/@EditorNode@18065/@Panel@14/@VBoxContainer@15/DockHSplitMain/@VBoxContainer@28/DockVSplitCenter/@VSplitContainer@70/@VBoxContainer@71/@EditorMainScreen@125/MainScreen/@Node3DEditor@9983/@MarginContainer@9320/@HFlowContainer@9321/@HBoxContainer@9322/@MenuButton@9351 class=MenuButton variation=FlatMenuButton type=FlatMenuButton slot=hover_mirrored bg=ff40ffff border=ccccccff
LEAK control_stylebox bg_source=base border_source= path=/root/@EditorNode@18065/@Panel@14/@VBoxContainer@15/DockHSplitMain/@VBoxContainer@28/DockVSplitCenter/@VSplitContainer@70/@VBoxContainer@71/@EditorMainScreen@125/MainScreen/@Node3DEditor@9983/@MarginContainer@9320/@HFlowContainer@9321/@HBoxContainer@9322/@MenuButton@9351 class=MenuButton variation=FlatMenuButton type=FlatMenuButton slot=hover_pressed_mirrored bg=ff40ffff border=ccccccff
LEAK control_stylebox bg_source=base border_source= path=/root/@EditorNode@18065/@Panel@14/@VBoxContainer@15/DockHSplitMain/@VBoxContainer@28/DockVSplitCenter/@VSplitContainer@70/@VBoxContainer@71/@EditorMainScreen@125/MainScreen/@Node3DEditor@9983/@MarginContainer@9320/@HFlowContainer@9321/@HBoxContainer@9322/@MenuButton@9351 class=MenuButton variation=FlatMenuButton type=FlatMenuButton slot=pressed_mirrored bg=ff40ffff border=ccccccff
LEAK control_stylebox bg_source=base border_source= path=/root/@EditorNode@18065/@Panel@14/@VBoxContainer@15/DockHSplitMain/@VBoxContainer@28/DockVSplitCenter/@VSplitContainer@70/@VBoxContainer@71/@EditorMainScreen@125/MainScreen/@Node3DEditor@9983/@MarginContainer@9320/@HFlowContainer@9321/@HBoxContainer@9322/@MenuButton@9360 class=MenuButton variation=FlatMenuButton type=FlatMenuButton slot=hover_mirrored bg=ff40ffff border=ccccccff
LEAK control_stylebox bg_source=base border_source= path=/root/@EditorNode@18065/@Panel@14/@VBoxContainer@15/DockHSplitMain/@VBoxContainer@28/DockVSplitCenter/@VSplitContainer@70/@VBoxContainer@71/@EditorMainScreen@125/MainScreen/@Node3DEditor@9983/@MarginContainer@9320/@HFlowContainer@9321/@HBoxContainer@9322/@MenuButton@9360 class=MenuButton variation=FlatMenuButton type=FlatMenuButton slot=hover_pressed_mirrored bg=ff40ffff border=ccccccff
LEAK control_stylebox bg_source=base border_source= path=/root/@EditorNode@18065/@Panel@14/@VBoxContainer@15/DockHSplitMain/@VBoxContainer@28/DockVSplitCenter/@VSplitContainer@70/@VBoxContainer@71/@EditorMainScreen@125/MainScreen/@Node3DEditor@9983/@MarginContainer@9320/@HFlowContainer@9321/@HBoxContainer@9322/@MenuButton@9360 class=MenuButton variation=FlatMenuButton type=FlatMenuButton slot=pressed_mirrored bg=ff40ffff border=ccccccff
LEAK control_stylebox bg_source=base border_source= path=/root/@EditorNode@18065/@Panel@14/@VBoxContainer@15/DockHSplitMain/@VBoxContainer@28/DockVSplitCenter/@VSplitContainer@70/@VBoxContainer@71/@EditorMainScreen@125/MainScreen/@Node3DEditor@9983/@MarginContainer@9320/@HFlowContainer@9321/@PanelContainer@9363/@HBoxContainer@9362/@Button@13492 class=Button variation=FlatButton type=Button slot=hover_mirrored bg=ff40ffff border=ccccccff
LEAK control_stylebox bg_source=base border_source= path=/root/@EditorNode@18065/@Panel@14/@VBoxContainer@15/DockHSplitMain/@VBoxContainer@28/DockVSplitCenter/@VSplitContainer@70/@VBoxContainer@71/@EditorMainScreen@125/MainScreen/@Node3DEditor@9983/@MarginContainer@9320/@HFlowContainer@9321/@PanelContainer@9363/@HBoxContainer@9362/@Button@13492 class=Button variation=FlatButton type=Button slot=hover_pressed_mirrored bg=ff40ffff border=ccccccff
LEAK control_stylebox bg_source=base border_source= path=/root/@EditorNode@18065/@Panel@14/@VBoxContainer@15/DockHSplitMain/@VBoxContainer@28/DockVSplitCenter/@VSplitContainer@70/@VBoxContainer@71/@EditorMainScreen@125/MainScreen/@Node3DEditor@9983/@MarginContainer@9320/@HFlowContainer@9321/@PanelContainer@9363/@HBoxContainer@9362/@Button@13492 class=Button variation=FlatButton type=Button slot=pressed_mirrored bg=ff40ffff border=ccccccff
LEAK control_stylebox bg_source=base border_source= path=/root/@EditorNode@18065/@Panel@14/@VBoxContainer@15/DockHSplitMain/@VBoxContainer@28/DockVSplitCenter/@VSplitContainer@70/@VBoxContainer@71/@EditorMainScreen@125/MainScreen/@Node3DEditor@9983/@MarginContainer@9320/@HFlowContainer@9321/@PanelContainer@9363/@HBoxContainer@9362/@Button@13492 class=Button variation=FlatButton type=FlatButton slot=hover_mirrored bg=ff40ffff border=ccccccff
LEAK control_stylebox bg_source=base border_source= path=/root/@EditorNode@18065/@Panel@14/@VBoxContainer@15/DockHSplitMain/@VBoxContainer@28/DockVSplitCenter/@VSplitContainer@70/@VBoxContainer@71/@EditorMainScreen@125/MainScreen/@Node3DEditor@9983/@MarginContainer@9320/@HFlowContainer@9321/@PanelContainer@9363/@HBoxContainer@9362/@Button@13492 class=Button variation=FlatButton type=FlatButton slot=hover_pressed_mirrored bg=ff40ffff border=ccccccff
LEAK control_stylebox bg_source=base border_source= path=/root/@EditorNode@18065/@Panel@14/@VBoxContainer@15/DockHSplitMain/@VBoxContainer@28/DockVSplitCenter/@VSplitContainer@70/@VBoxContainer@71/@EditorMainScreen@125/MainScreen/@Node3DEditor@9983/@MarginContainer@9320/@HFlowContainer@9321/@PanelContainer@9363/@HBoxContainer@9362/@Button@13492 class=Button variation=FlatButton type=FlatButton slot=pressed_mirrored bg=ff40ffff border=ccccccff
LEAK control_stylebox bg_source=base border_source= path=/root/@EditorNode@18065/@Panel@14/@VBoxContainer@15/DockHSplitMain/@VBoxContainer@28/DockVSplitCenter/@VSplitContainer@70/@VBoxContainer@71/@EditorMainScreen@125/MainScreen/@Node3DEditor@9983/@MarginContainer@9320/@HFlowContainer@9321/@PanelContainer@9363/@HBoxContainer@9362/@Button@14031 class=Button variation=FlatButton type=Button slot=hover_mirrored bg=ff40ffff border=ccccccff
LEAK control_stylebox bg_source=base border_source= path=/root/@EditorNode@18065/@Panel@14/@VBoxContainer@15/DockHSplitMain/@VBoxContainer@28/DockVSplitCenter/@VSplitContainer@70/@VBoxContainer@71/@EditorMainScreen@125/MainScreen/@Node3DEditor@9983/@MarginContainer@9320/@HFlowContainer@9321/@PanelContainer@9363/@HBoxContainer@9362/@Button@14031 class=Button variation=FlatButton type=Button slot=hover_pressed_mirrored bg=ff40ffff border=ccccccff
LEAK control_stylebox bg_source=base border_source= path=/root/@EditorNode@18065/@Panel@14/@VBoxContainer@15/DockHSplitMain/@VBoxContainer@28/DockVSplitCenter/@VSplitContainer@70/@VBoxContainer@71/@EditorMainScreen@125/MainScreen/@Node3DEditor@9983/@MarginContainer@9320/@HFlowContainer@9321/@PanelContainer@9363/@HBoxContainer@9362/@Button@14031 class=Button variation=FlatButton type=Button slot=pressed_mirrored bg=ff40ffff border=ccccccff
LEAK control_stylebox bg_source=base border_source= path=/root/@EditorNode@18065/@Panel@14/@VBoxContainer@15/DockHSplitMain/@VBoxContainer@28/DockVSplitCenter/@VSplitContainer@70/@VBoxContainer@71/@EditorMainScreen@125/MainScreen/@Node3DEditor@9983/@MarginContainer@9320/@HFlowContainer@9321/@PanelContainer@9363/@HBoxContainer@9362/@Button@14031 class=Button variation=FlatButton type=FlatButton slot=hover_mirrored bg=ff40ffff border=ccccccff
LEAK control_stylebox bg_source=base border_source= path=/root/@EditorNode@18065/@Panel@14/@VBoxContainer@15/DockHSplitMain/@VBoxContainer@28/DockVSplitCenter/@VSplitContainer@70/@VBoxContainer@71/@EditorMainScreen@125/MainScreen/@Node3DEditor@9983/@MarginContainer@9320/@HFlowContainer@9321/@PanelContainer@9363/@HBoxContainer@9362/@Button@14031 class=Button variation=FlatButton type=FlatButton slot=hover_pressed_mirrored bg=ff40ffff border=ccccccff
LEAK control_stylebox bg_source=base border_source= path=/root/@EditorNode@18065/@Panel@14/@VBoxContainer@15/DockHSplitMain/@VBoxContainer@28/DockVSplitCenter/@VSplitContainer@70/@VBoxContainer@71/@EditorMainScreen@125/MainScreen/@Node3DEditor@9983/@MarginContainer@9320/@HFlowContainer@9321/@PanelContainer@9363/@HBoxContainer@9362/@Button@14031 class=Button variation=FlatButton type=FlatButton slot=pressed_mirrored bg=ff40ffff border=ccccccff
LEAK control_stylebox bg_source=base border_source= path=/root/@EditorNode@18065/@Panel@14/@VBoxContainer@15/DockHSplitMain/@VBoxContainer@28/DockVSplitCenter/@VSplitContainer@70/@VBoxContainer@71/@EditorMainScreen@125/MainScreen/@Node3DEditor@9983/@MarginContainer@9320/@HFlowContainer@9321/@PanelContainer@9363/@HBoxContainer@9362/@HBoxContainer@13345/@Button@13343 class=Button variation=FlatButton type=Button slot=hover_mirrored bg=ff40ffff border=ccccccff
LEAK control_stylebox bg_source=base border_source= path=/root/@EditorNode@18065/@Panel@14/@VBoxContainer@15/DockHSplitMain/@VBoxContainer@28/DockVSplitCenter/@VSplitContainer@70/@VBoxContainer@71/@EditorMainScreen@125/MainScreen/@Node3DEditor@9983/@MarginContainer@9320/@HFlowContainer@9321/@PanelContainer@9363/@HBoxContainer@9362/@HBoxContainer@13345/@Button@13343 class=Button variation=FlatButton type=Button slot=hover_pressed_mirrored bg=ff40ffff border=ccccccff
LEAK control_stylebox bg_source=base border_source= path=/root/@EditorNode@18065/@Panel@14/@VBoxContainer@15/DockHSplitMain/@VBoxContainer@28/DockVSplitCenter/@VSplitContainer@70/@VBoxContainer@71/@EditorMainScreen@125/MainScreen/@Node3DEditor@9983/@MarginContainer@9320/@HFlowContainer@9321/@PanelContainer@9363/@HBoxContainer@9362/@HBoxContainer@13345/@Button@13343 class=Button variation=FlatButton type=Button slot=pressed_mirrored bg=ff40ffff border=ccccccff
LEAK control_stylebox bg_source=base border_source= path=/root/@EditorNode@18065/@Panel@14/@VBoxContainer@15/DockHSplitMain/@VBoxContainer@28/DockVSplitCenter/@VSplitContainer@70/@VBoxContainer@71/@EditorMainScreen@125/MainScreen/@Node3DEditor@9983/@MarginContainer@9320/@HFlowContainer@9321/@PanelContainer@9363/@HBoxContainer@9362/@HBoxContainer@13345/@Button@13343 class=Button variation=FlatButton type=FlatButton slot=hover_mirrored bg=ff40ffff border=ccccccff
LEAK control_stylebox bg_source=base border_source= path=/root/@EditorNode@18065/@Panel@14/@VBoxContainer@15/DockHSplitMain/@VBoxContainer@28/DockVSplitCenter/@VSplitContainer@70/@VBoxContainer@71/@EditorMainScreen@125/MainScreen/@Node3DEditor@9983/@MarginContainer@9320/@HFlowContainer@9321/@PanelContainer@9363/@HBoxContainer@9362/@HBoxContainer@13345/@Button@13343 class=Button variation=FlatButton type=FlatButton slot=hover_pressed_mirrored bg=ff40ffff border=ccccccff
LEAK control_stylebox bg_source=base border_source= path=/root/@EditorNode@18065/@Panel@14/@VBoxContainer@15/DockHSplitMain/@VBoxContainer@28/DockVSplitCenter/@VSplitContainer@70/@VBoxContainer@71/@EditorMainScreen@125/MainScreen/@Node3DEditor@9983/@MarginContainer@9320/@HFlowContainer@9321/@PanelContainer@9363/@HBoxContainer@9362/@HBoxContainer@13345/@Button@13343 class=Button variation=FlatButton type=FlatButton slot=pressed_mirrored bg=ff40ffff border=ccccccff
LEAK control_stylebox bg_source=base border_source= path=/root/@EditorNode@18065/@Panel@14/@VBoxContainer@15/DockHSplitMain/@VBoxContainer@28/DockVSplitCenter/@VSplitContainer@70/@VBoxContainer@71/@EditorMainScreen@125/MainScreen/@Node3DEditor@9983/@MarginContainer@9320/@HFlowContainer@9321/@PanelContainer@9363/@HBoxContainer@9362/@HBoxContainer@14203/@HBoxContainer@14175/@Button@14176 class=Button variation=FlatButton type=Button slot=hover_mirrored bg=ff40ffff border=ccccccff
LEAK control_stylebox bg_source=base border_source= path=/root/@EditorNode@18065/@Panel@14/@VBoxContainer@15/DockHSplitMain/@VBoxContainer@28/DockVSplitCenter/@VSplitContainer@70/@VBoxContainer@71/@EditorMainScreen@125/MainScreen/@Node3DEditor@9983/@MarginContainer@9320/@HFlowContainer@9321/@PanelContainer@9363/@HBoxContainer@9362/@HBoxContainer@14203/@HBoxContainer@14175/@Button@14176 class=Button variation=FlatButton type=Button slot=hover_pressed_mirrored bg=ff40ffff border=ccccccff
LEAK control_stylebox bg_source=base border_source= path=/root/@EditorNode@18065/@Panel@14/@VBoxContainer@15/DockHSplitMain/@VBoxContainer@28/DockVSplitCenter/@VSplitContainer@70/@VBoxContainer@71/@EditorMainScreen@125/MainScreen/@Node3DEditor@9983/@MarginContainer@9320/@HFlowContainer@9321/@PanelContainer@9363/@HBoxContainer@9362/@HBoxContainer@14203/@HBoxContainer@14175/@Button@14176 class=Button variation=FlatButton type=Button slot=pressed_mirrored bg=ff40ffff border=ccccccff
LEAK control_stylebox bg_source=base border_source= path=/root/@EditorNode@18065/@Panel@14/@VBoxContainer@15/DockHSplitMain/@VBoxContainer@28/DockVSplitCenter/@VSplitContainer@70/@VBoxContainer@71/@EditorMainScreen@125/MainScreen/@Node3DEditor@9983/@MarginContainer@9320/@HFlowContainer@9321/@PanelContainer@9363/@HBoxContainer@9362/@HBoxContainer@14203/@HBoxContainer@14175/@Button@14176 class=Button variation=FlatButton type=FlatButton slot=hover_mirrored bg=ff40ffff border=ccccccff
LEAK control_stylebox bg_source=base border_source= path=/root/@EditorNode@18065/@Panel@14/@VBoxContainer@15/DockHSplitMain/@VBoxContainer@28/DockVSplitCenter/@VSplitContainer@70/@VBoxContainer@71/@EditorMainScreen@125/MainScreen/@Node3DEditor@9983/@MarginContainer@9320/@HFlowContainer@9321/@PanelContainer@9363/@HBoxContainer@9362/@HBoxContainer@14203/@HBoxContainer@14175/@Button@14176 class=Button variation=FlatButton type=FlatButton slot=hover_pressed_mirrored bg=ff40ffff border=ccccccff
LEAK control_stylebox bg_source=base border_source= path=/root/@EditorNode@18065/@Panel@14/@VBoxContainer@15/DockHSplitMain/@VBoxContainer@28/DockVSplitCenter/@VSplitContainer@70/@VBoxContainer@71/@EditorMainScreen@125/MainScreen/@Node3DEditor@9983/@MarginContainer@9320/@HFlowContainer@9321/@PanelContainer@9363/@HBoxContainer@9362/@HBoxContainer@14203/@HBoxContainer@14175/@Button@14176 class=Button variation=FlatButton type=FlatButton slot=pressed_mirrored bg=ff40ffff border=ccccccff
LEAK control_stylebox bg_source=base border_source= path=/root/@EditorNode@18065/@Panel@14/@VBoxContainer@15/DockHSplitMain/@VBoxContainer@28/DockVSplitCenter/@VSplitContainer@70/@VBoxContainer@71/@EditorMainScreen@125/MainScreen/@Node3DEditor@9983/@MarginContainer@9320/@HFlowContainer@9321/@PanelContainer@9363/@HBoxContainer@9362/@HBoxContainer@14203/@HBoxContainer@14175/@Button@14177 class=Button variation=FlatButton type=Button slot=hover_mirrored bg=ff40ffff border=ccccccff
LEAK control_stylebox bg_source=base border_source= path=/root/@EditorNode@18065/@Panel@14/@VBoxContainer@15/DockHSplitMain/@VBoxContainer@28/DockVSplitCenter/@VSplitContainer@70/@VBoxContainer@71/@EditorMainScreen@125/MainScreen/@Node3DEditor@9983/@MarginContainer@9320/@HFlowContainer@9321/@PanelContainer@9363/@HBoxContainer@9362/@HBoxContainer@14203/@HBoxContainer@14175/@Button@14177 class=Button variation=FlatButton type=Button slot=hover_pressed_mirrored bg=ff40ffff border=ccccccff
LEAK control_stylebox bg_source=base border_source= path=/root/@EditorNode@18065/@Panel@14/@VBoxContainer@15/DockHSplitMain/@VBoxContainer@28/DockVSplitCenter/@VSplitContainer@70/@VBoxContainer@71/@EditorMainScreen@125/MainScreen/@Node3DEditor@9983/@MarginContainer@9320/@HFlowContainer@9321/@PanelContainer@9363/@HBoxContainer@9362/@HBoxContainer@14203/@HBoxContainer@14175/@Button@14177 class=Button variation=FlatButton type=Button slot=pressed_mirrored bg=ff40ffff border=ccccccff
LEAK control_stylebox bg_source=base border_source= path=/root/@EditorNode@18065/@Panel@14/@VBoxContainer@15/DockHSplitMain/@VBoxContainer@28/DockVSplitCenter/@VSplitContainer@70/@VBoxContainer@71/@EditorMainScreen@125/MainScreen/@Node3DEditor@9983/@MarginContainer@9320/@HFlowContainer@9321/@PanelContainer@9363/@HBoxContainer@9362/@HBoxContainer@14203/@HBoxContainer@14175/@Button@14177 class=Button variation=FlatButton type=FlatButton slot=hover_mirrored bg=ff40ffff border=ccccccff
LEAK control_stylebox bg_source=base border_source= path=/root/@EditorNode@18065/@Panel@14/@VBoxContainer@15/DockHSplitMain/@VBoxContainer@28/DockVSplitCenter/@VSplitContainer@70/@VBoxContainer@71/@EditorMainScreen@125/MainScreen/@Node3DEditor@9983/@MarginContainer@9320/@HFlowContainer@9321/@PanelContainer@9363/@HBoxContainer@9362/@HBoxContainer@14203/@HBoxContainer@14175/@Button@14177 class=Button variation=FlatButton type=FlatButton slot=hover_pressed_mirrored bg=ff40ffff border=ccccccff
LEAK control_stylebox bg_source=base border_source= path=/root/@EditorNode@18065/@Panel@14/@VBoxContainer@15/DockHSplitMain/@VBoxContainer@28/DockVSplitCenter/@VSplitContainer@70/@VBoxContainer@71/@EditorMainScreen@125/MainScreen/@Node3DEditor@9983/@MarginContainer@9320/@HFlowContainer@9321/@PanelContainer@9363/@HBoxContainer@9362/@HBoxContainer@14203/@HBoxContainer@14175/@Button@14177 class=Button variation=FlatButton type=FlatButton slot=pressed_mirrored bg=ff40ffff border=ccccccff
LEAK control_stylebox bg_source=base border_source= path=/root/@EditorNode@18065/@Panel@14/@VBoxContainer@15/DockHSplitMain/@VBoxContainer@28/DockVSplitCenter/@VSplitContainer@70/@VBoxContainer@71/@EditorMainScreen@125/MainScreen/@Node3DEditor@9983/@MarginContainer@9320/@HFlowContainer@9321/@PanelContainer@9363/@HBoxContainer@9362/@HBoxContainer@14203/@HBoxContainer@14175/@Button@14178 class=Button variation=FlatButton type=Button slot=hover_mirrored bg=ff40ffff border=ccccccff
LEAK control_stylebox bg_source=base border_source= path=/root/@EditorNode@18065/@Panel@14/@VBoxContainer@15/DockHSplitMain/@VBoxContainer@28/DockVSplitCenter/@VSplitContainer@70/@VBoxContainer@71/@EditorMainScreen@125/MainScreen/@Node3DEditor@9983/@MarginContainer@9320/@HFlowContainer@9321/@PanelContainer@9363/@HBoxContainer@9362/@HBoxContainer@14203/@HBoxContainer@14175/@Button@14178 class=Button variation=FlatButton type=Button slot=hover_pressed_mirrored bg=ff40ffff border=ccccccff
LEAK control_stylebox bg_source=base border_source= path=/root/@EditorNode@18065/@Panel@14/@VBoxContainer@15/DockHSplitMain/@VBoxContainer@28/DockVSplitCenter/@VSplitContainer@70/@VBoxContainer@71/@EditorMainScreen@125/MainScreen/@Node3DEditor@9983/@MarginContainer@9320/@HFlowContainer@9321/@PanelContainer@9363/@HBoxContainer@9362/@HBoxContainer@14203/@HBoxContainer@14175/@Button@14178 class=Button variation=FlatButton type=Button slot=pressed_mirrored bg=ff40ffff border=ccccccff
LEAK control_stylebox bg_source=base border_source= path=/root/@EditorNode@18065/@Panel@14/@VBoxContainer@15/DockHSplitMain/@VBoxContainer@28/DockVSplitCenter/@VSplitContainer@70/@VBoxContainer@71/@EditorMainScreen@125/MainScreen/@Node3DEditor@9983/@MarginContainer@9320/@HFlowContainer@9321/@PanelContainer@9363/@HBoxContainer@9362/@HBoxContainer@14203/@HBoxContainer@14175/@Button@14178 class=Button variation=FlatButton type=FlatButton slot=hover_mirrored bg=ff40ffff border=ccccccff
LEAK control_stylebox bg_source=base border_source= path=/root/@EditorNode@18065/@Panel@14/@VBoxContainer@15/DockHSplitMain/@VBoxContainer@28/DockVSplitCenter/@VSplitContainer@70/@VBoxContainer@71/@EditorMainScreen@125/MainScreen/@Node3DEditor@9983/@MarginContainer@9320/@HFlowContainer@9321/@PanelContainer@9363/@HBoxContainer@9362/@HBoxContainer@14203/@HBoxContainer@14175/@Button@14178 class=Button variation=FlatButton type=FlatButton slot=hover_pressed_mirrored bg=ff40ffff border=ccccccff
LEAK control_stylebox bg_source=base border_source= path=/root/@EditorNode@18065/@Panel@14/@VBoxContainer@15/DockHSplitMain/@VBoxContainer@28/DockVSplitCenter/@VSplitContainer@70/@VBoxContainer@71/@EditorMainScreen@125/MainScreen/@Node3DEditor@9983/@MarginContainer@9320/@HFlowContainer@9321/@PanelContainer@9363/@HBoxContainer@9362/@HBoxContainer@14203/@HBoxContainer@14175/@Button@14178 class=Button variation=FlatButton type=FlatButton slot=pressed_mirrored bg=ff40ffff border=ccccccff
LEAK control_stylebox bg_source=base border_source= path=/root/@EditorNode@18065/@Panel@14/@VBoxContainer@15/DockHSplitMain/@VBoxContainer@28/DockVSplitCenter/@VSplitContainer@70/@VBoxContainer@71/@EditorMainScreen@125/MainScreen/@Node3DEditor@9983/@MarginContainer@9320/@HFlowContainer@9321/@PanelContainer@9363/@HBoxContainer@9362/@HBoxContainer@14203/@HBoxContainer@14175/@Button@14179 class=Button variation=FlatButton type=Button slot=hover_mirrored bg=ff40ffff border=ccccccff
LEAK control_stylebox bg_source=base border_source= path=/root/@EditorNode@18065/@Panel@14/@VBoxContainer@15/DockHSplitMain/@VBoxContainer@28/DockVSplitCenter/@VSplitContainer@70/@VBoxContainer@71/@EditorMainScreen@125/MainScreen/@Node3DEditor@9983/@MarginContainer@9320/@HFlowContainer@9321/@PanelContainer@9363/@HBoxContainer@9362/@HBoxContainer@14203/@HBoxContainer@14175/@Button@14179 class=Button variation=FlatButton type=Button slot=hover_pressed_mirrored bg=ff40ffff border=ccccccff
LEAK control_stylebox bg_source=base border_source= path=/root/@EditorNode@18065/@Panel@14/@VBoxContainer@15/DockHSplitMain/@VBoxContainer@28/DockVSplitCenter/@VSplitContainer@70/@VBoxContainer@71/@EditorMainScreen@125/MainScreen/@Node3DEditor@9983/@MarginContainer@9320/@HFlowContainer@9321/@PanelContainer@9363/@HBoxContainer@9362/@HBoxContainer@14203/@HBoxContainer@14175/@Button@14179 class=Button variation=FlatButton type=Button slot=pressed_mirrored bg=ff40ffff border=ccccccff
LEAK control_stylebox bg_source=base border_source= path=/root/@EditorNode@18065/@Panel@14/@VBoxContainer@15/DockHSplitMain/@VBoxContainer@28/DockVSplitCenter/@VSplitContainer@70/@VBoxContainer@71/@EditorMainScreen@125/MainScreen/@Node3DEditor@9983/@MarginContainer@9320/@HFlowContainer@9321/@PanelContainer@9363/@HBoxContainer@9362/@HBoxContainer@14203/@HBoxContainer@14175/@Button@14179 class=Button variation=FlatButton type=FlatButton slot=hover_mirrored bg=ff40ffff border=ccccccff
LEAK control_stylebox bg_source=base border_source= path=/root/@EditorNode@18065/@Panel@14/@VBoxContainer@15/DockHSplitMain/@VBoxContainer@28/DockVSplitCenter/@VSplitContainer@70/@VBoxContainer@71/@EditorMainScreen@125/MainScreen/@Node3DEditor@9983/@MarginContainer@9320/@HFlowContainer@9321/@PanelContainer@9363/@HBoxContainer@9362/@HBoxContainer@14203/@HBoxContainer@14175/@Button@14179 class=Button variation=FlatButton type=FlatButton slot=hover_pressed_mirrored bg=ff40ffff border=ccccccff
LEAK control_stylebox bg_source=base border_source= path=/root/@EditorNode@18065/@Panel@14/@VBoxContainer@15/DockHSplitMain/@VBoxContainer@28/DockVSplitCenter/@VSplitContainer@70/@VBoxContainer@71/@EditorMainScreen@125/MainScreen/@Node3DEditor@9983/@MarginContainer@9320/@HFlowContainer@9321/@PanelContainer@9363/@HBoxContainer@9362/@HBoxContainer@14203/@HBoxContainer@14175/@Button@14179 class=Button variation=FlatButton type=FlatButton slot=pressed_mirrored bg=ff40ffff border=ccccccff
LEAK control_stylebox bg_source=base border_source= path=/root/@EditorNode@18065/@Panel@14/@VBoxContainer@15/DockHSplitMain/@VBoxContainer@28/DockVSplitCenter/@VSplitContainer@70/@VBoxContainer@71/@EditorMainScreen@125/MainScreen/@Node3DEditor@9983/@MarginContainer@9320/@HFlowContainer@9321/@PanelContainer@9363/@HBoxContainer@9362/@HBoxContainer@14203/@HBoxContainer@14175/@Button@14180 class=Button variation=FlatButton type=Button slot=hover_mirrored bg=ff40ffff border=ccccccff
LEAK control_stylebox bg_source=base border_source= path=/root/@EditorNode@18065/@Panel@14/@VBoxContainer@15/DockHSplitMain/@VBoxContainer@28/DockVSplitCenter/@VSplitContainer@70/@VBoxContainer@71/@EditorMainScreen@125/MainScreen/@Node3DEditor@9983/@MarginContainer@9320/@HFlowContainer@9321/@PanelContainer@9363/@HBoxContainer@9362/@HBoxContainer@14203/@HBoxContainer@14175/@Button@14180 class=Button variation=FlatButton type=Button slot=hover_pressed_mirrored bg=ff40ffff border=ccccccff
LEAK control_stylebox bg_source=base border_source= path=/root/@EditorNode@18065/@Panel@14/@VBoxContainer@15/DockHSplitMain/@VBoxContainer@28/DockVSplitCenter/@VSplitContainer@70/@VBoxContainer@71/@EditorMainScreen@125/MainScreen/@Node3DEditor@9983/@MarginContainer@9320/@HFlowContainer@9321/@PanelContainer@9363/@HBoxContainer@9362/@HBoxContainer@14203/@HBoxContainer@14175/@Button@14180 class=Button variation=FlatButton type=Button slot=pressed_mirrored bg=ff40ffff border=ccccccff
LEAK control_stylebox bg_source=base border_source= path=/root/@EditorNode@18065/@Panel@14/@VBoxContainer@15/DockHSplitMain/@VBoxContainer@28/DockVSplitCenter/@VSplitContainer@70/@VBoxContainer@71/@EditorMainScreen@125/MainScreen/@Node3DEditor@9983/@MarginContainer@9320/@HFlowContainer@9321/@PanelContainer@9363/@HBoxContainer@9362/@HBoxContainer@14203/@HBoxContainer@14175/@Button@14180 class=Button variation=FlatButton type=FlatButton slot=hover_mirrored bg=ff40ffff border=ccccccff
LEAK control_stylebox bg_source=base border_source= path=/root/@EditorNode@18065/@Panel@14/@VBoxContainer@15/DockHSplitMain/@VBoxContainer@28/DockVSplitCenter/@VSplitContainer@70/@VBoxContainer@71/@EditorMainScreen@125/MainScreen/@Node3DEditor@9983/@MarginContainer@9320/@HFlowContainer@9321/@PanelContainer@9363/@HBoxContainer@9362/@HBoxContainer@14203/@HBoxContainer@14175/@Button@14180 class=Button variation=FlatButton type=FlatButton slot=hover_pressed_mirrored bg=ff40ffff border=ccccccff
LEAK control_stylebox bg_source=base border_source= path=/root/@EditorNode@18065/@Panel@14/@VBoxContainer@15/DockHSplitMain/@VBoxContainer@28/DockVSplitCenter/@VSplitContainer@70/@VBoxContainer@71/@EditorMainScreen@125/MainScreen/@Node3DEditor@9983/@MarginContainer@9320/@HFlowContainer@9321/@PanelContainer@9363/@HBoxContainer@9362/@HBoxContainer@14203/@HBoxContainer@14175/@Button@14180 class=Button variation=FlatButton type=FlatButton slot=pressed_mirrored bg=ff40ffff border=ccccccff
LEAK control_stylebox bg_source=base border_source= path=/root/@EditorNode@18065/@Panel@14/@VBoxContainer@15/DockHSplitMain/@VBoxContainer@28/DockVSplitCenter/@VSplitContainer@70/@VBoxContainer@71/@EditorMainScreen@125/MainScreen/@Node3DEditor@9983/@MarginContainer@9320/@HFlowContainer@9321/@PanelContainer@9363/@HBoxContainer@9362/@HBoxContainer@14203/@HBoxContainer@14175/@Button@14181 class=Button variation=FlatButton type=Button slot=hover_mirrored bg=ff40ffff border=ccccccff
LEAK control_stylebox bg_source=base border_source= path=/root/@EditorNode@18065/@Panel@14/@VBoxContainer@15/DockHSplitMain/@VBoxContainer@28/DockVSplitCenter/@VSplitContainer@70/@VBoxContainer@71/@EditorMainScreen@125/MainScreen/@Node3DEditor@9983/@MarginContainer@9320/@HFlowContainer@9321/@PanelContainer@9363/@HBoxContainer@9362/@HBoxContainer@14203/@HBoxContainer@14175/@Button@14181 class=Button variation=FlatButton type=Button slot=hover_pressed_mirrored bg=ff40ffff border=ccccccff
LEAK control_stylebox bg_source=base border_source= path=/root/@EditorNode@18065/@Panel@14/@VBoxContainer@15/DockHSplitMain/@VBoxContainer@28/DockVSplitCenter/@VSplitContainer@70/@VBoxContainer@71/@EditorMainScreen@125/MainScreen/@Node3DEditor@9983/@MarginContainer@9320/@HFlowContainer@9321/@PanelContainer@9363/@HBoxContainer@9362/@HBoxContainer@14203/@HBoxContainer@14175/@Button@14181 class=Button variation=FlatButton type=Button slot=pressed_mirrored bg=ff40ffff border=ccccccff
LEAK control_stylebox bg_source=base border_source= path=/root/@EditorNode@18065/@Panel@14/@VBoxContainer@15/DockHSplitMain/@VBoxContainer@28/DockVSplitCenter/@VSplitContainer@70/@VBoxContainer@71/@EditorMainScreen@125/MainScreen/@Node3DEditor@9983/@MarginContainer@9320/@HFlowContainer@9321/@PanelContainer@9363/@HBoxContainer@9362/@HBoxContainer@14203/@HBoxContainer@14175/@Button@14181 class=Button variation=FlatButton type=FlatButton slot=hover_mirrored bg=ff40ffff border=ccccccff
LEAK control_stylebox bg_source=base border_source= path=/root/@EditorNode@18065/@Panel@14/@VBoxContainer@15/DockHSplitMain/@VBoxContainer@28/DockVSplitCenter/@VSplitContainer@70/@VBoxContainer@71/@EditorMainScreen@125/MainScreen/@Node3DEditor@9983/@MarginContainer@9320/@HFlowContainer@9321/@PanelContainer@9363/@HBoxContainer@9362/@HBoxContainer@14203/@HBoxContainer@14175/@Button@14181 class=Button variation=FlatButton type=FlatButton slot=hover_pressed_mirrored bg=ff40ffff border=ccccccff
LEAK control_stylebox bg_source=base border_source= path=/root/@EditorNode@18065/@Panel@14/@VBoxContainer@15/DockHSplitMain/@VBoxContainer@28/DockVSplitCenter/@VSplitContainer@70/@VBoxContainer@71/@EditorMainScreen@125/MainScreen/@Node3DEditor@9983/@MarginContainer@9320/@HFlowContainer@9321/@PanelContainer@9363/@HBoxContainer@9362/@HBoxContainer@14203/@HBoxContainer@14175/@Button@14181 class=Button variation=FlatButton type=FlatButton slot=pressed_mirrored bg=ff40ffff border=ccccccff
LEAK control_stylebox bg_source=base border_source= path=/root/@EditorNode@18065/@Panel@14/@VBoxContainer@15/DockHSplitMain/@VBoxContainer@28/DockVSplitCenter/@VSplitContainer@70/@VBoxContainer@71/@EditorMainScreen@125/MainScreen/@Node3DEditor@9983/@MarginContainer@9320/@HFlowContainer@9321/@PanelContainer@9363/@HBoxContainer@9362/@HBoxContainer@14203/@HBoxContainer@14175/@Button@14182 class=Button variation=FlatButton type=Button slot=hover_mirrored bg=ff40ffff border=ccccccff
LEAK control_stylebox bg_source=base border_source= path=/root/@EditorNode@18065/@Panel@14/@VBoxContainer@15/DockHSplitMain/@VBoxContainer@28/DockVSplitCenter/@VSplitContainer@70/@VBoxContainer@71/@EditorMainScreen@125/MainScreen/@Node3DEditor@9983/@MarginContainer@9320/@HFlowContainer@9321/@PanelContainer@9363/@HBoxContainer@9362/@HBoxContainer@14203/@HBoxContainer@14175/@Button@14182 class=Button variation=FlatButton type=Button slot=hover_pressed_mirrored bg=ff40ffff border=ccccccff
LEAK control_stylebox bg_source=base border_source= path=/root/@EditorNode@18065/@Panel@14/@VBoxContainer@15/DockHSplitMain/@VBoxContainer@28/DockVSplitCenter/@VSplitContainer@70/@VBoxContainer@71/@EditorMainScreen@125/MainScreen/@Node3DEditor@9983/@MarginContainer@9320/@HFlowContainer@9321/@PanelContainer@9363/@HBoxContainer@9362/@HBoxContainer@14203/@HBoxContainer@14175/@Button@14182 class=Button variation=FlatButton type=Button slot=pressed_mirrored bg=ff40ffff border=ccccccff
LEAK control_stylebox bg_source=base border_source= path=/root/@EditorNode@18065/@Panel@14/@VBoxContainer@15/DockHSplitMain/@VBoxContainer@28/DockVSplitCenter/@VSplitContainer@70/@VBoxContainer@71/@EditorMainScreen@125/MainScreen/@Node3DEditor@9983/@MarginContainer@9320/@HFlowContainer@9321/@PanelContainer@9363/@HBoxContainer@9362/@HBoxContainer@14203/@HBoxContainer@14175/@Button@14182 class=Button variation=FlatButton type=FlatButton slot=hover_mirrored bg=ff40ffff border=ccccccff
LEAK control_stylebox bg_source=base border_source= path=/root/@EditorNode@18065/@Panel@14/@VBoxContainer@15/DockHSplitMain/@VBoxContainer@28/DockVSplitCenter/@VSplitContainer@70/@VBoxContainer@71/@EditorMainScreen@125/MainScreen/@Node3DEditor@9983/@MarginContainer@9320/@HFlowContainer@9321/@PanelContainer@9363/@HBoxContainer@9362/@HBoxContainer@14203/@HBoxContainer@14175/@Button@14182 class=Button variation=FlatButton type=FlatButton slot=hover_pressed_mirrored bg=ff40ffff border=ccccccff
LEAK control_stylebox bg_source=base border_source= path=/root/@EditorNode@18065/@Panel@14/@VBoxContainer@15/DockHSplitMain/@VBoxContainer@28/DockVSplitCenter/@VSplitContainer@70/@VBoxContainer@71/@EditorMainScreen@125/MainScreen/@Node3DEditor@9983/@MarginContainer@9320/@HFlowContainer@9321/@PanelContainer@9363/@HBoxContainer@9362/@HBoxContainer@14203/@HBoxContainer@14175/@Button@14182 class=Button variation=FlatButton type=FlatButton slot=pressed_mirrored bg=ff40ffff border=ccccccff
LEAK control_stylebox bg_source=base border_source= path=/root/@EditorNode@18065/@Panel@14/@VBoxContainer@15/DockHSplitMain/@VBoxContainer@28/DockVSplitCenter/@VSplitContainer@70/@VBoxContainer@71/@EditorMainScreen@125/MainScreen/@Node3DEditor@9983/@MarginContainer@9320/@HFlowContainer@9321/@PanelContainer@9363/@HBoxContainer@9362/@HBoxContainer@14203/@HBoxContainer@14175/@MenuButton@14200 class=MenuButton variation=FlatMenuButton type=FlatMenuButton slot=hover_mirrored bg=ff40ffff border=ccccccff
LEAK control_stylebox bg_source=base border_source= path=/root/@EditorNode@18065/@Panel@14/@VBoxContainer@15/DockHSplitMain/@VBoxContainer@28/DockVSplitCenter/@VSplitContainer@70/@VBoxContainer@71/@EditorMainScreen@125/MainScreen/@Node3DEditor@9983/@MarginContainer@9320/@HFlowContainer@9321/@PanelContainer@9363/@HBoxContainer@9362/@HBoxContainer@14203/@HBoxContainer@14175/@MenuButton@14200 class=MenuButton variation=FlatMenuButton type=FlatMenuButton slot=hover_pressed_mirrored bg=ff40ffff border=ccccccff
LEAK control_stylebox bg_source=base border_source= path=/root/@EditorNode@18065/@Panel@14/@VBoxContainer@15/DockHSplitMain/@VBoxContainer@28/DockVSplitCenter/@VSplitContainer@70/@VBoxContainer@71/@EditorMainScreen@125/MainScreen/@Node3DEditor@9983/@MarginContainer@9320/@HFlowContainer@9321/@PanelContainer@9363/@HBoxContainer@9362/@HBoxContainer@14203/@HBoxContainer@14175/@MenuButton@14200 class=MenuButton variation=FlatMenuButton type=FlatMenuButton slot=pressed_mirrored bg=ff40ffff border=ccccccff
LEAK control_stylebox bg_source=base border_source= path=/root/@EditorNode@18065/@Panel@14/@VBoxContainer@15/DockHSplitMain/@VBoxContainer@28/DockVSplitCenter/@VSplitContainer@70/@VBoxContainer@71/@EditorMainScreen@125/MainScreen/@Node3DEditor@9983/@MarginContainer@9320/@HFlowContainer@9321/@PanelContainer@9363/@HBoxContainer@9362/@HBoxContainer@14206/@Button@14207 class=Button variation=FlatButton type=Button slot=hover_mirrored bg=ff40ffff border=ccccccff
LEAK control_stylebox bg_source=base border_source= path=/root/@EditorNode@18065/@Panel@14/@VBoxContainer@15/DockHSplitMain/@VBoxContainer@28/DockVSplitCenter/@VSplitContainer@70/@VBoxContainer@71/@EditorMainScreen@125/MainScreen/@Node3DEditor@9983/@MarginContainer@9320/@HFlowContainer@9321/@PanelContainer@9363/@HBoxContainer@9362/@HBoxContainer@14206/@Button@14207 class=Button variation=FlatButton type=Button slot=hover_pressed_mirrored bg=ff40ffff border=ccccccff
LEAK control_stylebox bg_source=base border_source= path=/root/@EditorNode@18065/@Panel@14/@VBoxContainer@15/DockHSplitMain/@VBoxContainer@28/DockVSplitCenter/@VSplitContainer@70/@VBoxContainer@71/@EditorMainScreen@125/MainScreen/@Node3DEditor@9983/@MarginContainer@9320/@HFlowContainer@9321/@PanelContainer@9363/@HBoxContainer@9362/@HBoxContainer@14206/@Button@14207 class=Button variation=FlatButton type=Button slot=pressed_mirrored bg=ff40ffff border=ccccccff
LEAK control_stylebox bg_source=base border_source= path=/root/@EditorNode@18065/@Panel@14/@VBoxContainer@15/DockHSplitMain/@VBoxContainer@28/DockVSplitCenter/@VSplitContainer@70/@VBoxContainer@71/@EditorMainScreen@125/MainScreen/@Node3DEditor@9983/@MarginContainer@9320/@HFlowContainer@9321/@PanelContainer@9363/@HBoxContainer@9362/@HBoxContainer@14206/@Button@14207 class=Button variation=FlatButton type=FlatButton slot=hover_mirrored bg=ff40ffff border=ccccccff
LEAK control_stylebox bg_source=base border_source= path=/root/@EditorNode@18065/@Panel@14/@VBoxContainer@15/DockHSplitMain/@VBoxContainer@28/DockVSplitCenter/@VSplitContainer@70/@VBoxContainer@71/@EditorMainScreen@125/MainScreen/@Node3DEditor@9983/@MarginContainer@9320/@HFlowContainer@9321/@PanelContainer@9363/@HBoxContainer@9362/@HBoxContainer@14206/@Button@14207 class=Button variation=FlatButton type=FlatButton slot=hover_pressed_mirrored bg=ff40ffff border=ccccccff
LEAK control_stylebox bg_source=base border_source= path=/root/@EditorNode@18065/@Panel@14/@VBoxContainer@15/DockHSplitMain/@VBoxContainer@28/DockVSplitCenter/@VSplitContainer@70/@VBoxContainer@71/@EditorMainScreen@125/MainScreen/@Node3DEditor@9983/@MarginContainer@9320/@HFlowContainer@9321/@PanelContainer@9363/@HBoxContainer@9362/@HBoxContainer@14206/@Button@14207 class=Button variation=FlatButton type=FlatButton slot=pressed_mirrored bg=ff40ffff border=ccccccff
LEAK control_stylebox bg_source=base border_source= path=/root/@EditorNode@18065/@Panel@14/@VBoxContainer@15/DockHSplitMain/@VBoxContainer@28/DockVSplitCenter/@VSplitContainer@70/@VBoxContainer@71/@EditorMainScreen@125/MainScreen/@Node3DEditor@9983/@MarginContainer@9320/@HFlowContainer@9321/@PanelContainer@9363/@HBoxContainer@9362/@HBoxContainer@16020/@Button@16018 class=Button variation=FlatButton type=Button slot=hover_mirrored bg=ff40ffff border=ccccccff
LEAK control_stylebox bg_source=base border_source= path=/root/@EditorNode@18065/@Panel@14/@VBoxContainer@15/DockHSplitMain/@VBoxContainer@28/DockVSplitCenter/@VSplitContainer@70/@VBoxContainer@71/@EditorMainScreen@125/MainScreen/@Node3DEditor@9983/@MarginContainer@9320/@HFlowContainer@9321/@PanelContainer@9363/@HBoxContainer@9362/@HBoxContainer@16020/@Button@16018 class=Button variation=FlatButton type=Button slot=hover_pressed_mirrored bg=ff40ffff border=ccccccff
LEAK control_stylebox bg_source=base border_source= path=/root/@EditorNode@18065/@Panel@14/@VBoxContainer@15/DockHSplitMain/@VBoxContainer@28/DockVSplitCenter/@VSplitContainer@70/@VBoxContainer@71/@EditorMainScreen@125/MainScreen/@Node3DEditor@9983/@MarginContainer@9320/@HFlowContainer@9321/@PanelContainer@9363/@HBoxContainer@9362/@HBoxContainer@16020/@Button@16018 class=Button variation=FlatButton type=Button slot=pressed_mirrored bg=ff40ffff border=ccccccff
LEAK control_stylebox bg_source=base border_source= path=/root/@EditorNode@18065/@Panel@14/@VBoxContainer@15/DockHSplitMain/@VBoxContainer@28/DockVSplitCenter/@VSplitContainer@70/@VBoxContainer@71/@EditorMainScreen@125/MainScreen/@Node3DEditor@9983/@MarginContainer@9320/@HFlowContainer@9321/@PanelContainer@9363/@HBoxContainer@9362/@HBoxContainer@16020/@Button@16018 class=Button variation=FlatButton type=FlatButton slot=hover_mirrored bg=ff40ffff border=ccccccff
LEAK control_stylebox bg_source=base border_source= path=/root/@EditorNode@18065/@Panel@14/@VBoxContainer@15/DockHSplitMain/@VBoxContainer@28/DockVSplitCenter/@VSplitContainer@70/@VBoxContainer@71/@EditorMainScreen@125/MainScreen/@Node3DEditor@9983/@MarginContainer@9320/@HFlowContainer@9321/@PanelContainer@9363/@HBoxContainer@9362/@HBoxContainer@16020/@Button@16018 class=Button variation=FlatButton type=FlatButton slot=hover_pressed_mirrored bg=ff40ffff border=ccccccff
LEAK control_stylebox bg_source=base border_source= path=/root/@EditorNode@18065/@Panel@14/@VBoxContainer@15/DockHSplitMain/@VBoxContainer@28/DockVSplitCenter/@VSplitContainer@70/@VBoxContainer@71/@EditorMainScreen@125/MainScreen/@Node3DEditor@9983/@MarginContainer@9320/@HFlowContainer@9321/@PanelContainer@9363/@HBoxContainer@9362/@HBoxContainer@16020/@Button@16018 class=Button variation=FlatButton type=FlatButton slot=pressed_mirrored bg=ff40ffff border=ccccccff
LEAK control_stylebox bg_source=base border_source= path=/root/@EditorNode@18065/@Panel@14/@VBoxContainer@15/DockHSplitMain/@VBoxContainer@28/DockVSplitCenter/@VSplitContainer@70/@VBoxContainer@71/@EditorMainScreen@125/MainScreen/@Node3DEditor@9983/@MarginContainer@9320/@HFlowContainer@9321/@PanelContainer@9363/@HBoxContainer@9362/@HBoxContainer@17915/@Button@17894 class=Button variation=FlatButton type=Button slot=hover_mirrored bg=ff40ffff border=ccccccff
LEAK control_stylebox bg_source=base border_source= path=/root/@EditorNode@18065/@Panel@14/@VBoxContainer@15/DockHSplitMain/@VBoxContainer@28/DockVSplitCenter/@VSplitContainer@70/@VBoxContainer@71/@EditorMainScreen@125/MainScreen/@Node3DEditor@9983/@MarginContainer@9320/@HFlowContainer@9321/@PanelContainer@9363/@HBoxContainer@9362/@HBoxContainer@17915/@Button@17894 class=Button variation=FlatButton type=Button slot=hover_pressed_mirrored bg=ff40ffff border=ccccccff
LEAK control_stylebox bg_source=base border_source= path=/root/@EditorNode@18065/@Panel@14/@VBoxContainer@15/DockHSplitMain/@VBoxContainer@28/DockVSplitCenter/@VSplitContainer@70/@VBoxContainer@71/@EditorMainScreen@125/MainScreen/@Node3DEditor@9983/@MarginContainer@9320/@HFlowContainer@9321/@PanelContainer@9363/@HBoxContainer@9362/@HBoxContainer@17915/@Button@17894 class=Button variation=FlatButton type=Button slot=pressed_mirrored bg=ff40ffff border=ccccccff
LEAK control_stylebox bg_source=base border_source= path=/root/@EditorNode@18065/@Panel@14/@VBoxContainer@15/DockHSplitMain/@VBoxContainer@28/DockVSplitCenter/@VSplitContainer@70/@VBoxContainer@71/@EditorMainScreen@125/MainScreen/@Node3DEditor@9983/@MarginContainer@9320/@HFlowContainer@9321/@PanelContainer@9363/@HBoxContainer@9362/@HBoxContainer@17915/@Button@17894 class=Button variation=FlatButton type=FlatButton slot=hover_mirrored bg=ff40ffff border=ccccccff
LEAK control_stylebox bg_source=base border_source= path=/root/@EditorNode@18065/@Panel@14/@VBoxContainer@15/DockHSplitMain/@VBoxContainer@28/DockVSplitCenter/@VSplitContainer@70/@VBoxContainer@71/@EditorMainScreen@125/MainScreen/@Node3DEditor@9983/@MarginContainer@9320/@HFlowContainer@9321/@PanelContainer@9363/@HBoxContainer@9362/@HBoxContainer@17915/@Button@17894 class=Button variation=FlatButton type=FlatButton slot=hover_pressed_mirrored bg=ff40ffff border=ccccccff
LEAK control_stylebox bg_source=base border_source= path=/root/@EditorNode@18065/@Panel@14/@VBoxContainer@15/DockHSplitMain/@VBoxContainer@28/DockVSplitCenter/@VSplitContainer@70/@VBoxContainer@71/@EditorMainScreen@125/MainScreen/@Node3DEditor@9983/@MarginContainer@9320/@HFlowContainer@9321/@PanelContainer@9363/@HBoxContainer@9362/@HBoxContainer@17915/@Button@17894 class=Button variation=FlatButton type=FlatButton slot=pressed_mirrored bg=ff40ffff border=ccccccff
LEAK control_stylebox bg_source=base border_source= path=/root/@EditorNode@18065/@Panel@14/@VBoxContainer@15/DockHSplitMain/@VBoxContainer@28/DockVSplitCenter/@VSplitContainer@70/@VBoxContainer@71/@EditorMainScreen@125/MainScreen/@Node3DEditor@9983/@MarginContainer@9320/@HFlowContainer@9321/@PanelContainer@9363/@HBoxContainer@9362/@HBoxContainer@17915/@Button@17895 class=Button variation=FlatButton type=Button slot=hover_mirrored bg=ff40ffff border=ccccccff
LEAK control_stylebox bg_source=base border_source= path=/root/@EditorNode@18065/@Panel@14/@VBoxContainer@15/DockHSplitMain/@VBoxContainer@28/DockVSplitCenter/@VSplitContainer@70/@VBoxContainer@71/@EditorMainScreen@125/MainScreen/@Node3DEditor@9983/@MarginContainer@9320/@HFlowContainer@9321/@PanelContainer@9363/@HBoxContainer@9362/@HBoxContainer@17915/@Button@17895 class=Button variation=FlatButton type=Button slot=hover_pressed_mirrored bg=ff40ffff border=ccccccff
LEAK control_stylebox bg_source=base border_source= path=/root/@EditorNode@18065/@Panel@14/@VBoxContainer@15/DockHSplitMain/@VBoxContainer@28/DockVSplitCenter/@VSplitContainer@70/@VBoxContainer@71/@EditorMainScreen@125/MainScreen/@Node3DEditor@9983/@MarginContainer@9320/@HFlowContainer@9321/@PanelContainer@9363/@HBoxContainer@9362/@HBoxContainer@17915/@Button@17895 class=Button variation=FlatButton type=Button slot=pressed_mirrored bg=ff40ffff border=ccccccff
LEAK control_stylebox bg_source=base border_source= path=/root/@EditorNode@18065/@Panel@14/@VBoxContainer@15/DockHSplitMain/@VBoxContainer@28/DockVSplitCenter/@VSplitContainer@70/@VBoxContainer@71/@EditorMainScreen@125/MainScreen/@Node3DEditor@9983/@MarginContainer@9320/@HFlowContainer@9321/@PanelContainer@9363/@HBoxContainer@9362/@HBoxContainer@17915/@Button@17895 class=Button variation=FlatButton type=FlatButton slot=hover_mirrored bg=ff40ffff border=ccccccff
LEAK control_stylebox bg_source=base border_source= path=/root/@EditorNode@18065/@Panel@14/@VBoxContainer@15/DockHSplitMain/@VBoxContainer@28/DockVSplitCenter/@VSplitContainer@70/@VBoxContainer@71/@EditorMainScreen@125/MainScreen/@Node3DEditor@9983/@MarginContainer@9320/@HFlowContainer@9321/@PanelContainer@9363/@HBoxContainer@9362/@HBoxContainer@17915/@Button@17895 class=Button variation=FlatButton type=FlatButton slot=hover_pressed_mirrored bg=ff40ffff border=ccccccff
LEAK control_stylebox bg_source=base border_source= path=/root/@EditorNode@18065/@Panel@14/@VBoxContainer@15/DockHSplitMain/@VBoxContainer@28/DockVSplitCenter/@VSplitContainer@70/@VBoxContainer@71/@EditorMainScreen@125/MainScreen/@Node3DEditor@9983/@MarginContainer@9320/@HFlowContainer@9321/@PanelContainer@9363/@HBoxContainer@9362/@HBoxContainer@17915/@Button@17895 class=Button variation=FlatButton type=FlatButton slot=pressed_mirrored bg=ff40ffff border=ccccccff
LEAK control_stylebox bg_source=base border_source= path=/root/@EditorNode@18065/@Panel@14/@VBoxContainer@15/DockHSplitMain/@VBoxContainer@28/DockVSplitCenter/@VSplitContainer@70/@VBoxContainer@71/@EditorMainScreen@125/MainScreen/@Node3DEditor@9983/@MarginContainer@9320/@HFlowContainer@9321/@PanelContainer@9363/@HBoxContainer@9362/@HBoxContainer@17932/@Button@17917 class=Button variation=FlatButton type=Button slot=hover_mirrored bg=ff40ffff border=ccccccff
LEAK control_stylebox bg_source=base border_source= path=/root/@EditorNode@18065/@Panel@14/@VBoxContainer@15/DockHSplitMain/@VBoxContainer@28/DockVSplitCenter/@VSplitContainer@70/@VBoxContainer@71/@EditorMainScreen@125/MainScreen/@Node3DEditor@9983/@MarginContainer@9320/@HFlowContainer@9321/@PanelContainer@9363/@HBoxContainer@9362/@HBoxContainer@17932/@Button@17917 class=Button variation=FlatButton type=Button slot=hover_pressed_mirrored bg=ff40ffff border=ccccccff
LEAK control_stylebox bg_source=base border_source= path=/root/@EditorNode@18065/@Panel@14/@VBoxContainer@15/DockHSplitMain/@VBoxContainer@28/DockVSplitCenter/@VSplitContainer@70/@VBoxContainer@71/@EditorMainScreen@125/MainScreen/@Node3DEditor@9983/@MarginContainer@9320/@HFlowContainer@9321/@PanelContainer@9363/@HBoxContainer@9362/@HBoxContainer@17932/@Button@17917 class=Button variation=FlatButton type=Button slot=pressed_mirrored bg=ff40ffff border=ccccccff
LEAK control_stylebox bg_source=base border_source= path=/root/@EditorNode@18065/@Panel@14/@VBoxContainer@15/DockHSplitMain/@VBoxContainer@28/DockVSplitCenter/@VSplitContainer@70/@VBoxContainer@71/@EditorMainScreen@125/MainScreen/@Node3DEditor@9983/@MarginContainer@9320/@HFlowContainer@9321/@PanelContainer@9363/@HBoxContainer@9362/@HBoxContainer@17932/@Button@17917 class=Button variation=FlatButton type=FlatButton slot=hover_mirrored bg=ff40ffff border=ccccccff
LEAK control_stylebox bg_source=base border_source= path=/root/@EditorNode@18065/@Panel@14/@VBoxContainer@15/DockHSplitMain/@VBoxContainer@28/DockVSplitCenter/@VSplitContainer@70/@VBoxContainer@71/@EditorMainScreen@125/MainScreen/@Node3DEditor@9983/@MarginContainer@9320/@HFlowContainer@9321/@PanelContainer@9363/@HBoxContainer@9362/@HBoxContainer@17932/@Button@17917 class=Button variation=FlatButton type=FlatButton slot=hover_pressed_mirrored bg=ff40ffff border=ccccccff
LEAK control_stylebox bg_source=base border_source= path=/root/@EditorNode@18065/@Panel@14/@VBoxContainer@15/DockHSplitMain/@VBoxContainer@28/DockVSplitCenter/@VSplitContainer@70/@VBoxContainer@71/@EditorMainScreen@125/MainScreen/@Node3DEditor@9983/@MarginContainer@9320/@HFlowContainer@9321/@PanelContainer@9363/@HBoxContainer@9362/@HBoxContainer@17932/@Button@17917 class=Button variation=FlatButton type=FlatButton slot=pressed_mirrored bg=ff40ffff border=ccccccff
LEAK control_stylebox bg_source=base border_source= path=/root/@EditorNode@18065/@Panel@14/@VBoxContainer@15/DockHSplitMain/@VBoxContainer@28/DockVSplitCenter/@VSplitContainer@70/@VBoxContainer@71/@EditorMainScreen@125/MainScreen/@Node3DEditor@9983/@MarginContainer@9320/@HFlowContainer@9321/@PanelContainer@9363/@HBoxContainer@9362/@HBoxContainer@17932/@Button@17918 class=Button variation=FlatButton type=Button slot=hover_mirrored bg=ff40ffff border=ccccccff
LEAK control_stylebox bg_source=base border_source= path=/root/@EditorNode@18065/@Panel@14/@VBoxContainer@15/DockHSplitMain/@VBoxContainer@28/DockVSplitCenter/@VSplitContainer@70/@VBoxContainer@71/@EditorMainScreen@125/MainScreen/@Node3DEditor@9983/@MarginContainer@9320/@HFlowContainer@9321/@PanelContainer@9363/@HBoxContainer@9362/@HBoxContainer@17932/@Button@17918 class=Button variation=FlatButton type=Button slot=hover_pressed_mirrored bg=ff40ffff border=ccccccff
LEAK control_stylebox bg_source=base border_source= path=/root/@EditorNode@18065/@Panel@14/@VBoxContainer@15/DockHSplitMain/@VBoxContainer@28/DockVSplitCenter/@VSplitContainer@70/@VBoxContainer@71/@EditorMainScreen@125/MainScreen/@Node3DEditor@9983/@MarginContainer@9320/@HFlowContainer@9321/@PanelContainer@9363/@HBoxContainer@9362/@HBoxContainer@17932/@Button@17918 class=Button variation=FlatButton type=Button slot=pressed_mirrored bg=ff40ffff border=ccccccff
LEAK control_stylebox bg_source=base border_source= path=/root/@EditorNode@18065/@Panel@14/@VBoxContainer@15/DockHSplitMain/@VBoxContainer@28/DockVSplitCenter/@VSplitContainer@70/@VBoxContainer@71/@EditorMainScreen@125/MainScreen/@Node3DEditor@9983/@MarginContainer@9320/@HFlowContainer@9321/@PanelContainer@9363/@HBoxContainer@9362/@HBoxContainer@17932/@Button@17918 class=Button variation=FlatButton type=FlatButton slot=hover_mirrored bg=ff40ffff border=ccccccff
LEAK control_stylebox bg_source=base border_source= path=/root/@EditorNode@18065/@Panel@14/@VBoxContainer@15/DockHSplitMain/@VBoxContainer@28/DockVSplitCenter/@VSplitContainer@70/@VBoxContainer@71/@EditorMainScreen@125/MainScreen/@Node3DEditor@9983/@MarginContainer@9320/@HFlowContainer@9321/@PanelContainer@9363/@HBoxContainer@9362/@HBoxContainer@17932/@Button@17918 class=Button variation=FlatButton type=FlatButton slot=hover_pressed_mirrored bg=ff40ffff border=ccccccff
LEAK control_stylebox bg_source=base border_source= path=/root/@EditorNode@18065/@Panel@14/@VBoxContainer@15/DockHSplitMain/@VBoxContainer@28/DockVSplitCenter/@VSplitContainer@70/@VBoxContainer@71/@EditorMainScreen@125/MainScreen/@Node3DEditor@9983/@MarginContainer@9320/@HFlowContainer@9321/@PanelContainer@9363/@HBoxContainer@9362/@HBoxContainer@17932/@Button@17918 class=Button variation=FlatButton type=FlatButton slot=pressed_mirrored bg=ff40ffff border=ccccccff
LEAK control_stylebox bg_source=base border_source= path=/root/@EditorNode@18065/@Panel@14/@VBoxContainer@15/DockHSplitMain/@VBoxContainer@28/DockVSplitCenter/@VSplitContainer@70/@VBoxContainer@71/@EditorMainScreen@125/MainScreen/@Node3DEditor@9983/@MarginContainer@9320/@HFlowContainer@9321/@PanelContainer@9363/@HBoxContainer@9362/@HBoxContainer@17932/@Button@17919 class=Button variation=FlatButton type=Button slot=hover_mirrored bg=ff40ffff border=ccccccff
LEAK control_stylebox bg_source=base border_source= path=/root/@EditorNode@18065/@Panel@14/@VBoxContainer@15/DockHSplitMain/@VBoxContainer@28/DockVSplitCenter/@VSplitContainer@70/@VBoxContainer@71/@EditorMainScreen@125/MainScreen/@Node3DEditor@9983/@MarginContainer@9320/@HFlowContainer@9321/@PanelContainer@9363/@HBoxContainer@9362/@HBoxContainer@17932/@Button@17919 class=Button variation=FlatButton type=Button slot=hover_pressed_mirrored bg=ff40ffff border=ccccccff
LEAK control_stylebox bg_source=base border_source= path=/root/@EditorNode@18065/@Panel@14/@VBoxContainer@15/DockHSplitMain/@VBoxContainer@28/DockVSplitCenter/@VSplitContainer@70/@VBoxContainer@71/@EditorMainScreen@125/MainScreen/@Node3DEditor@9983/@MarginContainer@9320/@HFlowContainer@9321/@PanelContainer@9363/@HBoxContainer@9362/@HBoxContainer@17932/@Button@17919 class=Button variation=FlatButton type=Button slot=pressed_mirrored bg=ff40ffff border=ccccccff
LEAK control_stylebox bg_source=base border_source= path=/root/@EditorNode@18065/@Panel@14/@VBoxContainer@15/DockHSplitMain/@VBoxContainer@28/DockVSplitCenter/@VSplitContainer@70/@VBoxContainer@71/@EditorMainScreen@125/MainScreen/@Node3DEditor@9983/@MarginContainer@9320/@HFlowContainer@9321/@PanelContainer@9363/@HBoxContainer@9362/@HBoxContainer@17932/@Button@17919 class=Button variation=FlatButton type=FlatButton slot=hover_mirrored bg=ff40ffff border=ccccccff
LEAK control_stylebox bg_source=base border_source= path=/root/@EditorNode@18065/@Panel@14/@VBoxContainer@15/DockHSplitMain/@VBoxContainer@28/DockVSplitCenter/@VSplitContainer@70/@VBoxContainer@71/@EditorMainScreen@125/MainScreen/@Node3DEditor@9983/@MarginContainer@9320/@HFlowContainer@9321/@PanelContainer@9363/@HBoxContainer@9362/@HBoxContainer@17932/@Button@17919 class=Button variation=FlatButton type=FlatButton slot=hover_pressed_mirrored bg=ff40ffff border=ccccccff
LEAK control_stylebox bg_source=base border_source= path=/root/@EditorNode@18065/@Panel@14/@VBoxContainer@15/DockHSplitMain/@VBoxContainer@28/DockVSplitCenter/@VSplitContainer@70/@VBoxContainer@71/@EditorMainScreen@125/MainScreen/@Node3DEditor@9983/@MarginContainer@9320/@HFlowContainer@9321/@PanelContainer@9363/@HBoxContainer@9362/@HBoxContainer@17932/@Button@17919 class=Button variation=FlatButton type=FlatButton slot=pressed_mirrored bg=ff40ffff border=ccccccff
LEAK control_stylebox bg_source=base border_source= path=/root/@EditorNode@18065/@Panel@14/@VBoxContainer@15/DockHSplitMain/@VBoxContainer@28/DockVSplitCenter/@VSplitContainer@70/@VBoxContainer@71/@EditorMainScreen@125/MainScreen/@Node3DEditor@9983/@MarginContainer@9320/@HFlowContainer@9321/@PanelContainer@9363/@HBoxContainer@9362/@HBoxContainer@17932/@Button@17920 class=Button variation=FlatButton type=Button slot=hover_mirrored bg=ff40ffff border=ccccccff
LEAK control_stylebox bg_source=base border_source= path=/root/@EditorNode@18065/@Panel@14/@VBoxContainer@15/DockHSplitMain/@VBoxContainer@28/DockVSplitCenter/@VSplitContainer@70/@VBoxContainer@71/@EditorMainScreen@125/MainScreen/@Node3DEditor@9983/@MarginContainer@9320/@HFlowContainer@9321/@PanelContainer@9363/@HBoxContainer@9362/@HBoxContainer@17932/@Button@17920 class=Button variation=FlatButton type=Button slot=hover_pressed_mirrored bg=ff40ffff border=ccccccff
LEAK control_stylebox bg_source=base border_source= path=/root/@EditorNode@18065/@Panel@14/@VBoxContainer@15/DockHSplitMain/@VBoxContainer@28/DockVSplitCenter/@VSplitContainer@70/@VBoxContainer@71/@EditorMainScreen@125/MainScreen/@Node3DEditor@9983/@MarginContainer@9320/@HFlowContainer@9321/@PanelContainer@9363/@HBoxContainer@9362/@HBoxContainer@17932/@Button@17920 class=Button variation=FlatButton type=Button slot=pressed_mirrored bg=ff40ffff border=ccccccff
LEAK control_stylebox bg_source=base border_source= path=/root/@EditorNode@18065/@Panel@14/@VBoxContainer@15/DockHSplitMain/@VBoxContainer@28/DockVSplitCenter/@VSplitContainer@70/@VBoxContainer@71/@EditorMainScreen@125/MainScreen/@Node3DEditor@9983/@MarginContainer@9320/@HFlowContainer@9321/@PanelContainer@9363/@HBoxContainer@9362/@HBoxContainer@17932/@Button@17920 class=Button variation=FlatButton type=FlatButton slot=hover_mirrored bg=ff40ffff border=ccccccff
LEAK control_stylebox bg_source=base border_source= path=/root/@EditorNode@18065/@Panel@14/@VBoxContainer@15/DockHSplitMain/@VBoxContainer@28/DockVSplitCenter/@VSplitContainer@70/@VBoxContainer@71/@EditorMainScreen@125/MainScreen/@Node3DEditor@9983/@MarginContainer@9320/@HFlowContainer@9321/@PanelContainer@9363/@HBoxContainer@9362/@HBoxContainer@17932/@Button@17920 class=Button variation=FlatButton type=FlatButton slot=hover_pressed_mirrored bg=ff40ffff border=ccccccff
LEAK control_stylebox bg_source=base border_source= path=/root/@EditorNode@18065/@Panel@14/@VBoxContainer@15/DockHSplitMain/@VBoxContainer@28/DockVSplitCenter/@VSplitContainer@70/@VBoxContainer@71/@EditorMainScreen@125/MainScreen/@Node3DEditor@9983/@MarginContainer@9320/@HFlowContainer@9321/@PanelContainer@9363/@HBoxContainer@9362/@HBoxContainer@17932/@Button@17920 class=Button variation=FlatButton type=FlatButton slot=pressed_mirrored bg=ff40ffff border=ccccccff
LEAK control_stylebox bg_source=base border_source= path=/root/@EditorNode@18065/@Panel@14/@VBoxContainer@15/DockHSplitMain/@VBoxContainer@28/DockVSplitCenter/@VSplitContainer@70/@VBoxContainer@71/@EditorMainScreen@125/MainScreen/@Node3DEditor@9983/@MarginContainer@9320/@HFlowContainer@9321/@PanelContainer@9363/@HBoxContainer@9362/@HBoxContainer@17932/@Button@17921 class=Button variation=FlatButton type=Button slot=hover_mirrored bg=ff40ffff border=ccccccff
LEAK control_stylebox bg_source=base border_source= path=/root/@EditorNode@18065/@Panel@14/@VBoxContainer@15/DockHSplitMain/@VBoxContainer@28/DockVSplitCenter/@VSplitContainer@70/@VBoxContainer@71/@EditorMainScreen@125/MainScreen/@Node3DEditor@9983/@MarginContainer@9320/@HFlowContainer@9321/@PanelContainer@9363/@HBoxContainer@9362/@HBoxContainer@17932/@Button@17921 class=Button variation=FlatButton type=Button slot=hover_pressed_mirrored bg=ff40ffff border=ccccccff
LEAK control_stylebox bg_source=base border_source= path=/root/@EditorNode@18065/@Panel@14/@VBoxContainer@15/DockHSplitMain/@VBoxContainer@28/DockVSplitCenter/@VSplitContainer@70/@VBoxContainer@71/@EditorMainScreen@125/MainScreen/@Node3DEditor@9983/@MarginContainer@9320/@HFlowContainer@9321/@PanelContainer@9363/@HBoxContainer@9362/@HBoxContainer@17932/@Button@17921 class=Button variation=FlatButton type=Button slot=pressed_mirrored bg=ff40ffff border=ccccccff
LEAK control_stylebox bg_source=base border_source= path=/root/@EditorNode@18065/@Panel@14/@VBoxContainer@15/DockHSplitMain/@VBoxContainer@28/DockVSplitCenter/@VSplitContainer@70/@VBoxContainer@71/@EditorMainScreen@125/MainScreen/@Node3DEditor@9983/@MarginContainer@9320/@HFlowContainer@9321/@PanelContainer@9363/@HBoxContainer@9362/@HBoxContainer@17932/@Button@17921 class=Button variation=FlatButton type=FlatButton slot=hover_mirrored bg=ff40ffff border=ccccccff
LEAK control_stylebox bg_source=base border_source= path=/root/@EditorNode@18065/@Panel@14/@VBoxContainer@15/DockHSplitMain/@VBoxContainer@28/DockVSplitCenter/@VSplitContainer@70/@VBoxContainer@71/@EditorMainScreen@125/MainScreen/@Node3DEditor@9983/@MarginContainer@9320/@HFlowContainer@9321/@PanelContainer@9363/@HBoxContainer@9362/@HBoxContainer@17932/@Button@17921 class=Button variation=FlatButton type=FlatButton slot=hover_pressed_mirrored bg=ff40ffff border=ccccccff
LEAK control_stylebox bg_source=base border_source= path=/root/@EditorNode@18065/@Panel@14/@VBoxContainer@15/DockHSplitMain/@VBoxContainer@28/DockVSplitCenter/@VSplitContainer@70/@VBoxContainer@71/@EditorMainScreen@125/MainScreen/@Node3DEditor@9983/@MarginContainer@9320/@HFlowContainer@9321/@PanelContainer@9363/@HBoxContainer@9362/@HBoxContainer@17932/@Button@17921 class=Button variation=FlatButton type=FlatButton slot=pressed_mirrored bg=ff40ffff border=ccccccff
LEAK control_stylebox bg_source=base border_source= path=/root/@EditorNode@18065/@Panel@14/@VBoxContainer@15/DockHSplitMain/@VBoxContainer@28/DockVSplitCenter/@VSplitContainer@70/@VBoxContainer@71/@EditorMainScreen@125/MainScreen/@Node3DEditor@9983/@MarginContainer@9320/@HFlowContainer@9321/@PanelContainer@9363/@HBoxContainer@9362/@MenuButton@17473 class=MenuButton variation=FlatMenuButton type=FlatMenuButton slot=hover_mirrored bg=ff40ffff border=ccccccff
LEAK control_stylebox bg_source=base border_source= path=/root/@EditorNode@18065/@Panel@14/@VBoxContainer@15/DockHSplitMain/@VBoxContainer@28/DockVSplitCenter/@VSplitContainer@70/@VBoxContainer@71/@EditorMainScreen@125/MainScreen/@Node3DEditor@9983/@MarginContainer@9320/@HFlowContainer@9321/@PanelContainer@9363/@HBoxContainer@9362/@MenuButton@17473 class=MenuButton variation=FlatMenuButton type=FlatMenuButton slot=hover_pressed_mirrored bg=ff40ffff border=ccccccff
LEAK control_stylebox bg_source=base border_source= path=/root/@EditorNode@18065/@Panel@14/@VBoxContainer@15/DockHSplitMain/@VBoxContainer@28/DockVSplitCenter/@VSplitContainer@70/@VBoxContainer@71/@EditorMainScreen@125/MainScreen/@Node3DEditor@9983/@MarginContainer@9320/@HFlowContainer@9321/@PanelContainer@9363/@HBoxContainer@9362/@MenuButton@17473 class=MenuButton variation=FlatMenuButton type=FlatMenuButton slot=pressed_mirrored bg=ff40ffff border=ccccccff
LEAK control_stylebox bg_source=base border_source= path=/root/@EditorNode@18065/@Panel@14/@VBoxContainer@15/DockHSplitMain/@VBoxContainer@28/DockVSplitCenter/@VSplitContainer@70/@VBoxContainer@71/@EditorMainScreen@125/MainScreen/@Node3DEditor@9983/@MarginContainer@9320/@HFlowContainer@9321/@PanelContainer@9363/@HBoxContainer@9362/@Polygon3DEditor@14213/@Button@14209 class=Button variation=FlatButton type=Button slot=hover_mirrored bg=ff40ffff border=ccccccff
LEAK control_stylebox bg_source=base border_source= path=/root/@EditorNode@18065/@Panel@14/@VBoxContainer@15/DockHSplitMain/@VBoxContainer@28/DockVSplitCenter/@VSplitContainer@70/@VBoxContainer@71/@EditorMainScreen@125/MainScreen/@Node3DEditor@9983/@MarginContainer@9320/@HFlowContainer@9321/@PanelContainer@9363/@HBoxContainer@9362/@Polygon3DEditor@14213/@Button@14209 class=Button variation=FlatButton type=Button slot=hover_pressed_mirrored bg=ff40ffff border=ccccccff
LEAK control_stylebox bg_source=base border_source= path=/root/@EditorNode@18065/@Panel@14/@VBoxContainer@15/DockHSplitMain/@VBoxContainer@28/DockVSplitCenter/@VSplitContainer@70/@VBoxContainer@71/@EditorMainScreen@125/MainScreen/@Node3DEditor@9983/@MarginContainer@9320/@HFlowContainer@9321/@PanelContainer@9363/@HBoxContainer@9362/@Polygon3DEditor@14213/@Button@14209 class=Button variation=FlatButton type=Button slot=pressed_mirrored bg=ff40ffff border=ccccccff
LEAK control_stylebox bg_source=base border_source= path=/root/@EditorNode@18065/@Panel@14/@VBoxContainer@15/DockHSplitMain/@VBoxContainer@28/DockVSplitCenter/@VSplitContainer@70/@VBoxContainer@71/@EditorMainScreen@125/MainScreen/@Node3DEditor@9983/@MarginContainer@9320/@HFlowContainer@9321/@PanelContainer@9363/@HBoxContainer@9362/@Polygon3DEditor@14213/@Button@14209 class=Button variation=FlatButton type=FlatButton slot=hover_mirrored bg=ff40ffff border=ccccccff
LEAK control_stylebox bg_source=base border_source= path=/root/@EditorNode@18065/@Panel@14/@VBoxContainer@15/DockHSplitMain/@VBoxContainer@28/DockVSplitCenter/@VSplitContainer@70/@VBoxContainer@71/@EditorMainScreen@125/MainScreen/@Node3DEditor@9983/@MarginContainer@9320/@HFlowContainer@9321/@PanelContainer@9363/@HBoxContainer@9362/@Polygon3DEditor@14213/@Button@14209 class=Button variation=FlatButton type=FlatButton slot=hover_pressed_mirrored bg=ff40ffff border=ccccccff
LEAK control_stylebox bg_source=base border_source= path=/root/@EditorNode@18065/@Panel@14/@VBoxContainer@15/DockHSplitMain/@VBoxContainer@28/DockVSplitCenter/@VSplitContainer@70/@VBoxContainer@71/@EditorMainScreen@125/MainScreen/@Node3DEditor@9983/@MarginContainer@9320/@HFlowContainer@9321/@PanelContainer@9363/@HBoxContainer@9362/@Polygon3DEditor@14213/@Button@14209 class=Button variation=FlatButton type=FlatButton slot=pressed_mirrored bg=ff40ffff border=ccccccff
LEAK control_stylebox bg_source=base border_source= path=/root/@EditorNode@18065/@Panel@14/@VBoxContainer@15/DockHSplitMain/@VBoxContainer@28/DockVSplitCenter/@VSplitContainer@70/@VBoxContainer@71/@EditorMainScreen@125/MainScreen/@Node3DEditor@9983/@MarginContainer@9320/@HFlowContainer@9321/@PanelContainer@9363/@HBoxContainer@9362/@Polygon3DEditor@14213/@Button@14210 class=Button variation=FlatButton type=Button slot=hover_mirrored bg=ff40ffff border=ccccccff
LEAK control_stylebox bg_source=base border_source= path=/root/@EditorNode@18065/@Panel@14/@VBoxContainer@15/DockHSplitMain/@VBoxContainer@28/DockVSplitCenter/@VSplitContainer@70/@VBoxContainer@71/@EditorMainScreen@125/MainScreen/@Node3DEditor@9983/@MarginContainer@9320/@HFlowContainer@9321/@PanelContainer@9363/@HBoxContainer@9362/@Polygon3DEditor@14213/@Button@14210 class=Button variation=FlatButton type=Button slot=hover_pressed_mirrored bg=ff40ffff border=ccccccff
LEAK control_stylebox bg_source=base border_source= path=/root/@EditorNode@18065/@Panel@14/@VBoxContainer@15/DockHSplitMain/@VBoxContainer@28/DockVSplitCenter/@VSplitContainer@70/@VBoxContainer@71/@EditorMainScreen@125/MainScreen/@Node3DEditor@9983/@MarginContainer@9320/@HFlowContainer@9321/@PanelContainer@9363/@HBoxContainer@9362/@Polygon3DEditor@14213/@Button@14210 class=Button variation=FlatButton type=Button slot=pressed_mirrored bg=ff40ffff border=ccccccff
LEAK control_stylebox bg_source=base border_source= path=/root/@EditorNode@18065/@Panel@14/@VBoxContainer@15/DockHSplitMain/@VBoxContainer@28/DockVSplitCenter/@VSplitContainer@70/@VBoxContainer@71/@EditorMainScreen@125/MainScreen/@Node3DEditor@9983/@MarginContainer@9320/@HFlowContainer@9321/@PanelContainer@9363/@HBoxContainer@9362/@Polygon3DEditor@14213/@Button@14210 class=Button variation=FlatButton type=FlatButton slot=hover_mirrored bg=ff40ffff border=ccccccff
LEAK control_stylebox bg_source=base border_source= path=/root/@EditorNode@18065/@Panel@14/@VBoxContainer@15/DockHSplitMain/@VBoxContainer@28/DockVSplitCenter/@VSplitContainer@70/@VBoxContainer@71/@EditorMainScreen@125/MainScreen/@Node3DEditor@9983/@MarginContainer@9320/@HFlowContainer@9321/@PanelContainer@9363/@HBoxContainer@9362/@Polygon3DEditor@14213/@Button@14210 class=Button variation=FlatButton type=FlatButton slot=hover_pressed_mirrored bg=ff40ffff border=ccccccff
LEAK control_stylebox bg_source=base border_source= path=/root/@EditorNode@18065/@Panel@14/@VBoxContainer@15/DockHSplitMain/@VBoxContainer@28/DockVSplitCenter/@VSplitContainer@70/@VBoxContainer@71/@EditorMainScreen@125/MainScreen/@Node3DEditor@9983/@MarginContainer@9320/@HFlowContainer@9321/@PanelContainer@9363/@HBoxContainer@9362/@Polygon3DEditor@14213/@Button@14210 class=Button variation=FlatButton type=FlatButton slot=pressed_mirrored bg=ff40ffff border=ccccccff
LEAK control_stylebox bg_source=base border_source= path=/root/@EditorNode@18065/@Panel@14/@VBoxContainer@15/DockHSplitMain/@VBoxContainer@28/DockVSplitCenter/@VSplitContainer@70/@VBoxContainer@71/@EditorMainScreen@125/MainScreen/@WindowWrapper@10775/@ScriptEditor@10774/@VBoxContainer@9989/@HBoxContainer@9990/@Button@10086 class=Button variation=FlatButton type=Button slot=hover_mirrored bg=ff40ffff border=ccccccff
LEAK control_stylebox bg_source=base border_source= path=/root/@EditorNode@18065/@Panel@14/@VBoxContainer@15/DockHSplitMain/@VBoxContainer@28/DockVSplitCenter/@VSplitContainer@70/@VBoxContainer@71/@EditorMainScreen@125/MainScreen/@WindowWrapper@10775/@ScriptEditor@10774/@VBoxContainer@9989/@HBoxContainer@9990/@Button@10086 class=Button variation=FlatButton type=Button slot=hover_pressed_mirrored bg=ff40ffff border=ccccccff
LEAK control_stylebox bg_source=base border_source= path=/root/@EditorNode@18065/@Panel@14/@VBoxContainer@15/DockHSplitMain/@VBoxContainer@28/DockVSplitCenter/@VSplitContainer@70/@VBoxContainer@71/@EditorMainScreen@125/MainScreen/@WindowWrapper@10775/@ScriptEditor@10774/@VBoxContainer@9989/@HBoxContainer@9990/@Button@10086 class=Button variation=FlatButton type=Button slot=pressed_mirrored bg=ff40ffff border=ccccccff
LEAK control_stylebox bg_source=base border_source= path=/root/@EditorNode@18065/@Panel@14/@VBoxContainer@15/DockHSplitMain/@VBoxContainer@28/DockVSplitCenter/@VSplitContainer@70/@VBoxContainer@71/@EditorMainScreen@125/MainScreen/@WindowWrapper@10775/@ScriptEditor@10774/@VBoxContainer@9989/@HBoxContainer@9990/@Button@10086 class=Button variation=FlatButton type=FlatButton slot=hover_mirrored bg=ff40ffff border=ccccccff
LEAK control_stylebox bg_source=base border_source= path=/root/@EditorNode@18065/@Panel@14/@VBoxContainer@15/DockHSplitMain/@VBoxContainer@28/DockVSplitCenter/@VSplitContainer@70/@VBoxContainer@71/@EditorMainScreen@125/MainScreen/@WindowWrapper@10775/@ScriptEditor@10774/@VBoxContainer@9989/@HBoxContainer@9990/@Button@10086 class=Button variation=FlatButton type=FlatButton slot=hover_pressed_mirrored bg=ff40ffff border=ccccccff
LEAK control_stylebox bg_source=base border_source= path=/root/@EditorNode@18065/@Panel@14/@VBoxContainer@15/DockHSplitMain/@VBoxContainer@28/DockVSplitCenter/@VSplitContainer@70/@VBoxContainer@71/@EditorMainScreen@125/MainScreen/@WindowWrapper@10775/@ScriptEditor@10774/@VBoxContainer@9989/@HBoxContainer@9990/@Button@10086 class=Button variation=FlatButton type=FlatButton slot=pressed_mirrored bg=ff40ffff border=ccccccff
LEAK control_stylebox bg_source=base border_source= path=/root/@EditorNode@18065/@Panel@14/@VBoxContainer@15/DockHSplitMain/@VBoxContainer@28/DockVSplitCenter/@VSplitContainer@70/@VBoxContainer@71/@EditorMainScreen@125/MainScreen/@WindowWrapper@10775/@ScriptEditor@10774/@VBoxContainer@9989/@HBoxContainer@9990/@Button@10087 class=Button variation=FlatButton type=Button slot=hover_mirrored bg=ff40ffff border=ccccccff
LEAK control_stylebox bg_source=base border_source= path=/root/@EditorNode@18065/@Panel@14/@VBoxContainer@15/DockHSplitMain/@VBoxContainer@28/DockVSplitCenter/@VSplitContainer@70/@VBoxContainer@71/@EditorMainScreen@125/MainScreen/@WindowWrapper@10775/@ScriptEditor@10774/@VBoxContainer@9989/@HBoxContainer@9990/@Button@10087 class=Button variation=FlatButton type=Button slot=hover_pressed_mirrored bg=ff40ffff border=ccccccff
LEAK control_stylebox bg_source=base border_source= path=/root/@EditorNode@18065/@Panel@14/@VBoxContainer@15/DockHSplitMain/@VBoxContainer@28/DockVSplitCenter/@VSplitContainer@70/@VBoxContainer@71/@EditorMainScreen@125/MainScreen/@WindowWrapper@10775/@ScriptEditor@10774/@VBoxContainer@9989/@HBoxContainer@9990/@Button@10087 class=Button variation=FlatButton type=Button slot=pressed_mirrored bg=ff40ffff border=ccccccff
LEAK control_stylebox bg_source=base border_source= path=/root/@EditorNode@18065/@Panel@14/@VBoxContainer@15/DockHSplitMain/@VBoxContainer@28/DockVSplitCenter/@VSplitContainer@70/@VBoxContainer@71/@EditorMainScreen@125/MainScreen/@WindowWrapper@10775/@ScriptEditor@10774/@VBoxContainer@9989/@HBoxContainer@9990/@Button@10087 class=Button variation=FlatButton type=FlatButton slot=hover_mirrored bg=ff40ffff border=ccccccff
LEAK control_stylebox bg_source=base border_source= path=/root/@EditorNode@18065/@Panel@14/@VBoxContainer@15/DockHSplitMain/@VBoxContainer@28/DockVSplitCenter/@VSplitContainer@70/@VBoxContainer@71/@EditorMainScreen@125/MainScreen/@WindowWrapper@10775/@ScriptEditor@10774/@VBoxContainer@9989/@HBoxContainer@9990/@Button@10087 class=Button variation=FlatButton type=FlatButton slot=hover_pressed_mirrored bg=ff40ffff border=ccccccff
LEAK control_stylebox bg_source=base border_source= path=/root/@EditorNode@18065/@Panel@14/@VBoxContainer@15/DockHSplitMain/@VBoxContainer@28/DockVSplitCenter/@VSplitContainer@70/@VBoxContainer@71/@EditorMainScreen@125/MainScreen/@WindowWrapper@10775/@ScriptEditor@10774/@VBoxContainer@9989/@HBoxContainer@9990/@Button@10087 class=Button variation=FlatButton type=FlatButton slot=pressed_mirrored bg=ff40ffff border=ccccccff
LEAK control_stylebox bg_source=base border_source= path=/root/@EditorNode@18065/@Panel@14/@VBoxContainer@15/DockHSplitMain/@VBoxContainer@28/DockVSplitCenter/@VSplitContainer@70/@VBoxContainer@71/@EditorMainScreen@125/MainScreen/@WindowWrapper@10775/@ScriptEditor@10774/@VBoxContainer@9989/@HBoxContainer@9990/@Button@10089 class=Button variation=FlatButton type=Button slot=hover_mirrored bg=ff40ffff border=ccccccff
LEAK control_stylebox bg_source=base border_source= path=/root/@EditorNode@18065/@Panel@14/@VBoxContainer@15/DockHSplitMain/@VBoxContainer@28/DockVSplitCenter/@VSplitContainer@70/@VBoxContainer@71/@EditorMainScreen@125/MainScreen/@WindowWrapper@10775/@ScriptEditor@10774/@VBoxContainer@9989/@HBoxContainer@9990/@Button@10089 class=Button variation=FlatButton type=Button slot=hover_pressed_mirrored bg=ff40ffff border=ccccccff
LEAK control_stylebox bg_source=base border_source= path=/root/@EditorNode@18065/@Panel@14/@VBoxContainer@15/DockHSplitMain/@VBoxContainer@28/DockVSplitCenter/@VSplitContainer@70/@VBoxContainer@71/@EditorMainScreen@125/MainScreen/@WindowWrapper@10775/@ScriptEditor@10774/@VBoxContainer@9989/@HBoxContainer@9990/@Button@10089 class=Button variation=FlatButton type=Button slot=pressed_mirrored bg=ff40ffff border=ccccccff
LEAK control_stylebox bg_source=base border_source= path=/root/@EditorNode@18065/@Panel@14/@VBoxContainer@15/DockHSplitMain/@VBoxContainer@28/DockVSplitCenter/@VSplitContainer@70/@VBoxContainer@71/@EditorMainScreen@125/MainScreen/@WindowWrapper@10775/@ScriptEditor@10774/@VBoxContainer@9989/@HBoxContainer@9990/@Button@10089 class=Button variation=FlatButton type=FlatButton slot=hover_mirrored bg=ff40ffff border=ccccccff
LEAK control_stylebox bg_source=base border_source= path=/root/@EditorNode@18065/@Panel@14/@VBoxContainer@15/DockHSplitMain/@VBoxContainer@28/DockVSplitCenter/@VSplitContainer@70/@VBoxContainer@71/@EditorMainScreen@125/MainScreen/@WindowWrapper@10775/@ScriptEditor@10774/@VBoxContainer@9989/@HBoxContainer@9990/@Button@10089 class=Button variation=FlatButton type=FlatButton slot=hover_pressed_mirrored bg=ff40ffff border=ccccccff
LEAK control_stylebox bg_source=base border_source= path=/root/@EditorNode@18065/@Panel@14/@VBoxContainer@15/DockHSplitMain/@VBoxContainer@28/DockVSplitCenter/@VSplitContainer@70/@VBoxContainer@71/@EditorMainScreen@125/MainScreen/@WindowWrapper@10775/@ScriptEditor@10774/@VBoxContainer@9989/@HBoxContainer@9990/@Button@10089 class=Button variation=FlatButton type=FlatButton slot=pressed_mirrored bg=ff40ffff border=ccccccff
LEAK control_stylebox bg_source=base border_source= path=/root/@EditorNode@18065/@Panel@14/@VBoxContainer@15/DockHSplitMain/@VBoxContainer@28/DockVSplitCenter/@VSplitContainer@70/@VBoxContainer@71/@EditorMainScreen@125/MainScreen/@WindowWrapper@10775/@ScriptEditor@10774/@VBoxContainer@9989/@HBoxContainer@9990/@Button@10090 class=Button variation=FlatButton type=Button slot=hover_mirrored bg=ff40ffff border=ccccccff
LEAK control_stylebox bg_source=base border_source= path=/root/@EditorNode@18065/@Panel@14/@VBoxContainer@15/DockHSplitMain/@VBoxContainer@28/DockVSplitCenter/@VSplitContainer@70/@VBoxContainer@71/@EditorMainScreen@125/MainScreen/@WindowWrapper@10775/@ScriptEditor@10774/@VBoxContainer@9989/@HBoxContainer@9990/@Button@10090 class=Button variation=FlatButton type=Button slot=hover_pressed_mirrored bg=ff40ffff border=ccccccff
LEAK control_stylebox bg_source=base border_source= path=/root/@EditorNode@18065/@Panel@14/@VBoxContainer@15/DockHSplitMain/@VBoxContainer@28/DockVSplitCenter/@VSplitContainer@70/@VBoxContainer@71/@EditorMainScreen@125/MainScreen/@WindowWrapper@10775/@ScriptEditor@10774/@VBoxContainer@9989/@HBoxContainer@9990/@Button@10090 class=Button variation=FlatButton type=Button slot=pressed_mirrored bg=ff40ffff border=ccccccff
LEAK control_stylebox bg_source=base border_source= path=/root/@EditorNode@18065/@Panel@14/@VBoxContainer@15/DockHSplitMain/@VBoxContainer@28/DockVSplitCenter/@VSplitContainer@70/@VBoxContainer@71/@EditorMainScreen@125/MainScreen/@WindowWrapper@10775/@ScriptEditor@10774/@VBoxContainer@9989/@HBoxContainer@9990/@Button@10090 class=Button variation=FlatButton type=FlatButton slot=hover_mirrored bg=ff40ffff border=ccccccff
LEAK control_stylebox bg_source=base border_source= path=/root/@EditorNode@18065/@Panel@14/@VBoxContainer@15/DockHSplitMain/@VBoxContainer@28/DockVSplitCenter/@VSplitContainer@70/@VBoxContainer@71/@EditorMainScreen@125/MainScreen/@WindowWrapper@10775/@ScriptEditor@10774/@VBoxContainer@9989/@HBoxContainer@9990/@Button@10090 class=Button variation=FlatButton type=FlatButton slot=hover_pressed_mirrored bg=ff40ffff border=ccccccff
LEAK control_stylebox bg_source=base border_source= path=/root/@EditorNode@18065/@Panel@14/@VBoxContainer@15/DockHSplitMain/@VBoxContainer@28/DockVSplitCenter/@VSplitContainer@70/@VBoxContainer@71/@EditorMainScreen@125/MainScreen/@WindowWrapper@10775/@ScriptEditor@10774/@VBoxContainer@9989/@HBoxContainer@9990/@Button@10090 class=Button variation=FlatButton type=FlatButton slot=pressed_mirrored bg=ff40ffff border=ccccccff
LEAK control_stylebox bg_source=base border_source= path=/root/@EditorNode@18065/@Panel@14/@VBoxContainer@15/DockHSplitMain/@VBoxContainer@28/DockVSplitCenter/@VSplitContainer@70/@VBoxContainer@71/@EditorMainScreen@125/MainScreen/@WindowWrapper@10775/@ScriptEditor@10774/@VBoxContainer@9989/@HBoxContainer@9990/@MenuButton@10050 class=MenuButton variation=FlatMenuButton type=FlatMenuButton slot=hover_mirrored bg=ff40ffff border=ccccccff
LEAK control_stylebox bg_source=base border_source= path=/root/@EditorNode@18065/@Panel@14/@VBoxContainer@15/DockHSplitMain/@VBoxContainer@28/DockVSplitCenter/@VSplitContainer@70/@VBoxContainer@71/@EditorMainScreen@125/MainScreen/@WindowWrapper@10775/@ScriptEditor@10774/@VBoxContainer@9989/@HBoxContainer@9990/@MenuButton@10050 class=MenuButton variation=FlatMenuButton type=FlatMenuButton slot=hover_pressed_mirrored bg=ff40ffff border=ccccccff
LEAK control_stylebox bg_source=base border_source= path=/root/@EditorNode@18065/@Panel@14/@VBoxContainer@15/DockHSplitMain/@VBoxContainer@28/DockVSplitCenter/@VSplitContainer@70/@VBoxContainer@71/@EditorMainScreen@125/MainScreen/@WindowWrapper@10775/@ScriptEditor@10774/@VBoxContainer@9989/@HBoxContainer@9990/@MenuButton@10050 class=MenuButton variation=FlatMenuButton type=FlatMenuButton slot=pressed_mirrored bg=ff40ffff border=ccccccff
LEAK control_stylebox bg_source=base border_source= path=/root/@EditorNode@18065/@Panel@14/@VBoxContainer@15/DockHSplitMain/@VBoxContainer@28/DockVSplitCenter/@VSplitContainer@70/@VBoxContainer@71/@EditorMainScreen@125/MainScreen/@WindowWrapper@10775/@ScriptEditor@10774/@VBoxContainer@9989/@HBoxContainer@9990/@MenuButton@10075 class=MenuButton variation=FlatMenuButton type=FlatMenuButton slot=hover_mirrored bg=ff40ffff border=ccccccff
LEAK control_stylebox bg_source=base border_source= path=/root/@EditorNode@18065/@Panel@14/@VBoxContainer@15/DockHSplitMain/@VBoxContainer@28/DockVSplitCenter/@VSplitContainer@70/@VBoxContainer@71/@EditorMainScreen@125/MainScreen/@WindowWrapper@10775/@ScriptEditor@10774/@VBoxContainer@9989/@HBoxContainer@9990/@MenuButton@10075 class=MenuButton variation=FlatMenuButton type=FlatMenuButton slot=hover_pressed_mirrored bg=ff40ffff border=ccccccff
LEAK control_stylebox bg_source=base border_source= path=/root/@EditorNode@18065/@Panel@14/@VBoxContainer@15/DockHSplitMain/@VBoxContainer@28/DockVSplitCenter/@VSplitContainer@70/@VBoxContainer@71/@EditorMainScreen@125/MainScreen/@WindowWrapper@10775/@ScriptEditor@10774/@VBoxContainer@9989/@HBoxContainer@9990/@MenuButton@10075 class=MenuButton variation=FlatMenuButton type=FlatMenuButton slot=pressed_mirrored bg=ff40ffff border=ccccccff
LEAK control_stylebox bg_source=base border_source= path=/root/@EditorNode@18065/@Panel@14/@VBoxContainer@15/DockHSplitMain/@VBoxContainer@28/DockVSplitCenter/@VSplitContainer@70/@VBoxContainer@71/@EditorMainScreen@125/MainScreen/@WindowWrapper@10775/@ScriptEditor@10774/@VBoxContainer@9989/@HBoxContainer@9990/@MenuButton@10084 class=MenuButton variation=FlatMenuButton type=FlatMenuButton slot=hover_mirrored bg=ff40ffff border=ccccccff
LEAK control_stylebox bg_source=base border_source= path=/root/@EditorNode@18065/@Panel@14/@VBoxContainer@15/DockHSplitMain/@VBoxContainer@28/DockVSplitCenter/@VSplitContainer@70/@VBoxContainer@71/@EditorMainScreen@125/MainScreen/@WindowWrapper@10775/@ScriptEditor@10774/@VBoxContainer@9989/@HBoxContainer@9990/@MenuButton@10084 class=MenuButton variation=FlatMenuButton type=FlatMenuButton slot=hover_pressed_mirrored bg=ff40ffff border=ccccccff
LEAK control_stylebox bg_source=base border_source= path=/root/@EditorNode@18065/@Panel@14/@VBoxContainer@15/DockHSplitMain/@VBoxContainer@28/DockVSplitCenter/@VSplitContainer@70/@VBoxContainer@71/@EditorMainScreen@125/MainScreen/@WindowWrapper@10775/@ScriptEditor@10774/@VBoxContainer@9989/@HBoxContainer@9990/@MenuButton@10084 class=MenuButton variation=FlatMenuButton type=FlatMenuButton slot=pressed_mirrored bg=ff40ffff border=ccccccff
LEAK control_stylebox bg_source=base border_source= path=/root/@EditorNode@18065/@Panel@14/@VBoxContainer@15/DockHSplitMain/@VBoxContainer@28/DockVSplitCenter/@VSplitContainer@70/@VBoxContainer@71/@EditorMainScreen@125/MainScreen/@WindowWrapper@10775/@ScriptEditor@10774/@VBoxContainer@9989/@HBoxContainer@9990/@ScreenSelect@10098 class=ScreenSelect variation=FlatButton type=FlatButton slot=hover_mirrored bg=ff40ffff border=ccccccff
LEAK control_stylebox bg_source=base border_source= path=/root/@EditorNode@18065/@Panel@14/@VBoxContainer@15/DockHSplitMain/@VBoxContainer@28/DockVSplitCenter/@VSplitContainer@70/@VBoxContainer@71/@EditorMainScreen@125/MainScreen/@WindowWrapper@10775/@ScriptEditor@10774/@VBoxContainer@9989/@HBoxContainer@9990/@ScreenSelect@10098 class=ScreenSelect variation=FlatButton type=FlatButton slot=hover_pressed_mirrored bg=ff40ffff border=ccccccff
LEAK control_stylebox bg_source=base border_source= path=/root/@EditorNode@18065/@Panel@14/@VBoxContainer@15/DockHSplitMain/@VBoxContainer@28/DockVSplitCenter/@VSplitContainer@70/@VBoxContainer@71/@EditorMainScreen@125/MainScreen/@WindowWrapper@10775/@ScriptEditor@10774/@VBoxContainer@9989/@HBoxContainer@9990/@ScreenSelect@10098 class=ScreenSelect variation=FlatButton type=FlatButton slot=pressed_mirrored bg=ff40ffff border=ccccccff
LEAK control_stylebox bg_source=base border_source= path=/root/@EditorNode@18065/@Panel@14/@VBoxContainer@15/DockHSplitMain/@VBoxContainer@28/DockVSplitCenter/@VSplitContainer@70/@VBoxContainer@71/@EditorMainScreen@125/MainScreen/@WindowWrapper@10775/@ScriptEditor@10774/@VBoxContainer@9989/@HSplitContainer@9992/@VBoxContainer@10018/@FindReplaceBar@10041/@Button@10022 class=Button variation=FlatButton type=Button slot=hover_mirrored bg=ff40ffff border=ccccccff
LEAK control_stylebox bg_source=base border_source= path=/root/@EditorNode@18065/@Panel@14/@VBoxContainer@15/DockHSplitMain/@VBoxContainer@28/DockVSplitCenter/@VSplitContainer@70/@VBoxContainer@71/@EditorMainScreen@125/MainScreen/@WindowWrapper@10775/@ScriptEditor@10774/@VBoxContainer@9989/@HSplitContainer@9992/@VBoxContainer@10018/@FindReplaceBar@10041/@Button@10022 class=Button variation=FlatButton type=Button slot=hover_pressed_mirrored bg=ff40ffff border=ccccccff
LEAK control_stylebox bg_source=base border_source= path=/root/@EditorNode@18065/@Panel@14/@VBoxContainer@15/DockHSplitMain/@VBoxContainer@28/DockVSplitCenter/@VSplitContainer@70/@VBoxContainer@71/@EditorMainScreen@125/MainScreen/@WindowWrapper@10775/@ScriptEditor@10774/@VBoxContainer@9989/@HSplitContainer@9992/@VBoxContainer@10018/@FindReplaceBar@10041/@Button@10022 class=Button variation=FlatButton type=Button slot=pressed_mirrored bg=ff40ffff border=ccccccff
LEAK control_stylebox bg_source=base border_source= path=/root/@EditorNode@18065/@Panel@14/@VBoxContainer@15/DockHSplitMain/@VBoxContainer@28/DockVSplitCenter/@VSplitContainer@70/@VBoxContainer@71/@EditorMainScreen@125/MainScreen/@WindowWrapper@10775/@ScriptEditor@10774/@VBoxContainer@9989/@HSplitContainer@9992/@VBoxContainer@10018/@FindReplaceBar@10041/@Button@10022 class=Button variation=FlatButton type=FlatButton slot=hover_mirrored bg=ff40ffff border=ccccccff
LEAK control_stylebox bg_source=base border_source= path=/root/@EditorNode@18065/@Panel@14/@VBoxContainer@15/DockHSplitMain/@VBoxContainer@28/DockVSplitCenter/@VSplitContainer@70/@VBoxContainer@71/@EditorMainScreen@125/MainScreen/@WindowWrapper@10775/@ScriptEditor@10774/@VBoxContainer@9989/@HSplitContainer@9992/@VBoxContainer@10018/@FindReplaceBar@10041/@Button@10022 class=Button variation=FlatButton type=FlatButton slot=hover_pressed_mirrored bg=ff40ffff border=ccccccff
LEAK control_stylebox bg_source=base border_source= path=/root/@EditorNode@18065/@Panel@14/@VBoxContainer@15/DockHSplitMain/@VBoxContainer@28/DockVSplitCenter/@VSplitContainer@70/@VBoxContainer@71/@EditorMainScreen@125/MainScreen/@WindowWrapper@10775/@ScriptEditor@10774/@VBoxContainer@9989/@HSplitContainer@9992/@VBoxContainer@10018/@FindReplaceBar@10041/@Button@10022 class=Button variation=FlatButton type=FlatButton slot=pressed_mirrored bg=ff40ffff border=ccccccff
LEAK control_stylebox bg_source=base border_source= path=/root/@EditorNode@18065/@Panel@14/@VBoxContainer@15/DockHSplitMain/@VBoxContainer@28/DockVSplitCenter/@VSplitContainer@70/@VBoxContainer@71/@EditorMainScreen@125/MainScreen/@WindowWrapper@10775/@ScriptEditor@10774/@VBoxContainer@9989/@HSplitContainer@9992/@VBoxContainer@10018/@FindReplaceBar@10041/@Button@10040 class=Button variation=FlatButton type=Button slot=hover_mirrored bg=ff40ffff border=ccccccff
LEAK control_stylebox bg_source=base border_source= path=/root/@EditorNode@18065/@Panel@14/@VBoxContainer@15/DockHSplitMain/@VBoxContainer@28/DockVSplitCenter/@VSplitContainer@70/@VBoxContainer@71/@EditorMainScreen@125/MainScreen/@WindowWrapper@10775/@ScriptEditor@10774/@VBoxContainer@9989/@HSplitContainer@9992/@VBoxContainer@10018/@FindReplaceBar@10041/@Button@10040 class=Button variation=FlatButton type=Button slot=hover_pressed_mirrored bg=ff40ffff border=ccccccff
LEAK control_stylebox bg_source=base border_source= path=/root/@EditorNode@18065/@Panel@14/@VBoxContainer@15/DockHSplitMain/@VBoxContainer@28/DockVSplitCenter/@VSplitContainer@70/@VBoxContainer@71/@EditorMainScreen@125/MainScreen/@WindowWrapper@10775/@ScriptEditor@10774/@VBoxContainer@9989/@HSplitContainer@9992/@VBoxContainer@10018/@FindReplaceBar@10041/@Button@10040 class=Button variation=FlatButton type=Button slot=pressed_mirrored bg=ff40ffff border=ccccccff
LEAK control_stylebox bg_source=base border_source= path=/root/@EditorNode@18065/@Panel@14/@VBoxContainer@15/DockHSplitMain/@VBoxContainer@28/DockVSplitCenter/@VSplitContainer@70/@VBoxContainer@71/@EditorMainScreen@125/MainScreen/@WindowWrapper@10775/@ScriptEditor@10774/@VBoxContainer@9989/@HSplitContainer@9992/@VBoxContainer@10018/@FindReplaceBar@10041/@Button@10040 class=Button variation=FlatButton type=FlatButton slot=hover_mirrored bg=ff40ffff border=ccccccff
LEAK control_stylebox bg_source=base border_source= path=/root/@EditorNode@18065/@Panel@14/@VBoxContainer@15/DockHSplitMain/@VBoxContainer@28/DockVSplitCenter/@VSplitContainer@70/@VBoxContainer@71/@EditorMainScreen@125/MainScreen/@WindowWrapper@10775/@ScriptEditor@10774/@VBoxContainer@9989/@HSplitContainer@9992/@VBoxContainer@10018/@FindReplaceBar@10041/@Button@10040 class=Button variation=FlatButton type=FlatButton slot=hover_pressed_mirrored bg=ff40ffff border=ccccccff
LEAK control_stylebox bg_source=base border_source= path=/root/@EditorNode@18065/@Panel@14/@VBoxContainer@15/DockHSplitMain/@VBoxContainer@28/DockVSplitCenter/@VSplitContainer@70/@VBoxContainer@71/@EditorMainScreen@125/MainScreen/@WindowWrapper@10775/@ScriptEditor@10774/@VBoxContainer@9989/@HSplitContainer@9992/@VBoxContainer@10018/@FindReplaceBar@10041/@Button@10040 class=Button variation=FlatButton type=FlatButton slot=pressed_mirrored bg=ff40ffff border=ccccccff
LEAK control_stylebox bg_source=base border_source= path=/root/@EditorNode@18065/@Panel@14/@VBoxContainer@15/DockHSplitMain/@VBoxContainer@28/DockVSplitCenter/@VSplitContainer@70/@VBoxContainer@71/@EditorMainScreen@125/MainScreen/@WindowWrapper@10775/@ScriptEditor@10774/@VBoxContainer@9989/@HSplitContainer@9992/@VBoxContainer@10018/@FindReplaceBar@10041/@VBoxContainer@10024/@HBoxContainer@10026/@Button@10032 class=Button variation=FlatButton type=Button slot=hover_mirrored bg=ff40ffff border=ccccccff
LEAK control_stylebox bg_source=base border_source= path=/root/@EditorNode@18065/@Panel@14/@VBoxContainer@15/DockHSplitMain/@VBoxContainer@28/DockVSplitCenter/@VSplitContainer@70/@VBoxContainer@71/@EditorMainScreen@125/MainScreen/@WindowWrapper@10775/@ScriptEditor@10774/@VBoxContainer@9989/@HSplitContainer@9992/@VBoxContainer@10018/@FindReplaceBar@10041/@VBoxContainer@10024/@HBoxContainer@10026/@Button@10032 class=Button variation=FlatButton type=Button slot=hover_pressed_mirrored bg=ff40ffff border=ccccccff
LEAK control_stylebox bg_source=base border_source= path=/root/@EditorNode@18065/@Panel@14/@VBoxContainer@15/DockHSplitMain/@VBoxContainer@28/DockVSplitCenter/@VSplitContainer@70/@VBoxContainer@71/@EditorMainScreen@125/MainScreen/@WindowWrapper@10775/@ScriptEditor@10774/@VBoxContainer@9989/@HSplitContainer@9992/@VBoxContainer@10018/@FindReplaceBar@10041/@VBoxContainer@10024/@HBoxContainer@10026/@Button@10032 class=Button variation=FlatButton type=Button slot=pressed_mirrored bg=ff40ffff border=ccccccff
LEAK control_stylebox bg_source=base border_source= path=/root/@EditorNode@18065/@Panel@14/@VBoxContainer@15/DockHSplitMain/@VBoxContainer@28/DockVSplitCenter/@VSplitContainer@70/@VBoxContainer@71/@EditorMainScreen@125/MainScreen/@WindowWrapper@10775/@ScriptEditor@10774/@VBoxContainer@9989/@HSplitContainer@9992/@VBoxContainer@10018/@FindReplaceBar@10041/@VBoxContainer@10024/@HBoxContainer@10026/@Button@10032 class=Button variation=FlatButton type=FlatButton slot=hover_mirrored bg=ff40ffff border=ccccccff
LEAK control_stylebox bg_source=base border_source= path=/root/@EditorNode@18065/@Panel@14/@VBoxContainer@15/DockHSplitMain/@VBoxContainer@28/DockVSplitCenter/@VSplitContainer@70/@VBoxContainer@71/@EditorMainScreen@125/MainScreen/@WindowWrapper@10775/@ScriptEditor@10774/@VBoxContainer@9989/@HSplitContainer@9992/@VBoxContainer@10018/@FindReplaceBar@10041/@VBoxContainer@10024/@HBoxContainer@10026/@Button@10032 class=Button variation=FlatButton type=FlatButton slot=hover_pressed_mirrored bg=ff40ffff border=ccccccff
LEAK control_stylebox bg_source=base border_source= path=/root/@EditorNode@18065/@Panel@14/@VBoxContainer@15/DockHSplitMain/@VBoxContainer@28/DockVSplitCenter/@VSplitContainer@70/@VBoxContainer@71/@EditorMainScreen@125/MainScreen/@WindowWrapper@10775/@ScriptEditor@10774/@VBoxContainer@9989/@HSplitContainer@9992/@VBoxContainer@10018/@FindReplaceBar@10041/@VBoxContainer@10024/@HBoxContainer@10026/@Button@10032 class=Button variation=FlatButton type=FlatButton slot=pressed_mirrored bg=ff40ffff border=ccccccff
LEAK control_stylebox bg_source=base border_source= path=/root/@EditorNode@18065/@Panel@14/@VBoxContainer@15/DockHSplitMain/@VBoxContainer@28/DockVSplitCenter/@VSplitContainer@70/@VBoxContainer@71/@EditorMainScreen@125/MainScreen/@WindowWrapper@10775/@ScriptEditor@10774/@VBoxContainer@9989/@HSplitContainer@9992/@VBoxContainer@10018/@FindReplaceBar@10041/@VBoxContainer@10024/@HBoxContainer@10026/@Button@10033 class=Button variation=FlatButton type=Button slot=hover_mirrored bg=ff40ffff border=ccccccff
LEAK control_stylebox bg_source=base border_source= path=/root/@EditorNode@18065/@Panel@14/@VBoxContainer@15/DockHSplitMain/@VBoxContainer@28/DockVSplitCenter/@VSplitContainer@70/@VBoxContainer@71/@EditorMainScreen@125/MainScreen/@WindowWrapper@10775/@ScriptEditor@10774/@VBoxContainer@9989/@HSplitContainer@9992/@VBoxContainer@10018/@FindReplaceBar@10041/@VBoxContainer@10024/@HBoxContainer@10026/@Button@10033 class=Button variation=FlatButton type=Button slot=hover_pressed_mirrored bg=ff40ffff border=ccccccff
LEAK control_stylebox bg_source=base border_source= path=/root/@EditorNode@18065/@Panel@14/@VBoxContainer@15/DockHSplitMain/@VBoxContainer@28/DockVSplitCenter/@VSplitContainer@70/@VBoxContainer@71/@EditorMainScreen@125/MainScreen/@WindowWrapper@10775/@ScriptEditor@10774/@VBoxContainer@9989/@HSplitContainer@9992/@VBoxContainer@10018/@FindReplaceBar@10041/@VBoxContainer@10024/@HBoxContainer@10026/@Button@10033 class=Button variation=FlatButton type=Button slot=pressed_mirrored bg=ff40ffff border=ccccccff
LEAK control_stylebox bg_source=base border_source= path=/root/@EditorNode@18065/@Panel@14/@VBoxContainer@15/DockHSplitMain/@VBoxContainer@28/DockVSplitCenter/@VSplitContainer@70/@VBoxContainer@71/@EditorMainScreen@125/MainScreen/@WindowWrapper@10775/@ScriptEditor@10774/@VBoxContainer@9989/@HSplitContainer@9992/@VBoxContainer@10018/@FindReplaceBar@10041/@VBoxContainer@10024/@HBoxContainer@10026/@Button@10033 class=Button variation=FlatButton type=FlatButton slot=hover_mirrored bg=ff40ffff border=ccccccff
LEAK control_stylebox bg_source=base border_source= path=/root/@EditorNode@18065/@Panel@14/@VBoxContainer@15/DockHSplitMain/@VBoxContainer@28/DockVSplitCenter/@VSplitContainer@70/@VBoxContainer@71/@EditorMainScreen@125/MainScreen/@WindowWrapper@10775/@ScriptEditor@10774/@VBoxContainer@9989/@HSplitContainer@9992/@VBoxContainer@10018/@FindReplaceBar@10041/@VBoxContainer@10024/@HBoxContainer@10026/@Button@10033 class=Button variation=FlatButton type=FlatButton slot=hover_pressed_mirrored bg=ff40ffff border=ccccccff
LEAK control_stylebox bg_source=base border_source= path=/root/@EditorNode@18065/@Panel@14/@VBoxContainer@15/DockHSplitMain/@VBoxContainer@28/DockVSplitCenter/@VSplitContainer@70/@VBoxContainer@71/@EditorMainScreen@125/MainScreen/@WindowWrapper@10775/@ScriptEditor@10774/@VBoxContainer@9989/@HSplitContainer@9992/@VBoxContainer@10018/@FindReplaceBar@10041/@VBoxContainer@10024/@HBoxContainer@10026/@Button@10033 class=Button variation=FlatButton type=FlatButton slot=pressed_mirrored bg=ff40ffff border=ccccccff
LEAK control_stylebox bg_source=base border_source= path=/root/@EditorNode@18065/@Panel@14/@VBoxContainer@15/DockHSplitMain/@VBoxContainer@28/DockVSplitCenter/@VSplitContainer@70/@VBoxContainer@71/@EditorMainScreen@125/MainScreen/@WindowWrapper@10775/@ScriptEditor@10774/@VBoxContainer@9989/@HSplitContainer@9992/@VSplitContainer@9994/@VBoxContainer@10008/@HBoxContainer@10009/@Button@10011 class=Button variation=FlatButton type=Button slot=hover_mirrored bg=ff40ffff border=ccccccff
LEAK control_stylebox bg_source=base border_source= path=/root/@EditorNode@18065/@Panel@14/@VBoxContainer@15/DockHSplitMain/@VBoxContainer@28/DockVSplitCenter/@VSplitContainer@70/@VBoxContainer@71/@EditorMainScreen@125/MainScreen/@WindowWrapper@10775/@ScriptEditor@10774/@VBoxContainer@9989/@HSplitContainer@9992/@VSplitContainer@9994/@VBoxContainer@10008/@HBoxContainer@10009/@Button@10011 class=Button variation=FlatButton type=Button slot=hover_pressed_mirrored bg=ff40ffff border=ccccccff
LEAK control_stylebox bg_source=base border_source= path=/root/@EditorNode@18065/@Panel@14/@VBoxContainer@15/DockHSplitMain/@VBoxContainer@28/DockVSplitCenter/@VSplitContainer@70/@VBoxContainer@71/@EditorMainScreen@125/MainScreen/@WindowWrapper@10775/@ScriptEditor@10774/@VBoxContainer@9989/@HSplitContainer@9992/@VSplitContainer@9994/@VBoxContainer@10008/@HBoxContainer@10009/@Button@10011 class=Button variation=FlatButton type=Button slot=pressed_mirrored bg=ff40ffff border=ccccccff
LEAK control_stylebox bg_source=base border_source= path=/root/@EditorNode@18065/@Panel@14/@VBoxContainer@15/DockHSplitMain/@VBoxContainer@28/DockVSplitCenter/@VSplitContainer@70/@VBoxContainer@71/@EditorMainScreen@125/MainScreen/@WindowWrapper@10775/@ScriptEditor@10774/@VBoxContainer@9989/@HSplitContainer@9992/@VSplitContainer@9994/@VBoxContainer@10008/@HBoxContainer@10009/@Button@10011 class=Button variation=FlatButton type=FlatButton slot=hover_mirrored bg=ff40ffff border=ccccccff
LEAK control_stylebox bg_source=base border_source= path=/root/@EditorNode@18065/@Panel@14/@VBoxContainer@15/DockHSplitMain/@VBoxContainer@28/DockVSplitCenter/@VSplitContainer@70/@VBoxContainer@71/@EditorMainScreen@125/MainScreen/@WindowWrapper@10775/@ScriptEditor@10774/@VBoxContainer@9989/@HSplitContainer@9992/@VSplitContainer@9994/@VBoxContainer@10008/@HBoxContainer@10009/@Button@10011 class=Button variation=FlatButton type=FlatButton slot=hover_pressed_mirrored bg=ff40ffff border=ccccccff
LEAK control_stylebox bg_source=base border_source= path=/root/@EditorNode@18065/@Panel@14/@VBoxContainer@15/DockHSplitMain/@VBoxContainer@28/DockVSplitCenter/@VSplitContainer@70/@VBoxContainer@71/@EditorMainScreen@125/MainScreen/@WindowWrapper@10775/@ScriptEditor@10774/@VBoxContainer@9989/@HSplitContainer@9992/@VSplitContainer@9994/@VBoxContainer@10008/@HBoxContainer@10009/@Button@10011 class=Button variation=FlatButton type=FlatButton slot=pressed_mirrored bg=ff40ffff border=ccccccff
LEAK control_stylebox bg_source=base border_source= path=/root/@EditorNode@18065/@Panel@14/@VBoxContainer@15/DockHSplitMain/@VBoxContainer@28/DockVSplitCenter/@VSplitContainer@70/@VBoxContainer@71/@EditorMainScreen@125/MainScreen/@WindowWrapper@10849/@GameView@10848/@MarginContainer@10783/@FlowContainer@10784/@HBoxContainer@10785/@Button@10786 class=Button variation=FlatButton type=Button slot=hover_mirrored bg=ff40ffff border=ccccccff
LEAK control_stylebox bg_source=base border_source= path=/root/@EditorNode@18065/@Panel@14/@VBoxContainer@15/DockHSplitMain/@VBoxContainer@28/DockVSplitCenter/@VSplitContainer@70/@VBoxContainer@71/@EditorMainScreen@125/MainScreen/@WindowWrapper@10849/@GameView@10848/@MarginContainer@10783/@FlowContainer@10784/@HBoxContainer@10785/@Button@10786 class=Button variation=FlatButton type=Button slot=hover_pressed_mirrored bg=ff40ffff border=ccccccff
LEAK control_stylebox bg_source=base border_source= path=/root/@EditorNode@18065/@Panel@14/@VBoxContainer@15/DockHSplitMain/@VBoxContainer@28/DockVSplitCenter/@VSplitContainer@70/@VBoxContainer@71/@EditorMainScreen@125/MainScreen/@WindowWrapper@10849/@GameView@10848/@MarginContainer@10783/@FlowContainer@10784/@HBoxContainer@10785/@Button@10786 class=Button variation=FlatButton type=Button slot=pressed_mirrored bg=ff40ffff border=ccccccff
LEAK control_stylebox bg_source=base border_source= path=/root/@EditorNode@18065/@Panel@14/@VBoxContainer@15/DockHSplitMain/@VBoxContainer@28/DockVSplitCenter/@VSplitContainer@70/@VBoxContainer@71/@EditorMainScreen@125/MainScreen/@WindowWrapper@10849/@GameView@10848/@MarginContainer@10783/@FlowContainer@10784/@HBoxContainer@10785/@Button@10786 class=Button variation=FlatButton type=FlatButton slot=hover_mirrored bg=ff40ffff border=ccccccff
LEAK control_stylebox bg_source=base border_source= path=/root/@EditorNode@18065/@Panel@14/@VBoxContainer@15/DockHSplitMain/@VBoxContainer@28/DockVSplitCenter/@VSplitContainer@70/@VBoxContainer@71/@EditorMainScreen@125/MainScreen/@WindowWrapper@10849/@GameView@10848/@MarginContainer@10783/@FlowContainer@10784/@HBoxContainer@10785/@Button@10786 class=Button variation=FlatButton type=FlatButton slot=hover_pressed_mirrored bg=ff40ffff border=ccccccff
LEAK control_stylebox bg_source=base border_source= path=/root/@EditorNode@18065/@Panel@14/@VBoxContainer@15/DockHSplitMain/@VBoxContainer@28/DockVSplitCenter/@VSplitContainer@70/@VBoxContainer@71/@EditorMainScreen@125/MainScreen/@WindowWrapper@10849/@GameView@10848/@MarginContainer@10783/@FlowContainer@10784/@HBoxContainer@10785/@Button@10786 class=Button variation=FlatButton type=FlatButton slot=pressed_mirrored bg=ff40ffff border=ccccccff
LEAK control_stylebox bg_source=base border_source= path=/root/@EditorNode@18065/@Panel@14/@VBoxContainer@15/DockHSplitMain/@VBoxContainer@28/DockVSplitCenter/@VSplitContainer@70/@VBoxContainer@71/@EditorMainScreen@125/MainScreen/@WindowWrapper@10849/@GameView@10848/@MarginContainer@10783/@FlowContainer@10784/@HBoxContainer@10785/@Button@10787 class=Button variation=FlatButton type=Button slot=hover_mirrored bg=ff40ffff border=ccccccff
LEAK control_stylebox bg_source=base border_source= path=/root/@EditorNode@18065/@Panel@14/@VBoxContainer@15/DockHSplitMain/@VBoxContainer@28/DockVSplitCenter/@VSplitContainer@70/@VBoxContainer@71/@EditorMainScreen@125/MainScreen/@WindowWrapper@10849/@GameView@10848/@MarginContainer@10783/@FlowContainer@10784/@HBoxContainer@10785/@Button@10787 class=Button variation=FlatButton type=Button slot=hover_pressed_mirrored bg=ff40ffff border=ccccccff
LEAK control_stylebox bg_source=base border_source= path=/root/@EditorNode@18065/@Panel@14/@VBoxContainer@15/DockHSplitMain/@VBoxContainer@28/DockVSplitCenter/@VSplitContainer@70/@VBoxContainer@71/@EditorMainScreen@125/MainScreen/@WindowWrapper@10849/@GameView@10848/@MarginContainer@10783/@FlowContainer@10784/@HBoxContainer@10785/@Button@10787 class=Button variation=FlatButton type=Button slot=pressed_mirrored bg=ff40ffff border=ccccccff
LEAK control_stylebox bg_source=base border_source= path=/root/@EditorNode@18065/@Panel@14/@VBoxContainer@15/DockHSplitMain/@VBoxContainer@28/DockVSplitCenter/@VSplitContainer@70/@VBoxContainer@71/@EditorMainScreen@125/MainScreen/@WindowWrapper@10849/@GameView@10848/@MarginContainer@10783/@FlowContainer@10784/@HBoxContainer@10785/@Button@10787 class=Button variation=FlatButton type=FlatButton slot=hover_mirrored bg=ff40ffff border=ccccccff
LEAK control_stylebox bg_source=base border_source= path=/root/@EditorNode@18065/@Panel@14/@VBoxContainer@15/DockHSplitMain/@VBoxContainer@28/DockVSplitCenter/@VSplitContainer@70/@VBoxContainer@71/@EditorMainScreen@125/MainScreen/@WindowWrapper@10849/@GameView@10848/@MarginContainer@10783/@FlowContainer@10784/@HBoxContainer@10785/@Button@10787 class=Button variation=FlatButton type=FlatButton slot=hover_pressed_mirrored bg=ff40ffff border=ccccccff
LEAK control_stylebox bg_source=base border_source= path=/root/@EditorNode@18065/@Panel@14/@VBoxContainer@15/DockHSplitMain/@VBoxContainer@28/DockVSplitCenter/@VSplitContainer@70/@VBoxContainer@71/@EditorMainScreen@125/MainScreen/@WindowWrapper@10849/@GameView@10848/@MarginContainer@10783/@FlowContainer@10784/@HBoxContainer@10785/@Button@10787 class=Button variation=FlatButton type=FlatButton slot=pressed_mirrored bg=ff40ffff border=ccccccff
LEAK control_stylebox bg_source=base border_source= path=/root/@EditorNode@18065/@Panel@14/@VBoxContainer@15/DockHSplitMain/@VBoxContainer@28/DockVSplitCenter/@VSplitContainer@70/@VBoxContainer@71/@EditorMainScreen@125/MainScreen/@WindowWrapper@10849/@GameView@10848/@MarginContainer@10783/@FlowContainer@10784/@HBoxContainer@10785/@Button@10797 class=Button variation=FlatButton type=Button slot=hover_mirrored bg=ff40ffff border=ccccccff
LEAK control_stylebox bg_source=base border_source= path=/root/@EditorNode@18065/@Panel@14/@VBoxContainer@15/DockHSplitMain/@VBoxContainer@28/DockVSplitCenter/@VSplitContainer@70/@VBoxContainer@71/@EditorMainScreen@125/MainScreen/@WindowWrapper@10849/@GameView@10848/@MarginContainer@10783/@FlowContainer@10784/@HBoxContainer@10785/@Button@10797 class=Button variation=FlatButton type=Button slot=hover_pressed_mirrored bg=ff40ffff border=ccccccff
LEAK control_stylebox bg_source=base border_source= path=/root/@EditorNode@18065/@Panel@14/@VBoxContainer@15/DockHSplitMain/@VBoxContainer@28/DockVSplitCenter/@VSplitContainer@70/@VBoxContainer@71/@EditorMainScreen@125/MainScreen/@WindowWrapper@10849/@GameView@10848/@MarginContainer@10783/@FlowContainer@10784/@HBoxContainer@10785/@Button@10797 class=Button variation=FlatButton type=Button slot=pressed_mirrored bg=ff40ffff border=ccccccff
LEAK control_stylebox bg_source=base border_source= path=/root/@EditorNode@18065/@Panel@14/@VBoxContainer@15/DockHSplitMain/@VBoxContainer@28/DockVSplitCenter/@VSplitContainer@70/@VBoxContainer@71/@EditorMainScreen@125/MainScreen/@WindowWrapper@10849/@GameView@10848/@MarginContainer@10783/@FlowContainer@10784/@HBoxContainer@10785/@Button@10797 class=Button variation=FlatButton type=FlatButton slot=hover_mirrored bg=ff40ffff border=ccccccff
LEAK control_stylebox bg_source=base border_source= path=/root/@EditorNode@18065/@Panel@14/@VBoxContainer@15/DockHSplitMain/@VBoxContainer@28/DockVSplitCenter/@VSplitContainer@70/@VBoxContainer@71/@EditorMainScreen@125/MainScreen/@WindowWrapper@10849/@GameView@10848/@MarginContainer@10783/@FlowContainer@10784/@HBoxContainer@10785/@Button@10797 class=Button variation=FlatButton type=FlatButton slot=hover_pressed_mirrored bg=ff40ffff border=ccccccff
LEAK control_stylebox bg_source=base border_source= path=/root/@EditorNode@18065/@Panel@14/@VBoxContainer@15/DockHSplitMain/@VBoxContainer@28/DockVSplitCenter/@VSplitContainer@70/@VBoxContainer@71/@EditorMainScreen@125/MainScreen/@WindowWrapper@10849/@GameView@10848/@MarginContainer@10783/@FlowContainer@10784/@HBoxContainer@10785/@Button@10797 class=Button variation=FlatButton type=FlatButton slot=pressed_mirrored bg=ff40ffff border=ccccccff
LEAK control_stylebox bg_source=base border_source= path=/root/@EditorNode@18065/@Panel@14/@VBoxContainer@15/DockHSplitMain/@VBoxContainer@28/DockVSplitCenter/@VSplitContainer@70/@VBoxContainer@71/@EditorMainScreen@125/MainScreen/@WindowWrapper@10849/@GameView@10848/@MarginContainer@10783/@FlowContainer@10784/@HBoxContainer@10785/@MenuButton@10796 class=MenuButton variation=FlatMenuButton type=FlatMenuButton slot=hover_mirrored bg=ff40ffff border=ccccccff
LEAK control_stylebox bg_source=base border_source= path=/root/@EditorNode@18065/@Panel@14/@VBoxContainer@15/DockHSplitMain/@VBoxContainer@28/DockVSplitCenter/@VSplitContainer@70/@VBoxContainer@71/@EditorMainScreen@125/MainScreen/@WindowWrapper@10849/@GameView@10848/@MarginContainer@10783/@FlowContainer@10784/@HBoxContainer@10785/@MenuButton@10796 class=MenuButton variation=FlatMenuButton type=FlatMenuButton slot=hover_pressed_mirrored bg=ff40ffff border=ccccccff
LEAK control_stylebox bg_source=base border_source= path=/root/@EditorNode@18065/@Panel@14/@VBoxContainer@15/DockHSplitMain/@VBoxContainer@28/DockVSplitCenter/@VSplitContainer@70/@VBoxContainer@71/@EditorMainScreen@125/MainScreen/@WindowWrapper@10849/@GameView@10848/@MarginContainer@10783/@FlowContainer@10784/@HBoxContainer@10785/@MenuButton@10796 class=MenuButton variation=FlatMenuButton type=FlatMenuButton slot=pressed_mirrored bg=ff40ffff border=ccccccff
LEAK control_stylebox bg_source=base border_source= path=/root/@EditorNode@18065/@Panel@14/@VBoxContainer@15/DockHSplitMain/@VBoxContainer@28/DockVSplitCenter/@VSplitContainer@70/@VBoxContainer@71/@EditorMainScreen@125/MainScreen/@WindowWrapper@10849/@GameView@10848/@MarginContainer@10783/@FlowContainer@10784/@HBoxContainer@10799/@Button@10800 class=Button variation=FlatButtonNoIconTint type=Button slot=hover_mirrored bg=ff40ffff border=ccccccff
LEAK control_stylebox bg_source=base border_source= path=/root/@EditorNode@18065/@Panel@14/@VBoxContainer@15/DockHSplitMain/@VBoxContainer@28/DockVSplitCenter/@VSplitContainer@70/@VBoxContainer@71/@EditorMainScreen@125/MainScreen/@WindowWrapper@10849/@GameView@10848/@MarginContainer@10783/@FlowContainer@10784/@HBoxContainer@10799/@Button@10800 class=Button variation=FlatButtonNoIconTint type=Button slot=hover_pressed_mirrored bg=ff40ffff border=ccccccff
LEAK control_stylebox bg_source=base border_source= path=/root/@EditorNode@18065/@Panel@14/@VBoxContainer@15/DockHSplitMain/@VBoxContainer@28/DockVSplitCenter/@VSplitContainer@70/@VBoxContainer@71/@EditorMainScreen@125/MainScreen/@WindowWrapper@10849/@GameView@10848/@MarginContainer@10783/@FlowContainer@10784/@HBoxContainer@10799/@Button@10800 class=Button variation=FlatButtonNoIconTint type=Button slot=pressed_mirrored bg=ff40ffff border=ccccccff
LEAK control_stylebox bg_source=base border_source= path=/root/@EditorNode@18065/@Panel@14/@VBoxContainer@15/DockHSplitMain/@VBoxContainer@28/DockVSplitCenter/@VSplitContainer@70/@VBoxContainer@71/@EditorMainScreen@125/MainScreen/@WindowWrapper@10849/@GameView@10848/@MarginContainer@10783/@FlowContainer@10784/@HBoxContainer@10799/@Button@10801 class=Button variation=FlatButtonNoIconTint type=Button slot=hover_mirrored bg=ff40ffff border=ccccccff
LEAK control_stylebox bg_source=base border_source= path=/root/@EditorNode@18065/@Panel@14/@VBoxContainer@15/DockHSplitMain/@VBoxContainer@28/DockVSplitCenter/@VSplitContainer@70/@VBoxContainer@71/@EditorMainScreen@125/MainScreen/@WindowWrapper@10849/@GameView@10848/@MarginContainer@10783/@FlowContainer@10784/@HBoxContainer@10799/@Button@10801 class=Button variation=FlatButtonNoIconTint type=Button slot=hover_pressed_mirrored bg=ff40ffff border=ccccccff
LEAK control_stylebox bg_source=base border_source= path=/root/@EditorNode@18065/@Panel@14/@VBoxContainer@15/DockHSplitMain/@VBoxContainer@28/DockVSplitCenter/@VSplitContainer@70/@VBoxContainer@71/@EditorMainScreen@125/MainScreen/@WindowWrapper@10849/@GameView@10848/@MarginContainer@10783/@FlowContainer@10784/@HBoxContainer@10799/@Button@10801 class=Button variation=FlatButtonNoIconTint type=Button slot=pressed_mirrored bg=ff40ffff border=ccccccff
LEAK control_stylebox bg_source=base border_source= path=/root/@EditorNode@18065/@Panel@14/@VBoxContainer@15/DockHSplitMain/@VBoxContainer@28/DockVSplitCenter/@VSplitContainer@70/@VBoxContainer@71/@EditorMainScreen@125/MainScreen/@WindowWrapper@10849/@GameView@10848/@MarginContainer@10783/@FlowContainer@10784/@HBoxContainer@10799/@Button@10802 class=Button variation=FlatButtonNoIconTint type=Button slot=hover_mirrored bg=ff40ffff border=ccccccff
LEAK control_stylebox bg_source=base border_source= path=/root/@EditorNode@18065/@Panel@14/@VBoxContainer@15/DockHSplitMain/@VBoxContainer@28/DockVSplitCenter/@VSplitContainer@70/@VBoxContainer@71/@EditorMainScreen@125/MainScreen/@WindowWrapper@10849/@GameView@10848/@MarginContainer@10783/@FlowContainer@10784/@HBoxContainer@10799/@Button@10802 class=Button variation=FlatButtonNoIconTint type=Button slot=hover_pressed_mirrored bg=ff40ffff border=ccccccff
LEAK control_stylebox bg_source=base border_source= path=/root/@EditorNode@18065/@Panel@14/@VBoxContainer@15/DockHSplitMain/@VBoxContainer@28/DockVSplitCenter/@VSplitContainer@70/@VBoxContainer@71/@EditorMainScreen@125/MainScreen/@WindowWrapper@10849/@GameView@10848/@MarginContainer@10783/@FlowContainer@10784/@HBoxContainer@10799/@Button@10802 class=Button variation=FlatButtonNoIconTint type=Button slot=pressed_mirrored bg=ff40ffff border=ccccccff
LEAK control_stylebox bg_source=base border_source= path=/root/@EditorNode@18065/@Panel@14/@VBoxContainer@15/DockHSplitMain/@VBoxContainer@28/DockVSplitCenter/@VSplitContainer@70/@VBoxContainer@71/@EditorMainScreen@125/MainScreen/@WindowWrapper@10849/@GameView@10848/@MarginContainer@10783/@FlowContainer@10784/@HBoxContainer@10804/@Button@10805 class=Button variation=FlatButton type=Button slot=hover_mirrored bg=ff40ffff border=ccccccff
LEAK control_stylebox bg_source=base border_source= path=/root/@EditorNode@18065/@Panel@14/@VBoxContainer@15/DockHSplitMain/@VBoxContainer@28/DockVSplitCenter/@VSplitContainer@70/@VBoxContainer@71/@EditorMainScreen@125/MainScreen/@WindowWrapper@10849/@GameView@10848/@MarginContainer@10783/@FlowContainer@10784/@HBoxContainer@10804/@Button@10805 class=Button variation=FlatButton type=Button slot=hover_pressed_mirrored bg=ff40ffff border=ccccccff
LEAK control_stylebox bg_source=base border_source= path=/root/@EditorNode@18065/@Panel@14/@VBoxContainer@15/DockHSplitMain/@VBoxContainer@28/DockVSplitCenter/@VSplitContainer@70/@VBoxContainer@71/@EditorMainScreen@125/MainScreen/@WindowWrapper@10849/@GameView@10848/@MarginContainer@10783/@FlowContainer@10784/@HBoxContainer@10804/@Button@10805 class=Button variation=FlatButton type=Button slot=pressed_mirrored bg=ff40ffff border=ccccccff
LEAK control_stylebox bg_source=base border_source= path=/root/@EditorNode@18065/@Panel@14/@VBoxContainer@15/DockHSplitMain/@VBoxContainer@28/DockVSplitCenter/@VSplitContainer@70/@VBoxContainer@71/@EditorMainScreen@125/MainScreen/@WindowWrapper@10849/@GameView@10848/@MarginContainer@10783/@FlowContainer@10784/@HBoxContainer@10804/@Button@10805 class=Button variation=FlatButton type=FlatButton slot=hover_mirrored bg=ff40ffff border=ccccccff
LEAK control_stylebox bg_source=base border_source= path=/root/@EditorNode@18065/@Panel@14/@VBoxContainer@15/DockHSplitMain/@VBoxContainer@28/DockVSplitCenter/@VSplitContainer@70/@VBoxContainer@71/@EditorMainScreen@125/MainScreen/@WindowWrapper@10849/@GameView@10848/@MarginContainer@10783/@FlowContainer@10784/@HBoxContainer@10804/@Button@10805 class=Button variation=FlatButton type=FlatButton slot=hover_pressed_mirrored bg=ff40ffff border=ccccccff
LEAK control_stylebox bg_source=base border_source= path=/root/@EditorNode@18065/@Panel@14/@VBoxContainer@15/DockHSplitMain/@VBoxContainer@28/DockVSplitCenter/@VSplitContainer@70/@VBoxContainer@71/@EditorMainScreen@125/MainScreen/@WindowWrapper@10849/@GameView@10848/@MarginContainer@10783/@FlowContainer@10784/@HBoxContainer@10804/@Button@10805 class=Button variation=FlatButton type=FlatButton slot=pressed_mirrored bg=ff40ffff border=ccccccff
LEAK control_stylebox bg_source=base border_source= path=/root/@EditorNode@18065/@Panel@14/@VBoxContainer@15/DockHSplitMain/@VBoxContainer@28/DockVSplitCenter/@VSplitContainer@70/@VBoxContainer@71/@EditorMainScreen@125/MainScreen/@WindowWrapper@10849/@GameView@10848/@MarginContainer@10783/@FlowContainer@10784/@HBoxContainer@10804/@Button@10806 class=Button variation=FlatButton type=Button slot=hover_mirrored bg=ff40ffff border=ccccccff
LEAK control_stylebox bg_source=base border_source= path=/root/@EditorNode@18065/@Panel@14/@VBoxContainer@15/DockHSplitMain/@VBoxContainer@28/DockVSplitCenter/@VSplitContainer@70/@VBoxContainer@71/@EditorMainScreen@125/MainScreen/@WindowWrapper@10849/@GameView@10848/@MarginContainer@10783/@FlowContainer@10784/@HBoxContainer@10804/@Button@10806 class=Button variation=FlatButton type=Button slot=hover_pressed_mirrored bg=ff40ffff border=ccccccff
LEAK control_stylebox bg_source=base border_source= path=/root/@EditorNode@18065/@Panel@14/@VBoxContainer@15/DockHSplitMain/@VBoxContainer@28/DockVSplitCenter/@VSplitContainer@70/@VBoxContainer@71/@EditorMainScreen@125/MainScreen/@WindowWrapper@10849/@GameView@10848/@MarginContainer@10783/@FlowContainer@10784/@HBoxContainer@10804/@Button@10806 class=Button variation=FlatButton type=Button slot=pressed_mirrored bg=ff40ffff border=ccccccff
LEAK control_stylebox bg_source=base border_source= path=/root/@EditorNode@18065/@Panel@14/@VBoxContainer@15/DockHSplitMain/@VBoxContainer@28/DockVSplitCenter/@VSplitContainer@70/@VBoxContainer@71/@EditorMainScreen@125/MainScreen/@WindowWrapper@10849/@GameView@10848/@MarginContainer@10783/@FlowContainer@10784/@HBoxContainer@10804/@Button@10806 class=Button variation=FlatButton type=FlatButton slot=hover_mirrored bg=ff40ffff border=ccccccff
LEAK control_stylebox bg_source=base border_source= path=/root/@EditorNode@18065/@Panel@14/@VBoxContainer@15/DockHSplitMain/@VBoxContainer@28/DockVSplitCenter/@VSplitContainer@70/@VBoxContainer@71/@EditorMainScreen@125/MainScreen/@WindowWrapper@10849/@GameView@10848/@MarginContainer@10783/@FlowContainer@10784/@HBoxContainer@10804/@Button@10806 class=Button variation=FlatButton type=FlatButton slot=hover_pressed_mirrored bg=ff40ffff border=ccccccff
LEAK control_stylebox bg_source=base border_source= path=/root/@EditorNode@18065/@Panel@14/@VBoxContainer@15/DockHSplitMain/@VBoxContainer@28/DockVSplitCenter/@VSplitContainer@70/@VBoxContainer@71/@EditorMainScreen@125/MainScreen/@WindowWrapper@10849/@GameView@10848/@MarginContainer@10783/@FlowContainer@10784/@HBoxContainer@10804/@Button@10806 class=Button variation=FlatButton type=FlatButton slot=pressed_mirrored bg=ff40ffff border=ccccccff
LEAK control_stylebox bg_source=base border_source= path=/root/@EditorNode@18065/@Panel@14/@VBoxContainer@15/DockHSplitMain/@VBoxContainer@28/DockVSplitCenter/@VSplitContainer@70/@VBoxContainer@71/@EditorMainScreen@125/MainScreen/@WindowWrapper@10849/@GameView@10848/@MarginContainer@10783/@FlowContainer@10784/@HBoxContainer@10804/@Button@10807 class=Button variation=FlatButton type=Button slot=hover_mirrored bg=ff40ffff border=ccccccff
LEAK control_stylebox bg_source=base border_source= path=/root/@EditorNode@18065/@Panel@14/@VBoxContainer@15/DockHSplitMain/@VBoxContainer@28/DockVSplitCenter/@VSplitContainer@70/@VBoxContainer@71/@EditorMainScreen@125/MainScreen/@WindowWrapper@10849/@GameView@10848/@MarginContainer@10783/@FlowContainer@10784/@HBoxContainer@10804/@Button@10807 class=Button variation=FlatButton type=Button slot=hover_pressed_mirrored bg=ff40ffff border=ccccccff
LEAK control_stylebox bg_source=base border_source= path=/root/@EditorNode@18065/@Panel@14/@VBoxContainer@15/DockHSplitMain/@VBoxContainer@28/DockVSplitCenter/@VSplitContainer@70/@VBoxContainer@71/@EditorMainScreen@125/MainScreen/@WindowWrapper@10849/@GameView@10848/@MarginContainer@10783/@FlowContainer@10784/@HBoxContainer@10804/@Button@10807 class=Button variation=FlatButton type=Button slot=pressed_mirrored bg=ff40ffff border=ccccccff
LEAK control_stylebox bg_source=base border_source= path=/root/@EditorNode@18065/@Panel@14/@VBoxContainer@15/DockHSplitMain/@VBoxContainer@28/DockVSplitCenter/@VSplitContainer@70/@VBoxContainer@71/@EditorMainScreen@125/MainScreen/@WindowWrapper@10849/@GameView@10848/@MarginContainer@10783/@FlowContainer@10784/@HBoxContainer@10804/@Button@10807 class=Button variation=FlatButton type=FlatButton slot=hover_mirrored bg=ff40ffff border=ccccccff
LEAK control_stylebox bg_source=base border_source= path=/root/@EditorNode@18065/@Panel@14/@VBoxContainer@15/DockHSplitMain/@VBoxContainer@28/DockVSplitCenter/@VSplitContainer@70/@VBoxContainer@71/@EditorMainScreen@125/MainScreen/@WindowWrapper@10849/@GameView@10848/@MarginContainer@10783/@FlowContainer@10784/@HBoxContainer@10804/@Button@10807 class=Button variation=FlatButton type=FlatButton slot=hover_pressed_mirrored bg=ff40ffff border=ccccccff
LEAK control_stylebox bg_source=base border_source= path=/root/@EditorNode@18065/@Panel@14/@VBoxContainer@15/DockHSplitMain/@VBoxContainer@28/DockVSplitCenter/@VSplitContainer@70/@VBoxContainer@71/@EditorMainScreen@125/MainScreen/@WindowWrapper@10849/@GameView@10848/@MarginContainer@10783/@FlowContainer@10784/@HBoxContainer@10804/@Button@10807 class=Button variation=FlatButton type=FlatButton slot=pressed_mirrored bg=ff40ffff border=ccccccff
LEAK control_stylebox bg_source=base border_source= path=/root/@EditorNode@18065/@Panel@14/@VBoxContainer@15/DockHSplitMain/@VBoxContainer@28/DockVSplitCenter/@VSplitContainer@70/@VBoxContainer@71/@EditorMainScreen@125/MainScreen/@WindowWrapper@10849/@GameView@10848/@MarginContainer@10783/@FlowContainer@10784/@HBoxContainer@10804/@MenuButton@10816 class=MenuButton variation=FlatMenuButton type=FlatMenuButton slot=hover_mirrored bg=ff40ffff border=ccccccff
LEAK control_stylebox bg_source=base border_source= path=/root/@EditorNode@18065/@Panel@14/@VBoxContainer@15/DockHSplitMain/@VBoxContainer@28/DockVSplitCenter/@VSplitContainer@70/@VBoxContainer@71/@EditorMainScreen@125/MainScreen/@WindowWrapper@10849/@GameView@10848/@MarginContainer@10783/@FlowContainer@10784/@HBoxContainer@10804/@MenuButton@10816 class=MenuButton variation=FlatMenuButton type=FlatMenuButton slot=hover_pressed_mirrored bg=ff40ffff border=ccccccff
LEAK control_stylebox bg_source=base border_source= path=/root/@EditorNode@18065/@Panel@14/@VBoxContainer@15/DockHSplitMain/@VBoxContainer@28/DockVSplitCenter/@VSplitContainer@70/@VBoxContainer@71/@EditorMainScreen@125/MainScreen/@WindowWrapper@10849/@GameView@10848/@MarginContainer@10783/@FlowContainer@10784/@HBoxContainer@10804/@MenuButton@10816 class=MenuButton variation=FlatMenuButton type=FlatMenuButton slot=pressed_mirrored bg=ff40ffff border=ccccccff
LEAK control_stylebox bg_source=base border_source= path=/root/@EditorNode@18065/@Panel@14/@VBoxContainer@15/DockHSplitMain/@VBoxContainer@28/DockVSplitCenter/@VSplitContainer@70/@VBoxContainer@71/@EditorMainScreen@125/MainScreen/@WindowWrapper@10849/@GameView@10848/@MarginContainer@10783/@FlowContainer@10784/@HBoxContainer@10818/@Button@10819 class=Button variation=FlatButton type=Button slot=hover_mirrored bg=ff40ffff border=ccccccff
LEAK control_stylebox bg_source=base border_source= path=/root/@EditorNode@18065/@Panel@14/@VBoxContainer@15/DockHSplitMain/@VBoxContainer@28/DockVSplitCenter/@VSplitContainer@70/@VBoxContainer@71/@EditorMainScreen@125/MainScreen/@WindowWrapper@10849/@GameView@10848/@MarginContainer@10783/@FlowContainer@10784/@HBoxContainer@10818/@Button@10819 class=Button variation=FlatButton type=Button slot=hover_pressed_mirrored bg=ff40ffff border=ccccccff
LEAK control_stylebox bg_source=base border_source= path=/root/@EditorNode@18065/@Panel@14/@VBoxContainer@15/DockHSplitMain/@VBoxContainer@28/DockVSplitCenter/@VSplitContainer@70/@VBoxContainer@71/@EditorMainScreen@125/MainScreen/@WindowWrapper@10849/@GameView@10848/@MarginContainer@10783/@FlowContainer@10784/@HBoxContainer@10818/@Button@10819 class=Button variation=FlatButton type=Button slot=pressed_mirrored bg=ff40ffff border=ccccccff
LEAK control_stylebox bg_source=base border_source= path=/root/@EditorNode@18065/@Panel@14/@VBoxContainer@15/DockHSplitMain/@VBoxContainer@28/DockVSplitCenter/@VSplitContainer@70/@VBoxContainer@71/@EditorMainScreen@125/MainScreen/@WindowWrapper@10849/@GameView@10848/@MarginContainer@10783/@FlowContainer@10784/@HBoxContainer@10818/@Button@10819 class=Button variation=FlatButton type=FlatButton slot=hover_mirrored bg=ff40ffff border=ccccccff
LEAK control_stylebox bg_source=base border_source= path=/root/@EditorNode@18065/@Panel@14/@VBoxContainer@15/DockHSplitMain/@VBoxContainer@28/DockVSplitCenter/@VSplitContainer@70/@VBoxContainer@71/@EditorMainScreen@125/MainScreen/@WindowWrapper@10849/@GameView@10848/@MarginContainer@10783/@FlowContainer@10784/@HBoxContainer@10818/@Button@10819 class=Button variation=FlatButton type=FlatButton slot=hover_pressed_mirrored bg=ff40ffff border=ccccccff
LEAK control_stylebox bg_source=base border_source= path=/root/@EditorNode@18065/@Panel@14/@VBoxContainer@15/DockHSplitMain/@VBoxContainer@28/DockVSplitCenter/@VSplitContainer@70/@VBoxContainer@71/@EditorMainScreen@125/MainScreen/@WindowWrapper@10849/@GameView@10848/@MarginContainer@10783/@FlowContainer@10784/@HBoxContainer@10818/@Button@10819 class=Button variation=FlatButton type=FlatButton slot=pressed_mirrored bg=ff40ffff border=ccccccff
LEAK control_stylebox bg_source=base border_source= path=/root/@EditorNode@18065/@Panel@14/@VBoxContainer@15/DockHSplitMain/@VBoxContainer@28/DockVSplitCenter/@VSplitContainer@70/@VBoxContainer@71/@EditorMainScreen@125/MainScreen/@WindowWrapper@10849/@GameView@10848/@MarginContainer@10783/@FlowContainer@10784/@HBoxContainer@10821/@Button@10822 class=Button variation=FlatButton type=Button slot=hover_mirrored bg=ff40ffff border=ccccccff
LEAK control_stylebox bg_source=base border_source= path=/root/@EditorNode@18065/@Panel@14/@VBoxContainer@15/DockHSplitMain/@VBoxContainer@28/DockVSplitCenter/@VSplitContainer@70/@VBoxContainer@71/@EditorMainScreen@125/MainScreen/@WindowWrapper@10849/@GameView@10848/@MarginContainer@10783/@FlowContainer@10784/@HBoxContainer@10821/@Button@10822 class=Button variation=FlatButton type=Button slot=hover_pressed_mirrored bg=ff40ffff border=ccccccff
LEAK control_stylebox bg_source=base border_source= path=/root/@EditorNode@18065/@Panel@14/@VBoxContainer@15/DockHSplitMain/@VBoxContainer@28/DockVSplitCenter/@VSplitContainer@70/@VBoxContainer@71/@EditorMainScreen@125/MainScreen/@WindowWrapper@10849/@GameView@10848/@MarginContainer@10783/@FlowContainer@10784/@HBoxContainer@10821/@Button@10822 class=Button variation=FlatButton type=Button slot=pressed_mirrored bg=ff40ffff border=ccccccff
LEAK control_stylebox bg_source=base border_source= path=/root/@EditorNode@18065/@Panel@14/@VBoxContainer@15/DockHSplitMain/@VBoxContainer@28/DockVSplitCenter/@VSplitContainer@70/@VBoxContainer@71/@EditorMainScreen@125/MainScreen/@WindowWrapper@10849/@GameView@10848/@MarginContainer@10783/@FlowContainer@10784/@HBoxContainer@10821/@Button@10822 class=Button variation=FlatButton type=FlatButton slot=hover_mirrored bg=ff40ffff border=ccccccff
LEAK control_stylebox bg_source=base border_source= path=/root/@EditorNode@18065/@Panel@14/@VBoxContainer@15/DockHSplitMain/@VBoxContainer@28/DockVSplitCenter/@VSplitContainer@70/@VBoxContainer@71/@EditorMainScreen@125/MainScreen/@WindowWrapper@10849/@GameView@10848/@MarginContainer@10783/@FlowContainer@10784/@HBoxContainer@10821/@Button@10822 class=Button variation=FlatButton type=FlatButton slot=hover_pressed_mirrored bg=ff40ffff border=ccccccff
LEAK control_stylebox bg_source=base border_source= path=/root/@EditorNode@18065/@Panel@14/@VBoxContainer@15/DockHSplitMain/@VBoxContainer@28/DockVSplitCenter/@VSplitContainer@70/@VBoxContainer@71/@EditorMainScreen@125/MainScreen/@WindowWrapper@10849/@GameView@10848/@MarginContainer@10783/@FlowContainer@10784/@HBoxContainer@10821/@Button@10822 class=Button variation=FlatButton type=FlatButton slot=pressed_mirrored bg=ff40ffff border=ccccccff
LEAK control_stylebox bg_source=base border_source= path=/root/@EditorNode@18065/@Panel@14/@VBoxContainer@15/DockHSplitMain/@VBoxContainer@28/DockVSplitCenter/@VSplitContainer@70/@VBoxContainer@71/@EditorMainScreen@125/MainScreen/@WindowWrapper@10849/@GameView@10848/@MarginContainer@10783/@FlowContainer@10784/@HBoxContainer@10821/@MenuButton@10831 class=MenuButton variation=FlatMenuButton type=FlatMenuButton slot=hover_mirrored bg=ff40ffff border=ccccccff
LEAK control_stylebox bg_source=base border_source= path=/root/@EditorNode@18065/@Panel@14/@VBoxContainer@15/DockHSplitMain/@VBoxContainer@28/DockVSplitCenter/@VSplitContainer@70/@VBoxContainer@71/@EditorMainScreen@125/MainScreen/@WindowWrapper@10849/@GameView@10848/@MarginContainer@10783/@FlowContainer@10784/@HBoxContainer@10821/@MenuButton@10831 class=MenuButton variation=FlatMenuButton type=FlatMenuButton slot=hover_pressed_mirrored bg=ff40ffff border=ccccccff
LEAK control_stylebox bg_source=base border_source= path=/root/@EditorNode@18065/@Panel@14/@VBoxContainer@15/DockHSplitMain/@VBoxContainer@28/DockVSplitCenter/@VSplitContainer@70/@VBoxContainer@71/@EditorMainScreen@125/MainScreen/@WindowWrapper@10849/@GameView@10848/@MarginContainer@10783/@FlowContainer@10784/@HBoxContainer@10821/@MenuButton@10831 class=MenuButton variation=FlatMenuButton type=FlatMenuButton slot=pressed_mirrored bg=ff40ffff border=ccccccff
LEAK control_stylebox bg_source=base border_source= path=/root/@EditorNode@18065/@Panel@14/@VBoxContainer@15/DockHSplitMain/@VBoxContainer@28/DockVSplitCenter/@VSplitContainer@70/@VBoxContainer@71/@EditorMainScreen@125/MainScreen/@WindowWrapper@10849/@GameView@10848/@MarginContainer@10783/@FlowContainer@10784/@HBoxContainer@10833/@MenuButton@10842 class=MenuButton variation=FlatMenuButton type=FlatMenuButton slot=hover_mirrored bg=ff40ffff border=ccccccff
LEAK control_stylebox bg_source=base border_source= path=/root/@EditorNode@18065/@Panel@14/@VBoxContainer@15/DockHSplitMain/@VBoxContainer@28/DockVSplitCenter/@VSplitContainer@70/@VBoxContainer@71/@EditorMainScreen@125/MainScreen/@WindowWrapper@10849/@GameView@10848/@MarginContainer@10783/@FlowContainer@10784/@HBoxContainer@10833/@MenuButton@10842 class=MenuButton variation=FlatMenuButton type=FlatMenuButton slot=hover_pressed_mirrored bg=ff40ffff border=ccccccff
LEAK control_stylebox bg_source=base border_source= path=/root/@EditorNode@18065/@Panel@14/@VBoxContainer@15/DockHSplitMain/@VBoxContainer@28/DockVSplitCenter/@VSplitContainer@70/@VBoxContainer@71/@EditorMainScreen@125/MainScreen/@WindowWrapper@10849/@GameView@10848/@MarginContainer@10783/@FlowContainer@10784/@HBoxContainer@10833/@MenuButton@10842 class=MenuButton variation=FlatMenuButton type=FlatMenuButton slot=pressed_mirrored bg=ff40ffff border=ccccccff
LEAK control_stylebox bg_source=base border_source= path=/root/@EditorNode@18065/@Panel@14/@VBoxContainer@15/DockHSplitMain/@VBoxContainer@28/DockVSplitCenter/@VSplitContainer@70/@VBoxContainer@71/@EditorMainScreen@125/MainScreen/@WindowWrapper@10849/@GameView@10848/@Panel@10844 class=Panel variation=GamePanel type=GamePanel slot=panel bg=a700a7ff border=ccccccff
LEAK control_stylebox bg_source=base border_source= path=/root/@EditorNode@18065/@Panel@14/@VBoxContainer@15/DockHSplitMain/@VBoxContainer@28/DockVSplitCenter/@VSplitContainer@70/@VBoxContainer@71/@EditorSceneTabs@98/@PanelContainer@72/@HBoxContainer@73/@Button@124 class=Button variation=FlatMenuButton type=Button slot=hover_mirrored bg=ff40ffff border=ccccccff
LEAK control_stylebox bg_source=base border_source= path=/root/@EditorNode@18065/@Panel@14/@VBoxContainer@15/DockHSplitMain/@VBoxContainer@28/DockVSplitCenter/@VSplitContainer@70/@VBoxContainer@71/@EditorSceneTabs@98/@PanelContainer@72/@HBoxContainer@73/@Button@124 class=Button variation=FlatMenuButton type=Button slot=hover_pressed_mirrored bg=ff40ffff border=ccccccff
LEAK control_stylebox bg_source=base border_source= path=/root/@EditorNode@18065/@Panel@14/@VBoxContainer@15/DockHSplitMain/@VBoxContainer@28/DockVSplitCenter/@VSplitContainer@70/@VBoxContainer@71/@EditorSceneTabs@98/@PanelContainer@72/@HBoxContainer@73/@Button@124 class=Button variation=FlatMenuButton type=Button slot=pressed_mirrored bg=ff40ffff border=ccccccff
LEAK control_stylebox bg_source=base border_source= path=/root/@EditorNode@18065/@Panel@14/@VBoxContainer@15/DockHSplitMain/@VBoxContainer@28/DockVSplitCenter/@VSplitContainer@70/@VBoxContainer@71/@EditorSceneTabs@98/@PanelContainer@72/@HBoxContainer@73/@Button@124 class=Button variation=FlatMenuButton type=FlatMenuButton slot=hover_mirrored bg=ff40ffff border=ccccccff
LEAK control_stylebox bg_source=base border_source= path=/root/@EditorNode@18065/@Panel@14/@VBoxContainer@15/DockHSplitMain/@VBoxContainer@28/DockVSplitCenter/@VSplitContainer@70/@VBoxContainer@71/@EditorSceneTabs@98/@PanelContainer@72/@HBoxContainer@73/@Button@124 class=Button variation=FlatMenuButton type=FlatMenuButton slot=hover_pressed_mirrored bg=ff40ffff border=ccccccff
LEAK control_stylebox bg_source=base border_source= path=/root/@EditorNode@18065/@Panel@14/@VBoxContainer@15/DockHSplitMain/@VBoxContainer@28/DockVSplitCenter/@VSplitContainer@70/@VBoxContainer@71/@EditorSceneTabs@98/@PanelContainer@72/@HBoxContainer@73/@Button@124 class=Button variation=FlatMenuButton type=FlatMenuButton slot=pressed_mirrored bg=ff40ffff border=ccccccff
LEAK control_stylebox bg_source=base border_source= path=/root/@EditorNode@18065/@Panel@14/@VBoxContainer@15/DockHSplitMain/@VBoxContainer@28/DockVSplitCenter/@VSplitContainer@70/@VBoxContainer@71/@EditorSceneTabs@98/@PanelContainer@72/@HBoxContainer@73/@MenuButton@94 class=MenuButton variation=FlatMenuButton type=FlatMenuButton slot=hover_mirrored bg=ff40ffff border=ccccccff
LEAK control_stylebox bg_source=base border_source= path=/root/@EditorNode@18065/@Panel@14/@VBoxContainer@15/DockHSplitMain/@VBoxContainer@28/DockVSplitCenter/@VSplitContainer@70/@VBoxContainer@71/@EditorSceneTabs@98/@PanelContainer@72/@HBoxContainer@73/@MenuButton@94 class=MenuButton variation=FlatMenuButton type=FlatMenuButton slot=hover_pressed_mirrored bg=ff40ffff border=ccccccff
LEAK control_stylebox bg_source=base border_source= path=/root/@EditorNode@18065/@Panel@14/@VBoxContainer@15/DockHSplitMain/@VBoxContainer@28/DockVSplitCenter/@VSplitContainer@70/@VBoxContainer@71/@EditorSceneTabs@98/@PanelContainer@72/@HBoxContainer@73/@MenuButton@94 class=MenuButton variation=FlatMenuButton type=FlatMenuButton slot=pressed_mirrored bg=ff40ffff border=ccccccff
LEAK control_stylebox bg_source=base border_source= path=/root/@EditorNode@18065/@Panel@14/@VBoxContainer@15/DockHSplitMain/DockVSplitLeftR/DockSlotLeftBR/FileSystem/@VBoxContainer@5834/@SplitContainer@5870/@VBoxContainer@5886/@HBoxContainer@5887/@Button@5898 class=Button variation=FlatMenuButton type=Button slot=hover_mirrored bg=ff40ffff border=ccccccff
LEAK control_stylebox bg_source=base border_source= path=/root/@EditorNode@18065/@Panel@14/@VBoxContainer@15/DockHSplitMain/DockVSplitLeftR/DockSlotLeftBR/FileSystem/@VBoxContainer@5834/@SplitContainer@5870/@VBoxContainer@5886/@HBoxContainer@5887/@Button@5898 class=Button variation=FlatMenuButton type=Button slot=hover_pressed_mirrored bg=ff40ffff border=ccccccff
LEAK control_stylebox bg_source=base border_source= path=/root/@EditorNode@18065/@Panel@14/@VBoxContainer@15/DockHSplitMain/DockVSplitLeftR/DockSlotLeftBR/FileSystem/@VBoxContainer@5834/@SplitContainer@5870/@VBoxContainer@5886/@HBoxContainer@5887/@Button@5898 class=Button variation=FlatMenuButton type=Button slot=pressed_mirrored bg=ff40ffff border=ccccccff
LEAK control_stylebox bg_source=base border_source= path=/root/@EditorNode@18065/@Panel@14/@VBoxContainer@15/DockHSplitMain/DockVSplitLeftR/DockSlotLeftBR/FileSystem/@VBoxContainer@5834/@SplitContainer@5870/@VBoxContainer@5886/@HBoxContainer@5887/@Button@5898 class=Button variation=FlatMenuButton type=FlatMenuButton slot=hover_mirrored bg=ff40ffff border=ccccccff
LEAK control_stylebox bg_source=base border_source= path=/root/@EditorNode@18065/@Panel@14/@VBoxContainer@15/DockHSplitMain/DockVSplitLeftR/DockSlotLeftBR/FileSystem/@VBoxContainer@5834/@SplitContainer@5870/@VBoxContainer@5886/@HBoxContainer@5887/@Button@5898 class=Button variation=FlatMenuButton type=FlatMenuButton slot=hover_pressed_mirrored bg=ff40ffff border=ccccccff
LEAK control_stylebox bg_source=base border_source= path=/root/@EditorNode@18065/@Panel@14/@VBoxContainer@15/DockHSplitMain/DockVSplitLeftR/DockSlotLeftBR/FileSystem/@VBoxContainer@5834/@SplitContainer@5870/@VBoxContainer@5886/@HBoxContainer@5887/@Button@5898 class=Button variation=FlatMenuButton type=FlatMenuButton slot=pressed_mirrored bg=ff40ffff border=ccccccff
LEAK control_stylebox bg_source=base border_source= path=/root/@EditorNode@18065/@Panel@14/@VBoxContainer@15/DockHSplitMain/DockVSplitLeftR/DockSlotLeftBR/FileSystem/@VBoxContainer@5834/@SplitContainer@5870/@VBoxContainer@5886/@HBoxContainer@5887/@MenuButton@5897 class=MenuButton variation=FlatMenuButton type=FlatMenuButton slot=hover_mirrored bg=ff40ffff border=ccccccff
LEAK control_stylebox bg_source=base border_source= path=/root/@EditorNode@18065/@Panel@14/@VBoxContainer@15/DockHSplitMain/DockVSplitLeftR/DockSlotLeftBR/FileSystem/@VBoxContainer@5834/@SplitContainer@5870/@VBoxContainer@5886/@HBoxContainer@5887/@MenuButton@5897 class=MenuButton variation=FlatMenuButton type=FlatMenuButton slot=hover_pressed_mirrored bg=ff40ffff border=ccccccff
LEAK control_stylebox bg_source=base border_source= path=/root/@EditorNode@18065/@Panel@14/@VBoxContainer@15/DockHSplitMain/DockVSplitLeftR/DockSlotLeftBR/FileSystem/@VBoxContainer@5834/@SplitContainer@5870/@VBoxContainer@5886/@HBoxContainer@5887/@MenuButton@5897 class=MenuButton variation=FlatMenuButton type=FlatMenuButton slot=pressed_mirrored bg=ff40ffff border=ccccccff
LEAK control_stylebox bg_source=base border_source= path=/root/@EditorNode@18065/@Panel@14/@VBoxContainer@15/DockHSplitMain/DockVSplitLeftR/DockSlotLeftBR/FileSystem/@VBoxContainer@5834/@VBoxContainer@5835/@HBoxContainer@5836/@Button@5841 class=Button variation=FlatMenuButton type=Button slot=hover_mirrored bg=ff40ffff border=ccccccff
LEAK control_stylebox bg_source=base border_source= path=/root/@EditorNode@18065/@Panel@14/@VBoxContainer@15/DockHSplitMain/DockVSplitLeftR/DockSlotLeftBR/FileSystem/@VBoxContainer@5834/@VBoxContainer@5835/@HBoxContainer@5836/@Button@5841 class=Button variation=FlatMenuButton type=Button slot=hover_pressed_mirrored bg=ff40ffff border=ccccccff
LEAK control_stylebox bg_source=base border_source= path=/root/@EditorNode@18065/@Panel@14/@VBoxContainer@15/DockHSplitMain/DockVSplitLeftR/DockSlotLeftBR/FileSystem/@VBoxContainer@5834/@VBoxContainer@5835/@HBoxContainer@5836/@Button@5841 class=Button variation=FlatMenuButton type=Button slot=pressed_mirrored bg=ff40ffff border=ccccccff
LEAK control_stylebox bg_source=base border_source= path=/root/@EditorNode@18065/@Panel@14/@VBoxContainer@15/DockHSplitMain/DockVSplitLeftR/DockSlotLeftBR/FileSystem/@VBoxContainer@5834/@VBoxContainer@5835/@HBoxContainer@5836/@Button@5841 class=Button variation=FlatMenuButton type=FlatMenuButton slot=hover_mirrored bg=ff40ffff border=ccccccff
LEAK control_stylebox bg_source=base border_source= path=/root/@EditorNode@18065/@Panel@14/@VBoxContainer@15/DockHSplitMain/DockVSplitLeftR/DockSlotLeftBR/FileSystem/@VBoxContainer@5834/@VBoxContainer@5835/@HBoxContainer@5836/@Button@5841 class=Button variation=FlatMenuButton type=FlatMenuButton slot=hover_pressed_mirrored bg=ff40ffff border=ccccccff
LEAK control_stylebox bg_source=base border_source= path=/root/@EditorNode@18065/@Panel@14/@VBoxContainer@15/DockHSplitMain/DockVSplitLeftR/DockSlotLeftBR/FileSystem/@VBoxContainer@5834/@VBoxContainer@5835/@HBoxContainer@5836/@Button@5841 class=Button variation=FlatMenuButton type=FlatMenuButton slot=pressed_mirrored bg=ff40ffff border=ccccccff
LEAK control_stylebox bg_source=base border_source= path=/root/@EditorNode@18065/@Panel@14/@VBoxContainer@15/DockHSplitMain/DockVSplitLeftR/DockSlotLeftBR/FileSystem/@VBoxContainer@5834/@VBoxContainer@5835/@HBoxContainer@5836/@HBoxContainer@5837/@Button@5838 class=Button variation=FlatButton type=Button slot=hover_mirrored bg=ff40ffff border=ccccccff
LEAK control_stylebox bg_source=base border_source= path=/root/@EditorNode@18065/@Panel@14/@VBoxContainer@15/DockHSplitMain/DockVSplitLeftR/DockSlotLeftBR/FileSystem/@VBoxContainer@5834/@VBoxContainer@5835/@HBoxContainer@5836/@HBoxContainer@5837/@Button@5838 class=Button variation=FlatButton type=Button slot=hover_pressed_mirrored bg=ff40ffff border=ccccccff
LEAK control_stylebox bg_source=base border_source= path=/root/@EditorNode@18065/@Panel@14/@VBoxContainer@15/DockHSplitMain/DockVSplitLeftR/DockSlotLeftBR/FileSystem/@VBoxContainer@5834/@VBoxContainer@5835/@HBoxContainer@5836/@HBoxContainer@5837/@Button@5838 class=Button variation=FlatButton type=Button slot=pressed_mirrored bg=ff40ffff border=ccccccff
LEAK control_stylebox bg_source=base border_source= path=/root/@EditorNode@18065/@Panel@14/@VBoxContainer@15/DockHSplitMain/DockVSplitLeftR/DockSlotLeftBR/FileSystem/@VBoxContainer@5834/@VBoxContainer@5835/@HBoxContainer@5836/@HBoxContainer@5837/@Button@5838 class=Button variation=FlatButton type=FlatButton slot=hover_mirrored bg=ff40ffff border=ccccccff
LEAK control_stylebox bg_source=base border_source= path=/root/@EditorNode@18065/@Panel@14/@VBoxContainer@15/DockHSplitMain/DockVSplitLeftR/DockSlotLeftBR/FileSystem/@VBoxContainer@5834/@VBoxContainer@5835/@HBoxContainer@5836/@HBoxContainer@5837/@Button@5838 class=Button variation=FlatButton type=FlatButton slot=hover_pressed_mirrored bg=ff40ffff border=ccccccff
LEAK control_stylebox bg_source=base border_source= path=/root/@EditorNode@18065/@Panel@14/@VBoxContainer@15/DockHSplitMain/DockVSplitLeftR/DockSlotLeftBR/FileSystem/@VBoxContainer@5834/@VBoxContainer@5835/@HBoxContainer@5836/@HBoxContainer@5837/@Button@5838 class=Button variation=FlatButton type=FlatButton slot=pressed_mirrored bg=ff40ffff border=ccccccff
LEAK control_stylebox bg_source=base border_source= path=/root/@EditorNode@18065/@Panel@14/@VBoxContainer@15/DockHSplitMain/DockVSplitLeftR/DockSlotLeftBR/FileSystem/@VBoxContainer@5834/@VBoxContainer@5835/@HBoxContainer@5836/@HBoxContainer@5837/@Button@5839 class=Button variation=FlatButton type=Button slot=hover_mirrored bg=ff40ffff border=ccccccff
LEAK control_stylebox bg_source=base border_source= path=/root/@EditorNode@18065/@Panel@14/@VBoxContainer@15/DockHSplitMain/DockVSplitLeftR/DockSlotLeftBR/FileSystem/@VBoxContainer@5834/@VBoxContainer@5835/@HBoxContainer@5836/@HBoxContainer@5837/@Button@5839 class=Button variation=FlatButton type=Button slot=hover_pressed_mirrored bg=ff40ffff border=ccccccff
LEAK control_stylebox bg_source=base border_source= path=/root/@EditorNode@18065/@Panel@14/@VBoxContainer@15/DockHSplitMain/DockVSplitLeftR/DockSlotLeftBR/FileSystem/@VBoxContainer@5834/@VBoxContainer@5835/@HBoxContainer@5836/@HBoxContainer@5837/@Button@5839 class=Button variation=FlatButton type=Button slot=pressed_mirrored bg=ff40ffff border=ccccccff
LEAK control_stylebox bg_source=base border_source= path=/root/@EditorNode@18065/@Panel@14/@VBoxContainer@15/DockHSplitMain/DockVSplitLeftR/DockSlotLeftBR/FileSystem/@VBoxContainer@5834/@VBoxContainer@5835/@HBoxContainer@5836/@HBoxContainer@5837/@Button@5839 class=Button variation=FlatButton type=FlatButton slot=hover_mirrored bg=ff40ffff border=ccccccff
LEAK control_stylebox bg_source=base border_source= path=/root/@EditorNode@18065/@Panel@14/@VBoxContainer@15/DockHSplitMain/DockVSplitLeftR/DockSlotLeftBR/FileSystem/@VBoxContainer@5834/@VBoxContainer@5835/@HBoxContainer@5836/@HBoxContainer@5837/@Button@5839 class=Button variation=FlatButton type=FlatButton slot=hover_pressed_mirrored bg=ff40ffff border=ccccccff
LEAK control_stylebox bg_source=base border_source= path=/root/@EditorNode@18065/@Panel@14/@VBoxContainer@15/DockHSplitMain/DockVSplitLeftR/DockSlotLeftBR/FileSystem/@VBoxContainer@5834/@VBoxContainer@5835/@HBoxContainer@5836/@HBoxContainer@5837/@Button@5839 class=Button variation=FlatButton type=FlatButton slot=pressed_mirrored bg=ff40ffff border=ccccccff
LEAK control_stylebox bg_source=base border_source= path=/root/@EditorNode@18065/@Panel@14/@VBoxContainer@15/DockHSplitMain/DockVSplitLeftR/DockSlotLeftBR/FileSystem/@VBoxContainer@5834/@VBoxContainer@5835/@HBoxContainer@5842/@MenuButton@5852 class=MenuButton variation=FlatMenuButton type=FlatMenuButton slot=hover_mirrored bg=ff40ffff border=ccccccff
LEAK control_stylebox bg_source=base border_source= path=/root/@EditorNode@18065/@Panel@14/@VBoxContainer@15/DockHSplitMain/DockVSplitLeftR/DockSlotLeftBR/FileSystem/@VBoxContainer@5834/@VBoxContainer@5835/@HBoxContainer@5842/@MenuButton@5852 class=MenuButton variation=FlatMenuButton type=FlatMenuButton slot=hover_pressed_mirrored bg=ff40ffff border=ccccccff
LEAK control_stylebox bg_source=base border_source= path=/root/@EditorNode@18065/@Panel@14/@VBoxContainer@15/DockHSplitMain/DockVSplitLeftR/DockSlotLeftBR/FileSystem/@VBoxContainer@5834/@VBoxContainer@5835/@HBoxContainer@5842/@MenuButton@5852 class=MenuButton variation=FlatMenuButton type=FlatMenuButton slot=pressed_mirrored bg=ff40ffff border=ccccccff
LEAK control_stylebox bg_source=base border_source= path=/root/@EditorNode@18065/@Panel@14/@VBoxContainer@15/DockHSplitMain/DockVSplitLeftR/DockSlotLeftUR/Scene/@VBoxContainer@4822/@HBoxContainer@4825/@Button@4823 class=Button variation=FlatMenuButton type=Button slot=hover_mirrored bg=ff40ffff border=ccccccff
LEAK control_stylebox bg_source=base border_source= path=/root/@EditorNode@18065/@Panel@14/@VBoxContainer@15/DockHSplitMain/DockVSplitLeftR/DockSlotLeftUR/Scene/@VBoxContainer@4822/@HBoxContainer@4825/@Button@4823 class=Button variation=FlatMenuButton type=Button slot=hover_pressed_mirrored bg=ff40ffff border=ccccccff
LEAK control_stylebox bg_source=base border_source= path=/root/@EditorNode@18065/@Panel@14/@VBoxContainer@15/DockHSplitMain/DockVSplitLeftR/DockSlotLeftUR/Scene/@VBoxContainer@4822/@HBoxContainer@4825/@Button@4823 class=Button variation=FlatMenuButton type=Button slot=pressed_mirrored bg=ff40ffff border=ccccccff
LEAK control_stylebox bg_source=base border_source= path=/root/@EditorNode@18065/@Panel@14/@VBoxContainer@15/DockHSplitMain/DockVSplitLeftR/DockSlotLeftUR/Scene/@VBoxContainer@4822/@HBoxContainer@4825/@Button@4823 class=Button variation=FlatMenuButton type=FlatMenuButton slot=hover_mirrored bg=ff40ffff border=ccccccff
LEAK control_stylebox bg_source=base border_source= path=/root/@EditorNode@18065/@Panel@14/@VBoxContainer@15/DockHSplitMain/DockVSplitLeftR/DockSlotLeftUR/Scene/@VBoxContainer@4822/@HBoxContainer@4825/@Button@4823 class=Button variation=FlatMenuButton type=FlatMenuButton slot=hover_pressed_mirrored bg=ff40ffff border=ccccccff
LEAK control_stylebox bg_source=base border_source= path=/root/@EditorNode@18065/@Panel@14/@VBoxContainer@15/DockHSplitMain/DockVSplitLeftR/DockSlotLeftUR/Scene/@VBoxContainer@4822/@HBoxContainer@4825/@Button@4823 class=Button variation=FlatMenuButton type=FlatMenuButton slot=pressed_mirrored bg=ff40ffff border=ccccccff
LEAK control_stylebox bg_source=base border_source= path=/root/@EditorNode@18065/@Panel@14/@VBoxContainer@15/DockHSplitMain/DockVSplitLeftR/DockSlotLeftUR/Scene/@VBoxContainer@4822/@HBoxContainer@4825/@Button@4824 class=Button variation=FlatMenuButton type=Button slot=hover_mirrored bg=ff40ffff border=ccccccff
LEAK control_stylebox bg_source=base border_source= path=/root/@EditorNode@18065/@Panel@14/@VBoxContainer@15/DockHSplitMain/DockVSplitLeftR/DockSlotLeftUR/Scene/@VBoxContainer@4822/@HBoxContainer@4825/@Button@4824 class=Button variation=FlatMenuButton type=Button slot=hover_pressed_mirrored bg=ff40ffff border=ccccccff
LEAK control_stylebox bg_source=base border_source= path=/root/@EditorNode@18065/@Panel@14/@VBoxContainer@15/DockHSplitMain/DockVSplitLeftR/DockSlotLeftUR/Scene/@VBoxContainer@4822/@HBoxContainer@4825/@Button@4824 class=Button variation=FlatMenuButton type=Button slot=pressed_mirrored bg=ff40ffff border=ccccccff
LEAK control_stylebox bg_source=base border_source= path=/root/@EditorNode@18065/@Panel@14/@VBoxContainer@15/DockHSplitMain/DockVSplitLeftR/DockSlotLeftUR/Scene/@VBoxContainer@4822/@HBoxContainer@4825/@Button@4824 class=Button variation=FlatMenuButton type=FlatMenuButton slot=hover_mirrored bg=ff40ffff border=ccccccff
LEAK control_stylebox bg_source=base border_source= path=/root/@EditorNode@18065/@Panel@14/@VBoxContainer@15/DockHSplitMain/DockVSplitLeftR/DockSlotLeftUR/Scene/@VBoxContainer@4822/@HBoxContainer@4825/@Button@4824 class=Button variation=FlatMenuButton type=FlatMenuButton slot=hover_pressed_mirrored bg=ff40ffff border=ccccccff
LEAK control_stylebox bg_source=base border_source= path=/root/@EditorNode@18065/@Panel@14/@VBoxContainer@15/DockHSplitMain/DockVSplitLeftR/DockSlotLeftUR/Scene/@VBoxContainer@4822/@HBoxContainer@4825/@Button@4824 class=Button variation=FlatMenuButton type=FlatMenuButton slot=pressed_mirrored bg=ff40ffff border=ccccccff
LEAK control_stylebox bg_source=base border_source= path=/root/@EditorNode@18065/@Panel@14/@VBoxContainer@15/DockHSplitMain/DockVSplitLeftR/DockSlotLeftUR/Scene/@VBoxContainer@4822/@HBoxContainer@4825/@Button@4851 class=Button variation=FlatMenuButton type=Button slot=hover_mirrored bg=ff40ffff border=ccccccff
LEAK control_stylebox bg_source=base border_source= path=/root/@EditorNode@18065/@Panel@14/@VBoxContainer@15/DockHSplitMain/DockVSplitLeftR/DockSlotLeftUR/Scene/@VBoxContainer@4822/@HBoxContainer@4825/@Button@4851 class=Button variation=FlatMenuButton type=Button slot=hover_pressed_mirrored bg=ff40ffff border=ccccccff
LEAK control_stylebox bg_source=base border_source= path=/root/@EditorNode@18065/@Panel@14/@VBoxContainer@15/DockHSplitMain/DockVSplitLeftR/DockSlotLeftUR/Scene/@VBoxContainer@4822/@HBoxContainer@4825/@Button@4851 class=Button variation=FlatMenuButton type=Button slot=pressed_mirrored bg=ff40ffff border=ccccccff
LEAK control_stylebox bg_source=base border_source= path=/root/@EditorNode@18065/@Panel@14/@VBoxContainer@15/DockHSplitMain/DockVSplitLeftR/DockSlotLeftUR/Scene/@VBoxContainer@4822/@HBoxContainer@4825/@Button@4851 class=Button variation=FlatMenuButton type=FlatMenuButton slot=hover_mirrored bg=ff40ffff border=ccccccff
LEAK control_stylebox bg_source=base border_source= path=/root/@EditorNode@18065/@Panel@14/@VBoxContainer@15/DockHSplitMain/DockVSplitLeftR/DockSlotLeftUR/Scene/@VBoxContainer@4822/@HBoxContainer@4825/@Button@4851 class=Button variation=FlatMenuButton type=FlatMenuButton slot=hover_pressed_mirrored bg=ff40ffff border=ccccccff
LEAK control_stylebox bg_source=base border_source= path=/root/@EditorNode@18065/@Panel@14/@VBoxContainer@15/DockHSplitMain/DockVSplitLeftR/DockSlotLeftUR/Scene/@VBoxContainer@4822/@HBoxContainer@4825/@Button@4851 class=Button variation=FlatMenuButton type=FlatMenuButton slot=pressed_mirrored bg=ff40ffff border=ccccccff
LEAK control_stylebox bg_source=base border_source= path=/root/@EditorNode@18065/@Panel@14/@VBoxContainer@15/DockHSplitMain/DockVSplitLeftR/DockSlotLeftUR/Scene/@VBoxContainer@4822/@HBoxContainer@4825/@Button@4852 class=Button variation=FlatMenuButton type=Button slot=hover_mirrored bg=ff40ffff border=ccccccff
LEAK control_stylebox bg_source=base border_source= path=/root/@EditorNode@18065/@Panel@14/@VBoxContainer@15/DockHSplitMain/DockVSplitLeftR/DockSlotLeftUR/Scene/@VBoxContainer@4822/@HBoxContainer@4825/@Button@4852 class=Button variation=FlatMenuButton type=Button slot=hover_pressed_mirrored bg=ff40ffff border=ccccccff
LEAK control_stylebox bg_source=base border_source= path=/root/@EditorNode@18065/@Panel@14/@VBoxContainer@15/DockHSplitMain/DockVSplitLeftR/DockSlotLeftUR/Scene/@VBoxContainer@4822/@HBoxContainer@4825/@Button@4852 class=Button variation=FlatMenuButton type=Button slot=pressed_mirrored bg=ff40ffff border=ccccccff
LEAK control_stylebox bg_source=base border_source= path=/root/@EditorNode@18065/@Panel@14/@VBoxContainer@15/DockHSplitMain/DockVSplitLeftR/DockSlotLeftUR/Scene/@VBoxContainer@4822/@HBoxContainer@4825/@Button@4852 class=Button variation=FlatMenuButton type=FlatMenuButton slot=hover_mirrored bg=ff40ffff border=ccccccff
LEAK control_stylebox bg_source=base border_source= path=/root/@EditorNode@18065/@Panel@14/@VBoxContainer@15/DockHSplitMain/DockVSplitLeftR/DockSlotLeftUR/Scene/@VBoxContainer@4822/@HBoxContainer@4825/@Button@4852 class=Button variation=FlatMenuButton type=FlatMenuButton slot=hover_pressed_mirrored bg=ff40ffff border=ccccccff
LEAK control_stylebox bg_source=base border_source= path=/root/@EditorNode@18065/@Panel@14/@VBoxContainer@15/DockHSplitMain/DockVSplitLeftR/DockSlotLeftUR/Scene/@VBoxContainer@4822/@HBoxContainer@4825/@Button@4852 class=Button variation=FlatMenuButton type=FlatMenuButton slot=pressed_mirrored bg=ff40ffff border=ccccccff
LEAK control_stylebox bg_source=base border_source= path=/root/@EditorNode@18065/@Panel@14/@VBoxContainer@15/DockHSplitMain/DockVSplitLeftR/DockSlotLeftUR/Scene/@VBoxContainer@4822/@HBoxContainer@4825/@Button@4853 class=Button variation=FlatMenuButton type=Button slot=hover_mirrored bg=ff40ffff border=ccccccff
LEAK control_stylebox bg_source=base border_source= path=/root/@EditorNode@18065/@Panel@14/@VBoxContainer@15/DockHSplitMain/DockVSplitLeftR/DockSlotLeftUR/Scene/@VBoxContainer@4822/@HBoxContainer@4825/@Button@4853 class=Button variation=FlatMenuButton type=Button slot=hover_pressed_mirrored bg=ff40ffff border=ccccccff
LEAK control_stylebox bg_source=base border_source= path=/root/@EditorNode@18065/@Panel@14/@VBoxContainer@15/DockHSplitMain/DockVSplitLeftR/DockSlotLeftUR/Scene/@VBoxContainer@4822/@HBoxContainer@4825/@Button@4853 class=Button variation=FlatMenuButton type=Button slot=pressed_mirrored bg=ff40ffff border=ccccccff
LEAK control_stylebox bg_source=base border_source= path=/root/@EditorNode@18065/@Panel@14/@VBoxContainer@15/DockHSplitMain/DockVSplitLeftR/DockSlotLeftUR/Scene/@VBoxContainer@4822/@HBoxContainer@4825/@Button@4853 class=Button variation=FlatMenuButton type=FlatMenuButton slot=hover_mirrored bg=ff40ffff border=ccccccff
LEAK control_stylebox bg_source=base border_source= path=/root/@EditorNode@18065/@Panel@14/@VBoxContainer@15/DockHSplitMain/DockVSplitLeftR/DockSlotLeftUR/Scene/@VBoxContainer@4822/@HBoxContainer@4825/@Button@4853 class=Button variation=FlatMenuButton type=FlatMenuButton slot=hover_pressed_mirrored bg=ff40ffff border=ccccccff
LEAK control_stylebox bg_source=base border_source= path=/root/@EditorNode@18065/@Panel@14/@VBoxContainer@15/DockHSplitMain/DockVSplitLeftR/DockSlotLeftUR/Scene/@VBoxContainer@4822/@HBoxContainer@4825/@Button@4853 class=Button variation=FlatMenuButton type=FlatMenuButton slot=pressed_mirrored bg=ff40ffff border=ccccccff
LEAK control_stylebox bg_source=base border_source= path=/root/@EditorNode@18065/@Panel@14/@VBoxContainer@15/DockHSplitMain/DockVSplitLeftR/DockSlotLeftUR/Scene/@VBoxContainer@4822/@HBoxContainer@4825/@MenuButton@4862 class=MenuButton variation=FlatMenuButton type=FlatMenuButton slot=hover_mirrored bg=ff40ffff border=ccccccff
LEAK control_stylebox bg_source=base border_source= path=/root/@EditorNode@18065/@Panel@14/@VBoxContainer@15/DockHSplitMain/DockVSplitLeftR/DockSlotLeftUR/Scene/@VBoxContainer@4822/@HBoxContainer@4825/@MenuButton@4862 class=MenuButton variation=FlatMenuButton type=FlatMenuButton slot=hover_pressed_mirrored bg=ff40ffff border=ccccccff
LEAK control_stylebox bg_source=base border_source= path=/root/@EditorNode@18065/@Panel@14/@VBoxContainer@15/DockHSplitMain/DockVSplitLeftR/DockSlotLeftUR/Scene/@VBoxContainer@4822/@HBoxContainer@4825/@MenuButton@4862 class=MenuButton variation=FlatMenuButton type=FlatMenuButton slot=pressed_mirrored bg=ff40ffff border=ccccccff
LEAK control_stylebox bg_source=base border_source= path=/root/@EditorNode@18065/@Panel@14/@VBoxContainer@15/DockHSplitMain/DockVSplitLeftR/DockSlotLeftUR/Scene/@VBoxContainer@4822/@HBoxContainer@4863/@Button@4864 class=Button variation=FlatButton type=Button slot=hover_mirrored bg=ff40ffff border=ccccccff
LEAK control_stylebox bg_source=base border_source= path=/root/@EditorNode@18065/@Panel@14/@VBoxContainer@15/DockHSplitMain/DockVSplitLeftR/DockSlotLeftUR/Scene/@VBoxContainer@4822/@HBoxContainer@4863/@Button@4864 class=Button variation=FlatButton type=Button slot=hover_pressed_mirrored bg=ff40ffff border=ccccccff
LEAK control_stylebox bg_source=base border_source= path=/root/@EditorNode@18065/@Panel@14/@VBoxContainer@15/DockHSplitMain/DockVSplitLeftR/DockSlotLeftUR/Scene/@VBoxContainer@4822/@HBoxContainer@4863/@Button@4864 class=Button variation=FlatButton type=Button slot=pressed_mirrored bg=ff40ffff border=ccccccff
LEAK control_stylebox bg_source=base border_source= path=/root/@EditorNode@18065/@Panel@14/@VBoxContainer@15/DockHSplitMain/DockVSplitLeftR/DockSlotLeftUR/Scene/@VBoxContainer@4822/@HBoxContainer@4863/@Button@4864 class=Button variation=FlatButton type=FlatButton slot=hover_mirrored bg=ff40ffff border=ccccccff
LEAK control_stylebox bg_source=base border_source= path=/root/@EditorNode@18065/@Panel@14/@VBoxContainer@15/DockHSplitMain/DockVSplitLeftR/DockSlotLeftUR/Scene/@VBoxContainer@4822/@HBoxContainer@4863/@Button@4864 class=Button variation=FlatButton type=FlatButton slot=hover_pressed_mirrored bg=ff40ffff border=ccccccff
LEAK control_stylebox bg_source=base border_source= path=/root/@EditorNode@18065/@Panel@14/@VBoxContainer@15/DockHSplitMain/DockVSplitLeftR/DockSlotLeftUR/Scene/@VBoxContainer@4822/@HBoxContainer@4863/@Button@4864 class=Button variation=FlatButton type=FlatButton slot=pressed_mirrored bg=ff40ffff border=ccccccff
LEAK control_stylebox bg_source=base border_source= path=/root/@EditorNode@18065/@Panel@14/@VBoxContainer@15/DockHSplitMain/DockVSplitLeftR/DockSlotLeftUR/Scene/@VBoxContainer@4822/@HBoxContainer@4863/@Button@4865 class=Button variation=FlatButton type=Button slot=hover_mirrored bg=ff40ffff border=ccccccff
LEAK control_stylebox bg_source=base border_source= path=/root/@EditorNode@18065/@Panel@14/@VBoxContainer@15/DockHSplitMain/DockVSplitLeftR/DockSlotLeftUR/Scene/@VBoxContainer@4822/@HBoxContainer@4863/@Button@4865 class=Button variation=FlatButton type=Button slot=hover_pressed_mirrored bg=ff40ffff border=ccccccff
LEAK control_stylebox bg_source=base border_source= path=/root/@EditorNode@18065/@Panel@14/@VBoxContainer@15/DockHSplitMain/DockVSplitLeftR/DockSlotLeftUR/Scene/@VBoxContainer@4822/@HBoxContainer@4863/@Button@4865 class=Button variation=FlatButton type=Button slot=pressed_mirrored bg=ff40ffff border=ccccccff
LEAK control_stylebox bg_source=base border_source= path=/root/@EditorNode@18065/@Panel@14/@VBoxContainer@15/DockHSplitMain/DockVSplitLeftR/DockSlotLeftUR/Scene/@VBoxContainer@4822/@HBoxContainer@4863/@Button@4865 class=Button variation=FlatButton type=FlatButton slot=hover_mirrored bg=ff40ffff border=ccccccff
LEAK control_stylebox bg_source=base border_source= path=/root/@EditorNode@18065/@Panel@14/@VBoxContainer@15/DockHSplitMain/DockVSplitLeftR/DockSlotLeftUR/Scene/@VBoxContainer@4822/@HBoxContainer@4863/@Button@4865 class=Button variation=FlatButton type=FlatButton slot=hover_pressed_mirrored bg=ff40ffff border=ccccccff
LEAK control_stylebox bg_source=base border_source= path=/root/@EditorNode@18065/@Panel@14/@VBoxContainer@15/DockHSplitMain/DockVSplitLeftR/DockSlotLeftUR/Scene/@VBoxContainer@4822/@HBoxContainer@4863/@Button@4865 class=Button variation=FlatButton type=FlatButton slot=pressed_mirrored bg=ff40ffff border=ccccccff
LEAK control_stylebox bg_source=base border_source= path=/root/@EditorNode@18065/@Panel@14/@VBoxContainer@15/DockHSplitMain/DockVSplitRightL/DockSlotRightUL/Groups/@GroupsEditor@7398/@VBoxContainer@7370/@HBoxContainer@7371/@Button@7372 class=Button variation=FlatMenuButton type=Button slot=hover_mirrored bg=ff40ffff border=ccccccff
LEAK control_stylebox bg_source=base border_source= path=/root/@EditorNode@18065/@Panel@14/@VBoxContainer@15/DockHSplitMain/DockVSplitRightL/DockSlotRightUL/Groups/@GroupsEditor@7398/@VBoxContainer@7370/@HBoxContainer@7371/@Button@7372 class=Button variation=FlatMenuButton type=Button slot=hover_pressed_mirrored bg=ff40ffff border=ccccccff
LEAK control_stylebox bg_source=base border_source= path=/root/@EditorNode@18065/@Panel@14/@VBoxContainer@15/DockHSplitMain/DockVSplitRightL/DockSlotRightUL/Groups/@GroupsEditor@7398/@VBoxContainer@7370/@HBoxContainer@7371/@Button@7372 class=Button variation=FlatMenuButton type=Button slot=pressed_mirrored bg=ff40ffff border=ccccccff
LEAK control_stylebox bg_source=base border_source= path=/root/@EditorNode@18065/@Panel@14/@VBoxContainer@15/DockHSplitMain/DockVSplitRightL/DockSlotRightUL/Groups/@GroupsEditor@7398/@VBoxContainer@7370/@HBoxContainer@7371/@Button@7372 class=Button variation=FlatMenuButton type=FlatMenuButton slot=hover_mirrored bg=ff40ffff border=ccccccff
LEAK control_stylebox bg_source=base border_source= path=/root/@EditorNode@18065/@Panel@14/@VBoxContainer@15/DockHSplitMain/DockVSplitRightL/DockSlotRightUL/Groups/@GroupsEditor@7398/@VBoxContainer@7370/@HBoxContainer@7371/@Button@7372 class=Button variation=FlatMenuButton type=FlatMenuButton slot=hover_pressed_mirrored bg=ff40ffff border=ccccccff
LEAK control_stylebox bg_source=base border_source= path=/root/@EditorNode@18065/@Panel@14/@VBoxContainer@15/DockHSplitMain/DockVSplitRightL/DockSlotRightUL/Groups/@GroupsEditor@7398/@VBoxContainer@7370/@HBoxContainer@7371/@Button@7372 class=Button variation=FlatMenuButton type=FlatMenuButton slot=pressed_mirrored bg=ff40ffff border=ccccccff
LEAK control_stylebox bg_source=base border_source= path=/root/@EditorNode@18065/@Panel@14/@VBoxContainer@15/DockHSplitMain/DockVSplitRightL/DockSlotRightUL/Inspector/@VBoxContainer@6869/@HBoxContainer@6870/@Button@6871 class=Button variation=FlatMenuButton type=Button slot=hover_mirrored bg=ff40ffff border=ccccccff
LEAK control_stylebox bg_source=base border_source= path=/root/@EditorNode@18065/@Panel@14/@VBoxContainer@15/DockHSplitMain/DockVSplitRightL/DockSlotRightUL/Inspector/@VBoxContainer@6869/@HBoxContainer@6870/@Button@6871 class=Button variation=FlatMenuButton type=Button slot=hover_pressed_mirrored bg=ff40ffff border=ccccccff
LEAK control_stylebox bg_source=base border_source= path=/root/@EditorNode@18065/@Panel@14/@VBoxContainer@15/DockHSplitMain/DockVSplitRightL/DockSlotRightUL/Inspector/@VBoxContainer@6869/@HBoxContainer@6870/@Button@6871 class=Button variation=FlatMenuButton type=Button slot=pressed_mirrored bg=ff40ffff border=ccccccff
LEAK control_stylebox bg_source=base border_source= path=/root/@EditorNode@18065/@Panel@14/@VBoxContainer@15/DockHSplitMain/DockVSplitRightL/DockSlotRightUL/Inspector/@VBoxContainer@6869/@HBoxContainer@6870/@Button@6871 class=Button variation=FlatMenuButton type=FlatMenuButton slot=hover_mirrored bg=ff40ffff border=ccccccff
LEAK control_stylebox bg_source=base border_source= path=/root/@EditorNode@18065/@Panel@14/@VBoxContainer@15/DockHSplitMain/DockVSplitRightL/DockSlotRightUL/Inspector/@VBoxContainer@6869/@HBoxContainer@6870/@Button@6871 class=Button variation=FlatMenuButton type=FlatMenuButton slot=hover_pressed_mirrored bg=ff40ffff border=ccccccff
LEAK control_stylebox bg_source=base border_source= path=/root/@EditorNode@18065/@Panel@14/@VBoxContainer@15/DockHSplitMain/DockVSplitRightL/DockSlotRightUL/Inspector/@VBoxContainer@6869/@HBoxContainer@6870/@Button@6871 class=Button variation=FlatMenuButton type=FlatMenuButton slot=pressed_mirrored bg=ff40ffff border=ccccccff
LEAK control_stylebox bg_source=base border_source= path=/root/@EditorNode@18065/@Panel@14/@VBoxContainer@15/DockHSplitMain/DockVSplitRightL/DockSlotRightUL/Inspector/@VBoxContainer@6869/@HBoxContainer@6870/@Button@6872 class=Button variation=FlatMenuButton type=Button slot=hover_mirrored bg=ff40ffff border=ccccccff
LEAK control_stylebox bg_source=base border_source= path=/root/@EditorNode@18065/@Panel@14/@VBoxContainer@15/DockHSplitMain/DockVSplitRightL/DockSlotRightUL/Inspector/@VBoxContainer@6869/@HBoxContainer@6870/@Button@6872 class=Button variation=FlatMenuButton type=Button slot=hover_pressed_mirrored bg=ff40ffff border=ccccccff
LEAK control_stylebox bg_source=base border_source= path=/root/@EditorNode@18065/@Panel@14/@VBoxContainer@15/DockHSplitMain/DockVSplitRightL/DockSlotRightUL/Inspector/@VBoxContainer@6869/@HBoxContainer@6870/@Button@6872 class=Button variation=FlatMenuButton type=Button slot=pressed_mirrored bg=ff40ffff border=ccccccff
LEAK control_stylebox bg_source=base border_source= path=/root/@EditorNode@18065/@Panel@14/@VBoxContainer@15/DockHSplitMain/DockVSplitRightL/DockSlotRightUL/Inspector/@VBoxContainer@6869/@HBoxContainer@6870/@Button@6872 class=Button variation=FlatMenuButton type=FlatMenuButton slot=hover_mirrored bg=ff40ffff border=ccccccff
LEAK control_stylebox bg_source=base border_source= path=/root/@EditorNode@18065/@Panel@14/@VBoxContainer@15/DockHSplitMain/DockVSplitRightL/DockSlotRightUL/Inspector/@VBoxContainer@6869/@HBoxContainer@6870/@Button@6872 class=Button variation=FlatMenuButton type=FlatMenuButton slot=hover_pressed_mirrored bg=ff40ffff border=ccccccff
LEAK control_stylebox bg_source=base border_source= path=/root/@EditorNode@18065/@Panel@14/@VBoxContainer@15/DockHSplitMain/DockVSplitRightL/DockSlotRightUL/Inspector/@VBoxContainer@6869/@HBoxContainer@6870/@Button@6872 class=Button variation=FlatMenuButton type=FlatMenuButton slot=pressed_mirrored bg=ff40ffff border=ccccccff
LEAK control_stylebox bg_source=base border_source= path=/root/@EditorNode@18065/@Panel@14/@VBoxContainer@15/DockHSplitMain/DockVSplitRightL/DockSlotRightUL/Inspector/@VBoxContainer@6869/@HBoxContainer@6870/@Button@6892 class=Button variation=FlatButton type=Button slot=hover_mirrored bg=ff40ffff border=ccccccff
LEAK control_stylebox bg_source=base border_source= path=/root/@EditorNode@18065/@Panel@14/@VBoxContainer@15/DockHSplitMain/DockVSplitRightL/DockSlotRightUL/Inspector/@VBoxContainer@6869/@HBoxContainer@6870/@Button@6892 class=Button variation=FlatButton type=Button slot=hover_pressed_mirrored bg=ff40ffff border=ccccccff
LEAK control_stylebox bg_source=base border_source= path=/root/@EditorNode@18065/@Panel@14/@VBoxContainer@15/DockHSplitMain/DockVSplitRightL/DockSlotRightUL/Inspector/@VBoxContainer@6869/@HBoxContainer@6870/@Button@6892 class=Button variation=FlatButton type=Button slot=pressed_mirrored bg=ff40ffff border=ccccccff
LEAK control_stylebox bg_source=base border_source= path=/root/@EditorNode@18065/@Panel@14/@VBoxContainer@15/DockHSplitMain/DockVSplitRightL/DockSlotRightUL/Inspector/@VBoxContainer@6869/@HBoxContainer@6870/@Button@6892 class=Button variation=FlatButton type=FlatButton slot=hover_mirrored bg=ff40ffff border=ccccccff
LEAK control_stylebox bg_source=base border_source= path=/root/@EditorNode@18065/@Panel@14/@VBoxContainer@15/DockHSplitMain/DockVSplitRightL/DockSlotRightUL/Inspector/@VBoxContainer@6869/@HBoxContainer@6870/@Button@6892 class=Button variation=FlatButton type=FlatButton slot=hover_pressed_mirrored bg=ff40ffff border=ccccccff
LEAK control_stylebox bg_source=base border_source= path=/root/@EditorNode@18065/@Panel@14/@VBoxContainer@15/DockHSplitMain/DockVSplitRightL/DockSlotRightUL/Inspector/@VBoxContainer@6869/@HBoxContainer@6870/@Button@6892 class=Button variation=FlatButton type=FlatButton slot=pressed_mirrored bg=ff40ffff border=ccccccff
LEAK control_stylebox bg_source=base border_source= path=/root/@EditorNode@18065/@Panel@14/@VBoxContainer@15/DockHSplitMain/DockVSplitRightL/DockSlotRightUL/Inspector/@VBoxContainer@6869/@HBoxContainer@6870/@Button@6893 class=Button variation=FlatButton type=Button slot=hover_mirrored bg=ff40ffff border=ccccccff
LEAK control_stylebox bg_source=base border_source= path=/root/@EditorNode@18065/@Panel@14/@VBoxContainer@15/DockHSplitMain/DockVSplitRightL/DockSlotRightUL/Inspector/@VBoxContainer@6869/@HBoxContainer@6870/@Button@6893 class=Button variation=FlatButton type=Button slot=hover_pressed_mirrored bg=ff40ffff border=ccccccff
LEAK control_stylebox bg_source=base border_source= path=/root/@EditorNode@18065/@Panel@14/@VBoxContainer@15/DockHSplitMain/DockVSplitRightL/DockSlotRightUL/Inspector/@VBoxContainer@6869/@HBoxContainer@6870/@Button@6893 class=Button variation=FlatButton type=Button slot=pressed_mirrored bg=ff40ffff border=ccccccff
LEAK control_stylebox bg_source=base border_source= path=/root/@EditorNode@18065/@Panel@14/@VBoxContainer@15/DockHSplitMain/DockVSplitRightL/DockSlotRightUL/Inspector/@VBoxContainer@6869/@HBoxContainer@6870/@Button@6893 class=Button variation=FlatButton type=FlatButton slot=hover_mirrored bg=ff40ffff border=ccccccff
LEAK control_stylebox bg_source=base border_source= path=/root/@EditorNode@18065/@Panel@14/@VBoxContainer@15/DockHSplitMain/DockVSplitRightL/DockSlotRightUL/Inspector/@VBoxContainer@6869/@HBoxContainer@6870/@Button@6893 class=Button variation=FlatButton type=FlatButton slot=hover_pressed_mirrored bg=ff40ffff border=ccccccff
LEAK control_stylebox bg_source=base border_source= path=/root/@EditorNode@18065/@Panel@14/@VBoxContainer@15/DockHSplitMain/DockVSplitRightL/DockSlotRightUL/Inspector/@VBoxContainer@6869/@HBoxContainer@6870/@Button@6893 class=Button variation=FlatButton type=FlatButton slot=pressed_mirrored bg=ff40ffff border=ccccccff
LEAK control_stylebox bg_source=base border_source= path=/root/@EditorNode@18065/@Panel@14/@VBoxContainer@15/DockHSplitMain/DockVSplitRightL/DockSlotRightUL/Inspector/@VBoxContainer@6869/@HBoxContainer@6870/@MenuButton@6881 class=MenuButton variation=FlatMenuButton type=FlatMenuButton slot=hover_mirrored bg=ff40ffff border=ccccccff
LEAK control_stylebox bg_source=base border_source= path=/root/@EditorNode@18065/@Panel@14/@VBoxContainer@15/DockHSplitMain/DockVSplitRightL/DockSlotRightUL/Inspector/@VBoxContainer@6869/@HBoxContainer@6870/@MenuButton@6881 class=MenuButton variation=FlatMenuButton type=FlatMenuButton slot=hover_pressed_mirrored bg=ff40ffff border=ccccccff
LEAK control_stylebox bg_source=base border_source= path=/root/@EditorNode@18065/@Panel@14/@VBoxContainer@15/DockHSplitMain/DockVSplitRightL/DockSlotRightUL/Inspector/@VBoxContainer@6869/@HBoxContainer@6870/@MenuButton@6881 class=MenuButton variation=FlatMenuButton type=FlatMenuButton slot=pressed_mirrored bg=ff40ffff border=ccccccff
LEAK control_stylebox bg_source=base border_source= path=/root/@EditorNode@18065/@Panel@14/@VBoxContainer@15/DockHSplitMain/DockVSplitRightL/DockSlotRightUL/Inspector/@VBoxContainer@6869/@HBoxContainer@6870/@MenuButton@6890 class=MenuButton variation=FlatMenuButton type=FlatMenuButton slot=hover_mirrored bg=ff40ffff border=ccccccff
LEAK control_stylebox bg_source=base border_source= path=/root/@EditorNode@18065/@Panel@14/@VBoxContainer@15/DockHSplitMain/DockVSplitRightL/DockSlotRightUL/Inspector/@VBoxContainer@6869/@HBoxContainer@6870/@MenuButton@6890 class=MenuButton variation=FlatMenuButton type=FlatMenuButton slot=hover_pressed_mirrored bg=ff40ffff border=ccccccff
LEAK control_stylebox bg_source=base border_source= path=/root/@EditorNode@18065/@Panel@14/@VBoxContainer@15/DockHSplitMain/DockVSplitRightL/DockSlotRightUL/Inspector/@VBoxContainer@6869/@HBoxContainer@6870/@MenuButton@6890 class=MenuButton variation=FlatMenuButton type=FlatMenuButton slot=pressed_mirrored bg=ff40ffff border=ccccccff
LEAK control_stylebox bg_source=base border_source= path=/root/@EditorNode@18065/@Panel@14/@VBoxContainer@15/DockHSplitMain/DockVSplitRightL/DockSlotRightUL/Inspector/@VBoxContainer@6869/@HBoxContainer@6870/@MenuButton@6902 class=MenuButton variation=FlatMenuButton type=FlatMenuButton slot=hover_mirrored bg=ff40ffff border=ccccccff
LEAK control_stylebox bg_source=base border_source= path=/root/@EditorNode@18065/@Panel@14/@VBoxContainer@15/DockHSplitMain/DockVSplitRightL/DockSlotRightUL/Inspector/@VBoxContainer@6869/@HBoxContainer@6870/@MenuButton@6902 class=MenuButton variation=FlatMenuButton type=FlatMenuButton slot=hover_pressed_mirrored bg=ff40ffff border=ccccccff
LEAK control_stylebox bg_source=base border_source= path=/root/@EditorNode@18065/@Panel@14/@VBoxContainer@15/DockHSplitMain/DockVSplitRightL/DockSlotRightUL/Inspector/@VBoxContainer@6869/@HBoxContainer@6870/@MenuButton@6902 class=MenuButton variation=FlatMenuButton type=FlatMenuButton slot=pressed_mirrored bg=ff40ffff border=ccccccff
LEAK control_stylebox bg_source=base border_source= path=/root/@EditorNode@18065/@Panel@14/@VBoxContainer@15/DockHSplitMain/DockVSplitRightL/DockSlotRightUL/Inspector/@VBoxContainer@6869/@HBoxContainer@6903/@Button@6918 class=Button variation=FlatMenuButton type=Button slot=hover_mirrored bg=ff40ffff border=ccccccff
LEAK control_stylebox bg_source=base border_source= path=/root/@EditorNode@18065/@Panel@14/@VBoxContainer@15/DockHSplitMain/DockVSplitRightL/DockSlotRightUL/Inspector/@VBoxContainer@6869/@HBoxContainer@6903/@Button@6918 class=Button variation=FlatMenuButton type=Button slot=hover_pressed_mirrored bg=ff40ffff border=ccccccff
LEAK control_stylebox bg_source=base border_source= path=/root/@EditorNode@18065/@Panel@14/@VBoxContainer@15/DockHSplitMain/DockVSplitRightL/DockSlotRightUL/Inspector/@VBoxContainer@6869/@HBoxContainer@6903/@Button@6918 class=Button variation=FlatMenuButton type=Button slot=pressed_mirrored bg=ff40ffff border=ccccccff
LEAK control_stylebox bg_source=base border_source= path=/root/@EditorNode@18065/@Panel@14/@VBoxContainer@15/DockHSplitMain/DockVSplitRightL/DockSlotRightUL/Inspector/@VBoxContainer@6869/@HBoxContainer@6903/@Button@6918 class=Button variation=FlatMenuButton type=FlatMenuButton slot=hover_mirrored bg=ff40ffff border=ccccccff
LEAK control_stylebox bg_source=base border_source= path=/root/@EditorNode@18065/@Panel@14/@VBoxContainer@15/DockHSplitMain/DockVSplitRightL/DockSlotRightUL/Inspector/@VBoxContainer@6869/@HBoxContainer@6903/@Button@6918 class=Button variation=FlatMenuButton type=FlatMenuButton slot=hover_pressed_mirrored bg=ff40ffff border=ccccccff
LEAK control_stylebox bg_source=base border_source= path=/root/@EditorNode@18065/@Panel@14/@VBoxContainer@15/DockHSplitMain/DockVSplitRightL/DockSlotRightUL/Inspector/@VBoxContainer@6869/@HBoxContainer@6903/@Button@6918 class=Button variation=FlatMenuButton type=FlatMenuButton slot=pressed_mirrored bg=ff40ffff border=ccccccff
LEAK control_stylebox bg_source=base border_source= path=/root/@EditorNode@18065/@Panel@14/@VBoxContainer@15/DockHSplitMain/DockVSplitRightL/DockSlotRightUL/Inspector/@VBoxContainer@6869/@HBoxContainer@6984/@MenuButton@6994 class=MenuButton variation=FlatMenuButton type=FlatMenuButton slot=hover_mirrored bg=ff40ffff border=ccccccff
LEAK control_stylebox bg_source=base border_source= path=/root/@EditorNode@18065/@Panel@14/@VBoxContainer@15/DockHSplitMain/DockVSplitRightL/DockSlotRightUL/Inspector/@VBoxContainer@6869/@HBoxContainer@6984/@MenuButton@6994 class=MenuButton variation=FlatMenuButton type=FlatMenuButton slot=hover_pressed_mirrored bg=ff40ffff border=ccccccff
LEAK control_stylebox bg_source=base border_source= path=/root/@EditorNode@18065/@Panel@14/@VBoxContainer@15/DockHSplitMain/DockVSplitRightL/DockSlotRightUL/Inspector/@VBoxContainer@6869/@HBoxContainer@6984/@MenuButton@6994 class=MenuButton variation=FlatMenuButton type=FlatMenuButton slot=pressed_mirrored bg=ff40ffff border=ccccccff
LEAK control_stylebox bg_source=base border_source=base path=/root/@EditorNode@18065/@Panel@14/@Control@40/@EditorDock@17845/@ReplicationEditor@17844/@VBoxContainer@17728/@HBoxContainer@17821/@Button@17822 class=Button variation= type=Button slot=disabled_mirrored bg=ff40ffff border=ff40ffff
LEAK control_stylebox bg_source=base border_source=base path=/root/@EditorNode@18065/@Panel@14/@Control@40/@EditorDock@17845/@ReplicationEditor@17844/@VBoxContainer@17728/@HBoxContainer@17821/@Button@17822 class=Button variation= type=Button slot=hover_mirrored bg=ff40ffff border=ff40ffff
LEAK control_stylebox bg_source=base border_source=base path=/root/@EditorNode@18065/@Panel@14/@Control@40/@EditorDock@17845/@ReplicationEditor@17844/@VBoxContainer@17728/@HBoxContainer@17821/@Button@17822 class=Button variation= type=Button slot=hover_pressed_mirrored bg=ff40ffff border=ff40ffff
LEAK control_stylebox bg_source=base border_source=base path=/root/@EditorNode@18065/@Panel@14/@Control@40/@EditorDock@17845/@ReplicationEditor@17844/@VBoxContainer@17728/@HBoxContainer@17821/@Button@17822 class=Button variation= type=Button slot=normal_mirrored bg=ff26ffff border=ff40ffff
LEAK control_stylebox bg_source=base border_source=base path=/root/@EditorNode@18065/@Panel@14/@Control@40/@EditorDock@17845/@ReplicationEditor@17844/@VBoxContainer@17728/@HBoxContainer@17821/@Button@17822 class=Button variation= type=Button slot=pressed_mirrored bg=ff40ffff border=ff40ffff
LEAK control_stylebox bg_source=base border_source=base path=/root/@EditorNode@18065/@Panel@14/@Control@40/@EditorDock@17845/@ReplicationEditor@17844/@VBoxContainer@17728/@HBoxContainer@17821/@Button@17826 class=Button variation= type=Button slot=disabled_mirrored bg=ff40ffff border=ff40ffff
LEAK control_stylebox bg_source=base border_source=base path=/root/@EditorNode@18065/@Panel@14/@Control@40/@EditorDock@17845/@ReplicationEditor@17844/@VBoxContainer@17728/@HBoxContainer@17821/@Button@17826 class=Button variation= type=Button slot=hover_mirrored bg=ff40ffff border=ff40ffff
LEAK control_stylebox bg_source=base border_source=base path=/root/@EditorNode@18065/@Panel@14/@Control@40/@EditorDock@17845/@ReplicationEditor@17844/@VBoxContainer@17728/@HBoxContainer@17821/@Button@17826 class=Button variation= type=Button slot=hover_pressed_mirrored bg=ff40ffff border=ff40ffff
LEAK control_stylebox bg_source=base border_source=base path=/root/@EditorNode@18065/@Panel@14/@Control@40/@EditorDock@17845/@ReplicationEditor@17844/@VBoxContainer@17728/@HBoxContainer@17821/@Button@17826 class=Button variation= type=Button slot=normal_mirrored bg=ff26ffff border=ff40ffff
LEAK control_stylebox bg_source=base border_source=base path=/root/@EditorNode@18065/@Panel@14/@Control@40/@EditorDock@17845/@ReplicationEditor@17844/@VBoxContainer@17728/@HBoxContainer@17821/@Button@17826 class=Button variation= type=Button slot=pressed_mirrored bg=ff40ffff border=ff40ffff
LEAK control_stylebox bg_source=base border_source=base path=/root/@EditorNode@18065/@Panel@14/@Control@40/@EditorDock@18133/@GridMapEditor@18132/@HBoxContainer@18096/@EditorZoomWidget@18123/@Button@18120 class=Button variation= type=Button slot=disabled_mirrored bg=ff40ffff border=ff40ffff
LEAK control_stylebox bg_source=base border_source=base path=/root/@EditorNode@18065/@Panel@14/@Control@40/@EditorDock@18133/@GridMapEditor@18132/@HBoxContainer@18096/@EditorZoomWidget@18123/@Button@18120 class=Button variation= type=Button slot=hover_mirrored bg=ff40ffff border=ff40ffff
LEAK control_stylebox bg_source=base border_source=base path=/root/@EditorNode@18065/@Panel@14/@Control@40/@EditorDock@18133/@GridMapEditor@18132/@HBoxContainer@18096/@EditorZoomWidget@18123/@Button@18120 class=Button variation= type=Button slot=hover_pressed_mirrored bg=ff40ffff border=ff40ffff
LEAK control_stylebox bg_source=base border_source=base path=/root/@EditorNode@18065/@Panel@14/@Control@40/@EditorDock@18133/@GridMapEditor@18132/@HBoxContainer@18096/@EditorZoomWidget@18123/@Button@18120 class=Button variation= type=Button slot=normal_mirrored bg=ff26ffff border=ff40ffff
LEAK control_stylebox bg_source=base border_source=base path=/root/@EditorNode@18065/@Panel@14/@Control@40/@EditorDock@18133/@GridMapEditor@18132/@HBoxContainer@18096/@EditorZoomWidget@18123/@Button@18120 class=Button variation= type=Button slot=pressed_mirrored bg=ff40ffff border=ff40ffff
LEAK control_stylebox bg_source=base border_source=base path=/root/@EditorNode@18065/@Panel@14/@Control@40/@EditorDock@18133/@GridMapEditor@18132/@HBoxContainer@18096/@EditorZoomWidget@18123/@Button@18121 class=Button variation= type=Button slot=disabled_mirrored bg=ff40ffff border=ff40ffff
LEAK control_stylebox bg_source=base border_source=base path=/root/@EditorNode@18065/@Panel@14/@Control@40/@EditorDock@18133/@GridMapEditor@18132/@HBoxContainer@18096/@EditorZoomWidget@18123/@Button@18121 class=Button variation= type=Button slot=hover_mirrored bg=ff40ffff border=ff40ffff
LEAK control_stylebox bg_source=base border_source=base path=/root/@EditorNode@18065/@Panel@14/@Control@40/@EditorDock@18133/@GridMapEditor@18132/@HBoxContainer@18096/@EditorZoomWidget@18123/@Button@18121 class=Button variation= type=Button slot=hover_pressed_mirrored bg=ff40ffff border=ff40ffff
LEAK control_stylebox bg_source=base border_source=base path=/root/@EditorNode@18065/@Panel@14/@Control@40/@EditorDock@18133/@GridMapEditor@18132/@HBoxContainer@18096/@EditorZoomWidget@18123/@Button@18121 class=Button variation= type=Button slot=normal_mirrored bg=ff26ffff border=ff40ffff
LEAK control_stylebox bg_source=base border_source=base path=/root/@EditorNode@18065/@Panel@14/@Control@40/@EditorDock@18133/@GridMapEditor@18132/@HBoxContainer@18096/@EditorZoomWidget@18123/@Button@18121 class=Button variation= type=Button slot=pressed_mirrored bg=ff40ffff border=ff40ffff
LEAK control_stylebox bg_source=base border_source=base path=/root/@EditorNode@18065/@Panel@14/@Control@40/@EditorDock@18133/@GridMapEditor@18132/@HBoxContainer@18096/@EditorZoomWidget@18123/@Button@18122 class=Button variation= type=Button slot=disabled_mirrored bg=ff40ffff border=ff40ffff
LEAK control_stylebox bg_source=base border_source=base path=/root/@EditorNode@18065/@Panel@14/@Control@40/@EditorDock@18133/@GridMapEditor@18132/@HBoxContainer@18096/@EditorZoomWidget@18123/@Button@18122 class=Button variation= type=Button slot=hover_mirrored bg=ff40ffff border=ff40ffff
LEAK control_stylebox bg_source=base border_source=base path=/root/@EditorNode@18065/@Panel@14/@Control@40/@EditorDock@18133/@GridMapEditor@18132/@HBoxContainer@18096/@EditorZoomWidget@18123/@Button@18122 class=Button variation= type=Button slot=hover_pressed_mirrored bg=ff40ffff border=ff40ffff
LEAK control_stylebox bg_source=base border_source=base path=/root/@EditorNode@18065/@Panel@14/@Control@40/@EditorDock@18133/@GridMapEditor@18132/@HBoxContainer@18096/@EditorZoomWidget@18123/@Button@18122 class=Button variation= type=Button slot=normal_mirrored bg=ff26ffff border=ff40ffff
LEAK control_stylebox bg_source=base border_source=base path=/root/@EditorNode@18065/@Panel@14/@Control@40/@EditorDock@18133/@GridMapEditor@18132/@HBoxContainer@18096/@EditorZoomWidget@18123/@Button@18122 class=Button variation= type=Button slot=pressed_mirrored bg=ff40ffff border=ff40ffff
LEAK control_stylebox bg_source=base border_source=base path=/root/@EditorNode@18065/@Panel@14/@Control@40/@EditorDock@18133/@GridMapEditor@18132/@HBoxContainer@18096/@SpinBox@18118 class=SpinBox variation= type=SpinBox slot=down_background_hovered bg=ff40ffff border=ff40ffff
LEAK control_stylebox bg_source=base border_source=base path=/root/@EditorNode@18065/@Panel@14/@Control@40/@EditorDock@18133/@GridMapEditor@18132/@HBoxContainer@18096/@SpinBox@18118 class=SpinBox variation= type=SpinBox slot=down_background_pressed bg=ff40ffff border=ff40ffff
LEAK control_stylebox bg_source=base border_source=base path=/root/@EditorNode@18065/@Panel@14/@Control@40/@EditorDock@18133/@GridMapEditor@18132/@HBoxContainer@18096/@SpinBox@18118 class=SpinBox variation= type=SpinBox slot=up_background_hovered bg=ff40ffff border=ff40ffff
LEAK control_stylebox bg_source=base border_source=base path=/root/@EditorNode@18065/@Panel@14/@Control@40/@EditorDock@18133/@GridMapEditor@18132/@HBoxContainer@18096/@SpinBox@18118 class=SpinBox variation= type=SpinBox slot=up_background_pressed bg=ff40ffff border=ff40ffff
LEAK control_stylebox bg_source=base border_source=base path=/root/@EditorNode@18065/@Panel@14/@Control@40/AnimationTree/@VBoxContainer@12189/@MarginContainer@12196/@AnimationNodeBlendSpace1DEditor@12601/@HBoxContainer@12397/@CheckBox@12410 class=CheckBox variation= type=CheckBox slot=disabled_mirrored bg=ff26ffff border=ff40ffff
LEAK control_stylebox bg_source=base border_source=base path=/root/@EditorNode@18065/@Panel@14/@Control@40/AnimationTree/@VBoxContainer@12189/@MarginContainer@12196/@AnimationNodeBlendSpace1DEditor@12601/@HBoxContainer@12397/@CheckBox@12410 class=CheckBox variation= type=CheckBox slot=hover_mirrored bg=ff26ffff border=ff40ffff
LEAK control_stylebox bg_source=base border_source=base path=/root/@EditorNode@18065/@Panel@14/@Control@40/AnimationTree/@VBoxContainer@12189/@MarginContainer@12196/@AnimationNodeBlendSpace1DEditor@12601/@HBoxContainer@12397/@CheckBox@12410 class=CheckBox variation= type=CheckBox slot=hover_pressed_mirrored bg=ff26ffff border=ff40ffff
LEAK control_stylebox bg_source=base border_source=base path=/root/@EditorNode@18065/@Panel@14/@Control@40/AnimationTree/@VBoxContainer@12189/@MarginContainer@12196/@AnimationNodeBlendSpace1DEditor@12601/@HBoxContainer@12397/@CheckBox@12410 class=CheckBox variation= type=CheckBox slot=normal_mirrored bg=ff26ffff border=ff40ffff
LEAK control_stylebox bg_source=base border_source=base path=/root/@EditorNode@18065/@Panel@14/@Control@40/AnimationTree/@VBoxContainer@12189/@MarginContainer@12196/@AnimationNodeBlendSpace1DEditor@12601/@HBoxContainer@12397/@CheckBox@12410 class=CheckBox variation= type=CheckBox slot=pressed_mirrored bg=ff26ffff border=ff40ffff
LEAK control_stylebox bg_source=base border_source=base path=/root/@EditorNode@18065/@Panel@14/@Control@40/AnimationTree/@VBoxContainer@12189/@MarginContainer@12196/@AnimationNodeBlendSpace1DEditor@12601/@HBoxContainer@12397/@HBoxContainer@12422/@Button@12428 class=Button variation= type=Button slot=disabled_mirrored bg=ff40ffff border=ff40ffff
LEAK control_stylebox bg_source=base border_source=base path=/root/@EditorNode@18065/@Panel@14/@Control@40/AnimationTree/@VBoxContainer@12189/@MarginContainer@12196/@AnimationNodeBlendSpace1DEditor@12601/@HBoxContainer@12397/@HBoxContainer@12422/@Button@12428 class=Button variation= type=Button slot=hover_mirrored bg=ff40ffff border=ff40ffff
LEAK control_stylebox bg_source=base border_source=base path=/root/@EditorNode@18065/@Panel@14/@Control@40/AnimationTree/@VBoxContainer@12189/@MarginContainer@12196/@AnimationNodeBlendSpace1DEditor@12601/@HBoxContainer@12397/@HBoxContainer@12422/@Button@12428 class=Button variation= type=Button slot=hover_pressed_mirrored bg=ff40ffff border=ff40ffff
LEAK control_stylebox bg_source=base border_source=base path=/root/@EditorNode@18065/@Panel@14/@Control@40/AnimationTree/@VBoxContainer@12189/@MarginContainer@12196/@AnimationNodeBlendSpace1DEditor@12601/@HBoxContainer@12397/@HBoxContainer@12422/@Button@12428 class=Button variation= type=Button slot=normal_mirrored bg=ff26ffff border=ff40ffff
LEAK control_stylebox bg_source=base border_source=base path=/root/@EditorNode@18065/@Panel@14/@Control@40/AnimationTree/@VBoxContainer@12189/@MarginContainer@12196/@AnimationNodeBlendSpace1DEditor@12601/@HBoxContainer@12397/@HBoxContainer@12422/@Button@12428 class=Button variation= type=Button slot=pressed_mirrored bg=ff40ffff border=ff40ffff
LEAK control_stylebox bg_source=base border_source=base path=/root/@EditorNode@18065/@Panel@14/@Control@40/AnimationTree/@VBoxContainer@12189/@MarginContainer@12196/@AnimationNodeBlendSpace1DEditor@12601/@HBoxContainer@12397/@HBoxContainer@12422/@SpinBox@12427 class=SpinBox variation= type=SpinBox slot=down_background_hovered bg=ff40ffff border=ff40ffff
LEAK control_stylebox bg_source=base border_source=base path=/root/@EditorNode@18065/@Panel@14/@Control@40/AnimationTree/@VBoxContainer@12189/@MarginContainer@12196/@AnimationNodeBlendSpace1DEditor@12601/@HBoxContainer@12397/@HBoxContainer@12422/@SpinBox@12427 class=SpinBox variation= type=SpinBox slot=down_background_pressed bg=ff40ffff border=ff40ffff
LEAK control_stylebox bg_source=base border_source=base path=/root/@EditorNode@18065/@Panel@14/@Control@40/AnimationTree/@VBoxContainer@12189/@MarginContainer@12196/@AnimationNodeBlendSpace1DEditor@12601/@HBoxContainer@12397/@HBoxContainer@12422/@SpinBox@12427 class=SpinBox variation= type=SpinBox slot=up_background_hovered bg=ff40ffff border=ff40ffff
LEAK control_stylebox bg_source=base border_source=base path=/root/@EditorNode@18065/@Panel@14/@Control@40/AnimationTree/@VBoxContainer@12189/@MarginContainer@12196/@AnimationNodeBlendSpace1DEditor@12601/@HBoxContainer@12397/@HBoxContainer@12422/@SpinBox@12427 class=SpinBox variation= type=SpinBox slot=up_background_pressed bg=ff40ffff border=ff40ffff
LEAK control_stylebox bg_source=base border_source=base path=/root/@EditorNode@18065/@Panel@14/@Control@40/AnimationTree/@VBoxContainer@12189/@MarginContainer@12196/@AnimationNodeBlendSpace1DEditor@12601/@HBoxContainer@12397/@SpinBox@12407 class=SpinBox variation= type=SpinBox slot=down_background_hovered bg=ff40ffff border=ff40ffff
LEAK control_stylebox bg_source=base border_source=base path=/root/@EditorNode@18065/@Panel@14/@Control@40/AnimationTree/@VBoxContainer@12189/@MarginContainer@12196/@AnimationNodeBlendSpace1DEditor@12601/@HBoxContainer@12397/@SpinBox@12407 class=SpinBox variation= type=SpinBox slot=down_background_pressed bg=ff40ffff border=ff40ffff
LEAK control_stylebox bg_source=base border_source=base path=/root/@EditorNode@18065/@Panel@14/@Control@40/AnimationTree/@VBoxContainer@12189/@MarginContainer@12196/@AnimationNodeBlendSpace1DEditor@12601/@HBoxContainer@12397/@SpinBox@12407 class=SpinBox variation= type=SpinBox slot=up_background_hovered bg=ff40ffff border=ff40ffff
LEAK control_stylebox bg_source=base border_source=base path=/root/@EditorNode@18065/@Panel@14/@Control@40/AnimationTree/@VBoxContainer@12189/@MarginContainer@12196/@AnimationNodeBlendSpace1DEditor@12601/@HBoxContainer@12397/@SpinBox@12407 class=SpinBox variation= type=SpinBox slot=up_background_pressed bg=ff40ffff border=ff40ffff
LEAK control_stylebox bg_source=base border_source=base path=/root/@EditorNode@18065/@Panel@14/@Control@40/AnimationTree/@VBoxContainer@12189/@MarginContainer@12196/@AnimationNodeBlendSpace1DEditor@12601/@VBoxContainer@12429/@HBoxContainer@12432/@SpinBox@12437 class=SpinBox variation= type=SpinBox slot=down_background_hovered bg=ff40ffff border=ff40ffff
LEAK control_stylebox bg_source=base border_source=base path=/root/@EditorNode@18065/@Panel@14/@Control@40/AnimationTree/@VBoxContainer@12189/@MarginContainer@12196/@AnimationNodeBlendSpace1DEditor@12601/@VBoxContainer@12429/@HBoxContainer@12432/@SpinBox@12437 class=SpinBox variation= type=SpinBox slot=down_background_pressed bg=ff40ffff border=ff40ffff
LEAK control_stylebox bg_source=base border_source=base path=/root/@EditorNode@18065/@Panel@14/@Control@40/AnimationTree/@VBoxContainer@12189/@MarginContainer@12196/@AnimationNodeBlendSpace1DEditor@12601/@VBoxContainer@12429/@HBoxContainer@12432/@SpinBox@12437 class=SpinBox variation= type=SpinBox slot=up_background_hovered bg=ff40ffff border=ff40ffff
LEAK control_stylebox bg_source=base border_source=base path=/root/@EditorNode@18065/@Panel@14/@Control@40/AnimationTree/@VBoxContainer@12189/@MarginContainer@12196/@AnimationNodeBlendSpace1DEditor@12601/@VBoxContainer@12429/@HBoxContainer@12432/@SpinBox@12437 class=SpinBox variation= type=SpinBox slot=up_background_pressed bg=ff40ffff border=ff40ffff
LEAK control_stylebox bg_source=base border_source=base path=/root/@EditorNode@18065/@Panel@14/@Control@40/AnimationTree/@VBoxContainer@12189/@MarginContainer@12196/@AnimationNodeBlendSpace1DEditor@12601/@VBoxContainer@12429/@HBoxContainer@12432/@SpinBox@12441 class=SpinBox variation= type=SpinBox slot=down_background_hovered bg=ff40ffff border=ff40ffff
LEAK control_stylebox bg_source=base border_source=base path=/root/@EditorNode@18065/@Panel@14/@Control@40/AnimationTree/@VBoxContainer@12189/@MarginContainer@12196/@AnimationNodeBlendSpace1DEditor@12601/@VBoxContainer@12429/@HBoxContainer@12432/@SpinBox@12441 class=SpinBox variation= type=SpinBox slot=down_background_pressed bg=ff40ffff border=ff40ffff
LEAK control_stylebox bg_source=base border_source=base path=/root/@EditorNode@18065/@Panel@14/@Control@40/AnimationTree/@VBoxContainer@12189/@MarginContainer@12196/@AnimationNodeBlendSpace1DEditor@12601/@VBoxContainer@12429/@HBoxContainer@12432/@SpinBox@12441 class=SpinBox variation= type=SpinBox slot=up_background_hovered bg=ff40ffff border=ff40ffff
LEAK control_stylebox bg_source=base border_source=base path=/root/@EditorNode@18065/@Panel@14/@Control@40/AnimationTree/@VBoxContainer@12189/@MarginContainer@12196/@AnimationNodeBlendSpace1DEditor@12601/@VBoxContainer@12429/@HBoxContainer@12432/@SpinBox@12441 class=SpinBox variation= type=SpinBox slot=up_background_pressed bg=ff40ffff border=ff40ffff
LEAK control_stylebox bg_source=base border_source=base path=/root/@EditorNode@18065/@Panel@14/@Control@40/AnimationTree/@VBoxContainer@12189/@MarginContainer@12196/@AnimationNodeBlendSpace2DEditor@12827/@HBoxContainer@12602/@CheckBox@12621 class=CheckBox variation= type=CheckBox slot=disabled_mirrored bg=ff26ffff border=ff40ffff
LEAK control_stylebox bg_source=base border_source=base path=/root/@EditorNode@18065/@Panel@14/@Control@40/AnimationTree/@VBoxContainer@12189/@MarginContainer@12196/@AnimationNodeBlendSpace2DEditor@12827/@HBoxContainer@12602/@CheckBox@12621 class=CheckBox variation= type=CheckBox slot=hover_mirrored bg=ff26ffff border=ff40ffff
LEAK control_stylebox bg_source=base border_source=base path=/root/@EditorNode@18065/@Panel@14/@Control@40/AnimationTree/@VBoxContainer@12189/@MarginContainer@12196/@AnimationNodeBlendSpace2DEditor@12827/@HBoxContainer@12602/@CheckBox@12621 class=CheckBox variation= type=CheckBox slot=hover_pressed_mirrored bg=ff26ffff border=ff40ffff
LEAK control_stylebox bg_source=base border_source=base path=/root/@EditorNode@18065/@Panel@14/@Control@40/AnimationTree/@VBoxContainer@12189/@MarginContainer@12196/@AnimationNodeBlendSpace2DEditor@12827/@HBoxContainer@12602/@CheckBox@12621 class=CheckBox variation= type=CheckBox slot=normal_mirrored bg=ff26ffff border=ff40ffff
LEAK control_stylebox bg_source=base border_source=base path=/root/@EditorNode@18065/@Panel@14/@Control@40/AnimationTree/@VBoxContainer@12189/@MarginContainer@12196/@AnimationNodeBlendSpace2DEditor@12827/@HBoxContainer@12602/@CheckBox@12621 class=CheckBox variation= type=CheckBox slot=pressed_mirrored bg=ff26ffff border=ff40ffff
LEAK control_stylebox bg_source=base border_source=base path=/root/@EditorNode@18065/@Panel@14/@Control@40/AnimationTree/@VBoxContainer@12189/@MarginContainer@12196/@AnimationNodeBlendSpace2DEditor@12827/@HBoxContainer@12602/@HBoxContainer@12633/@Button@12642 class=Button variation= type=Button slot=disabled_mirrored bg=ff40ffff border=ff40ffff
LEAK control_stylebox bg_source=base border_source=base path=/root/@EditorNode@18065/@Panel@14/@Control@40/AnimationTree/@VBoxContainer@12189/@MarginContainer@12196/@AnimationNodeBlendSpace2DEditor@12827/@HBoxContainer@12602/@HBoxContainer@12633/@Button@12642 class=Button variation= type=Button slot=hover_mirrored bg=ff40ffff border=ff40ffff
LEAK control_stylebox bg_source=base border_source=base path=/root/@EditorNode@18065/@Panel@14/@Control@40/AnimationTree/@VBoxContainer@12189/@MarginContainer@12196/@AnimationNodeBlendSpace2DEditor@12827/@HBoxContainer@12602/@HBoxContainer@12633/@Button@12642 class=Button variation= type=Button slot=hover_pressed_mirrored bg=ff40ffff border=ff40ffff
LEAK control_stylebox bg_source=base border_source=base path=/root/@EditorNode@18065/@Panel@14/@Control@40/AnimationTree/@VBoxContainer@12189/@MarginContainer@12196/@AnimationNodeBlendSpace2DEditor@12827/@HBoxContainer@12602/@HBoxContainer@12633/@Button@12642 class=Button variation= type=Button slot=normal_mirrored bg=ff26ffff border=ff40ffff
LEAK control_stylebox bg_source=base border_source=base path=/root/@EditorNode@18065/@Panel@14/@Control@40/AnimationTree/@VBoxContainer@12189/@MarginContainer@12196/@AnimationNodeBlendSpace2DEditor@12827/@HBoxContainer@12602/@HBoxContainer@12633/@Button@12642 class=Button variation= type=Button slot=pressed_mirrored bg=ff40ffff border=ff40ffff
LEAK control_stylebox bg_source=base border_source=base path=/root/@EditorNode@18065/@Panel@14/@Control@40/AnimationTree/@VBoxContainer@12189/@MarginContainer@12196/@AnimationNodeBlendSpace2DEditor@12827/@HBoxContainer@12602/@HBoxContainer@12633/@SpinBox@12638 class=SpinBox variation= type=SpinBox slot=down_background_hovered bg=ff40ffff border=ff40ffff
LEAK control_stylebox bg_source=base border_source=base path=/root/@EditorNode@18065/@Panel@14/@Control@40/AnimationTree/@VBoxContainer@12189/@MarginContainer@12196/@AnimationNodeBlendSpace2DEditor@12827/@HBoxContainer@12602/@HBoxContainer@12633/@SpinBox@12638 class=SpinBox variation= type=SpinBox slot=down_background_pressed bg=ff40ffff border=ff40ffff
LEAK control_stylebox bg_source=base border_source=base path=/root/@EditorNode@18065/@Panel@14/@Control@40/AnimationTree/@VBoxContainer@12189/@MarginContainer@12196/@AnimationNodeBlendSpace2DEditor@12827/@HBoxContainer@12602/@HBoxContainer@12633/@SpinBox@12638 class=SpinBox variation= type=SpinBox slot=up_background_hovered bg=ff40ffff border=ff40ffff
LEAK control_stylebox bg_source=base border_source=base path=/root/@EditorNode@18065/@Panel@14/@Control@40/AnimationTree/@VBoxContainer@12189/@MarginContainer@12196/@AnimationNodeBlendSpace2DEditor@12827/@HBoxContainer@12602/@HBoxContainer@12633/@SpinBox@12638 class=SpinBox variation= type=SpinBox slot=up_background_pressed bg=ff40ffff border=ff40ffff
LEAK control_stylebox bg_source=base border_source=base path=/root/@EditorNode@18065/@Panel@14/@Control@40/AnimationTree/@VBoxContainer@12189/@MarginContainer@12196/@AnimationNodeBlendSpace2DEditor@12827/@HBoxContainer@12602/@HBoxContainer@12633/@SpinBox@12641 class=SpinBox variation= type=SpinBox slot=down_background_hovered bg=ff40ffff border=ff40ffff
LEAK control_stylebox bg_source=base border_source=base path=/root/@EditorNode@18065/@Panel@14/@Control@40/AnimationTree/@VBoxContainer@12189/@MarginContainer@12196/@AnimationNodeBlendSpace2DEditor@12827/@HBoxContainer@12602/@HBoxContainer@12633/@SpinBox@12641 class=SpinBox variation= type=SpinBox slot=down_background_pressed bg=ff40ffff border=ff40ffff
LEAK control_stylebox bg_source=base border_source=base path=/root/@EditorNode@18065/@Panel@14/@Control@40/AnimationTree/@VBoxContainer@12189/@MarginContainer@12196/@AnimationNodeBlendSpace2DEditor@12827/@HBoxContainer@12602/@HBoxContainer@12633/@SpinBox@12641 class=SpinBox variation= type=SpinBox slot=up_background_hovered bg=ff40ffff border=ff40ffff
LEAK control_stylebox bg_source=base border_source=base path=/root/@EditorNode@18065/@Panel@14/@Control@40/AnimationTree/@VBoxContainer@12189/@MarginContainer@12196/@AnimationNodeBlendSpace2DEditor@12827/@HBoxContainer@12602/@HBoxContainer@12633/@SpinBox@12641 class=SpinBox variation= type=SpinBox slot=up_background_pressed bg=ff40ffff border=ff40ffff
LEAK control_stylebox bg_source=base border_source=base path=/root/@EditorNode@18065/@Panel@14/@Control@40/AnimationTree/@VBoxContainer@12189/@MarginContainer@12196/@AnimationNodeBlendSpace2DEditor@12827/@HBoxContainer@12602/@SpinBox@12615 class=SpinBox variation= type=SpinBox slot=down_background_hovered bg=ff40ffff border=ff40ffff
LEAK control_stylebox bg_source=base border_source=base path=/root/@EditorNode@18065/@Panel@14/@Control@40/AnimationTree/@VBoxContainer@12189/@MarginContainer@12196/@AnimationNodeBlendSpace2DEditor@12827/@HBoxContainer@12602/@SpinBox@12615 class=SpinBox variation= type=SpinBox slot=down_background_pressed bg=ff40ffff border=ff40ffff
LEAK control_stylebox bg_source=base border_source=base path=/root/@EditorNode@18065/@Panel@14/@Control@40/AnimationTree/@VBoxContainer@12189/@MarginContainer@12196/@AnimationNodeBlendSpace2DEditor@12827/@HBoxContainer@12602/@SpinBox@12615 class=SpinBox variation= type=SpinBox slot=up_background_hovered bg=ff40ffff border=ff40ffff
LEAK control_stylebox bg_source=base border_source=base path=/root/@EditorNode@18065/@Panel@14/@Control@40/AnimationTree/@VBoxContainer@12189/@MarginContainer@12196/@AnimationNodeBlendSpace2DEditor@12827/@HBoxContainer@12602/@SpinBox@12615 class=SpinBox variation= type=SpinBox slot=up_background_pressed bg=ff40ffff border=ff40ffff
LEAK control_stylebox bg_source=base border_source=base path=/root/@EditorNode@18065/@Panel@14/@Control@40/AnimationTree/@VBoxContainer@12189/@MarginContainer@12196/@AnimationNodeBlendSpace2DEditor@12827/@HBoxContainer@12602/@SpinBox@12618 class=SpinBox variation= type=SpinBox slot=down_background_hovered bg=ff40ffff border=ff40ffff
LEAK control_stylebox bg_source=base border_source=base path=/root/@EditorNode@18065/@Panel@14/@Control@40/AnimationTree/@VBoxContainer@12189/@MarginContainer@12196/@AnimationNodeBlendSpace2DEditor@12827/@HBoxContainer@12602/@SpinBox@12618 class=SpinBox variation= type=SpinBox slot=down_background_pressed bg=ff40ffff border=ff40ffff
LEAK control_stylebox bg_source=base border_source=base path=/root/@EditorNode@18065/@Panel@14/@Control@40/AnimationTree/@VBoxContainer@12189/@MarginContainer@12196/@AnimationNodeBlendSpace2DEditor@12827/@HBoxContainer@12602/@SpinBox@12618 class=SpinBox variation= type=SpinBox slot=up_background_hovered bg=ff40ffff border=ff40ffff
LEAK control_stylebox bg_source=base border_source=base path=/root/@EditorNode@18065/@Panel@14/@Control@40/AnimationTree/@VBoxContainer@12189/@MarginContainer@12196/@AnimationNodeBlendSpace2DEditor@12827/@HBoxContainer@12602/@SpinBox@12618 class=SpinBox variation= type=SpinBox slot=up_background_pressed bg=ff40ffff border=ff40ffff
LEAK control_stylebox bg_source=base border_source=base path=/root/@EditorNode@18065/@Panel@14/@Control@40/AnimationTree/@VBoxContainer@12189/@MarginContainer@12196/@AnimationNodeBlendSpace2DEditor@12827/@HBoxContainer@12643/@GridContainer@12644/@HBoxContainer@12658/@SpinBox@12661 class=SpinBox variation= type=SpinBox slot=down_background_hovered bg=ff40ffff border=ff40ffff
LEAK control_stylebox bg_source=base border_source=base path=/root/@EditorNode@18065/@Panel@14/@Control@40/AnimationTree/@VBoxContainer@12189/@MarginContainer@12196/@AnimationNodeBlendSpace2DEditor@12827/@HBoxContainer@12643/@GridContainer@12644/@HBoxContainer@12658/@SpinBox@12661 class=SpinBox variation= type=SpinBox slot=down_background_pressed bg=ff40ffff border=ff40ffff
LEAK control_stylebox bg_source=base border_source=base path=/root/@EditorNode@18065/@Panel@14/@Control@40/AnimationTree/@VBoxContainer@12189/@MarginContainer@12196/@AnimationNodeBlendSpace2DEditor@12827/@HBoxContainer@12643/@GridContainer@12644/@HBoxContainer@12658/@SpinBox@12661 class=SpinBox variation= type=SpinBox slot=up_background_hovered bg=ff40ffff border=ff40ffff
LEAK control_stylebox bg_source=base border_source=base path=/root/@EditorNode@18065/@Panel@14/@Control@40/AnimationTree/@VBoxContainer@12189/@MarginContainer@12196/@AnimationNodeBlendSpace2DEditor@12827/@HBoxContainer@12643/@GridContainer@12644/@HBoxContainer@12658/@SpinBox@12661 class=SpinBox variation= type=SpinBox slot=up_background_pressed bg=ff40ffff border=ff40ffff
LEAK control_stylebox bg_source=base border_source=base path=/root/@EditorNode@18065/@Panel@14/@Control@40/AnimationTree/@VBoxContainer@12189/@MarginContainer@12196/@AnimationNodeBlendSpace2DEditor@12827/@HBoxContainer@12643/@GridContainer@12644/@HBoxContainer@12658/@SpinBox@12667 class=SpinBox variation= type=SpinBox slot=down_background_hovered bg=ff40ffff border=ff40ffff
LEAK control_stylebox bg_source=base border_source=base path=/root/@EditorNode@18065/@Panel@14/@Control@40/AnimationTree/@VBoxContainer@12189/@MarginContainer@12196/@AnimationNodeBlendSpace2DEditor@12827/@HBoxContainer@12643/@GridContainer@12644/@HBoxContainer@12658/@SpinBox@12667 class=SpinBox variation= type=SpinBox slot=down_background_pressed bg=ff40ffff border=ff40ffff
LEAK control_stylebox bg_source=base border_source=base path=/root/@EditorNode@18065/@Panel@14/@Control@40/AnimationTree/@VBoxContainer@12189/@MarginContainer@12196/@AnimationNodeBlendSpace2DEditor@12827/@HBoxContainer@12643/@GridContainer@12644/@HBoxContainer@12658/@SpinBox@12667 class=SpinBox variation= type=SpinBox slot=up_background_hovered bg=ff40ffff border=ff40ffff
LEAK control_stylebox bg_source=base border_source=base path=/root/@EditorNode@18065/@Panel@14/@Control@40/AnimationTree/@VBoxContainer@12189/@MarginContainer@12196/@AnimationNodeBlendSpace2DEditor@12827/@HBoxContainer@12643/@GridContainer@12644/@HBoxContainer@12658/@SpinBox@12667 class=SpinBox variation= type=SpinBox slot=up_background_pressed bg=ff40ffff border=ff40ffff
LEAK control_stylebox bg_source=base border_source=base path=/root/@EditorNode@18065/@Panel@14/@Control@40/AnimationTree/@VBoxContainer@12189/@MarginContainer@12196/@AnimationNodeBlendSpace2DEditor@12827/@HBoxContainer@12643/@GridContainer@12644/@VBoxContainer@12645/@SpinBox@12648 class=SpinBox variation= type=SpinBox slot=down_background_hovered bg=ff40ffff border=ff40ffff
LEAK control_stylebox bg_source=base border_source=base path=/root/@EditorNode@18065/@Panel@14/@Control@40/AnimationTree/@VBoxContainer@12189/@MarginContainer@12196/@AnimationNodeBlendSpace2DEditor@12827/@HBoxContainer@12643/@GridContainer@12644/@VBoxContainer@12645/@SpinBox@12648 class=SpinBox variation= type=SpinBox slot=down_background_pressed bg=ff40ffff border=ff40ffff
LEAK control_stylebox bg_source=base border_source=base path=/root/@EditorNode@18065/@Panel@14/@Control@40/AnimationTree/@VBoxContainer@12189/@MarginContainer@12196/@AnimationNodeBlendSpace2DEditor@12827/@HBoxContainer@12643/@GridContainer@12644/@VBoxContainer@12645/@SpinBox@12648 class=SpinBox variation= type=SpinBox slot=up_background_hovered bg=ff40ffff border=ff40ffff
LEAK control_stylebox bg_source=base border_source=base path=/root/@EditorNode@18065/@Panel@14/@Control@40/AnimationTree/@VBoxContainer@12189/@MarginContainer@12196/@AnimationNodeBlendSpace2DEditor@12827/@HBoxContainer@12643/@GridContainer@12644/@VBoxContainer@12645/@SpinBox@12648 class=SpinBox variation= type=SpinBox slot=up_background_pressed bg=ff40ffff border=ff40ffff
LEAK control_stylebox bg_source=base border_source=base path=/root/@EditorNode@18065/@Panel@14/@Control@40/AnimationTree/@VBoxContainer@12189/@MarginContainer@12196/@AnimationNodeBlendSpace2DEditor@12827/@HBoxContainer@12643/@GridContainer@12644/@VBoxContainer@12645/@SpinBox@12654 class=SpinBox variation= type=SpinBox slot=down_background_hovered bg=ff40ffff border=ff40ffff
LEAK control_stylebox bg_source=base border_source=base path=/root/@EditorNode@18065/@Panel@14/@Control@40/AnimationTree/@VBoxContainer@12189/@MarginContainer@12196/@AnimationNodeBlendSpace2DEditor@12827/@HBoxContainer@12643/@GridContainer@12644/@VBoxContainer@12645/@SpinBox@12654 class=SpinBox variation= type=SpinBox slot=down_background_pressed bg=ff40ffff border=ff40ffff
LEAK control_stylebox bg_source=base border_source=base path=/root/@EditorNode@18065/@Panel@14/@Control@40/AnimationTree/@VBoxContainer@12189/@MarginContainer@12196/@AnimationNodeBlendSpace2DEditor@12827/@HBoxContainer@12643/@GridContainer@12644/@VBoxContainer@12645/@SpinBox@12654 class=SpinBox variation= type=SpinBox slot=up_background_hovered bg=ff40ffff border=ff40ffff
LEAK control_stylebox bg_source=base border_source=base path=/root/@EditorNode@18065/@Panel@14/@Control@40/AnimationTree/@VBoxContainer@12189/@MarginContainer@12196/@AnimationNodeBlendSpace2DEditor@12827/@HBoxContainer@12643/@GridContainer@12644/@VBoxContainer@12645/@SpinBox@12654 class=SpinBox variation= type=SpinBox slot=up_background_pressed bg=ff40ffff border=ff40ffff
LEAK control_stylebox bg_source=base border_source=base path=/root/@EditorNode@18065/@Panel@14/@Control@40/Polygon/@VBoxContainer@16672/@HBoxContainer@16678/@Button@16673 class=Button variation= type=Button slot=disabled_mirrored bg=ff40ffff border=ff40ffff
LEAK control_stylebox bg_source=base border_source=base path=/root/@EditorNode@18065/@Panel@14/@Control@40/Polygon/@VBoxContainer@16672/@HBoxContainer@16678/@Button@16673 class=Button variation= type=Button slot=hover_mirrored bg=ff40ffff border=ff40ffff
LEAK control_stylebox bg_source=base border_source=base path=/root/@EditorNode@18065/@Panel@14/@Control@40/Polygon/@VBoxContainer@16672/@HBoxContainer@16678/@Button@16673 class=Button variation= type=Button slot=hover_pressed_mirrored bg=ff40ffff border=ff40ffff
LEAK control_stylebox bg_source=base border_source=base path=/root/@EditorNode@18065/@Panel@14/@Control@40/Polygon/@VBoxContainer@16672/@HBoxContainer@16678/@Button@16673 class=Button variation= type=Button slot=normal_mirrored bg=ff26ffff border=ff40ffff
LEAK control_stylebox bg_source=base border_source=base path=/root/@EditorNode@18065/@Panel@14/@Control@40/Polygon/@VBoxContainer@16672/@HBoxContainer@16678/@Button@16673 class=Button variation= type=Button slot=pressed_mirrored bg=ff40ffff border=ff40ffff
LEAK control_stylebox bg_source=base border_source=base path=/root/@EditorNode@18065/@Panel@14/@Control@40/Polygon/@VBoxContainer@16672/@HBoxContainer@16678/@Button@16674 class=Button variation= type=Button slot=disabled_mirrored bg=ff40ffff border=ff40ffff
LEAK control_stylebox bg_source=base border_source=base path=/root/@EditorNode@18065/@Panel@14/@Control@40/Polygon/@VBoxContainer@16672/@HBoxContainer@16678/@Button@16674 class=Button variation= type=Button slot=hover_mirrored bg=ff40ffff border=ff40ffff
LEAK control_stylebox bg_source=base border_source=base path=/root/@EditorNode@18065/@Panel@14/@Control@40/Polygon/@VBoxContainer@16672/@HBoxContainer@16678/@Button@16674 class=Button variation= type=Button slot=hover_pressed_mirrored bg=ff40ffff border=ff40ffff
LEAK control_stylebox bg_source=base border_source=base path=/root/@EditorNode@18065/@Panel@14/@Control@40/Polygon/@VBoxContainer@16672/@HBoxContainer@16678/@Button@16674 class=Button variation= type=Button slot=normal_mirrored bg=ff26ffff border=ff40ffff
LEAK control_stylebox bg_source=base border_source=base path=/root/@EditorNode@18065/@Panel@14/@Control@40/Polygon/@VBoxContainer@16672/@HBoxContainer@16678/@Button@16674 class=Button variation= type=Button slot=pressed_mirrored bg=ff40ffff border=ff40ffff
LEAK control_stylebox bg_source=base border_source=base path=/root/@EditorNode@18065/@Panel@14/@Control@40/Polygon/@VBoxContainer@16672/@HBoxContainer@16678/@Button@16675 class=Button variation= type=Button slot=disabled_mirrored bg=ff40ffff border=ff40ffff
LEAK control_stylebox bg_source=base border_source=base path=/root/@EditorNode@18065/@Panel@14/@Control@40/Polygon/@VBoxContainer@16672/@HBoxContainer@16678/@Button@16675 class=Button variation= type=Button slot=hover_mirrored bg=ff40ffff border=ff40ffff
LEAK control_stylebox bg_source=base border_source=base path=/root/@EditorNode@18065/@Panel@14/@Control@40/Polygon/@VBoxContainer@16672/@HBoxContainer@16678/@Button@16675 class=Button variation= type=Button slot=hover_pressed_mirrored bg=ff40ffff border=ff40ffff
LEAK control_stylebox bg_source=base border_source=base path=/root/@EditorNode@18065/@Panel@14/@Control@40/Polygon/@VBoxContainer@16672/@HBoxContainer@16678/@Button@16675 class=Button variation= type=Button slot=normal_mirrored bg=ff26ffff border=ff40ffff
LEAK control_stylebox bg_source=base border_source=base path=/root/@EditorNode@18065/@Panel@14/@Control@40/Polygon/@VBoxContainer@16672/@HBoxContainer@16678/@Button@16675 class=Button variation= type=Button slot=pressed_mirrored bg=ff40ffff border=ff40ffff
LEAK control_stylebox bg_source=base border_source=base path=/root/@EditorNode@18065/@Panel@14/@Control@40/Polygon/@VBoxContainer@16672/@HBoxContainer@16678/@Button@16676 class=Button variation= type=Button slot=disabled_mirrored bg=ff40ffff border=ff40ffff
LEAK control_stylebox bg_source=base border_source=base path=/root/@EditorNode@18065/@Panel@14/@Control@40/Polygon/@VBoxContainer@16672/@HBoxContainer@16678/@Button@16676 class=Button variation= type=Button slot=hover_mirrored bg=ff40ffff border=ff40ffff
LEAK control_stylebox bg_source=base border_source=base path=/root/@EditorNode@18065/@Panel@14/@Control@40/Polygon/@VBoxContainer@16672/@HBoxContainer@16678/@Button@16676 class=Button variation= type=Button slot=hover_pressed_mirrored bg=ff40ffff border=ff40ffff
LEAK control_stylebox bg_source=base border_source=base path=/root/@EditorNode@18065/@Panel@14/@Control@40/Polygon/@VBoxContainer@16672/@HBoxContainer@16678/@Button@16676 class=Button variation= type=Button slot=normal_mirrored bg=ff26ffff border=ff40ffff
LEAK control_stylebox bg_source=base border_source=base path=/root/@EditorNode@18065/@Panel@14/@Control@40/Polygon/@VBoxContainer@16672/@HBoxContainer@16678/@Button@16676 class=Button variation= type=Button slot=pressed_mirrored bg=ff40ffff border=ff40ffff
LEAK control_stylebox bg_source=base border_source=base path=/root/@EditorNode@18065/@Panel@14/@Control@40/Polygon/@VBoxContainer@16672/@HBoxContainer@16678/@SpinBox@16694 class=SpinBox variation= type=SpinBox slot=down_background_hovered bg=ff40ffff border=ff40ffff
LEAK control_stylebox bg_source=base border_source=base path=/root/@EditorNode@18065/@Panel@14/@Control@40/Polygon/@VBoxContainer@16672/@HBoxContainer@16678/@SpinBox@16694 class=SpinBox variation= type=SpinBox slot=down_background_pressed bg=ff40ffff border=ff40ffff
LEAK control_stylebox bg_source=base border_source=base path=/root/@EditorNode@18065/@Panel@14/@Control@40/Polygon/@VBoxContainer@16672/@HBoxContainer@16678/@SpinBox@16694 class=SpinBox variation= type=SpinBox slot=up_background_hovered bg=ff40ffff border=ff40ffff
LEAK control_stylebox bg_source=base border_source=base path=/root/@EditorNode@18065/@Panel@14/@Control@40/Polygon/@VBoxContainer@16672/@HBoxContainer@16678/@SpinBox@16694 class=SpinBox variation= type=SpinBox slot=up_background_pressed bg=ff40ffff border=ff40ffff
LEAK control_stylebox bg_source=base border_source=base path=/root/@EditorNode@18065/@Panel@14/@Control@40/Polygon/@VBoxContainer@16672/@HSplitContainer@16696/@Panel@16697/@Control@16699/@EditorZoomWidget@16740/@Button@16737 class=Button variation= type=Button slot=disabled_mirrored bg=ff40ffff border=ff40ffff
LEAK control_stylebox bg_source=base border_source=base path=/root/@EditorNode@18065/@Panel@14/@Control@40/Polygon/@VBoxContainer@16672/@HSplitContainer@16696/@Panel@16697/@Control@16699/@EditorZoomWidget@16740/@Button@16737 class=Button variation= type=Button slot=hover_mirrored bg=ff40ffff border=ff40ffff
LEAK control_stylebox bg_source=base border_source=base path=/root/@EditorNode@18065/@Panel@14/@Control@40/Polygon/@VBoxContainer@16672/@HSplitContainer@16696/@Panel@16697/@Control@16699/@EditorZoomWidget@16740/@Button@16737 class=Button variation= type=Button slot=hover_pressed_mirrored bg=ff40ffff border=ff40ffff
LEAK control_stylebox bg_source=base border_source=base path=/root/@EditorNode@18065/@Panel@14/@Control@40/Polygon/@VBoxContainer@16672/@HSplitContainer@16696/@Panel@16697/@Control@16699/@EditorZoomWidget@16740/@Button@16737 class=Button variation= type=Button slot=normal_mirrored bg=ff26ffff border=ff40ffff
LEAK control_stylebox bg_source=base border_source=base path=/root/@EditorNode@18065/@Panel@14/@Control@40/Polygon/@VBoxContainer@16672/@HSplitContainer@16696/@Panel@16697/@Control@16699/@EditorZoomWidget@16740/@Button@16737 class=Button variation= type=Button slot=pressed_mirrored bg=ff40ffff border=ff40ffff
LEAK control_stylebox bg_source=base border_source=base path=/root/@EditorNode@18065/@Panel@14/@Control@40/Polygon/@VBoxContainer@16672/@HSplitContainer@16696/@Panel@16697/@Control@16699/@EditorZoomWidget@16740/@Button@16738 class=Button variation= type=Button slot=disabled_mirrored bg=ff40ffff border=ff40ffff
LEAK control_stylebox bg_source=base border_source=base path=/root/@EditorNode@18065/@Panel@14/@Control@40/Polygon/@VBoxContainer@16672/@HSplitContainer@16696/@Panel@16697/@Control@16699/@EditorZoomWidget@16740/@Button@16738 class=Button variation= type=Button slot=hover_mirrored bg=ff40ffff border=ff40ffff
LEAK control_stylebox bg_source=base border_source=base path=/root/@EditorNode@18065/@Panel@14/@Control@40/Polygon/@VBoxContainer@16672/@HSplitContainer@16696/@Panel@16697/@Control@16699/@EditorZoomWidget@16740/@Button@16738 class=Button variation= type=Button slot=hover_pressed_mirrored bg=ff40ffff border=ff40ffff
LEAK control_stylebox bg_source=base border_source=base path=/root/@EditorNode@18065/@Panel@14/@Control@40/Polygon/@VBoxContainer@16672/@HSplitContainer@16696/@Panel@16697/@Control@16699/@EditorZoomWidget@16740/@Button@16738 class=Button variation= type=Button slot=normal_mirrored bg=ff26ffff border=ff40ffff
LEAK control_stylebox bg_source=base border_source=base path=/root/@EditorNode@18065/@Panel@14/@Control@40/Polygon/@VBoxContainer@16672/@HSplitContainer@16696/@Panel@16697/@Control@16699/@EditorZoomWidget@16740/@Button@16738 class=Button variation= type=Button slot=pressed_mirrored bg=ff40ffff border=ff40ffff
LEAK control_stylebox bg_source=base border_source=base path=/root/@EditorNode@18065/@Panel@14/@Control@40/Polygon/@VBoxContainer@16672/@HSplitContainer@16696/@Panel@16697/@Control@16699/@EditorZoomWidget@16740/@Button@16739 class=Button variation= type=Button slot=disabled_mirrored bg=ff40ffff border=ff40ffff
LEAK control_stylebox bg_source=base border_source=base path=/root/@EditorNode@18065/@Panel@14/@Control@40/Polygon/@VBoxContainer@16672/@HSplitContainer@16696/@Panel@16697/@Control@16699/@EditorZoomWidget@16740/@Button@16739 class=Button variation= type=Button slot=hover_mirrored bg=ff40ffff border=ff40ffff
LEAK control_stylebox bg_source=base border_source=base path=/root/@EditorNode@18065/@Panel@14/@Control@40/Polygon/@VBoxContainer@16672/@HSplitContainer@16696/@Panel@16697/@Control@16699/@EditorZoomWidget@16740/@Button@16739 class=Button variation= type=Button slot=hover_pressed_mirrored bg=ff40ffff border=ff40ffff
LEAK control_stylebox bg_source=base border_source=base path=/root/@EditorNode@18065/@Panel@14/@Control@40/Polygon/@VBoxContainer@16672/@HSplitContainer@16696/@Panel@16697/@Control@16699/@EditorZoomWidget@16740/@Button@16739 class=Button variation= type=Button slot=normal_mirrored bg=ff26ffff border=ff40ffff
LEAK control_stylebox bg_source=base border_source=base path=/root/@EditorNode@18065/@Panel@14/@Control@40/Polygon/@VBoxContainer@16672/@HSplitContainer@16696/@Panel@16697/@Control@16699/@EditorZoomWidget@16740/@Button@16739 class=Button variation= type=Button slot=pressed_mirrored bg=ff40ffff border=ff40ffff
LEAK control_stylebox bg_source=base border_source=base path=/root/@EditorNode@18065/@Panel@14/@Control@40/Polygon/@VBoxContainer@16672/@HSplitContainer@16696/@VBoxContainer@16744/@Button@16743 class=Button variation= type=Button slot=disabled_mirrored bg=ff40ffff border=ff40ffff
LEAK control_stylebox bg_source=base border_source=base path=/root/@EditorNode@18065/@Panel@14/@Control@40/Polygon/@VBoxContainer@16672/@HSplitContainer@16696/@VBoxContainer@16744/@Button@16743 class=Button variation= type=Button slot=hover_mirrored bg=ff40ffff border=ff40ffff
LEAK control_stylebox bg_source=base border_source=base path=/root/@EditorNode@18065/@Panel@14/@Control@40/Polygon/@VBoxContainer@16672/@HSplitContainer@16696/@VBoxContainer@16744/@Button@16743 class=Button variation= type=Button slot=hover_pressed_mirrored bg=ff40ffff border=ff40ffff
LEAK control_stylebox bg_source=base border_source=base path=/root/@EditorNode@18065/@Panel@14/@Control@40/Polygon/@VBoxContainer@16672/@HSplitContainer@16696/@VBoxContainer@16744/@Button@16743 class=Button variation= type=Button slot=normal_mirrored bg=ff26ffff border=ff40ffff
LEAK control_stylebox bg_source=base border_source=base path=/root/@EditorNode@18065/@Panel@14/@Control@40/Polygon/@VBoxContainer@16672/@HSplitContainer@16696/@VBoxContainer@16744/@Button@16743 class=Button variation= type=Button slot=pressed_mirrored bg=ff40ffff border=ff40ffff
LEAK control_stylebox bg_source=base border_source=base path=/root/@EditorNode@18065/@Panel@14/@Control@40/ResourcePreloader/@VBoxContainer@14215/@HBoxContainer@14216/@Button@14217 class=Button variation= type=Button slot=disabled_mirrored bg=ff40ffff border=ff40ffff
LEAK control_stylebox bg_source=base border_source=base path=/root/@EditorNode@18065/@Panel@14/@Control@40/ResourcePreloader/@VBoxContainer@14215/@HBoxContainer@14216/@Button@14217 class=Button variation= type=Button slot=hover_mirrored bg=ff40ffff border=ff40ffff
LEAK control_stylebox bg_source=base border_source=base path=/root/@EditorNode@18065/@Panel@14/@Control@40/ResourcePreloader/@VBoxContainer@14215/@HBoxContainer@14216/@Button@14217 class=Button variation= type=Button slot=hover_pressed_mirrored bg=ff40ffff border=ff40ffff
LEAK control_stylebox bg_source=base border_source=base path=/root/@EditorNode@18065/@Panel@14/@Control@40/ResourcePreloader/@VBoxContainer@14215/@HBoxContainer@14216/@Button@14217 class=Button variation= type=Button slot=normal_mirrored bg=ff26ffff border=ff40ffff
LEAK control_stylebox bg_source=base border_source=base path=/root/@EditorNode@18065/@Panel@14/@Control@40/ResourcePreloader/@VBoxContainer@14215/@HBoxContainer@14216/@Button@14217 class=Button variation= type=Button slot=pressed_mirrored bg=ff40ffff border=ff40ffff
LEAK control_stylebox bg_source=base border_source=base path=/root/@EditorNode@18065/@Panel@14/@Control@40/ResourcePreloader/@VBoxContainer@14215/@HBoxContainer@14216/@Button@14218 class=Button variation= type=Button slot=disabled_mirrored bg=ff40ffff border=ff40ffff
LEAK control_stylebox bg_source=base border_source=base path=/root/@EditorNode@18065/@Panel@14/@Control@40/ResourcePreloader/@VBoxContainer@14215/@HBoxContainer@14216/@Button@14218 class=Button variation= type=Button slot=hover_mirrored bg=ff40ffff border=ff40ffff
LEAK control_stylebox bg_source=base border_source=base path=/root/@EditorNode@18065/@Panel@14/@Control@40/ResourcePreloader/@VBoxContainer@14215/@HBoxContainer@14216/@Button@14218 class=Button variation= type=Button slot=hover_pressed_mirrored bg=ff40ffff border=ff40ffff
LEAK control_stylebox bg_source=base border_source=base path=/root/@EditorNode@18065/@Panel@14/@Control@40/ResourcePreloader/@VBoxContainer@14215/@HBoxContainer@14216/@Button@14218 class=Button variation= type=Button slot=normal_mirrored bg=ff26ffff border=ff40ffff
LEAK control_stylebox bg_source=base border_source=base path=/root/@EditorNode@18065/@Panel@14/@Control@40/ResourcePreloader/@VBoxContainer@14215/@HBoxContainer@14216/@Button@14218 class=Button variation= type=Button slot=pressed_mirrored bg=ff40ffff border=ff40ffff
LEAK control_stylebox bg_source=base border_source=base path=/root/@EditorNode@18065/@Panel@14/@Control@40/ShaderFile/@HSplitContainer@14611/@VBoxContainer@14615/@HFlowContainer@14616/@Button@14617 class=Button variation= type=Button slot=disabled_mirrored bg=ff40ffff border=ff40ffff
LEAK control_stylebox bg_source=base border_source=base path=/root/@EditorNode@18065/@Panel@14/@Control@40/ShaderFile/@HSplitContainer@14611/@VBoxContainer@14615/@HFlowContainer@14616/@Button@14617 class=Button variation= type=Button slot=hover_mirrored bg=ff40ffff border=ff40ffff
LEAK control_stylebox bg_source=base border_source=base path=/root/@EditorNode@18065/@Panel@14/@Control@40/ShaderFile/@HSplitContainer@14611/@VBoxContainer@14615/@HFlowContainer@14616/@Button@14617 class=Button variation= type=Button slot=hover_pressed_mirrored bg=ff40ffff border=ff40ffff
LEAK control_stylebox bg_source=base border_source=base path=/root/@EditorNode@18065/@Panel@14/@Control@40/ShaderFile/@HSplitContainer@14611/@VBoxContainer@14615/@HFlowContainer@14616/@Button@14617 class=Button variation= type=Button slot=normal_mirrored bg=ff26ffff border=ff40ffff
LEAK control_stylebox bg_source=base border_source=base path=/root/@EditorNode@18065/@Panel@14/@Control@40/ShaderFile/@HSplitContainer@14611/@VBoxContainer@14615/@HFlowContainer@14616/@Button@14617 class=Button variation= type=Button slot=pressed_mirrored bg=ff40ffff border=ff40ffff
LEAK control_stylebox bg_source=base border_source=base path=/root/@EditorNode@18065/@Panel@14/@Control@40/ShaderFile/@HSplitContainer@14611/@VBoxContainer@14615/@HFlowContainer@14616/@Button@14618 class=Button variation= type=Button slot=disabled_mirrored bg=ff40ffff border=ff40ffff
LEAK control_stylebox bg_source=base border_source=base path=/root/@EditorNode@18065/@Panel@14/@Control@40/ShaderFile/@HSplitContainer@14611/@VBoxContainer@14615/@HFlowContainer@14616/@Button@14618 class=Button variation= type=Button slot=hover_mirrored bg=ff40ffff border=ff40ffff
LEAK control_stylebox bg_source=base border_source=base path=/root/@EditorNode@18065/@Panel@14/@Control@40/ShaderFile/@HSplitContainer@14611/@VBoxContainer@14615/@HFlowContainer@14616/@Button@14618 class=Button variation= type=Button slot=hover_pressed_mirrored bg=ff40ffff border=ff40ffff
LEAK control_stylebox bg_source=base border_source=base path=/root/@EditorNode@18065/@Panel@14/@Control@40/ShaderFile/@HSplitContainer@14611/@VBoxContainer@14615/@HFlowContainer@14616/@Button@14618 class=Button variation= type=Button slot=normal_mirrored bg=ff26ffff border=ff40ffff
LEAK control_stylebox bg_source=base border_source=base path=/root/@EditorNode@18065/@Panel@14/@Control@40/ShaderFile/@HSplitContainer@14611/@VBoxContainer@14615/@HFlowContainer@14616/@Button@14618 class=Button variation= type=Button slot=pressed_mirrored bg=ff40ffff border=ff40ffff
LEAK control_stylebox bg_source=base border_source=base path=/root/@EditorNode@18065/@Panel@14/@Control@40/ShaderFile/@HSplitContainer@14611/@VBoxContainer@14615/@HFlowContainer@14616/@Button@14619 class=Button variation= type=Button slot=disabled_mirrored bg=ff40ffff border=ff40ffff
LEAK control_stylebox bg_source=base border_source=base path=/root/@EditorNode@18065/@Panel@14/@Control@40/ShaderFile/@HSplitContainer@14611/@VBoxContainer@14615/@HFlowContainer@14616/@Button@14619 class=Button variation= type=Button slot=hover_mirrored bg=ff40ffff border=ff40ffff
LEAK control_stylebox bg_source=base border_source=base path=/root/@EditorNode@18065/@Panel@14/@Control@40/ShaderFile/@HSplitContainer@14611/@VBoxContainer@14615/@HFlowContainer@14616/@Button@14619 class=Button variation= type=Button slot=hover_pressed_mirrored bg=ff40ffff border=ff40ffff
LEAK control_stylebox bg_source=base border_source=base path=/root/@EditorNode@18065/@Panel@14/@Control@40/ShaderFile/@HSplitContainer@14611/@VBoxContainer@14615/@HFlowContainer@14616/@Button@14619 class=Button variation= type=Button slot=normal_mirrored bg=ff26ffff border=ff40ffff
LEAK control_stylebox bg_source=base border_source=base path=/root/@EditorNode@18065/@Panel@14/@Control@40/ShaderFile/@HSplitContainer@14611/@VBoxContainer@14615/@HFlowContainer@14616/@Button@14619 class=Button variation= type=Button slot=pressed_mirrored bg=ff40ffff border=ff40ffff
LEAK control_stylebox bg_source=base border_source=base path=/root/@EditorNode@18065/@Panel@14/@Control@40/ShaderFile/@HSplitContainer@14611/@VBoxContainer@14615/@HFlowContainer@14616/@Button@14620 class=Button variation= type=Button slot=disabled_mirrored bg=ff40ffff border=ff40ffff
LEAK control_stylebox bg_source=base border_source=base path=/root/@EditorNode@18065/@Panel@14/@Control@40/ShaderFile/@HSplitContainer@14611/@VBoxContainer@14615/@HFlowContainer@14616/@Button@14620 class=Button variation= type=Button slot=hover_mirrored bg=ff40ffff border=ff40ffff
LEAK control_stylebox bg_source=base border_source=base path=/root/@EditorNode@18065/@Panel@14/@Control@40/ShaderFile/@HSplitContainer@14611/@VBoxContainer@14615/@HFlowContainer@14616/@Button@14620 class=Button variation= type=Button slot=hover_pressed_mirrored bg=ff40ffff border=ff40ffff
LEAK control_stylebox bg_source=base border_source=base path=/root/@EditorNode@18065/@Panel@14/@Control@40/ShaderFile/@HSplitContainer@14611/@VBoxContainer@14615/@HFlowContainer@14616/@Button@14620 class=Button variation= type=Button slot=normal_mirrored bg=ff26ffff border=ff40ffff
LEAK control_stylebox bg_source=base border_source=base path=/root/@EditorNode@18065/@Panel@14/@Control@40/ShaderFile/@HSplitContainer@14611/@VBoxContainer@14615/@HFlowContainer@14616/@Button@14620 class=Button variation= type=Button slot=pressed_mirrored bg=ff40ffff border=ff40ffff
LEAK control_stylebox bg_source=base border_source=base path=/root/@EditorNode@18065/@Panel@14/@Control@40/ShaderFile/@HSplitContainer@14611/@VBoxContainer@14615/@HFlowContainer@14616/@Button@14621 class=Button variation= type=Button slot=disabled_mirrored bg=ff40ffff border=ff40ffff
LEAK control_stylebox bg_source=base border_source=base path=/root/@EditorNode@18065/@Panel@14/@Control@40/ShaderFile/@HSplitContainer@14611/@VBoxContainer@14615/@HFlowContainer@14616/@Button@14621 class=Button variation= type=Button slot=hover_mirrored bg=ff40ffff border=ff40ffff
LEAK control_stylebox bg_source=base border_source=base path=/root/@EditorNode@18065/@Panel@14/@Control@40/ShaderFile/@HSplitContainer@14611/@VBoxContainer@14615/@HFlowContainer@14616/@Button@14621 class=Button variation= type=Button slot=hover_pressed_mirrored bg=ff40ffff border=ff40ffff
LEAK control_stylebox bg_source=base border_source=base path=/root/@EditorNode@18065/@Panel@14/@Control@40/ShaderFile/@HSplitContainer@14611/@VBoxContainer@14615/@HFlowContainer@14616/@Button@14621 class=Button variation= type=Button slot=normal_mirrored bg=ff26ffff border=ff40ffff
LEAK control_stylebox bg_source=base border_source=base path=/root/@EditorNode@18065/@Panel@14/@Control@40/ShaderFile/@HSplitContainer@14611/@VBoxContainer@14615/@HFlowContainer@14616/@Button@14621 class=Button variation= type=Button slot=pressed_mirrored bg=ff40ffff border=ff40ffff
LEAK control_stylebox bg_source=base border_source=base path=/root/@EditorNode@18065/@Panel@14/@Control@40/SpriteFrames/@HSplitContainer@14628/@VBoxContainer@14629/@MarginContainer@14631/VBoxContainer/@HBoxContainer@14632/@SpinBox@14646 class=SpinBox variation= type=SpinBox slot=down_background_hovered bg=ff40ffff border=ff40ffff
LEAK control_stylebox bg_source=base border_source=base path=/root/@EditorNode@18065/@Panel@14/@Control@40/SpriteFrames/@HSplitContainer@14628/@VBoxContainer@14629/@MarginContainer@14631/VBoxContainer/@HBoxContainer@14632/@SpinBox@14646 class=SpinBox variation= type=SpinBox slot=down_background_pressed bg=ff40ffff border=ff40ffff
LEAK control_stylebox bg_source=base border_source=base path=/root/@EditorNode@18065/@Panel@14/@Control@40/SpriteFrames/@HSplitContainer@14628/@VBoxContainer@14629/@MarginContainer@14631/VBoxContainer/@HBoxContainer@14632/@SpinBox@14646 class=SpinBox variation= type=SpinBox slot=up_background_hovered bg=ff40ffff border=ff40ffff
LEAK control_stylebox bg_source=base border_source=base path=/root/@EditorNode@18065/@Panel@14/@Control@40/SpriteFrames/@HSplitContainer@14628/@VBoxContainer@14629/@MarginContainer@14631/VBoxContainer/@HBoxContainer@14632/@SpinBox@14646 class=SpinBox variation= type=SpinBox slot=up_background_pressed bg=ff40ffff border=ff40ffff
LEAK control_stylebox bg_source=base border_source=base path=/root/@EditorNode@18065/@Panel@14/@Control@40/SpriteFrames/@HSplitContainer@14628/@VBoxContainer@14663/@MarginContainer@14665/VBoxContainer/@HFlowContainer@14666/@HBoxContainer@14688/@SpinBox@14692 class=SpinBox variation= type=SpinBox slot=down_background_hovered bg=ff40ffff border=ff40ffff
LEAK control_stylebox bg_source=base border_source=base path=/root/@EditorNode@18065/@Panel@14/@Control@40/SpriteFrames/@HSplitContainer@14628/@VBoxContainer@14663/@MarginContainer@14665/VBoxContainer/@HFlowContainer@14666/@HBoxContainer@14688/@SpinBox@14692 class=SpinBox variation= type=SpinBox slot=down_background_pressed bg=ff40ffff border=ff40ffff
LEAK control_stylebox bg_source=base border_source=base path=/root/@EditorNode@18065/@Panel@14/@Control@40/SpriteFrames/@HSplitContainer@14628/@VBoxContainer@14663/@MarginContainer@14665/VBoxContainer/@HFlowContainer@14666/@HBoxContainer@14688/@SpinBox@14692 class=SpinBox variation= type=SpinBox slot=up_background_hovered bg=ff40ffff border=ff40ffff
LEAK control_stylebox bg_source=base border_source=base path=/root/@EditorNode@18065/@Panel@14/@Control@40/SpriteFrames/@HSplitContainer@14628/@VBoxContainer@14663/@MarginContainer@14665/VBoxContainer/@HFlowContainer@14666/@HBoxContainer@14688/@SpinBox@14692 class=SpinBox variation= type=SpinBox slot=up_background_pressed bg=ff40ffff border=ff40ffff
LEAK control_stylebox bg_source=base border_source=base path=/root/@EditorNode@18065/@Panel@14/@Control@40/SpriteFrames/@HSplitContainer@14628/@VBoxContainer@14663/@MarginContainer@14665/VBoxContainer/@HFlowContainer@14666/@HBoxContainer@14694/@Button@14695 class=Button variation= type=Button slot=disabled_mirrored bg=ff40ffff border=ff40ffff
LEAK control_stylebox bg_source=base border_source=base path=/root/@EditorNode@18065/@Panel@14/@Control@40/SpriteFrames/@HSplitContainer@14628/@VBoxContainer@14663/@MarginContainer@14665/VBoxContainer/@HFlowContainer@14666/@HBoxContainer@14694/@Button@14695 class=Button variation= type=Button slot=hover_mirrored bg=ff40ffff border=ff40ffff
LEAK control_stylebox bg_source=base border_source=base path=/root/@EditorNode@18065/@Panel@14/@Control@40/SpriteFrames/@HSplitContainer@14628/@VBoxContainer@14663/@MarginContainer@14665/VBoxContainer/@HFlowContainer@14666/@HBoxContainer@14694/@Button@14695 class=Button variation= type=Button slot=hover_pressed_mirrored bg=ff40ffff border=ff40ffff
LEAK control_stylebox bg_source=base border_source=base path=/root/@EditorNode@18065/@Panel@14/@Control@40/SpriteFrames/@HSplitContainer@14628/@VBoxContainer@14663/@MarginContainer@14665/VBoxContainer/@HFlowContainer@14666/@HBoxContainer@14694/@Button@14695 class=Button variation= type=Button slot=normal_mirrored bg=ff26ffff border=ff40ffff
LEAK control_stylebox bg_source=base border_source=base path=/root/@EditorNode@18065/@Panel@14/@Control@40/SpriteFrames/@HSplitContainer@14628/@VBoxContainer@14663/@MarginContainer@14665/VBoxContainer/@HFlowContainer@14666/@HBoxContainer@14694/@Button@14695 class=Button variation= type=Button slot=pressed_mirrored bg=ff40ffff border=ff40ffff
LEAK control_stylebox bg_source=base border_source=base path=/root/@EditorNode@18065/@Panel@14/@Control@40/SpriteFrames/@HSplitContainer@14628/@VBoxContainer@14663/@MarginContainer@14665/VBoxContainer/@HFlowContainer@14666/@HBoxContainer@14694/@Button@14696 class=Button variation= type=Button slot=disabled_mirrored bg=ff40ffff border=ff40ffff
LEAK control_stylebox bg_source=base border_source=base path=/root/@EditorNode@18065/@Panel@14/@Control@40/SpriteFrames/@HSplitContainer@14628/@VBoxContainer@14663/@MarginContainer@14665/VBoxContainer/@HFlowContainer@14666/@HBoxContainer@14694/@Button@14696 class=Button variation= type=Button slot=hover_mirrored bg=ff40ffff border=ff40ffff
LEAK control_stylebox bg_source=base border_source=base path=/root/@EditorNode@18065/@Panel@14/@Control@40/SpriteFrames/@HSplitContainer@14628/@VBoxContainer@14663/@MarginContainer@14665/VBoxContainer/@HFlowContainer@14666/@HBoxContainer@14694/@Button@14696 class=Button variation= type=Button slot=hover_pressed_mirrored bg=ff40ffff border=ff40ffff
LEAK control_stylebox bg_source=base border_source=base path=/root/@EditorNode@18065/@Panel@14/@Control@40/SpriteFrames/@HSplitContainer@14628/@VBoxContainer@14663/@MarginContainer@14665/VBoxContainer/@HFlowContainer@14666/@HBoxContainer@14694/@Button@14696 class=Button variation= type=Button slot=normal_mirrored bg=ff26ffff border=ff40ffff
LEAK control_stylebox bg_source=base border_source=base path=/root/@EditorNode@18065/@Panel@14/@Control@40/SpriteFrames/@HSplitContainer@14628/@VBoxContainer@14663/@MarginContainer@14665/VBoxContainer/@HFlowContainer@14666/@HBoxContainer@14694/@Button@14696 class=Button variation= type=Button slot=pressed_mirrored bg=ff40ffff border=ff40ffff
LEAK control_stylebox bg_source=base border_source=base path=/root/@EditorNode@18065/@Panel@14/@Control@40/SpriteFrames/@HSplitContainer@14628/@VBoxContainer@14663/@MarginContainer@14665/VBoxContainer/@HFlowContainer@14666/@HBoxContainer@14694/@Button@14697 class=Button variation= type=Button slot=disabled_mirrored bg=ff40ffff border=ff40ffff
LEAK control_stylebox bg_source=base border_source=base path=/root/@EditorNode@18065/@Panel@14/@Control@40/SpriteFrames/@HSplitContainer@14628/@VBoxContainer@14663/@MarginContainer@14665/VBoxContainer/@HFlowContainer@14666/@HBoxContainer@14694/@Button@14697 class=Button variation= type=Button slot=hover_mirrored bg=ff40ffff border=ff40ffff
LEAK control_stylebox bg_source=base border_source=base path=/root/@EditorNode@18065/@Panel@14/@Control@40/SpriteFrames/@HSplitContainer@14628/@VBoxContainer@14663/@MarginContainer@14665/VBoxContainer/@HFlowContainer@14666/@HBoxContainer@14694/@Button@14697 class=Button variation= type=Button slot=hover_pressed_mirrored bg=ff40ffff border=ff40ffff
LEAK control_stylebox bg_source=base border_source=base path=/root/@EditorNode@18065/@Panel@14/@Control@40/SpriteFrames/@HSplitContainer@14628/@VBoxContainer@14663/@MarginContainer@14665/VBoxContainer/@HFlowContainer@14666/@HBoxContainer@14694/@Button@14697 class=Button variation= type=Button slot=normal_mirrored bg=ff26ffff border=ff40ffff
LEAK control_stylebox bg_source=base border_source=base path=/root/@EditorNode@18065/@Panel@14/@Control@40/SpriteFrames/@HSplitContainer@14628/@VBoxContainer@14663/@MarginContainer@14665/VBoxContainer/@HFlowContainer@14666/@HBoxContainer@14694/@Button@14697 class=Button variation= type=Button slot=pressed_mirrored bg=ff40ffff border=ff40ffff
LEAK control_stylebox bg_source=base border_source=base path=/root/@EditorNode@18065/@Panel@14/@Control@40/Theme/@VBoxContainer@15135/@HBoxContainer@15136/@Button@15139 class=Button variation= type=Button slot=disabled_mirrored bg=ff40ffff border=ff40ffff
LEAK control_stylebox bg_source=base border_source=base path=/root/@EditorNode@18065/@Panel@14/@Control@40/Theme/@VBoxContainer@15135/@HBoxContainer@15136/@Button@15139 class=Button variation= type=Button slot=hover_mirrored bg=ff40ffff border=ff40ffff
LEAK control_stylebox bg_source=base border_source=base path=/root/@EditorNode@18065/@Panel@14/@Control@40/Theme/@VBoxContainer@15135/@HBoxContainer@15136/@Button@15139 class=Button variation= type=Button slot=hover_pressed_mirrored bg=ff40ffff border=ff40ffff
LEAK control_stylebox bg_source=base border_source=base path=/root/@EditorNode@18065/@Panel@14/@Control@40/Theme/@VBoxContainer@15135/@HBoxContainer@15136/@Button@15139 class=Button variation= type=Button slot=normal_mirrored bg=ff26ffff border=ff40ffff
LEAK control_stylebox bg_source=base border_source=base path=/root/@EditorNode@18065/@Panel@14/@Control@40/Theme/@VBoxContainer@15135/@HBoxContainer@15136/@Button@15139 class=Button variation= type=Button slot=pressed_mirrored bg=ff40ffff border=ff40ffff
LEAK control_stylebox bg_source=base border_source=base path=/root/@EditorNode@18065/@Panel@14/@Control@40/Theme/@VBoxContainer@15135/@HBoxContainer@15136/@Button@15141 class=Button variation= type=Button slot=disabled_mirrored bg=ff40ffff border=ff40ffff
LEAK control_stylebox bg_source=base border_source=base path=/root/@EditorNode@18065/@Panel@14/@Control@40/Theme/@VBoxContainer@15135/@HBoxContainer@15136/@Button@15141 class=Button variation= type=Button slot=hover_mirrored bg=ff40ffff border=ff40ffff
LEAK control_stylebox bg_source=base border_source=base path=/root/@EditorNode@18065/@Panel@14/@Control@40/Theme/@VBoxContainer@15135/@HBoxContainer@15136/@Button@15141 class=Button variation= type=Button slot=hover_pressed_mirrored bg=ff40ffff border=ff40ffff
LEAK control_stylebox bg_source=base border_source=base path=/root/@EditorNode@18065/@Panel@14/@Control@40/Theme/@VBoxContainer@15135/@HBoxContainer@15136/@Button@15141 class=Button variation= type=Button slot=normal_mirrored bg=ff26ffff border=ff40ffff
LEAK control_stylebox bg_source=base border_source=base path=/root/@EditorNode@18065/@Panel@14/@Control@40/Theme/@VBoxContainer@15135/@HBoxContainer@15136/@Button@15141 class=Button variation= type=Button slot=pressed_mirrored bg=ff40ffff border=ff40ffff
LEAK control_stylebox bg_source=base border_source=base path=/root/@EditorNode@18065/@Panel@14/@Control@40/Theme/@VBoxContainer@15135/@HBoxContainer@15136/@Button@15142 class=Button variation= type=Button slot=disabled_mirrored bg=ff40ffff border=ff40ffff
LEAK control_stylebox bg_source=base border_source=base path=/root/@EditorNode@18065/@Panel@14/@Control@40/Theme/@VBoxContainer@15135/@HBoxContainer@15136/@Button@15142 class=Button variation= type=Button slot=hover_mirrored bg=ff40ffff border=ff40ffff
LEAK control_stylebox bg_source=base border_source=base path=/root/@EditorNode@18065/@Panel@14/@Control@40/Theme/@VBoxContainer@15135/@HBoxContainer@15136/@Button@15142 class=Button variation= type=Button slot=hover_pressed_mirrored bg=ff40ffff border=ff40ffff
LEAK control_stylebox bg_source=base border_source=base path=/root/@EditorNode@18065/@Panel@14/@Control@40/Theme/@VBoxContainer@15135/@HBoxContainer@15136/@Button@15142 class=Button variation= type=Button slot=normal_mirrored bg=ff26ffff border=ff40ffff
LEAK control_stylebox bg_source=base border_source=base path=/root/@EditorNode@18065/@Panel@14/@Control@40/Theme/@VBoxContainer@15135/@HBoxContainer@15136/@Button@15142 class=Button variation= type=Button slot=pressed_mirrored bg=ff40ffff border=ff40ffff
LEAK control_stylebox bg_source=base border_source=base path=/root/@EditorNode@18065/@Panel@14/@Control@40/Theme/@VBoxContainer@15135/@HBoxContainer@15136/@Button@15144 class=Button variation= type=Button slot=disabled_mirrored bg=ff40ffff border=ff40ffff
LEAK control_stylebox bg_source=base border_source=base path=/root/@EditorNode@18065/@Panel@14/@Control@40/Theme/@VBoxContainer@15135/@HBoxContainer@15136/@Button@15144 class=Button variation= type=Button slot=hover_mirrored bg=ff40ffff border=ff40ffff
LEAK control_stylebox bg_source=base border_source=base path=/root/@EditorNode@18065/@Panel@14/@Control@40/Theme/@VBoxContainer@15135/@HBoxContainer@15136/@Button@15144 class=Button variation= type=Button slot=hover_pressed_mirrored bg=ff40ffff border=ff40ffff
LEAK control_stylebox bg_source=base border_source=base path=/root/@EditorNode@18065/@Panel@14/@Control@40/Theme/@VBoxContainer@15135/@HBoxContainer@15136/@Button@15144 class=Button variation= type=Button slot=normal_mirrored bg=ff26ffff border=ff40ffff
LEAK control_stylebox bg_source=base border_source=base path=/root/@EditorNode@18065/@Panel@14/@Control@40/Theme/@VBoxContainer@15135/@HBoxContainer@15136/@Button@15144 class=Button variation= type=Button slot=pressed_mirrored bg=ff40ffff border=ff40ffff
LEAK control_stylebox bg_source=base border_source=base path=/root/@EditorNode@18065/@Panel@14/@Control@40/Theme/@VBoxContainer@15135/@HSplitContainer@15775/@ThemeTypeEditor@16015/@VBoxContainer@15145/@HBoxContainer@15146/@Button@15157 class=Button variation= type=Button slot=disabled_mirrored bg=ff40ffff border=ff40ffff
LEAK control_stylebox bg_source=base border_source=base path=/root/@EditorNode@18065/@Panel@14/@Control@40/Theme/@VBoxContainer@15135/@HSplitContainer@15775/@ThemeTypeEditor@16015/@VBoxContainer@15145/@HBoxContainer@15146/@Button@15157 class=Button variation= type=Button slot=hover_mirrored bg=ff40ffff border=ff40ffff
LEAK control_stylebox bg_source=base border_source=base path=/root/@EditorNode@18065/@Panel@14/@Control@40/Theme/@VBoxContainer@15135/@HSplitContainer@15775/@ThemeTypeEditor@16015/@VBoxContainer@15145/@HBoxContainer@15146/@Button@15157 class=Button variation= type=Button slot=hover_pressed_mirrored bg=ff40ffff border=ff40ffff
LEAK control_stylebox bg_source=base border_source=base path=/root/@EditorNode@18065/@Panel@14/@Control@40/Theme/@VBoxContainer@15135/@HSplitContainer@15775/@ThemeTypeEditor@16015/@VBoxContainer@15145/@HBoxContainer@15146/@Button@15157 class=Button variation= type=Button slot=normal_mirrored bg=ff26ffff border=ff40ffff
LEAK control_stylebox bg_source=base border_source=base path=/root/@EditorNode@18065/@Panel@14/@Control@40/Theme/@VBoxContainer@15135/@HSplitContainer@15775/@ThemeTypeEditor@16015/@VBoxContainer@15145/@HBoxContainer@15146/@Button@15157 class=Button variation= type=Button slot=pressed_mirrored bg=ff40ffff border=ff40ffff
LEAK control_stylebox bg_source=base border_source=base path=/root/@EditorNode@18065/@Panel@14/@Control@40/Theme/@VBoxContainer@15135/@HSplitContainer@15775/@ThemeTypeEditor@16015/@VBoxContainer@15145/@HBoxContainer@15146/@Button@15158 class=Button variation= type=Button slot=disabled_mirrored bg=ff40ffff border=ff40ffff
LEAK control_stylebox bg_source=base border_source=base path=/root/@EditorNode@18065/@Panel@14/@Control@40/Theme/@VBoxContainer@15135/@HSplitContainer@15775/@ThemeTypeEditor@16015/@VBoxContainer@15145/@HBoxContainer@15146/@Button@15158 class=Button variation= type=Button slot=hover_mirrored bg=ff40ffff border=ff40ffff
LEAK control_stylebox bg_source=base border_source=base path=/root/@EditorNode@18065/@Panel@14/@Control@40/Theme/@VBoxContainer@15135/@HSplitContainer@15775/@ThemeTypeEditor@16015/@VBoxContainer@15145/@HBoxContainer@15146/@Button@15158 class=Button variation= type=Button slot=hover_pressed_mirrored bg=ff40ffff border=ff40ffff
LEAK control_stylebox bg_source=base border_source=base path=/root/@EditorNode@18065/@Panel@14/@Control@40/Theme/@VBoxContainer@15135/@HSplitContainer@15775/@ThemeTypeEditor@16015/@VBoxContainer@15145/@HBoxContainer@15146/@Button@15158 class=Button variation= type=Button slot=normal_mirrored bg=ff26ffff border=ff40ffff
LEAK control_stylebox bg_source=base border_source=base path=/root/@EditorNode@18065/@Panel@14/@Control@40/Theme/@VBoxContainer@15135/@HSplitContainer@15775/@ThemeTypeEditor@16015/@VBoxContainer@15145/@HBoxContainer@15146/@Button@15158 class=Button variation= type=Button slot=pressed_mirrored bg=ff40ffff border=ff40ffff
LEAK control_stylebox bg_source=base border_source=base path=/root/@EditorNode@18065/@Panel@14/@Control@40/Theme/@VBoxContainer@15135/@HSplitContainer@15775/@ThemeTypeEditor@16015/@VBoxContainer@15145/@HBoxContainer@15146/@Button@15169 class=Button variation= type=Button slot=disabled_mirrored bg=ff40ffff border=ff40ffff
LEAK control_stylebox bg_source=base border_source=base path=/root/@EditorNode@18065/@Panel@14/@Control@40/Theme/@VBoxContainer@15135/@HSplitContainer@15775/@ThemeTypeEditor@16015/@VBoxContainer@15145/@HBoxContainer@15146/@Button@15169 class=Button variation= type=Button slot=hover_mirrored bg=ff40ffff border=ff40ffff
LEAK control_stylebox bg_source=base border_source=base path=/root/@EditorNode@18065/@Panel@14/@Control@40/Theme/@VBoxContainer@15135/@HSplitContainer@15775/@ThemeTypeEditor@16015/@VBoxContainer@15145/@HBoxContainer@15146/@Button@15169 class=Button variation= type=Button slot=hover_pressed_mirrored bg=ff40ffff border=ff40ffff
LEAK control_stylebox bg_source=base border_source=base path=/root/@EditorNode@18065/@Panel@14/@Control@40/Theme/@VBoxContainer@15135/@HSplitContainer@15775/@ThemeTypeEditor@16015/@VBoxContainer@15145/@HBoxContainer@15146/@Button@15169 class=Button variation= type=Button slot=normal_mirrored bg=ff26ffff border=ff40ffff
LEAK control_stylebox bg_source=base border_source=base path=/root/@EditorNode@18065/@Panel@14/@Control@40/Theme/@VBoxContainer@15135/@HSplitContainer@15775/@ThemeTypeEditor@16015/@VBoxContainer@15145/@HBoxContainer@15146/@Button@15169 class=Button variation= type=Button slot=pressed_mirrored bg=ff40ffff border=ff40ffff
LEAK control_stylebox bg_source=base border_source=base path=/root/@EditorNode@18065/@Panel@14/@Control@40/Theme/@VBoxContainer@15135/@HSplitContainer@15775/@ThemeTypeEditor@16015/@VBoxContainer@15145/@HBoxContainer@15170/@Button@15172 class=Button variation= type=Button slot=disabled_mirrored bg=ff40ffff border=ff40ffff
LEAK control_stylebox bg_source=base border_source=base path=/root/@EditorNode@18065/@Panel@14/@Control@40/Theme/@VBoxContainer@15135/@HSplitContainer@15775/@ThemeTypeEditor@16015/@VBoxContainer@15145/@HBoxContainer@15170/@Button@15172 class=Button variation= type=Button slot=hover_mirrored bg=ff40ffff border=ff40ffff
LEAK control_stylebox bg_source=base border_source=base path=/root/@EditorNode@18065/@Panel@14/@Control@40/Theme/@VBoxContainer@15135/@HSplitContainer@15775/@ThemeTypeEditor@16015/@VBoxContainer@15145/@HBoxContainer@15170/@Button@15172 class=Button variation= type=Button slot=hover_pressed_mirrored bg=ff40ffff border=ff40ffff
LEAK control_stylebox bg_source=base border_source=base path=/root/@EditorNode@18065/@Panel@14/@Control@40/Theme/@VBoxContainer@15135/@HSplitContainer@15775/@ThemeTypeEditor@16015/@VBoxContainer@15145/@HBoxContainer@15170/@Button@15172 class=Button variation= type=Button slot=normal_mirrored bg=ff26ffff border=ff40ffff
LEAK control_stylebox bg_source=base border_source=base path=/root/@EditorNode@18065/@Panel@14/@Control@40/Theme/@VBoxContainer@15135/@HSplitContainer@15775/@ThemeTypeEditor@16015/@VBoxContainer@15145/@HBoxContainer@15170/@Button@15172 class=Button variation= type=Button slot=pressed_mirrored bg=ff40ffff border=ff40ffff
LEAK control_stylebox bg_source=base border_source=base path=/root/@EditorNode@18065/@Panel@14/@Control@40/Theme/@VBoxContainer@15135/@HSplitContainer@15775/@ThemeTypeEditor@16015/@VBoxContainer@15145/@HBoxContainer@15170/@CheckButton@15171 class=CheckButton variation= type=CheckButton slot=disabled_mirrored bg=ff26ffff border=ff40ffff
LEAK control_stylebox bg_source=base border_source=base path=/root/@EditorNode@18065/@Panel@14/@Control@40/Theme/@VBoxContainer@15135/@HSplitContainer@15775/@ThemeTypeEditor@16015/@VBoxContainer@15145/@HBoxContainer@15170/@CheckButton@15171 class=CheckButton variation= type=CheckButton slot=hover_mirrored bg=ff26ffff border=ff40ffff
LEAK control_stylebox bg_source=base border_source=base path=/root/@EditorNode@18065/@Panel@14/@Control@40/Theme/@VBoxContainer@15135/@HSplitContainer@15775/@ThemeTypeEditor@16015/@VBoxContainer@15145/@HBoxContainer@15170/@CheckButton@15171 class=CheckButton variation= type=CheckButton slot=hover_pressed_mirrored bg=ff26ffff border=ff40ffff
LEAK control_stylebox bg_source=base border_source=base path=/root/@EditorNode@18065/@Panel@14/@Control@40/Theme/@VBoxContainer@15135/@HSplitContainer@15775/@ThemeTypeEditor@16015/@VBoxContainer@15145/@HBoxContainer@15170/@CheckButton@15171 class=CheckButton variation= type=CheckButton slot=normal_mirrored bg=ff26ffff border=ff40ffff
LEAK control_stylebox bg_source=base border_source=base path=/root/@EditorNode@18065/@Panel@14/@Control@40/Theme/@VBoxContainer@15135/@HSplitContainer@15775/@ThemeTypeEditor@16015/@VBoxContainer@15145/@HBoxContainer@15170/@CheckButton@15171 class=CheckButton variation= type=CheckButton slot=pressed_mirrored bg=ff26ffff border=ff40ffff
LEAK control_stylebox bg_source=base border_source=base path=/root/@EditorNode@18065/@Panel@14/@Control@40/Theme/@VBoxContainer@15135/@HSplitContainer@15775/@ThemeTypeEditor@16015/@VBoxContainer@15145/@TabContainer@15175/@VBoxContainer@15176/@HBoxContainer@15181/@Button@15183 class=Button variation= type=Button slot=disabled_mirrored bg=ff40ffff border=ff40ffff
LEAK control_stylebox bg_source=base border_source=base path=/root/@EditorNode@18065/@Panel@14/@Control@40/Theme/@VBoxContainer@15135/@HSplitContainer@15775/@ThemeTypeEditor@16015/@VBoxContainer@15145/@TabContainer@15175/@VBoxContainer@15176/@HBoxContainer@15181/@Button@15183 class=Button variation= type=Button slot=hover_mirrored bg=ff40ffff border=ff40ffff
LEAK control_stylebox bg_source=base border_source=base path=/root/@EditorNode@18065/@Panel@14/@Control@40/Theme/@VBoxContainer@15135/@HSplitContainer@15775/@ThemeTypeEditor@16015/@VBoxContainer@15145/@TabContainer@15175/@VBoxContainer@15176/@HBoxContainer@15181/@Button@15183 class=Button variation= type=Button slot=hover_pressed_mirrored bg=ff40ffff border=ff40ffff
LEAK control_stylebox bg_source=base border_source=base path=/root/@EditorNode@18065/@Panel@14/@Control@40/Theme/@VBoxContainer@15135/@HSplitContainer@15775/@ThemeTypeEditor@16015/@VBoxContainer@15145/@TabContainer@15175/@VBoxContainer@15176/@HBoxContainer@15181/@Button@15183 class=Button variation= type=Button slot=normal_mirrored bg=ff26ffff border=ff40ffff
LEAK control_stylebox bg_source=base border_source=base path=/root/@EditorNode@18065/@Panel@14/@Control@40/Theme/@VBoxContainer@15135/@HSplitContainer@15775/@ThemeTypeEditor@16015/@VBoxContainer@15145/@TabContainer@15175/@VBoxContainer@15176/@HBoxContainer@15181/@Button@15183 class=Button variation= type=Button slot=pressed_mirrored bg=ff40ffff border=ff40ffff
LEAK control_stylebox bg_source=base border_source=base path=/root/@EditorNode@18065/@Panel@14/@Control@40/Theme/@VBoxContainer@15135/@HSplitContainer@15775/@ThemeTypeEditor@16015/@VBoxContainer@15145/@TabContainer@15175/@VBoxContainer@15184/@HBoxContainer@15189/@Button@15191 class=Button variation= type=Button slot=disabled_mirrored bg=ff40ffff border=ff40ffff
LEAK control_stylebox bg_source=base border_source=base path=/root/@EditorNode@18065/@Panel@14/@Control@40/Theme/@VBoxContainer@15135/@HSplitContainer@15775/@ThemeTypeEditor@16015/@VBoxContainer@15145/@TabContainer@15175/@VBoxContainer@15184/@HBoxContainer@15189/@Button@15191 class=Button variation= type=Button slot=hover_mirrored bg=ff40ffff border=ff40ffff
LEAK control_stylebox bg_source=base border_source=base path=/root/@EditorNode@18065/@Panel@14/@Control@40/Theme/@VBoxContainer@15135/@HSplitContainer@15775/@ThemeTypeEditor@16015/@VBoxContainer@15145/@TabContainer@15175/@VBoxContainer@15184/@HBoxContainer@15189/@Button@15191 class=Button variation= type=Button slot=hover_pressed_mirrored bg=ff40ffff border=ff40ffff
LEAK control_stylebox bg_source=base border_source=base path=/root/@EditorNode@18065/@Panel@14/@Control@40/Theme/@VBoxContainer@15135/@HSplitContainer@15775/@ThemeTypeEditor@16015/@VBoxContainer@15145/@TabContainer@15175/@VBoxContainer@15184/@HBoxContainer@15189/@Button@15191 class=Button variation= type=Button slot=normal_mirrored bg=ff26ffff border=ff40ffff
LEAK control_stylebox bg_source=base border_source=base path=/root/@EditorNode@18065/@Panel@14/@Control@40/Theme/@VBoxContainer@15135/@HSplitContainer@15775/@ThemeTypeEditor@16015/@VBoxContainer@15145/@TabContainer@15175/@VBoxContainer@15184/@HBoxContainer@15189/@Button@15191 class=Button variation= type=Button slot=pressed_mirrored bg=ff40ffff border=ff40ffff
LEAK control_stylebox bg_source=base border_source=base path=/root/@EditorNode@18065/@Panel@14/@Control@40/Theme/@VBoxContainer@15135/@HSplitContainer@15775/@ThemeTypeEditor@16015/@VBoxContainer@15145/@TabContainer@15175/@VBoxContainer@15192/@HBoxContainer@15197/@Button@15199 class=Button variation= type=Button slot=disabled_mirrored bg=ff40ffff border=ff40ffff
LEAK control_stylebox bg_source=base border_source=base path=/root/@EditorNode@18065/@Panel@14/@Control@40/Theme/@VBoxContainer@15135/@HSplitContainer@15775/@ThemeTypeEditor@16015/@VBoxContainer@15145/@TabContainer@15175/@VBoxContainer@15192/@HBoxContainer@15197/@Button@15199 class=Button variation= type=Button slot=hover_mirrored bg=ff40ffff border=ff40ffff
LEAK control_stylebox bg_source=base border_source=base path=/root/@EditorNode@18065/@Panel@14/@Control@40/Theme/@VBoxContainer@15135/@HSplitContainer@15775/@ThemeTypeEditor@16015/@VBoxContainer@15145/@TabContainer@15175/@VBoxContainer@15192/@HBoxContainer@15197/@Button@15199 class=Button variation= type=Button slot=hover_pressed_mirrored bg=ff40ffff border=ff40ffff
LEAK control_stylebox bg_source=base border_source=base path=/root/@EditorNode@18065/@Panel@14/@Control@40/Theme/@VBoxContainer@15135/@HSplitContainer@15775/@ThemeTypeEditor@16015/@VBoxContainer@15145/@TabContainer@15175/@VBoxContainer@15192/@HBoxContainer@15197/@Button@15199 class=Button variation= type=Button slot=normal_mirrored bg=ff26ffff border=ff40ffff
LEAK control_stylebox bg_source=base border_source=base path=/root/@EditorNode@18065/@Panel@14/@Control@40/Theme/@VBoxContainer@15135/@HSplitContainer@15775/@ThemeTypeEditor@16015/@VBoxContainer@15145/@TabContainer@15175/@VBoxContainer@15192/@HBoxContainer@15197/@Button@15199 class=Button variation= type=Button slot=pressed_mirrored bg=ff40ffff border=ff40ffff
LEAK control_stylebox bg_source=base border_source=base path=/root/@EditorNode@18065/@Panel@14/@Control@40/Theme/@VBoxContainer@15135/@HSplitContainer@15775/@ThemeTypeEditor@16015/@VBoxContainer@15145/@TabContainer@15175/@VBoxContainer@15200/@HBoxContainer@15205/@Button@15207 class=Button variation= type=Button slot=disabled_mirrored bg=ff40ffff border=ff40ffff
LEAK control_stylebox bg_source=base border_source=base path=/root/@EditorNode@18065/@Panel@14/@Control@40/Theme/@VBoxContainer@15135/@HSplitContainer@15775/@ThemeTypeEditor@16015/@VBoxContainer@15145/@TabContainer@15175/@VBoxContainer@15200/@HBoxContainer@15205/@Button@15207 class=Button variation= type=Button slot=hover_mirrored bg=ff40ffff border=ff40ffff
LEAK control_stylebox bg_source=base border_source=base path=/root/@EditorNode@18065/@Panel@14/@Control@40/Theme/@VBoxContainer@15135/@HSplitContainer@15775/@ThemeTypeEditor@16015/@VBoxContainer@15145/@TabContainer@15175/@VBoxContainer@15200/@HBoxContainer@15205/@Button@15207 class=Button variation= type=Button slot=hover_pressed_mirrored bg=ff40ffff border=ff40ffff
LEAK control_stylebox bg_source=base border_source=base path=/root/@EditorNode@18065/@Panel@14/@Control@40/Theme/@VBoxContainer@15135/@HSplitContainer@15775/@ThemeTypeEditor@16015/@VBoxContainer@15145/@TabContainer@15175/@VBoxContainer@15200/@HBoxContainer@15205/@Button@15207 class=Button variation= type=Button slot=normal_mirrored bg=ff26ffff border=ff40ffff
LEAK control_stylebox bg_source=base border_source=base path=/root/@EditorNode@18065/@Panel@14/@Control@40/Theme/@VBoxContainer@15135/@HSplitContainer@15775/@ThemeTypeEditor@16015/@VBoxContainer@15145/@TabContainer@15175/@VBoxContainer@15200/@HBoxContainer@15205/@Button@15207 class=Button variation= type=Button slot=pressed_mirrored bg=ff40ffff border=ff40ffff
LEAK control_stylebox bg_source=base border_source=base path=/root/@EditorNode@18065/@Panel@14/@Control@40/Theme/@VBoxContainer@15135/@HSplitContainer@15775/@ThemeTypeEditor@16015/@VBoxContainer@15145/@TabContainer@15175/@VBoxContainer@15208/@HBoxContainer@15213/@Button@15215 class=Button variation= type=Button slot=disabled_mirrored bg=ff40ffff border=ff40ffff
LEAK control_stylebox bg_source=base border_source=base path=/root/@EditorNode@18065/@Panel@14/@Control@40/Theme/@VBoxContainer@15135/@HSplitContainer@15775/@ThemeTypeEditor@16015/@VBoxContainer@15145/@TabContainer@15175/@VBoxContainer@15208/@HBoxContainer@15213/@Button@15215 class=Button variation= type=Button slot=hover_mirrored bg=ff40ffff border=ff40ffff
LEAK control_stylebox bg_source=base border_source=base path=/root/@EditorNode@18065/@Panel@14/@Control@40/Theme/@VBoxContainer@15135/@HSplitContainer@15775/@ThemeTypeEditor@16015/@VBoxContainer@15145/@TabContainer@15175/@VBoxContainer@15208/@HBoxContainer@15213/@Button@15215 class=Button variation= type=Button slot=hover_pressed_mirrored bg=ff40ffff border=ff40ffff
LEAK control_stylebox bg_source=base border_source=base path=/root/@EditorNode@18065/@Panel@14/@Control@40/Theme/@VBoxContainer@15135/@HSplitContainer@15775/@ThemeTypeEditor@16015/@VBoxContainer@15145/@TabContainer@15175/@VBoxContainer@15208/@HBoxContainer@15213/@Button@15215 class=Button variation= type=Button slot=normal_mirrored bg=ff26ffff border=ff40ffff
LEAK control_stylebox bg_source=base border_source=base path=/root/@EditorNode@18065/@Panel@14/@Control@40/Theme/@VBoxContainer@15135/@HSplitContainer@15775/@ThemeTypeEditor@16015/@VBoxContainer@15145/@TabContainer@15175/@VBoxContainer@15208/@HBoxContainer@15213/@Button@15215 class=Button variation= type=Button slot=pressed_mirrored bg=ff40ffff border=ff40ffff
LEAK control_stylebox bg_source=base border_source=base path=/root/@EditorNode@18065/@Panel@14/@Control@40/Theme/@VBoxContainer@15135/@HSplitContainer@15775/@ThemeTypeEditor@16015/@VBoxContainer@15145/@TabContainer@15175/@VBoxContainer@15216/@HBoxContainer@15221/@Button@15223 class=Button variation= type=Button slot=disabled_mirrored bg=ff40ffff border=ff40ffff
LEAK control_stylebox bg_source=base border_source=base path=/root/@EditorNode@18065/@Panel@14/@Control@40/Theme/@VBoxContainer@15135/@HSplitContainer@15775/@ThemeTypeEditor@16015/@VBoxContainer@15145/@TabContainer@15175/@VBoxContainer@15216/@HBoxContainer@15221/@Button@15223 class=Button variation= type=Button slot=hover_mirrored bg=ff40ffff border=ff40ffff
LEAK control_stylebox bg_source=base border_source=base path=/root/@EditorNode@18065/@Panel@14/@Control@40/Theme/@VBoxContainer@15135/@HSplitContainer@15775/@ThemeTypeEditor@16015/@VBoxContainer@15145/@TabContainer@15175/@VBoxContainer@15216/@HBoxContainer@15221/@Button@15223 class=Button variation= type=Button slot=hover_pressed_mirrored bg=ff40ffff border=ff40ffff
LEAK control_stylebox bg_source=base border_source=base path=/root/@EditorNode@18065/@Panel@14/@Control@40/Theme/@VBoxContainer@15135/@HSplitContainer@15775/@ThemeTypeEditor@16015/@VBoxContainer@15145/@TabContainer@15175/@VBoxContainer@15216/@HBoxContainer@15221/@Button@15223 class=Button variation= type=Button slot=normal_mirrored bg=ff26ffff border=ff40ffff
LEAK control_stylebox bg_source=base border_source=base path=/root/@EditorNode@18065/@Panel@14/@Control@40/Theme/@VBoxContainer@15135/@HSplitContainer@15775/@ThemeTypeEditor@16015/@VBoxContainer@15145/@TabContainer@15175/@VBoxContainer@15216/@HBoxContainer@15221/@Button@15223 class=Button variation= type=Button slot=pressed_mirrored bg=ff40ffff border=ff40ffff
LEAK control_stylebox bg_source=base border_source=base path=/root/@EditorNode@18065/@Panel@14/@Control@40/Theme/@VBoxContainer@15135/@HSplitContainer@15775/@ThemeTypeEditor@16015/@VBoxContainer@15145/@TabContainer@15175/@VBoxContainer@15224/@ScrollContainer@15227/@VBoxContainer@15228/@VBoxContainer@15229/@HBoxContainer@15230/@Button@15233 class=Button variation= type=Button slot=disabled_mirrored bg=ff40ffff border=ff40ffff
LEAK control_stylebox bg_source=base border_source=base path=/root/@EditorNode@18065/@Panel@14/@Control@40/Theme/@VBoxContainer@15135/@HSplitContainer@15775/@ThemeTypeEditor@16015/@VBoxContainer@15145/@TabContainer@15175/@VBoxContainer@15224/@ScrollContainer@15227/@VBoxContainer@15228/@VBoxContainer@15229/@HBoxContainer@15230/@Button@15233 class=Button variation= type=Button slot=hover_mirrored bg=ff40ffff border=ff40ffff
LEAK control_stylebox bg_source=base border_source=base path=/root/@EditorNode@18065/@Panel@14/@Control@40/Theme/@VBoxContainer@15135/@HSplitContainer@15775/@ThemeTypeEditor@16015/@VBoxContainer@15145/@TabContainer@15175/@VBoxContainer@15224/@ScrollContainer@15227/@VBoxContainer@15228/@VBoxContainer@15229/@HBoxContainer@15230/@Button@15233 class=Button variation= type=Button slot=hover_pressed_mirrored bg=ff40ffff border=ff40ffff
LEAK control_stylebox bg_source=base border_source=base path=/root/@EditorNode@18065/@Panel@14/@Control@40/Theme/@VBoxContainer@15135/@HSplitContainer@15775/@ThemeTypeEditor@16015/@VBoxContainer@15145/@TabContainer@15175/@VBoxContainer@15224/@ScrollContainer@15227/@VBoxContainer@15228/@VBoxContainer@15229/@HBoxContainer@15230/@Button@15233 class=Button variation= type=Button slot=normal_mirrored bg=ff26ffff border=ff40ffff
LEAK control_stylebox bg_source=base border_source=base path=/root/@EditorNode@18065/@Panel@14/@Control@40/Theme/@VBoxContainer@15135/@HSplitContainer@15775/@ThemeTypeEditor@16015/@VBoxContainer@15145/@TabContainer@15175/@VBoxContainer@15224/@ScrollContainer@15227/@VBoxContainer@15228/@VBoxContainer@15229/@HBoxContainer@15230/@Button@15233 class=Button variation= type=Button slot=pressed_mirrored bg=ff40ffff border=ff40ffff
LEAK control_stylebox bg_source=base border_source=base path=/root/@EditorNode@18065/@Panel@14/@Control@40/Theme/@VBoxContainer@15135/@HSplitContainer@15775/@VBoxContainer@15776/@PanelContainer@15777/@HBoxContainer@15778/@TabBar@15781/@Button@15782 class=Button variation= type=Button slot=disabled_mirrored bg=ff40ffff border=ff40ffff
LEAK control_stylebox bg_source=base border_source=base path=/root/@EditorNode@18065/@Panel@14/@Control@40/Theme/@VBoxContainer@15135/@HSplitContainer@15775/@VBoxContainer@15776/@PanelContainer@15777/@HBoxContainer@15778/@TabBar@15781/@Button@15782 class=Button variation= type=Button slot=hover_mirrored bg=ff40ffff border=ff40ffff
LEAK control_stylebox bg_source=base border_source=base path=/root/@EditorNode@18065/@Panel@14/@Control@40/Theme/@VBoxContainer@15135/@HSplitContainer@15775/@VBoxContainer@15776/@PanelContainer@15777/@HBoxContainer@15778/@TabBar@15781/@Button@15782 class=Button variation= type=Button slot=hover_pressed_mirrored bg=ff40ffff border=ff40ffff
LEAK control_stylebox bg_source=base border_source=base path=/root/@EditorNode@18065/@Panel@14/@Control@40/Theme/@VBoxContainer@15135/@HSplitContainer@15775/@VBoxContainer@15776/@PanelContainer@15777/@HBoxContainer@15778/@TabBar@15781/@Button@15782 class=Button variation= type=Button slot=normal_mirrored bg=ff26ffff border=ff40ffff
LEAK control_stylebox bg_source=base border_source=base path=/root/@EditorNode@18065/@Panel@14/@Control@40/Theme/@VBoxContainer@15135/@HSplitContainer@15775/@VBoxContainer@15776/@PanelContainer@15777/@HBoxContainer@15778/@TabBar@15781/@Button@15782 class=Button variation= type=Button slot=pressed_mirrored bg=ff40ffff border=ff40ffff
LEAK control_stylebox bg_source=base border_source=base path=/root/@EditorNode@18065/@Panel@14/@Control@40/TileMap/@GridContainer@17304/@FlowContainer@17411/@BoxContainer@17416/@BoxContainer@17328/@SpinBox@17327 class=SpinBox variation= type=SpinBox slot=down_background_hovered bg=ff40ffff border=ff40ffff
LEAK control_stylebox bg_source=base border_source=base path=/root/@EditorNode@18065/@Panel@14/@Control@40/TileMap/@GridContainer@17304/@FlowContainer@17411/@BoxContainer@17416/@BoxContainer@17328/@SpinBox@17327 class=SpinBox variation= type=SpinBox slot=down_background_pressed bg=ff40ffff border=ff40ffff
LEAK control_stylebox bg_source=base border_source=base path=/root/@EditorNode@18065/@Panel@14/@Control@40/TileMap/@GridContainer@17304/@FlowContainer@17411/@BoxContainer@17416/@BoxContainer@17328/@SpinBox@17327 class=SpinBox variation= type=SpinBox slot=up_background_hovered bg=ff40ffff border=ff40ffff
LEAK control_stylebox bg_source=base border_source=base path=/root/@EditorNode@18065/@Panel@14/@Control@40/TileMap/@GridContainer@17304/@FlowContainer@17411/@BoxContainer@17416/@BoxContainer@17328/@SpinBox@17327 class=SpinBox variation= type=SpinBox slot=up_background_pressed bg=ff40ffff border=ff40ffff
LEAK control_stylebox bg_source=base border_source=base path=/root/@EditorNode@18065/@Panel@14/@Control@40/TileMap/@GridContainer@17304/@FlowContainer@17411/@BoxContainer@17416/@CheckBox@17322 class=CheckBox variation= type=CheckBox slot=disabled_mirrored bg=ff26ffff border=ff40ffff
LEAK control_stylebox bg_source=base border_source=base path=/root/@EditorNode@18065/@Panel@14/@Control@40/TileMap/@GridContainer@17304/@FlowContainer@17411/@BoxContainer@17416/@CheckBox@17322 class=CheckBox variation= type=CheckBox slot=hover_mirrored bg=ff26ffff border=ff40ffff
LEAK control_stylebox bg_source=base border_source=base path=/root/@EditorNode@18065/@Panel@14/@Control@40/TileMap/@GridContainer@17304/@FlowContainer@17411/@BoxContainer@17416/@CheckBox@17322 class=CheckBox variation= type=CheckBox slot=hover_pressed_mirrored bg=ff26ffff border=ff40ffff
LEAK control_stylebox bg_source=base border_source=base path=/root/@EditorNode@18065/@Panel@14/@Control@40/TileMap/@GridContainer@17304/@FlowContainer@17411/@BoxContainer@17416/@CheckBox@17322 class=CheckBox variation= type=CheckBox slot=normal_mirrored bg=ff26ffff border=ff40ffff
LEAK control_stylebox bg_source=base border_source=base path=/root/@EditorNode@18065/@Panel@14/@Control@40/TileMap/@GridContainer@17304/@FlowContainer@17411/@BoxContainer@17416/@CheckBox@17322 class=CheckBox variation= type=CheckBox slot=pressed_mirrored bg=ff26ffff border=ff40ffff
LEAK control_stylebox bg_source=base border_source=base path=/root/@EditorNode@18065/@Panel@14/@Control@40/TileMap/@GridContainer@17304/@FlowContainer@17411/@BoxContainer@17420/@CheckBox@17408 class=CheckBox variation= type=CheckBox slot=disabled_mirrored bg=ff26ffff border=ff40ffff
LEAK control_stylebox bg_source=base border_source=base path=/root/@EditorNode@18065/@Panel@14/@Control@40/TileMap/@GridContainer@17304/@FlowContainer@17411/@BoxContainer@17420/@CheckBox@17408 class=CheckBox variation= type=CheckBox slot=hover_mirrored bg=ff26ffff border=ff40ffff
LEAK control_stylebox bg_source=base border_source=base path=/root/@EditorNode@18065/@Panel@14/@Control@40/TileMap/@GridContainer@17304/@FlowContainer@17411/@BoxContainer@17420/@CheckBox@17408 class=CheckBox variation= type=CheckBox slot=hover_pressed_mirrored bg=ff26ffff border=ff40ffff
LEAK control_stylebox bg_source=base border_source=base path=/root/@EditorNode@18065/@Panel@14/@Control@40/TileMap/@GridContainer@17304/@FlowContainer@17411/@BoxContainer@17420/@CheckBox@17408 class=CheckBox variation= type=CheckBox slot=normal_mirrored bg=ff26ffff border=ff40ffff
LEAK control_stylebox bg_source=base border_source=base path=/root/@EditorNode@18065/@Panel@14/@Control@40/TileMap/@GridContainer@17304/@FlowContainer@17411/@BoxContainer@17420/@CheckBox@17408 class=CheckBox variation= type=CheckBox slot=pressed_mirrored bg=ff26ffff border=ff40ffff
LEAK control_stylebox bg_source=base border_source=base path=/root/@EditorNode@18065/@Panel@14/@Control@40/TileMap/@GridContainer@17304/Tiles/@SplitContainer@17331/@TileAtlasView@17369/@Button@17350 class=Button variation= type=Button slot=disabled_mirrored bg=ff40ffff border=ff40ffff
LEAK control_stylebox bg_source=base border_source=base path=/root/@EditorNode@18065/@Panel@14/@Control@40/TileMap/@GridContainer@17304/Tiles/@SplitContainer@17331/@TileAtlasView@17369/@Button@17350 class=Button variation= type=Button slot=hover_mirrored bg=ff40ffff border=ff40ffff
LEAK control_stylebox bg_source=base border_source=base path=/root/@EditorNode@18065/@Panel@14/@Control@40/TileMap/@GridContainer@17304/Tiles/@SplitContainer@17331/@TileAtlasView@17369/@Button@17350 class=Button variation= type=Button slot=hover_pressed_mirrored bg=ff40ffff border=ff40ffff
LEAK control_stylebox bg_source=base border_source=base path=/root/@EditorNode@18065/@Panel@14/@Control@40/TileMap/@GridContainer@17304/Tiles/@SplitContainer@17331/@TileAtlasView@17369/@Button@17350 class=Button variation= type=Button slot=normal_mirrored bg=ff26ffff border=ff40ffff
LEAK control_stylebox bg_source=base border_source=base path=/root/@EditorNode@18065/@Panel@14/@Control@40/TileMap/@GridContainer@17304/Tiles/@SplitContainer@17331/@TileAtlasView@17369/@Button@17350 class=Button variation= type=Button slot=pressed_mirrored bg=ff40ffff border=ff40ffff
LEAK control_stylebox bg_source=base border_source=base path=/root/@EditorNode@18065/@Panel@14/@Control@40/TileMap/@GridContainer@17304/Tiles/@SplitContainer@17331/@TileAtlasView@17369/@EditorZoomWidget@17349/@Button@17346 class=Button variation= type=Button slot=disabled_mirrored bg=ff40ffff border=ff40ffff
LEAK control_stylebox bg_source=base border_source=base path=/root/@EditorNode@18065/@Panel@14/@Control@40/TileMap/@GridContainer@17304/Tiles/@SplitContainer@17331/@TileAtlasView@17369/@EditorZoomWidget@17349/@Button@17346 class=Button variation= type=Button slot=hover_mirrored bg=ff40ffff border=ff40ffff
LEAK control_stylebox bg_source=base border_source=base path=/root/@EditorNode@18065/@Panel@14/@Control@40/TileMap/@GridContainer@17304/Tiles/@SplitContainer@17331/@TileAtlasView@17369/@EditorZoomWidget@17349/@Button@17346 class=Button variation= type=Button slot=hover_pressed_mirrored bg=ff40ffff border=ff40ffff
LEAK control_stylebox bg_source=base border_source=base path=/root/@EditorNode@18065/@Panel@14/@Control@40/TileMap/@GridContainer@17304/Tiles/@SplitContainer@17331/@TileAtlasView@17369/@EditorZoomWidget@17349/@Button@17346 class=Button variation= type=Button slot=normal_mirrored bg=ff26ffff border=ff40ffff
LEAK control_stylebox bg_source=base border_source=base path=/root/@EditorNode@18065/@Panel@14/@Control@40/TileMap/@GridContainer@17304/Tiles/@SplitContainer@17331/@TileAtlasView@17369/@EditorZoomWidget@17349/@Button@17346 class=Button variation= type=Button slot=pressed_mirrored bg=ff40ffff border=ff40ffff
LEAK control_stylebox bg_source=base border_source=base path=/root/@EditorNode@18065/@Panel@14/@Control@40/TileMap/@GridContainer@17304/Tiles/@SplitContainer@17331/@TileAtlasView@17369/@EditorZoomWidget@17349/@Button@17347 class=Button variation= type=Button slot=disabled_mirrored bg=ff40ffff border=ff40ffff
LEAK control_stylebox bg_source=base border_source=base path=/root/@EditorNode@18065/@Panel@14/@Control@40/TileMap/@GridContainer@17304/Tiles/@SplitContainer@17331/@TileAtlasView@17369/@EditorZoomWidget@17349/@Button@17347 class=Button variation= type=Button slot=hover_mirrored bg=ff40ffff border=ff40ffff
LEAK control_stylebox bg_source=base border_source=base path=/root/@EditorNode@18065/@Panel@14/@Control@40/TileMap/@GridContainer@17304/Tiles/@SplitContainer@17331/@TileAtlasView@17369/@EditorZoomWidget@17349/@Button@17347 class=Button variation= type=Button slot=hover_pressed_mirrored bg=ff40ffff border=ff40ffff
LEAK control_stylebox bg_source=base border_source=base path=/root/@EditorNode@18065/@Panel@14/@Control@40/TileMap/@GridContainer@17304/Tiles/@SplitContainer@17331/@TileAtlasView@17369/@EditorZoomWidget@17349/@Button@17347 class=Button variation= type=Button slot=normal_mirrored bg=ff26ffff border=ff40ffff
LEAK control_stylebox bg_source=base border_source=base path=/root/@EditorNode@18065/@Panel@14/@Control@40/TileMap/@GridContainer@17304/Tiles/@SplitContainer@17331/@TileAtlasView@17369/@EditorZoomWidget@17349/@Button@17347 class=Button variation= type=Button slot=pressed_mirrored bg=ff40ffff border=ff40ffff
LEAK control_stylebox bg_source=base border_source=base path=/root/@EditorNode@18065/@Panel@14/@Control@40/TileMap/@GridContainer@17304/Tiles/@SplitContainer@17331/@TileAtlasView@17369/@EditorZoomWidget@17349/@Button@17348 class=Button variation= type=Button slot=disabled_mirrored bg=ff40ffff border=ff40ffff
LEAK control_stylebox bg_source=base border_source=base path=/root/@EditorNode@18065/@Panel@14/@Control@40/TileMap/@GridContainer@17304/Tiles/@SplitContainer@17331/@TileAtlasView@17369/@EditorZoomWidget@17349/@Button@17348 class=Button variation= type=Button slot=hover_mirrored bg=ff40ffff border=ff40ffff
LEAK control_stylebox bg_source=base border_source=base path=/root/@EditorNode@18065/@Panel@14/@Control@40/TileMap/@GridContainer@17304/Tiles/@SplitContainer@17331/@TileAtlasView@17369/@EditorZoomWidget@17349/@Button@17348 class=Button variation= type=Button slot=hover_pressed_mirrored bg=ff40ffff border=ff40ffff
LEAK control_stylebox bg_source=base border_source=base path=/root/@EditorNode@18065/@Panel@14/@Control@40/TileMap/@GridContainer@17304/Tiles/@SplitContainer@17331/@TileAtlasView@17369/@EditorZoomWidget@17349/@Button@17348 class=Button variation= type=Button slot=normal_mirrored bg=ff26ffff border=ff40ffff
LEAK control_stylebox bg_source=base border_source=base path=/root/@EditorNode@18065/@Panel@14/@Control@40/TileMap/@GridContainer@17304/Tiles/@SplitContainer@17331/@TileAtlasView@17369/@EditorZoomWidget@17349/@Button@17348 class=Button variation= type=Button slot=pressed_mirrored bg=ff40ffff border=ff40ffff
LEAK control_stylebox bg_source=base border_source=base path=/root/@EditorNode@18065/@Panel@14/@Control@40/TileSet/@VBoxContainer@16837/Tiles/@VBoxContainer@17125/@TileSetAtlasSourceEditor@17258/@VBoxContainer@17128/@EditorInspector@17177/@VBoxContainer@17169/@VBoxContainer@17176/@VBoxContainer@18381/@EditorPropertyCheck@18429/@CheckBox@18428 class=CheckBox variation= type=CheckBox slot=disabled_mirrored bg=ff26ffff border=ff40ffff
LEAK control_stylebox bg_source=base border_source=base path=/root/@EditorNode@18065/@Panel@14/@Control@40/TileSet/@VBoxContainer@16837/Tiles/@VBoxContainer@17125/@TileSetAtlasSourceEditor@17258/@VBoxContainer@17128/@EditorInspector@17177/@VBoxContainer@17169/@VBoxContainer@17176/@VBoxContainer@18381/@EditorPropertyCheck@18429/@CheckBox@18428 class=CheckBox variation= type=CheckBox slot=hover_mirrored bg=ff26ffff border=ff40ffff
LEAK control_stylebox bg_source=base border_source=base path=/root/@EditorNode@18065/@Panel@14/@Control@40/TileSet/@VBoxContainer@16837/Tiles/@VBoxContainer@17125/@TileSetAtlasSourceEditor@17258/@VBoxContainer@17128/@EditorInspector@17177/@VBoxContainer@17169/@VBoxContainer@17176/@VBoxContainer@18381/@EditorPropertyCheck@18429/@CheckBox@18428 class=CheckBox variation= type=CheckBox slot=hover_pressed_mirrored bg=ff26ffff border=ff40ffff
LEAK control_stylebox bg_source=base border_source=base path=/root/@EditorNode@18065/@Panel@14/@Control@40/TileSet/@VBoxContainer@16837/Tiles/@VBoxContainer@17125/@TileSetAtlasSourceEditor@17258/@VBoxContainer@17128/@EditorInspector@17177/@VBoxContainer@17169/@VBoxContainer@17176/@VBoxContainer@18381/@EditorPropertyCheck@18429/@CheckBox@18428 class=CheckBox variation= type=CheckBox slot=normal_mirrored bg=ff26ffff border=ff40ffff
LEAK control_stylebox bg_source=base border_source=base path=/root/@EditorNode@18065/@Panel@14/@Control@40/TileSet/@VBoxContainer@16837/Tiles/@VBoxContainer@17125/@TileSetAtlasSourceEditor@17258/@VBoxContainer@17128/@EditorInspector@17177/@VBoxContainer@17169/@VBoxContainer@17176/@VBoxContainer@18381/@EditorPropertyCheck@18429/@CheckBox@18428 class=CheckBox variation= type=CheckBox slot=pressed_mirrored bg=ff26ffff border=ff40ffff
LEAK control_stylebox bg_source=base border_source=base path=/root/@EditorNode@18065/@Panel@14/@Control@40/TileSet/@VBoxContainer@16837/Tiles/@VBoxContainer@17125/@TileSetAtlasSourceEditor@17258/@VBoxContainer@17128/@ScrollContainer@17147/@VBoxContainer@17148/@Button@17150 class=Button variation= type=Button slot=disabled_mirrored bg=ff40ffff border=ff40ffff
LEAK control_stylebox bg_source=base border_source=base path=/root/@EditorNode@18065/@Panel@14/@Control@40/TileSet/@VBoxContainer@16837/Tiles/@VBoxContainer@17125/@TileSetAtlasSourceEditor@17258/@VBoxContainer@17128/@ScrollContainer@17147/@VBoxContainer@17148/@Button@17150 class=Button variation= type=Button slot=hover_mirrored bg=ff40ffff border=ff40ffff
LEAK control_stylebox bg_source=base border_source=base path=/root/@EditorNode@18065/@Panel@14/@Control@40/TileSet/@VBoxContainer@16837/Tiles/@VBoxContainer@17125/@TileSetAtlasSourceEditor@17258/@VBoxContainer@17128/@ScrollContainer@17147/@VBoxContainer@17148/@Button@17150 class=Button variation= type=Button slot=hover_pressed_mirrored bg=ff40ffff border=ff40ffff
LEAK control_stylebox bg_source=base border_source=base path=/root/@EditorNode@18065/@Panel@14/@Control@40/TileSet/@VBoxContainer@16837/Tiles/@VBoxContainer@17125/@TileSetAtlasSourceEditor@17258/@VBoxContainer@17128/@ScrollContainer@17147/@VBoxContainer@17148/@Button@17150 class=Button variation= type=Button slot=normal_mirrored bg=ff26ffff border=ff40ffff
LEAK control_stylebox bg_source=base border_source=base path=/root/@EditorNode@18065/@Panel@14/@Control@40/TileSet/@VBoxContainer@16837/Tiles/@VBoxContainer@17125/@TileSetAtlasSourceEditor@17258/@VBoxContainer@17128/@ScrollContainer@17147/@VBoxContainer@17148/@Button@17150 class=Button variation= type=Button slot=pressed_mirrored bg=ff40ffff border=ff40ffff
LEAK control_stylebox bg_source=base border_source=base path=/root/@EditorNode@18065/@Panel@14/@Control@40/TileSet/@VBoxContainer@16837/Tiles/@VBoxContainer@17125/@TileSetAtlasSourceEditor@17258/@VBoxContainer@17178/@VBoxContainer@17194/@TileAtlasView@17219/@Button@17200 class=Button variation= type=Button slot=disabled_mirrored bg=ff40ffff border=ff40ffff
LEAK control_stylebox bg_source=base border_source=base path=/root/@EditorNode@18065/@Panel@14/@Control@40/TileSet/@VBoxContainer@16837/Tiles/@VBoxContainer@17125/@TileSetAtlasSourceEditor@17258/@VBoxContainer@17178/@VBoxContainer@17194/@TileAtlasView@17219/@Button@17200 class=Button variation= type=Button slot=hover_mirrored bg=ff40ffff border=ff40ffff
LEAK control_stylebox bg_source=base border_source=base path=/root/@EditorNode@18065/@Panel@14/@Control@40/TileSet/@VBoxContainer@16837/Tiles/@VBoxContainer@17125/@TileSetAtlasSourceEditor@17258/@VBoxContainer@17178/@VBoxContainer@17194/@TileAtlasView@17219/@Button@17200 class=Button variation= type=Button slot=hover_pressed_mirrored bg=ff40ffff border=ff40ffff
LEAK control_stylebox bg_source=base border_source=base path=/root/@EditorNode@18065/@Panel@14/@Control@40/TileSet/@VBoxContainer@16837/Tiles/@VBoxContainer@17125/@TileSetAtlasSourceEditor@17258/@VBoxContainer@17178/@VBoxContainer@17194/@TileAtlasView@17219/@Button@17200 class=Button variation= type=Button slot=normal_mirrored bg=ff26ffff border=ff40ffff
LEAK control_stylebox bg_source=base border_source=base path=/root/@EditorNode@18065/@Panel@14/@Control@40/TileSet/@VBoxContainer@16837/Tiles/@VBoxContainer@17125/@TileSetAtlasSourceEditor@17258/@VBoxContainer@17178/@VBoxContainer@17194/@TileAtlasView@17219/@Button@17200 class=Button variation= type=Button slot=pressed_mirrored bg=ff40ffff border=ff40ffff
LEAK control_stylebox bg_source=base border_source=base path=/root/@EditorNode@18065/@Panel@14/@Control@40/TileSet/@VBoxContainer@16837/Tiles/@VBoxContainer@17125/@TileSetAtlasSourceEditor@17258/@VBoxContainer@17178/@VBoxContainer@17194/@TileAtlasView@17219/@EditorZoomWidget@17199/@Button@17196 class=Button variation= type=Button slot=disabled_mirrored bg=ff40ffff border=ff40ffff
LEAK control_stylebox bg_source=base border_source=base path=/root/@EditorNode@18065/@Panel@14/@Control@40/TileSet/@VBoxContainer@16837/Tiles/@VBoxContainer@17125/@TileSetAtlasSourceEditor@17258/@VBoxContainer@17178/@VBoxContainer@17194/@TileAtlasView@17219/@EditorZoomWidget@17199/@Button@17196 class=Button variation= type=Button slot=hover_mirrored bg=ff40ffff border=ff40ffff
LEAK control_stylebox bg_source=base border_source=base path=/root/@EditorNode@18065/@Panel@14/@Control@40/TileSet/@VBoxContainer@16837/Tiles/@VBoxContainer@17125/@TileSetAtlasSourceEditor@17258/@VBoxContainer@17178/@VBoxContainer@17194/@TileAtlasView@17219/@EditorZoomWidget@17199/@Button@17196 class=Button variation= type=Button slot=hover_pressed_mirrored bg=ff40ffff border=ff40ffff
LEAK control_stylebox bg_source=base border_source=base path=/root/@EditorNode@18065/@Panel@14/@Control@40/TileSet/@VBoxContainer@16837/Tiles/@VBoxContainer@17125/@TileSetAtlasSourceEditor@17258/@VBoxContainer@17178/@VBoxContainer@17194/@TileAtlasView@17219/@EditorZoomWidget@17199/@Button@17196 class=Button variation= type=Button slot=normal_mirrored bg=ff26ffff border=ff40ffff
LEAK control_stylebox bg_source=base border_source=base path=/root/@EditorNode@18065/@Panel@14/@Control@40/TileSet/@VBoxContainer@16837/Tiles/@VBoxContainer@17125/@TileSetAtlasSourceEditor@17258/@VBoxContainer@17178/@VBoxContainer@17194/@TileAtlasView@17219/@EditorZoomWidget@17199/@Button@17196 class=Button variation= type=Button slot=pressed_mirrored bg=ff40ffff border=ff40ffff
LEAK control_stylebox bg_source=base border_source=base path=/root/@EditorNode@18065/@Panel@14/@Control@40/TileSet/@VBoxContainer@16837/Tiles/@VBoxContainer@17125/@TileSetAtlasSourceEditor@17258/@VBoxContainer@17178/@VBoxContainer@17194/@TileAtlasView@17219/@EditorZoomWidget@17199/@Button@17197 class=Button variation= type=Button slot=disabled_mirrored bg=ff40ffff border=ff40ffff
LEAK control_stylebox bg_source=base border_source=base path=/root/@EditorNode@18065/@Panel@14/@Control@40/TileSet/@VBoxContainer@16837/Tiles/@VBoxContainer@17125/@TileSetAtlasSourceEditor@17258/@VBoxContainer@17178/@VBoxContainer@17194/@TileAtlasView@17219/@EditorZoomWidget@17199/@Button@17197 class=Button variation= type=Button slot=hover_mirrored bg=ff40ffff border=ff40ffff
LEAK control_stylebox bg_source=base border_source=base path=/root/@EditorNode@18065/@Panel@14/@Control@40/TileSet/@VBoxContainer@16837/Tiles/@VBoxContainer@17125/@TileSetAtlasSourceEditor@17258/@VBoxContainer@17178/@VBoxContainer@17194/@TileAtlasView@17219/@EditorZoomWidget@17199/@Button@17197 class=Button variation= type=Button slot=hover_pressed_mirrored bg=ff40ffff border=ff40ffff
LEAK control_stylebox bg_source=base border_source=base path=/root/@EditorNode@18065/@Panel@14/@Control@40/TileSet/@VBoxContainer@16837/Tiles/@VBoxContainer@17125/@TileSetAtlasSourceEditor@17258/@VBoxContainer@17178/@VBoxContainer@17194/@TileAtlasView@17219/@EditorZoomWidget@17199/@Button@17197 class=Button variation= type=Button slot=normal_mirrored bg=ff26ffff border=ff40ffff
LEAK control_stylebox bg_source=base border_source=base path=/root/@EditorNode@18065/@Panel@14/@Control@40/TileSet/@VBoxContainer@16837/Tiles/@VBoxContainer@17125/@TileSetAtlasSourceEditor@17258/@VBoxContainer@17178/@VBoxContainer@17194/@TileAtlasView@17219/@EditorZoomWidget@17199/@Button@17197 class=Button variation= type=Button slot=pressed_mirrored bg=ff40ffff border=ff40ffff
LEAK control_stylebox bg_source=base border_source=base path=/root/@EditorNode@18065/@Panel@14/@Control@40/TileSet/@VBoxContainer@16837/Tiles/@VBoxContainer@17125/@TileSetAtlasSourceEditor@17258/@VBoxContainer@17178/@VBoxContainer@17194/@TileAtlasView@17219/@EditorZoomWidget@17199/@Button@17198 class=Button variation= type=Button slot=disabled_mirrored bg=ff40ffff border=ff40ffff
LEAK control_stylebox bg_source=base border_source=base path=/root/@EditorNode@18065/@Panel@14/@Control@40/TileSet/@VBoxContainer@16837/Tiles/@VBoxContainer@17125/@TileSetAtlasSourceEditor@17258/@VBoxContainer@17178/@VBoxContainer@17194/@TileAtlasView@17219/@EditorZoomWidget@17199/@Button@17198 class=Button variation= type=Button slot=hover_mirrored bg=ff40ffff border=ff40ffff
LEAK control_stylebox bg_source=base border_source=base path=/root/@EditorNode@18065/@Panel@14/@Control@40/TileSet/@VBoxContainer@16837/Tiles/@VBoxContainer@17125/@TileSetAtlasSourceEditor@17258/@VBoxContainer@17178/@VBoxContainer@17194/@TileAtlasView@17219/@EditorZoomWidget@17199/@Button@17198 class=Button variation= type=Button slot=hover_pressed_mirrored bg=ff40ffff border=ff40ffff
LEAK control_stylebox bg_source=base border_source=base path=/root/@EditorNode@18065/@Panel@14/@Control@40/TileSet/@VBoxContainer@16837/Tiles/@VBoxContainer@17125/@TileSetAtlasSourceEditor@17258/@VBoxContainer@17178/@VBoxContainer@17194/@TileAtlasView@17219/@EditorZoomWidget@17199/@Button@17198 class=Button variation= type=Button slot=normal_mirrored bg=ff26ffff border=ff40ffff
LEAK control_stylebox bg_source=base border_source=base path=/root/@EditorNode@18065/@Panel@14/@Control@40/TileSet/@VBoxContainer@16837/Tiles/@VBoxContainer@17125/@TileSetAtlasSourceEditor@17258/@VBoxContainer@17178/@VBoxContainer@17194/@TileAtlasView@17219/@EditorZoomWidget@17199/@Button@17198 class=Button variation= type=Button slot=pressed_mirrored bg=ff40ffff border=ff40ffff
LEAK control_stylebox bg_source=base border_source=base path=/root/@EditorNode@18065/@Panel@14/@Control@40/TileSet/@VBoxContainer@16837/Tiles/@VBoxContainer@17125/@TileSetScenesCollectionSourceEditor@17296/@HSplitContainer@17260/@ScrollContainer@17263/@VBoxContainer@17264/@EditorInspector@17276/@VBoxContainer@17268/@VBoxContainer@17275/@VBoxContainer@18430/@EditorProperty@18436/@HBoxContainer@18435/@Button@18434 class=Button variation= type=Button slot=disabled_mirrored bg=ff40ffff border=ff40ffff
LEAK control_stylebox bg_source=base border_source=base path=/root/@EditorNode@18065/@Panel@14/@Control@40/TileSet/@VBoxContainer@16837/Tiles/@VBoxContainer@17125/@TileSetScenesCollectionSourceEditor@17296/@HSplitContainer@17260/@ScrollContainer@17263/@VBoxContainer@17264/@EditorInspector@17276/@VBoxContainer@17268/@VBoxContainer@17275/@VBoxContainer@18430/@EditorProperty@18436/@HBoxContainer@18435/@Button@18434 class=Button variation= type=Button slot=hover_mirrored bg=ff40ffff border=ff40ffff
LEAK control_stylebox bg_source=base border_source=base path=/root/@EditorNode@18065/@Panel@14/@Control@40/TileSet/@VBoxContainer@16837/Tiles/@VBoxContainer@17125/@TileSetScenesCollectionSourceEditor@17296/@HSplitContainer@17260/@ScrollContainer@17263/@VBoxContainer@17264/@EditorInspector@17276/@VBoxContainer@17268/@VBoxContainer@17275/@VBoxContainer@18430/@EditorProperty@18436/@HBoxContainer@18435/@Button@18434 class=Button variation= type=Button slot=hover_pressed_mirrored bg=ff40ffff border=ff40ffff
LEAK control_stylebox bg_source=base border_source=base path=/root/@EditorNode@18065/@Panel@14/@Control@40/TileSet/@VBoxContainer@16837/Tiles/@VBoxContainer@17125/@TileSetScenesCollectionSourceEditor@17296/@HSplitContainer@17260/@ScrollContainer@17263/@VBoxContainer@17264/@EditorInspector@17276/@VBoxContainer@17268/@VBoxContainer@17275/@VBoxContainer@18430/@EditorProperty@18436/@HBoxContainer@18435/@Button@18434 class=Button variation= type=Button slot=normal_mirrored bg=ff26ffff border=ff40ffff
LEAK control_stylebox bg_source=base border_source=base path=/root/@EditorNode@18065/@Panel@14/@Control@40/TileSet/@VBoxContainer@16837/Tiles/@VBoxContainer@17125/@TileSetScenesCollectionSourceEditor@17296/@HSplitContainer@17260/@ScrollContainer@17263/@VBoxContainer@17264/@EditorInspector@17276/@VBoxContainer@17268/@VBoxContainer@17275/@VBoxContainer@18430/@EditorProperty@18436/@HBoxContainer@18435/@Button@18434 class=Button variation= type=Button slot=pressed_mirrored bg=ff40ffff border=ff40ffff
LEAK control_stylebox bg_source=base border_source=base path=/root/@EditorNode@18065/@Panel@14/@VBoxContainer@15/@EditorTitleBar@16/@EditorRunBar@4787/@HBoxContainer@4739/@Button@4740 class=Button variation=ProfilerAutostartIndicator type=Button slot=disabled_mirrored bg=ff40ffff border=ff40ffff
LEAK control_stylebox bg_source=base border_source=base path=/root/@EditorNode@18065/@Panel@14/@VBoxContainer@15/@EditorTitleBar@16/@EditorRunBar@4787/@HBoxContainer@4739/@Button@4740 class=Button variation=ProfilerAutostartIndicator type=Button slot=hover_mirrored bg=ff40ffff border=ff40ffff
LEAK control_stylebox bg_source=base border_source=base path=/root/@EditorNode@18065/@Panel@14/@VBoxContainer@15/@EditorTitleBar@16/@EditorRunBar@4787/@HBoxContainer@4739/@Button@4740 class=Button variation=ProfilerAutostartIndicator type=Button slot=hover_pressed_mirrored bg=ff40ffff border=ff40ffff
LEAK control_stylebox bg_source=base border_source=base path=/root/@EditorNode@18065/@Panel@14/@VBoxContainer@15/@EditorTitleBar@16/@EditorRunBar@4787/@HBoxContainer@4739/@Button@4740 class=Button variation=ProfilerAutostartIndicator type=Button slot=normal_mirrored bg=ff26ffff border=ff40ffff
LEAK control_stylebox bg_source=base border_source=base path=/root/@EditorNode@18065/@Panel@14/@VBoxContainer@15/@EditorTitleBar@16/@EditorRunBar@4787/@HBoxContainer@4739/@Button@4740 class=Button variation=ProfilerAutostartIndicator type=Button slot=pressed_mirrored bg=ff40ffff border=ff40ffff
LEAK control_stylebox bg_source=base border_source=base path=/root/@EditorNode@18065/@Panel@14/@VBoxContainer@15/@EditorTitleBar@16/@EditorRunBar@4787/@HBoxContainer@4739/@PanelContainer@4741/@HBoxContainer@4742/@Button@4743 class=Button variation=RunBarButton type=Button slot=disabled_mirrored bg=ff40ffff border=ff40ffff
LEAK control_stylebox bg_source=base border_source=base path=/root/@EditorNode@18065/@Panel@14/@VBoxContainer@15/@EditorTitleBar@16/@EditorRunBar@4787/@HBoxContainer@4739/@PanelContainer@4741/@HBoxContainer@4742/@Button@4743 class=Button variation=RunBarButton type=Button slot=hover_mirrored bg=ff40ffff border=ff40ffff
LEAK control_stylebox bg_source=base border_source=base path=/root/@EditorNode@18065/@Panel@14/@VBoxContainer@15/@EditorTitleBar@16/@EditorRunBar@4787/@HBoxContainer@4739/@PanelContainer@4741/@HBoxContainer@4742/@Button@4743 class=Button variation=RunBarButton type=Button slot=hover_pressed_mirrored bg=ff40ffff border=ff40ffff
LEAK control_stylebox bg_source=base border_source=base path=/root/@EditorNode@18065/@Panel@14/@VBoxContainer@15/@EditorTitleBar@16/@EditorRunBar@4787/@HBoxContainer@4739/@PanelContainer@4741/@HBoxContainer@4742/@Button@4743 class=Button variation=RunBarButton type=Button slot=normal_mirrored bg=ff26ffff border=ff40ffff
LEAK control_stylebox bg_source=base border_source=base path=/root/@EditorNode@18065/@Panel@14/@VBoxContainer@15/@EditorTitleBar@16/@EditorRunBar@4787/@HBoxContainer@4739/@PanelContainer@4741/@HBoxContainer@4742/@Button@4743 class=Button variation=RunBarButton type=Button slot=pressed_mirrored bg=ff40ffff border=ff40ffff
LEAK control_stylebox bg_source=base border_source=base path=/root/@EditorNode@18065/@Panel@14/@VBoxContainer@15/@EditorTitleBar@16/@EditorRunBar@4787/@HBoxContainer@4739/@PanelContainer@4741/@HBoxContainer@4742/@Button@4744 class=Button variation=RunBarButton type=Button slot=disabled_mirrored bg=ff40ffff border=ff40ffff
LEAK control_stylebox bg_source=base border_source=base path=/root/@EditorNode@18065/@Panel@14/@VBoxContainer@15/@EditorTitleBar@16/@EditorRunBar@4787/@HBoxContainer@4739/@PanelContainer@4741/@HBoxContainer@4742/@Button@4744 class=Button variation=RunBarButton type=Button slot=hover_mirrored bg=ff40ffff border=ff40ffff
LEAK control_stylebox bg_source=base border_source=base path=/root/@EditorNode@18065/@Panel@14/@VBoxContainer@15/@EditorTitleBar@16/@EditorRunBar@4787/@HBoxContainer@4739/@PanelContainer@4741/@HBoxContainer@4742/@Button@4744 class=Button variation=RunBarButton type=Button slot=hover_pressed_mirrored bg=ff40ffff border=ff40ffff
LEAK control_stylebox bg_source=base border_source=base path=/root/@EditorNode@18065/@Panel@14/@VBoxContainer@15/@EditorTitleBar@16/@EditorRunBar@4787/@HBoxContainer@4739/@PanelContainer@4741/@HBoxContainer@4742/@Button@4744 class=Button variation=RunBarButton type=Button slot=normal_mirrored bg=ff26ffff border=ff40ffff
LEAK control_stylebox bg_source=base border_source=base path=/root/@EditorNode@18065/@Panel@14/@VBoxContainer@15/@EditorTitleBar@16/@EditorRunBar@4787/@HBoxContainer@4739/@PanelContainer@4741/@HBoxContainer@4742/@Button@4744 class=Button variation=RunBarButton type=Button slot=pressed_mirrored bg=ff40ffff border=ff40ffff
LEAK control_stylebox bg_source=base border_source=base path=/root/@EditorNode@18065/@Panel@14/@VBoxContainer@15/@EditorTitleBar@16/@EditorRunBar@4787/@HBoxContainer@4739/@PanelContainer@4741/@HBoxContainer@4742/@Button@4745 class=Button variation=RunBarButton type=Button slot=disabled_mirrored bg=ff40ffff border=ff40ffff
LEAK control_stylebox bg_source=base border_source=base path=/root/@EditorNode@18065/@Panel@14/@VBoxContainer@15/@EditorTitleBar@16/@EditorRunBar@4787/@HBoxContainer@4739/@PanelContainer@4741/@HBoxContainer@4742/@Button@4745 class=Button variation=RunBarButton type=Button slot=hover_mirrored bg=ff40ffff border=ff40ffff
LEAK control_stylebox bg_source=base border_source=base path=/root/@EditorNode@18065/@Panel@14/@VBoxContainer@15/@EditorTitleBar@16/@EditorRunBar@4787/@HBoxContainer@4739/@PanelContainer@4741/@HBoxContainer@4742/@Button@4745 class=Button variation=RunBarButton type=Button slot=hover_pressed_mirrored bg=ff40ffff border=ff40ffff
LEAK control_stylebox bg_source=base border_source=base path=/root/@EditorNode@18065/@Panel@14/@VBoxContainer@15/@EditorTitleBar@16/@EditorRunBar@4787/@HBoxContainer@4739/@PanelContainer@4741/@HBoxContainer@4742/@Button@4745 class=Button variation=RunBarButton type=Button slot=normal_mirrored bg=ff26ffff border=ff40ffff
LEAK control_stylebox bg_source=base border_source=base path=/root/@EditorNode@18065/@Panel@14/@VBoxContainer@15/@EditorTitleBar@16/@EditorRunBar@4787/@HBoxContainer@4739/@PanelContainer@4741/@HBoxContainer@4742/@Button@4745 class=Button variation=RunBarButton type=Button slot=pressed_mirrored bg=ff40ffff border=ff40ffff
LEAK control_stylebox bg_source=base border_source=base path=/root/@EditorNode@18065/@Panel@14/@VBoxContainer@15/@EditorTitleBar@16/@EditorRunBar@4787/@HBoxContainer@4739/@PanelContainer@4741/@HBoxContainer@4742/@Button@4775 class=Button variation=RunBarButton type=Button slot=disabled_mirrored bg=ff40ffff border=ff40ffff
LEAK control_stylebox bg_source=base border_source=base path=/root/@EditorNode@18065/@Panel@14/@VBoxContainer@15/@EditorTitleBar@16/@EditorRunBar@4787/@HBoxContainer@4739/@PanelContainer@4741/@HBoxContainer@4742/@Button@4775 class=Button variation=RunBarButton type=Button slot=hover_mirrored bg=ff40ffff border=ff40ffff
LEAK control_stylebox bg_source=base border_source=base path=/root/@EditorNode@18065/@Panel@14/@VBoxContainer@15/@EditorTitleBar@16/@EditorRunBar@4787/@HBoxContainer@4739/@PanelContainer@4741/@HBoxContainer@4742/@Button@4775 class=Button variation=RunBarButton type=Button slot=hover_pressed_mirrored bg=ff40ffff border=ff40ffff
LEAK control_stylebox bg_source=base border_source=base path=/root/@EditorNode@18065/@Panel@14/@VBoxContainer@15/@EditorTitleBar@16/@EditorRunBar@4787/@HBoxContainer@4739/@PanelContainer@4741/@HBoxContainer@4742/@Button@4775 class=Button variation=RunBarButton type=Button slot=normal_mirrored bg=ff26ffff border=ff40ffff
LEAK control_stylebox bg_source=base border_source=base path=/root/@EditorNode@18065/@Panel@14/@VBoxContainer@15/@EditorTitleBar@16/@EditorRunBar@4787/@HBoxContainer@4739/@PanelContainer@4741/@HBoxContainer@4742/@Button@4775 class=Button variation=RunBarButton type=Button slot=pressed_mirrored bg=ff40ffff border=ff40ffff
LEAK control_stylebox bg_source=base border_source=base path=/root/@EditorNode@18065/@Panel@14/@VBoxContainer@15/@EditorTitleBar@16/@EditorRunBar@4787/@HBoxContainer@4739/@PanelContainer@4741/@HBoxContainer@4742/@Button@4776 class=Button variation=RunBarButton type=Button slot=disabled_mirrored bg=ff40ffff border=ff40ffff
LEAK control_stylebox bg_source=base border_source=base path=/root/@EditorNode@18065/@Panel@14/@VBoxContainer@15/@EditorTitleBar@16/@EditorRunBar@4787/@HBoxContainer@4739/@PanelContainer@4741/@HBoxContainer@4742/@Button@4776 class=Button variation=RunBarButton type=Button slot=hover_mirrored bg=ff40ffff border=ff40ffff
LEAK control_stylebox bg_source=base border_source=base path=/root/@EditorNode@18065/@Panel@14/@VBoxContainer@15/@EditorTitleBar@16/@EditorRunBar@4787/@HBoxContainer@4739/@PanelContainer@4741/@HBoxContainer@4742/@Button@4776 class=Button variation=RunBarButton type=Button slot=hover_pressed_mirrored bg=ff40ffff border=ff40ffff
LEAK control_stylebox bg_source=base border_source=base path=/root/@EditorNode@18065/@Panel@14/@VBoxContainer@15/@EditorTitleBar@16/@EditorRunBar@4787/@HBoxContainer@4739/@PanelContainer@4741/@HBoxContainer@4742/@Button@4776 class=Button variation=RunBarButton type=Button slot=normal_mirrored bg=ff26ffff border=ff40ffff
LEAK control_stylebox bg_source=base border_source=base path=/root/@EditorNode@18065/@Panel@14/@VBoxContainer@15/@EditorTitleBar@16/@EditorRunBar@4787/@HBoxContainer@4739/@PanelContainer@4741/@HBoxContainer@4742/@Button@4776 class=Button variation=RunBarButton type=Button slot=pressed_mirrored bg=ff40ffff border=ff40ffff
LEAK control_stylebox bg_source=base border_source=base path=/root/@EditorNode@18065/@Panel@14/@VBoxContainer@15/@EditorTitleBar@16/EditorMainScreenButtons/2D class=Button variation=MainScreenButton type=Button slot=disabled_mirrored bg=ff40ffff border=ff40ffff
LEAK control_stylebox bg_source=base border_source=base path=/root/@EditorNode@18065/@Panel@14/@VBoxContainer@15/@EditorTitleBar@16/EditorMainScreenButtons/3D class=Button variation=MainScreenButton type=Button slot=disabled_mirrored bg=ff40ffff border=ff40ffff
LEAK control_stylebox bg_source=base border_source=base path=/root/@EditorNode@18065/@Panel@14/@VBoxContainer@15/@EditorTitleBar@16/EditorMainScreenButtons/AssetLib class=Button variation=MainScreenButton type=Button slot=disabled_mirrored bg=ff40ffff border=ff40ffff
LEAK control_stylebox bg_source=base border_source=base path=/root/@EditorNode@18065/@Panel@14/@VBoxContainer@15/@EditorTitleBar@16/EditorMainScreenButtons/Game class=Button variation=MainScreenButton type=Button slot=disabled_mirrored bg=ff40ffff border=ff40ffff
LEAK control_stylebox bg_source=base border_source=base path=/root/@EditorNode@18065/@Panel@14/@VBoxContainer@15/@EditorTitleBar@16/EditorMainScreenButtons/Script class=Button variation=MainScreenButton type=Button slot=disabled_mirrored bg=ff40ffff border=ff40ffff
LEAK control_stylebox bg_source=base border_source=base path=/root/@EditorNode@18065/@Panel@14/@VBoxContainer@15/DockHSplitMain/@VBoxContainer@28/DockVSplitCenter/@EditorBottomPanel@7422/Animation/@VBoxContainer@11222/@AnimationTrackEditor@11989/@HFlowContainer@11442/@Button@11443 class=Button variation= type=Button slot=disabled_mirrored bg=ff40ffff border=ff40ffff
LEAK control_stylebox bg_source=base border_source=base path=/root/@EditorNode@18065/@Panel@14/@VBoxContainer@15/DockHSplitMain/@VBoxContainer@28/DockVSplitCenter/@EditorBottomPanel@7422/Animation/@VBoxContainer@11222/@AnimationTrackEditor@11989/@HFlowContainer@11442/@Button@11443 class=Button variation= type=Button slot=hover_mirrored bg=ff40ffff border=ff40ffff
LEAK control_stylebox bg_source=base border_source=base path=/root/@EditorNode@18065/@Panel@14/@VBoxContainer@15/DockHSplitMain/@VBoxContainer@28/DockVSplitCenter/@EditorBottomPanel@7422/Animation/@VBoxContainer@11222/@AnimationTrackEditor@11989/@HFlowContainer@11442/@Button@11443 class=Button variation= type=Button slot=hover_pressed_mirrored bg=ff40ffff border=ff40ffff
LEAK control_stylebox bg_source=base border_source=base path=/root/@EditorNode@18065/@Panel@14/@VBoxContainer@15/DockHSplitMain/@VBoxContainer@28/DockVSplitCenter/@EditorBottomPanel@7422/Animation/@VBoxContainer@11222/@AnimationTrackEditor@11989/@HFlowContainer@11442/@Button@11443 class=Button variation= type=Button slot=normal_mirrored bg=ff26ffff border=ff40ffff
LEAK control_stylebox bg_source=base border_source=base path=/root/@EditorNode@18065/@Panel@14/@VBoxContainer@15/DockHSplitMain/@VBoxContainer@28/DockVSplitCenter/@EditorBottomPanel@7422/Animation/@VBoxContainer@11222/@AnimationTrackEditor@11989/@HFlowContainer@11442/@Button@11443 class=Button variation= type=Button slot=pressed_mirrored bg=ff40ffff border=ff40ffff
LEAK control_stylebox bg_source=base border_source=base path=/root/@EditorNode@18065/@Panel@14/@VBoxContainer@15/DockHSplitMain/@VBoxContainer@28/DockVSplitCenter/@EditorBottomPanel@7422/Animation/@VBoxContainer@11222/@AnimationTrackEditor@11989/@HFlowContainer@11442/@Button@11444 class=Button variation= type=Button slot=disabled_mirrored bg=ff40ffff border=ff40ffff
LEAK control_stylebox bg_source=base border_source=base path=/root/@EditorNode@18065/@Panel@14/@VBoxContainer@15/DockHSplitMain/@VBoxContainer@28/DockVSplitCenter/@EditorBottomPanel@7422/Animation/@VBoxContainer@11222/@AnimationTrackEditor@11989/@HFlowContainer@11442/@Button@11444 class=Button variation= type=Button slot=hover_mirrored bg=ff40ffff border=ff40ffff
LEAK control_stylebox bg_source=base border_source=base path=/root/@EditorNode@18065/@Panel@14/@VBoxContainer@15/DockHSplitMain/@VBoxContainer@28/DockVSplitCenter/@EditorBottomPanel@7422/Animation/@VBoxContainer@11222/@AnimationTrackEditor@11989/@HFlowContainer@11442/@Button@11444 class=Button variation= type=Button slot=hover_pressed_mirrored bg=ff40ffff border=ff40ffff
LEAK control_stylebox bg_source=base border_source=base path=/root/@EditorNode@18065/@Panel@14/@VBoxContainer@15/DockHSplitMain/@VBoxContainer@28/DockVSplitCenter/@EditorBottomPanel@7422/Animation/@VBoxContainer@11222/@AnimationTrackEditor@11989/@HFlowContainer@11442/@Button@11444 class=Button variation= type=Button slot=normal_mirrored bg=ff26ffff border=ff40ffff
LEAK control_stylebox bg_source=base border_source=base path=/root/@EditorNode@18065/@Panel@14/@VBoxContainer@15/DockHSplitMain/@VBoxContainer@28/DockVSplitCenter/@EditorBottomPanel@7422/Animation/@VBoxContainer@11222/@AnimationTrackEditor@11989/@HFlowContainer@11442/@Button@11444 class=Button variation= type=Button slot=pressed_mirrored bg=ff40ffff border=ff40ffff
LEAK control_stylebox bg_source=base border_source=base path=/root/@EditorNode@18065/@Panel@14/@VBoxContainer@15/DockHSplitMain/@VBoxContainer@28/DockVSplitCenter/@EditorBottomPanel@7422/Animation/@VBoxContainer@11222/@AnimationTrackEditor@11989/@HFlowContainer@11442/@Button@11445 class=Button variation= type=Button slot=disabled_mirrored bg=ff40ffff border=ff40ffff
LEAK control_stylebox bg_source=base border_source=base path=/root/@EditorNode@18065/@Panel@14/@VBoxContainer@15/DockHSplitMain/@VBoxContainer@28/DockVSplitCenter/@EditorBottomPanel@7422/Animation/@VBoxContainer@11222/@AnimationTrackEditor@11989/@HFlowContainer@11442/@Button@11445 class=Button variation= type=Button slot=hover_mirrored bg=ff40ffff border=ff40ffff
LEAK control_stylebox bg_source=base border_source=base path=/root/@EditorNode@18065/@Panel@14/@VBoxContainer@15/DockHSplitMain/@VBoxContainer@28/DockVSplitCenter/@EditorBottomPanel@7422/Animation/@VBoxContainer@11222/@AnimationTrackEditor@11989/@HFlowContainer@11442/@Button@11445 class=Button variation= type=Button slot=hover_pressed_mirrored bg=ff40ffff border=ff40ffff
LEAK control_stylebox bg_source=base border_source=base path=/root/@EditorNode@18065/@Panel@14/@VBoxContainer@15/DockHSplitMain/@VBoxContainer@28/DockVSplitCenter/@EditorBottomPanel@7422/Animation/@VBoxContainer@11222/@AnimationTrackEditor@11989/@HFlowContainer@11442/@Button@11445 class=Button variation= type=Button slot=normal_mirrored bg=ff26ffff border=ff40ffff
LEAK control_stylebox bg_source=base border_source=base path=/root/@EditorNode@18065/@Panel@14/@VBoxContainer@15/DockHSplitMain/@VBoxContainer@28/DockVSplitCenter/@EditorBottomPanel@7422/Animation/@VBoxContainer@11222/@AnimationTrackEditor@11989/@HFlowContainer@11442/@Button@11445 class=Button variation= type=Button slot=pressed_mirrored bg=ff40ffff border=ff40ffff
LEAK control_stylebox bg_source=base border_source=base path=/root/@EditorNode@18065/@Panel@14/@VBoxContainer@15/DockHSplitMain/@VBoxContainer@28/DockVSplitCenter/@EditorBottomPanel@7422/Animation/@VBoxContainer@11222/@AnimationTrackEditor@11989/@HFlowContainer@11442/@Button@11457 class=Button variation= type=Button slot=disabled_mirrored bg=ff40ffff border=ff40ffff
LEAK control_stylebox bg_source=base border_source=base path=/root/@EditorNode@18065/@Panel@14/@VBoxContainer@15/DockHSplitMain/@VBoxContainer@28/DockVSplitCenter/@EditorBottomPanel@7422/Animation/@VBoxContainer@11222/@AnimationTrackEditor@11989/@HFlowContainer@11442/@Button@11457 class=Button variation= type=Button slot=hover_mirrored bg=ff40ffff border=ff40ffff
LEAK control_stylebox bg_source=base border_source=base path=/root/@EditorNode@18065/@Panel@14/@VBoxContainer@15/DockHSplitMain/@VBoxContainer@28/DockVSplitCenter/@EditorBottomPanel@7422/Animation/@VBoxContainer@11222/@AnimationTrackEditor@11989/@HFlowContainer@11442/@Button@11457 class=Button variation= type=Button slot=hover_pressed_mirrored bg=ff40ffff border=ff40ffff
LEAK control_stylebox bg_source=base border_source=base path=/root/@EditorNode@18065/@Panel@14/@VBoxContainer@15/DockHSplitMain/@VBoxContainer@28/DockVSplitCenter/@EditorBottomPanel@7422/Animation/@VBoxContainer@11222/@AnimationTrackEditor@11989/@HFlowContainer@11442/@Button@11457 class=Button variation= type=Button slot=normal_mirrored bg=ff26ffff border=ff40ffff
LEAK control_stylebox bg_source=base border_source=base path=/root/@EditorNode@18065/@Panel@14/@VBoxContainer@15/DockHSplitMain/@VBoxContainer@28/DockVSplitCenter/@EditorBottomPanel@7422/Animation/@VBoxContainer@11222/@AnimationTrackEditor@11989/@HFlowContainer@11442/@Button@11457 class=Button variation= type=Button slot=pressed_mirrored bg=ff40ffff border=ff40ffff
LEAK control_stylebox bg_source=base border_source=base path=/root/@EditorNode@18065/@Panel@14/@VBoxContainer@15/DockHSplitMain/@VBoxContainer@28/DockVSplitCenter/@EditorBottomPanel@7422/Animation/@VBoxContainer@11222/@AnimationTrackEditor@11989/@HFlowContainer@11442/@Button@11458 class=Button variation= type=Button slot=disabled_mirrored bg=ff40ffff border=ff40ffff
LEAK control_stylebox bg_source=base border_source=base path=/root/@EditorNode@18065/@Panel@14/@VBoxContainer@15/DockHSplitMain/@VBoxContainer@28/DockVSplitCenter/@EditorBottomPanel@7422/Animation/@VBoxContainer@11222/@AnimationTrackEditor@11989/@HFlowContainer@11442/@Button@11458 class=Button variation= type=Button slot=hover_mirrored bg=ff40ffff border=ff40ffff
LEAK control_stylebox bg_source=base border_source=base path=/root/@EditorNode@18065/@Panel@14/@VBoxContainer@15/DockHSplitMain/@VBoxContainer@28/DockVSplitCenter/@EditorBottomPanel@7422/Animation/@VBoxContainer@11222/@AnimationTrackEditor@11989/@HFlowContainer@11442/@Button@11458 class=Button variation= type=Button slot=hover_pressed_mirrored bg=ff40ffff border=ff40ffff
LEAK control_stylebox bg_source=base border_source=base path=/root/@EditorNode@18065/@Panel@14/@VBoxContainer@15/DockHSplitMain/@VBoxContainer@28/DockVSplitCenter/@EditorBottomPanel@7422/Animation/@VBoxContainer@11222/@AnimationTrackEditor@11989/@HFlowContainer@11442/@Button@11458 class=Button variation= type=Button slot=normal_mirrored bg=ff26ffff border=ff40ffff
LEAK control_stylebox bg_source=base border_source=base path=/root/@EditorNode@18065/@Panel@14/@VBoxContainer@15/DockHSplitMain/@VBoxContainer@28/DockVSplitCenter/@EditorBottomPanel@7422/Animation/@VBoxContainer@11222/@AnimationTrackEditor@11989/@HFlowContainer@11442/@Button@11458 class=Button variation= type=Button slot=pressed_mirrored bg=ff40ffff border=ff40ffff
LEAK control_stylebox bg_source=base border_source=base path=/root/@EditorNode@18065/@Panel@14/@VBoxContainer@15/DockHSplitMain/@VBoxContainer@28/DockVSplitCenter/@EditorBottomPanel@7422/Animation/@VBoxContainer@11222/@AnimationTrackEditor@11989/@HFlowContainer@11442/@Button@11459 class=Button variation= type=Button slot=disabled_mirrored bg=ff40ffff border=ff40ffff
LEAK control_stylebox bg_source=base border_source=base path=/root/@EditorNode@18065/@Panel@14/@VBoxContainer@15/DockHSplitMain/@VBoxContainer@28/DockVSplitCenter/@EditorBottomPanel@7422/Animation/@VBoxContainer@11222/@AnimationTrackEditor@11989/@HFlowContainer@11442/@Button@11459 class=Button variation= type=Button slot=hover_mirrored bg=ff40ffff border=ff40ffff
LEAK control_stylebox bg_source=base border_source=base path=/root/@EditorNode@18065/@Panel@14/@VBoxContainer@15/DockHSplitMain/@VBoxContainer@28/DockVSplitCenter/@EditorBottomPanel@7422/Animation/@VBoxContainer@11222/@AnimationTrackEditor@11989/@HFlowContainer@11442/@Button@11459 class=Button variation= type=Button slot=hover_pressed_mirrored bg=ff40ffff border=ff40ffff
LEAK control_stylebox bg_source=base border_source=base path=/root/@EditorNode@18065/@Panel@14/@VBoxContainer@15/DockHSplitMain/@VBoxContainer@28/DockVSplitCenter/@EditorBottomPanel@7422/Animation/@VBoxContainer@11222/@AnimationTrackEditor@11989/@HFlowContainer@11442/@Button@11459 class=Button variation= type=Button slot=normal_mirrored bg=ff26ffff border=ff40ffff
LEAK control_stylebox bg_source=base border_source=base path=/root/@EditorNode@18065/@Panel@14/@VBoxContainer@15/DockHSplitMain/@VBoxContainer@28/DockVSplitCenter/@EditorBottomPanel@7422/Animation/@VBoxContainer@11222/@AnimationTrackEditor@11989/@HFlowContainer@11442/@Button@11459 class=Button variation= type=Button slot=pressed_mirrored bg=ff40ffff border=ff40ffff
LEAK control_stylebox bg_source=base border_source=base path=/root/@EditorNode@18065/@Panel@14/@VBoxContainer@15/DockHSplitMain/@VBoxContainer@28/DockVSplitCenter/@EditorBottomPanel@7422/Animation/@VBoxContainer@11222/@AnimationTrackEditor@11989/@HFlowContainer@11442/@Button@11460 class=Button variation= type=Button slot=disabled_mirrored bg=ff40ffff border=ff40ffff
LEAK control_stylebox bg_source=base border_source=base path=/root/@EditorNode@18065/@Panel@14/@VBoxContainer@15/DockHSplitMain/@VBoxContainer@28/DockVSplitCenter/@EditorBottomPanel@7422/Animation/@VBoxContainer@11222/@AnimationTrackEditor@11989/@HFlowContainer@11442/@Button@11460 class=Button variation= type=Button slot=hover_mirrored bg=ff40ffff border=ff40ffff
LEAK control_stylebox bg_source=base border_source=base path=/root/@EditorNode@18065/@Panel@14/@VBoxContainer@15/DockHSplitMain/@VBoxContainer@28/DockVSplitCenter/@EditorBottomPanel@7422/Animation/@VBoxContainer@11222/@AnimationTrackEditor@11989/@HFlowContainer@11442/@Button@11460 class=Button variation= type=Button slot=hover_pressed_mirrored bg=ff40ffff border=ff40ffff
LEAK control_stylebox bg_source=base border_source=base path=/root/@EditorNode@18065/@Panel@14/@VBoxContainer@15/DockHSplitMain/@VBoxContainer@28/DockVSplitCenter/@EditorBottomPanel@7422/Animation/@VBoxContainer@11222/@AnimationTrackEditor@11989/@HFlowContainer@11442/@Button@11460 class=Button variation= type=Button slot=normal_mirrored bg=ff26ffff border=ff40ffff
LEAK control_stylebox bg_source=base border_source=base path=/root/@EditorNode@18065/@Panel@14/@VBoxContainer@15/DockHSplitMain/@VBoxContainer@28/DockVSplitCenter/@EditorBottomPanel@7422/Animation/@VBoxContainer@11222/@AnimationTrackEditor@11989/@HFlowContainer@11442/@Button@11460 class=Button variation= type=Button slot=pressed_mirrored bg=ff40ffff border=ff40ffff
LEAK control_stylebox bg_source=base border_source=base path=/root/@EditorNode@18065/@Panel@14/@VBoxContainer@15/DockHSplitMain/@VBoxContainer@28/DockVSplitCenter/@EditorBottomPanel@7422/Animation/@VBoxContainer@11222/@AnimationTrackEditor@11989/@HFlowContainer@11442/@Button@11461 class=Button variation= type=Button slot=disabled_mirrored bg=ff40ffff border=ff40ffff
LEAK control_stylebox bg_source=base border_source=base path=/root/@EditorNode@18065/@Panel@14/@VBoxContainer@15/DockHSplitMain/@VBoxContainer@28/DockVSplitCenter/@EditorBottomPanel@7422/Animation/@VBoxContainer@11222/@AnimationTrackEditor@11989/@HFlowContainer@11442/@Button@11461 class=Button variation= type=Button slot=hover_mirrored bg=ff40ffff border=ff40ffff
LEAK control_stylebox bg_source=base border_source=base path=/root/@EditorNode@18065/@Panel@14/@VBoxContainer@15/DockHSplitMain/@VBoxContainer@28/DockVSplitCenter/@EditorBottomPanel@7422/Animation/@VBoxContainer@11222/@AnimationTrackEditor@11989/@HFlowContainer@11442/@Button@11461 class=Button variation= type=Button slot=hover_pressed_mirrored bg=ff40ffff border=ff40ffff
LEAK control_stylebox bg_source=base border_source=base path=/root/@EditorNode@18065/@Panel@14/@VBoxContainer@15/DockHSplitMain/@VBoxContainer@28/DockVSplitCenter/@EditorBottomPanel@7422/Animation/@VBoxContainer@11222/@AnimationTrackEditor@11989/@HFlowContainer@11442/@Button@11461 class=Button variation= type=Button slot=normal_mirrored bg=ff26ffff border=ff40ffff
LEAK control_stylebox bg_source=base border_source=base path=/root/@EditorNode@18065/@Panel@14/@VBoxContainer@15/DockHSplitMain/@VBoxContainer@28/DockVSplitCenter/@EditorBottomPanel@7422/Animation/@VBoxContainer@11222/@AnimationTrackEditor@11989/@HFlowContainer@11442/@Button@11461 class=Button variation= type=Button slot=pressed_mirrored bg=ff40ffff border=ff40ffff
LEAK control_stylebox bg_source=base border_source=base path=/root/@EditorNode@18065/@Panel@14/@VBoxContainer@15/DockHSplitMain/@VBoxContainer@28/DockVSplitCenter/@EditorBottomPanel@7422/Animation/@VBoxContainer@11222/@AnimationTrackEditor@11989/@HFlowContainer@11442/@Button@11462 class=Button variation= type=Button slot=disabled_mirrored bg=ff40ffff border=ff40ffff
LEAK control_stylebox bg_source=base border_source=base path=/root/@EditorNode@18065/@Panel@14/@VBoxContainer@15/DockHSplitMain/@VBoxContainer@28/DockVSplitCenter/@EditorBottomPanel@7422/Animation/@VBoxContainer@11222/@AnimationTrackEditor@11989/@HFlowContainer@11442/@Button@11462 class=Button variation= type=Button slot=hover_mirrored bg=ff40ffff border=ff40ffff
LEAK control_stylebox bg_source=base border_source=base path=/root/@EditorNode@18065/@Panel@14/@VBoxContainer@15/DockHSplitMain/@VBoxContainer@28/DockVSplitCenter/@EditorBottomPanel@7422/Animation/@VBoxContainer@11222/@AnimationTrackEditor@11989/@HFlowContainer@11442/@Button@11462 class=Button variation= type=Button slot=hover_pressed_mirrored bg=ff40ffff border=ff40ffff
LEAK control_stylebox bg_source=base border_source=base path=/root/@EditorNode@18065/@Panel@14/@VBoxContainer@15/DockHSplitMain/@VBoxContainer@28/DockVSplitCenter/@EditorBottomPanel@7422/Animation/@VBoxContainer@11222/@AnimationTrackEditor@11989/@HFlowContainer@11442/@Button@11462 class=Button variation= type=Button slot=normal_mirrored bg=ff26ffff border=ff40ffff
LEAK control_stylebox bg_source=base border_source=base path=/root/@EditorNode@18065/@Panel@14/@VBoxContainer@15/DockHSplitMain/@VBoxContainer@28/DockVSplitCenter/@EditorBottomPanel@7422/Animation/@VBoxContainer@11222/@AnimationTrackEditor@11989/@HFlowContainer@11442/@Button@11462 class=Button variation= type=Button slot=pressed_mirrored bg=ff40ffff border=ff40ffff
LEAK control_stylebox bg_source=base border_source=base path=/root/@EditorNode@18065/@Panel@14/@VBoxContainer@15/DockHSplitMain/@VBoxContainer@28/DockVSplitCenter/@EditorBottomPanel@7422/Animation/@VBoxContainer@11222/@AnimationTrackEditor@11989/@HFlowContainer@11442/@Button@11464 class=Button variation= type=Button slot=disabled_mirrored bg=ff40ffff border=ff40ffff
LEAK control_stylebox bg_source=base border_source=base path=/root/@EditorNode@18065/@Panel@14/@VBoxContainer@15/DockHSplitMain/@VBoxContainer@28/DockVSplitCenter/@EditorBottomPanel@7422/Animation/@VBoxContainer@11222/@AnimationTrackEditor@11989/@HFlowContainer@11442/@Button@11464 class=Button variation= type=Button slot=hover_mirrored bg=ff40ffff border=ff40ffff
LEAK control_stylebox bg_source=base border_source=base path=/root/@EditorNode@18065/@Panel@14/@VBoxContainer@15/DockHSplitMain/@VBoxContainer@28/DockVSplitCenter/@EditorBottomPanel@7422/Animation/@VBoxContainer@11222/@AnimationTrackEditor@11989/@HFlowContainer@11442/@Button@11464 class=Button variation= type=Button slot=hover_pressed_mirrored bg=ff40ffff border=ff40ffff
LEAK control_stylebox bg_source=base border_source=base path=/root/@EditorNode@18065/@Panel@14/@VBoxContainer@15/DockHSplitMain/@VBoxContainer@28/DockVSplitCenter/@EditorBottomPanel@7422/Animation/@VBoxContainer@11222/@AnimationTrackEditor@11989/@HFlowContainer@11442/@Button@11464 class=Button variation= type=Button slot=normal_mirrored bg=ff26ffff border=ff40ffff
LEAK control_stylebox bg_source=base border_source=base path=/root/@EditorNode@18065/@Panel@14/@VBoxContainer@15/DockHSplitMain/@VBoxContainer@28/DockVSplitCenter/@EditorBottomPanel@7422/Animation/@VBoxContainer@11222/@AnimationTrackEditor@11989/@HFlowContainer@11442/@Button@11464 class=Button variation= type=Button slot=pressed_mirrored bg=ff40ffff border=ff40ffff
LEAK control_stylebox bg_source=base border_source=base path=/root/@EditorNode@18065/@Panel@14/@VBoxContainer@15/DockHSplitMain/@VBoxContainer@28/DockVSplitCenter/@EditorBottomPanel@7422/Animation/@VBoxContainer@11222/@AnimationTrackEditor@11989/@HFlowContainer@11442/@Button@11465 class=Button variation= type=Button slot=disabled_mirrored bg=ff40ffff border=ff40ffff
LEAK control_stylebox bg_source=base border_source=base path=/root/@EditorNode@18065/@Panel@14/@VBoxContainer@15/DockHSplitMain/@VBoxContainer@28/DockVSplitCenter/@EditorBottomPanel@7422/Animation/@VBoxContainer@11222/@AnimationTrackEditor@11989/@HFlowContainer@11442/@Button@11465 class=Button variation= type=Button slot=hover_mirrored bg=ff40ffff border=ff40ffff
LEAK control_stylebox bg_source=base border_source=base path=/root/@EditorNode@18065/@Panel@14/@VBoxContainer@15/DockHSplitMain/@VBoxContainer@28/DockVSplitCenter/@EditorBottomPanel@7422/Animation/@VBoxContainer@11222/@AnimationTrackEditor@11989/@HFlowContainer@11442/@Button@11465 class=Button variation= type=Button slot=hover_pressed_mirrored bg=ff40ffff border=ff40ffff
LEAK control_stylebox bg_source=base border_source=base path=/root/@EditorNode@18065/@Panel@14/@VBoxContainer@15/DockHSplitMain/@VBoxContainer@28/DockVSplitCenter/@EditorBottomPanel@7422/Animation/@VBoxContainer@11222/@AnimationTrackEditor@11989/@HFlowContainer@11442/@Button@11465 class=Button variation= type=Button slot=normal_mirrored bg=ff26ffff border=ff40ffff
LEAK control_stylebox bg_source=base border_source=base path=/root/@EditorNode@18065/@Panel@14/@VBoxContainer@15/DockHSplitMain/@VBoxContainer@28/DockVSplitCenter/@EditorBottomPanel@7422/Animation/@VBoxContainer@11222/@AnimationTrackEditor@11989/@HFlowContainer@11442/@Button@11465 class=Button variation= type=Button slot=pressed_mirrored bg=ff40ffff border=ff40ffff
LEAK control_stylebox bg_source=base border_source=base path=/root/@EditorNode@18065/@Panel@14/@VBoxContainer@15/DockHSplitMain/@VBoxContainer@28/DockVSplitCenter/@EditorBottomPanel@7422/Animation/@VBoxContainer@11222/@AnimationTrackEditor@11989/@HFlowContainer@11442/@Button@11466 class=Button variation= type=Button slot=disabled_mirrored bg=ff40ffff border=ff40ffff
LEAK control_stylebox bg_source=base border_source=base path=/root/@EditorNode@18065/@Panel@14/@VBoxContainer@15/DockHSplitMain/@VBoxContainer@28/DockVSplitCenter/@EditorBottomPanel@7422/Animation/@VBoxContainer@11222/@AnimationTrackEditor@11989/@HFlowContainer@11442/@Button@11466 class=Button variation= type=Button slot=hover_mirrored bg=ff40ffff border=ff40ffff
LEAK control_stylebox bg_source=base border_source=base path=/root/@EditorNode@18065/@Panel@14/@VBoxContainer@15/DockHSplitMain/@VBoxContainer@28/DockVSplitCenter/@EditorBottomPanel@7422/Animation/@VBoxContainer@11222/@AnimationTrackEditor@11989/@HFlowContainer@11442/@Button@11466 class=Button variation= type=Button slot=hover_pressed_mirrored bg=ff40ffff border=ff40ffff
LEAK control_stylebox bg_source=base border_source=base path=/root/@EditorNode@18065/@Panel@14/@VBoxContainer@15/DockHSplitMain/@VBoxContainer@28/DockVSplitCenter/@EditorBottomPanel@7422/Animation/@VBoxContainer@11222/@AnimationTrackEditor@11989/@HFlowContainer@11442/@Button@11466 class=Button variation= type=Button slot=normal_mirrored bg=ff26ffff border=ff40ffff
LEAK control_stylebox bg_source=base border_source=base path=/root/@EditorNode@18065/@Panel@14/@VBoxContainer@15/DockHSplitMain/@VBoxContainer@28/DockVSplitCenter/@EditorBottomPanel@7422/Animation/@VBoxContainer@11222/@AnimationTrackEditor@11989/@HFlowContainer@11442/@Button@11466 class=Button variation= type=Button slot=pressed_mirrored bg=ff40ffff border=ff40ffff
LEAK control_stylebox bg_source=base border_source=base path=/root/@EditorNode@18065/@Panel@14/@VBoxContainer@15/DockHSplitMain/@VBoxContainer@28/DockVSplitCenter/@EditorBottomPanel@7422/Animation/@VBoxContainer@11222/@AnimationTrackEditor@11989/@HFlowContainer@11442/@Button@11483 class=Button variation= type=Button slot=disabled_mirrored bg=ff40ffff border=ff40ffff
LEAK control_stylebox bg_source=base border_source=base path=/root/@EditorNode@18065/@Panel@14/@VBoxContainer@15/DockHSplitMain/@VBoxContainer@28/DockVSplitCenter/@EditorBottomPanel@7422/Animation/@VBoxContainer@11222/@AnimationTrackEditor@11989/@HFlowContainer@11442/@Button@11483 class=Button variation= type=Button slot=hover_mirrored bg=ff40ffff border=ff40ffff
LEAK control_stylebox bg_source=base border_source=base path=/root/@EditorNode@18065/@Panel@14/@VBoxContainer@15/DockHSplitMain/@VBoxContainer@28/DockVSplitCenter/@EditorBottomPanel@7422/Animation/@VBoxContainer@11222/@AnimationTrackEditor@11989/@HFlowContainer@11442/@Button@11483 class=Button variation= type=Button slot=hover_pressed_mirrored bg=ff40ffff border=ff40ffff
LEAK control_stylebox bg_source=base border_source=base path=/root/@EditorNode@18065/@Panel@14/@VBoxContainer@15/DockHSplitMain/@VBoxContainer@28/DockVSplitCenter/@EditorBottomPanel@7422/Animation/@VBoxContainer@11222/@AnimationTrackEditor@11989/@HFlowContainer@11442/@Button@11483 class=Button variation= type=Button slot=normal_mirrored bg=ff26ffff border=ff40ffff
LEAK control_stylebox bg_source=base border_source=base path=/root/@EditorNode@18065/@Panel@14/@VBoxContainer@15/DockHSplitMain/@VBoxContainer@28/DockVSplitCenter/@EditorBottomPanel@7422/Animation/@VBoxContainer@11222/@AnimationTrackEditor@11989/@HFlowContainer@11442/@Button@11483 class=Button variation= type=Button slot=pressed_mirrored bg=ff40ffff border=ff40ffff
LEAK control_stylebox bg_source=base border_source=base path=/root/@EditorNode@18065/@Panel@14/@VBoxContainer@15/DockHSplitMain/@VBoxContainer@28/DockVSplitCenter/@EditorBottomPanel@7422/Animation/@VBoxContainer@11222/@AnimationTrackEditor@11989/@HFlowContainer@11442/@Button@11484 class=Button variation= type=Button slot=disabled_mirrored bg=ff40ffff border=ff40ffff
LEAK control_stylebox bg_source=base border_source=base path=/root/@EditorNode@18065/@Panel@14/@VBoxContainer@15/DockHSplitMain/@VBoxContainer@28/DockVSplitCenter/@EditorBottomPanel@7422/Animation/@VBoxContainer@11222/@AnimationTrackEditor@11989/@HFlowContainer@11442/@Button@11484 class=Button variation= type=Button slot=hover_mirrored bg=ff40ffff border=ff40ffff
LEAK control_stylebox bg_source=base border_source=base path=/root/@EditorNode@18065/@Panel@14/@VBoxContainer@15/DockHSplitMain/@VBoxContainer@28/DockVSplitCenter/@EditorBottomPanel@7422/Animation/@VBoxContainer@11222/@AnimationTrackEditor@11989/@HFlowContainer@11442/@Button@11484 class=Button variation= type=Button slot=hover_pressed_mirrored bg=ff40ffff border=ff40ffff
LEAK control_stylebox bg_source=base border_source=base path=/root/@EditorNode@18065/@Panel@14/@VBoxContainer@15/DockHSplitMain/@VBoxContainer@28/DockVSplitCenter/@EditorBottomPanel@7422/Animation/@VBoxContainer@11222/@AnimationTrackEditor@11989/@HFlowContainer@11442/@Button@11484 class=Button variation= type=Button slot=normal_mirrored bg=ff26ffff border=ff40ffff
LEAK control_stylebox bg_source=base border_source=base path=/root/@EditorNode@18065/@Panel@14/@VBoxContainer@15/DockHSplitMain/@VBoxContainer@28/DockVSplitCenter/@EditorBottomPanel@7422/Animation/@VBoxContainer@11222/@AnimationTrackEditor@11989/@HFlowContainer@11442/@Button@11484 class=Button variation= type=Button slot=pressed_mirrored bg=ff40ffff border=ff40ffff
LEAK control_stylebox bg_source=base border_source=base path=/root/@EditorNode@18065/@Panel@14/@VBoxContainer@15/DockHSplitMain/@VBoxContainer@28/DockVSplitCenter/@EditorBottomPanel@7422/Animation/@VBoxContainer@11222/@AnimationTrackEditor@11989/@MarginContainer@11264/@PanelContainer@11265/@HBoxContainer@11266/@VBoxContainer@11267/@MarginContainer@11271/@AnimationTimelineEdit@11290/@HBoxContainer@11289/@Button@11288 class=Button variation= type=Button slot=disabled_mirrored bg=ff40ffff border=ff40ffff
LEAK control_stylebox bg_source=base border_source=base path=/root/@EditorNode@18065/@Panel@14/@VBoxContainer@15/DockHSplitMain/@VBoxContainer@28/DockVSplitCenter/@EditorBottomPanel@7422/Animation/@VBoxContainer@11222/@AnimationTrackEditor@11989/@MarginContainer@11264/@PanelContainer@11265/@HBoxContainer@11266/@VBoxContainer@11267/@MarginContainer@11271/@AnimationTimelineEdit@11290/@HBoxContainer@11289/@Button@11288 class=Button variation= type=Button slot=hover_mirrored bg=ff40ffff border=ff40ffff
LEAK control_stylebox bg_source=base border_source=base path=/root/@EditorNode@18065/@Panel@14/@VBoxContainer@15/DockHSplitMain/@VBoxContainer@28/DockVSplitCenter/@EditorBottomPanel@7422/Animation/@VBoxContainer@11222/@AnimationTrackEditor@11989/@MarginContainer@11264/@PanelContainer@11265/@HBoxContainer@11266/@VBoxContainer@11267/@MarginContainer@11271/@AnimationTimelineEdit@11290/@HBoxContainer@11289/@Button@11288 class=Button variation= type=Button slot=hover_pressed_mirrored bg=ff40ffff border=ff40ffff
LEAK control_stylebox bg_source=base border_source=base path=/root/@EditorNode@18065/@Panel@14/@VBoxContainer@15/DockHSplitMain/@VBoxContainer@28/DockVSplitCenter/@EditorBottomPanel@7422/Animation/@VBoxContainer@11222/@AnimationTrackEditor@11989/@MarginContainer@11264/@PanelContainer@11265/@HBoxContainer@11266/@VBoxContainer@11267/@MarginContainer@11271/@AnimationTimelineEdit@11290/@HBoxContainer@11289/@Button@11288 class=Button variation= type=Button slot=normal_mirrored bg=ff26ffff border=ff40ffff
LEAK control_stylebox bg_source=base border_source=base path=/root/@EditorNode@18065/@Panel@14/@VBoxContainer@15/DockHSplitMain/@VBoxContainer@28/DockVSplitCenter/@EditorBottomPanel@7422/Animation/@VBoxContainer@11222/@AnimationTrackEditor@11989/@MarginContainer@11264/@PanelContainer@11265/@HBoxContainer@11266/@VBoxContainer@11267/@MarginContainer@11271/@AnimationTimelineEdit@11290/@HBoxContainer@11289/@Button@11288 class=Button variation= type=Button slot=pressed_mirrored bg=ff40ffff border=ff40ffff
LEAK control_stylebox bg_source=base border_source=base path=/root/@EditorNode@18065/@Panel@14/@VBoxContainer@15/DockHSplitMain/@VBoxContainer@28/DockVSplitCenter/@EditorBottomPanel@7422/Animation/@VBoxContainer@11222/@AnimationTrackEditor@11989/@MarginContainer@11264/@PanelContainer@11265/@VBoxContainer@11268/@Button@11270 class=Button variation= type=Button slot=disabled_mirrored bg=ff40ffff border=ff40ffff
LEAK control_stylebox bg_source=base border_source=base path=/root/@EditorNode@18065/@Panel@14/@VBoxContainer@15/DockHSplitMain/@VBoxContainer@28/DockVSplitCenter/@EditorBottomPanel@7422/Animation/@VBoxContainer@11222/@AnimationTrackEditor@11989/@MarginContainer@11264/@PanelContainer@11265/@VBoxContainer@11268/@Button@11270 class=Button variation= type=Button slot=hover_mirrored bg=ff40ffff border=ff40ffff
LEAK control_stylebox bg_source=base border_source=base path=/root/@EditorNode@18065/@Panel@14/@VBoxContainer@15/DockHSplitMain/@VBoxContainer@28/DockVSplitCenter/@EditorBottomPanel@7422/Animation/@VBoxContainer@11222/@AnimationTrackEditor@11989/@MarginContainer@11264/@PanelContainer@11265/@VBoxContainer@11268/@Button@11270 class=Button variation= type=Button slot=hover_pressed_mirrored bg=ff40ffff border=ff40ffff
LEAK control_stylebox bg_source=base border_source=base path=/root/@EditorNode@18065/@Panel@14/@VBoxContainer@15/DockHSplitMain/@VBoxContainer@28/DockVSplitCenter/@EditorBottomPanel@7422/Animation/@VBoxContainer@11222/@AnimationTrackEditor@11989/@MarginContainer@11264/@PanelContainer@11265/@VBoxContainer@11268/@Button@11270 class=Button variation= type=Button slot=normal_mirrored bg=ff26ffff border=ff40ffff
LEAK control_stylebox bg_source=base border_source=base path=/root/@EditorNode@18065/@Panel@14/@VBoxContainer@15/DockHSplitMain/@VBoxContainer@28/DockVSplitCenter/@EditorBottomPanel@7422/Animation/@VBoxContainer@11222/@AnimationTrackEditor@11989/@MarginContainer@11264/@PanelContainer@11265/@VBoxContainer@11268/@Button@11270 class=Button variation= type=Button slot=pressed_mirrored bg=ff40ffff border=ff40ffff
LEAK control_stylebox bg_source=base border_source=base path=/root/@EditorNode@18065/@Panel@14/@VBoxContainer@15/DockHSplitMain/@VBoxContainer@28/DockVSplitCenter/@EditorBottomPanel@7422/Animation/@VBoxContainer@11222/@HBoxContainer@11223/@SpinBox@11232 class=SpinBox variation= type=SpinBox slot=down_background_hovered bg=ff40ffff border=ff40ffff
LEAK control_stylebox bg_source=base border_source=base path=/root/@EditorNode@18065/@Panel@14/@VBoxContainer@15/DockHSplitMain/@VBoxContainer@28/DockVSplitCenter/@EditorBottomPanel@7422/Animation/@VBoxContainer@11222/@HBoxContainer@11223/@SpinBox@11232 class=SpinBox variation= type=SpinBox slot=down_background_pressed bg=ff40ffff border=ff40ffff
LEAK control_stylebox bg_source=base border_source=base path=/root/@EditorNode@18065/@Panel@14/@VBoxContainer@15/DockHSplitMain/@VBoxContainer@28/DockVSplitCenter/@EditorBottomPanel@7422/Animation/@VBoxContainer@11222/@HBoxContainer@11223/@SpinBox@11232 class=SpinBox variation= type=SpinBox slot=up_background_hovered bg=ff40ffff border=ff40ffff
LEAK control_stylebox bg_source=base border_source=base path=/root/@EditorNode@18065/@Panel@14/@VBoxContainer@15/DockHSplitMain/@VBoxContainer@28/DockVSplitCenter/@EditorBottomPanel@7422/Animation/@VBoxContainer@11222/@HBoxContainer@11223/@SpinBox@11232 class=SpinBox variation= type=SpinBox slot=up_background_pressed bg=ff40ffff border=ff40ffff
LEAK control_stylebox bg_source=base border_source=base path=/root/@EditorNode@18065/@Panel@14/@VBoxContainer@15/DockHSplitMain/@VBoxContainer@28/DockVSplitCenter/@EditorBottomPanel@7422/Audio/@VBoxContainer@10851/@HBoxContainer@10852/@Button@10855 class=Button variation= type=Button slot=disabled_mirrored bg=ff40ffff border=ff40ffff
LEAK control_stylebox bg_source=base border_source=base path=/root/@EditorNode@18065/@Panel@14/@VBoxContainer@15/DockHSplitMain/@VBoxContainer@28/DockVSplitCenter/@EditorBottomPanel@7422/Audio/@VBoxContainer@10851/@HBoxContainer@10852/@Button@10855 class=Button variation= type=Button slot=hover_mirrored bg=ff40ffff border=ff40ffff
LEAK control_stylebox bg_source=base border_source=base path=/root/@EditorNode@18065/@Panel@14/@VBoxContainer@15/DockHSplitMain/@VBoxContainer@28/DockVSplitCenter/@EditorBottomPanel@7422/Audio/@VBoxContainer@10851/@HBoxContainer@10852/@Button@10855 class=Button variation= type=Button slot=hover_pressed_mirrored bg=ff40ffff border=ff40ffff
LEAK control_stylebox bg_source=base border_source=base path=/root/@EditorNode@18065/@Panel@14/@VBoxContainer@15/DockHSplitMain/@VBoxContainer@28/DockVSplitCenter/@EditorBottomPanel@7422/Audio/@VBoxContainer@10851/@HBoxContainer@10852/@Button@10855 class=Button variation= type=Button slot=normal_mirrored bg=ff26ffff border=ff40ffff
LEAK control_stylebox bg_source=base border_source=base path=/root/@EditorNode@18065/@Panel@14/@VBoxContainer@15/DockHSplitMain/@VBoxContainer@28/DockVSplitCenter/@EditorBottomPanel@7422/Audio/@VBoxContainer@10851/@HBoxContainer@10852/@Button@10855 class=Button variation= type=Button slot=pressed_mirrored bg=ff40ffff border=ff40ffff
LEAK control_stylebox bg_source=base border_source=base path=/root/@EditorNode@18065/@Panel@14/@VBoxContainer@15/DockHSplitMain/@VBoxContainer@28/DockVSplitCenter/@EditorBottomPanel@7422/Audio/@VBoxContainer@10851/@HBoxContainer@10852/@Button@10857 class=Button variation= type=Button slot=disabled_mirrored bg=ff40ffff border=ff40ffff
LEAK control_stylebox bg_source=base border_source=base path=/root/@EditorNode@18065/@Panel@14/@VBoxContainer@15/DockHSplitMain/@VBoxContainer@28/DockVSplitCenter/@EditorBottomPanel@7422/Audio/@VBoxContainer@10851/@HBoxContainer@10852/@Button@10857 class=Button variation= type=Button slot=hover_mirrored bg=ff40ffff border=ff40ffff
LEAK control_stylebox bg_source=base border_source=base path=/root/@EditorNode@18065/@Panel@14/@VBoxContainer@15/DockHSplitMain/@VBoxContainer@28/DockVSplitCenter/@EditorBottomPanel@7422/Audio/@VBoxContainer@10851/@HBoxContainer@10852/@Button@10857 class=Button variation= type=Button slot=hover_pressed_mirrored bg=ff40ffff border=ff40ffff
LEAK control_stylebox bg_source=base border_source=base path=/root/@EditorNode@18065/@Panel@14/@VBoxContainer@15/DockHSplitMain/@VBoxContainer@28/DockVSplitCenter/@EditorBottomPanel@7422/Audio/@VBoxContainer@10851/@HBoxContainer@10852/@Button@10857 class=Button variation= type=Button slot=normal_mirrored bg=ff26ffff border=ff40ffff
LEAK control_stylebox bg_source=base border_source=base path=/root/@EditorNode@18065/@Panel@14/@VBoxContainer@15/DockHSplitMain/@VBoxContainer@28/DockVSplitCenter/@EditorBottomPanel@7422/Audio/@VBoxContainer@10851/@HBoxContainer@10852/@Button@10857 class=Button variation= type=Button slot=pressed_mirrored bg=ff40ffff border=ff40ffff
LEAK control_stylebox bg_source=base border_source=base path=/root/@EditorNode@18065/@Panel@14/@VBoxContainer@15/DockHSplitMain/@VBoxContainer@28/DockVSplitCenter/@EditorBottomPanel@7422/Audio/@VBoxContainer@10851/@HBoxContainer@10852/@Button@10858 class=Button variation= type=Button slot=disabled_mirrored bg=ff40ffff border=ff40ffff
LEAK control_stylebox bg_source=base border_source=base path=/root/@EditorNode@18065/@Panel@14/@VBoxContainer@15/DockHSplitMain/@VBoxContainer@28/DockVSplitCenter/@EditorBottomPanel@7422/Audio/@VBoxContainer@10851/@HBoxContainer@10852/@Button@10858 class=Button variation= type=Button slot=hover_mirrored bg=ff40ffff border=ff40ffff
LEAK control_stylebox bg_source=base border_source=base path=/root/@EditorNode@18065/@Panel@14/@VBoxContainer@15/DockHSplitMain/@VBoxContainer@28/DockVSplitCenter/@EditorBottomPanel@7422/Audio/@VBoxContainer@10851/@HBoxContainer@10852/@Button@10858 class=Button variation= type=Button slot=hover_pressed_mirrored bg=ff40ffff border=ff40ffff
LEAK control_stylebox bg_source=base border_source=base path=/root/@EditorNode@18065/@Panel@14/@VBoxContainer@15/DockHSplitMain/@VBoxContainer@28/DockVSplitCenter/@EditorBottomPanel@7422/Audio/@VBoxContainer@10851/@HBoxContainer@10852/@Button@10858 class=Button variation= type=Button slot=normal_mirrored bg=ff26ffff border=ff40ffff
LEAK control_stylebox bg_source=base border_source=base path=/root/@EditorNode@18065/@Panel@14/@VBoxContainer@15/DockHSplitMain/@VBoxContainer@28/DockVSplitCenter/@EditorBottomPanel@7422/Audio/@VBoxContainer@10851/@HBoxContainer@10852/@Button@10858 class=Button variation= type=Button slot=pressed_mirrored bg=ff40ffff border=ff40ffff
LEAK control_stylebox bg_source=base border_source=base path=/root/@EditorNode@18065/@Panel@14/@VBoxContainer@15/DockHSplitMain/@VBoxContainer@28/DockVSplitCenter/@EditorBottomPanel@7422/Audio/@VBoxContainer@10851/@HBoxContainer@10852/@Button@10859 class=Button variation= type=Button slot=disabled_mirrored bg=ff40ffff border=ff40ffff
LEAK control_stylebox bg_source=base border_source=base path=/root/@EditorNode@18065/@Panel@14/@VBoxContainer@15/DockHSplitMain/@VBoxContainer@28/DockVSplitCenter/@EditorBottomPanel@7422/Audio/@VBoxContainer@10851/@HBoxContainer@10852/@Button@10859 class=Button variation= type=Button slot=hover_mirrored bg=ff40ffff border=ff40ffff
LEAK control_stylebox bg_source=base border_source=base path=/root/@EditorNode@18065/@Panel@14/@VBoxContainer@15/DockHSplitMain/@VBoxContainer@28/DockVSplitCenter/@EditorBottomPanel@7422/Audio/@VBoxContainer@10851/@HBoxContainer@10852/@Button@10859 class=Button variation= type=Button slot=hover_pressed_mirrored bg=ff40ffff border=ff40ffff
LEAK control_stylebox bg_source=base border_source=base path=/root/@EditorNode@18065/@Panel@14/@VBoxContainer@15/DockHSplitMain/@VBoxContainer@28/DockVSplitCenter/@EditorBottomPanel@7422/Audio/@VBoxContainer@10851/@HBoxContainer@10852/@Button@10859 class=Button variation= type=Button slot=normal_mirrored bg=ff26ffff border=ff40ffff
LEAK control_stylebox bg_source=base border_source=base path=/root/@EditorNode@18065/@Panel@14/@VBoxContainer@15/DockHSplitMain/@VBoxContainer@28/DockVSplitCenter/@EditorBottomPanel@7422/Audio/@VBoxContainer@10851/@HBoxContainer@10852/@Button@10859 class=Button variation= type=Button slot=pressed_mirrored bg=ff40ffff border=ff40ffff
LEAK control_stylebox bg_source=base border_source=base path=/root/@EditorNode@18065/@Panel@14/@VBoxContainer@15/DockHSplitMain/@VBoxContainer@28/DockVSplitCenter/@EditorBottomPanel@7422/Audio/@VBoxContainer@10851/@HBoxContainer@10852/@Button@10860 class=Button variation= type=Button slot=disabled_mirrored bg=ff40ffff border=ff40ffff
LEAK control_stylebox bg_source=base border_source=base path=/root/@EditorNode@18065/@Panel@14/@VBoxContainer@15/DockHSplitMain/@VBoxContainer@28/DockVSplitCenter/@EditorBottomPanel@7422/Audio/@VBoxContainer@10851/@HBoxContainer@10852/@Button@10860 class=Button variation= type=Button slot=hover_mirrored bg=ff40ffff border=ff40ffff
LEAK control_stylebox bg_source=base border_source=base path=/root/@EditorNode@18065/@Panel@14/@VBoxContainer@15/DockHSplitMain/@VBoxContainer@28/DockVSplitCenter/@EditorBottomPanel@7422/Audio/@VBoxContainer@10851/@HBoxContainer@10852/@Button@10860 class=Button variation= type=Button slot=hover_pressed_mirrored bg=ff40ffff border=ff40ffff
LEAK control_stylebox bg_source=base border_source=base path=/root/@EditorNode@18065/@Panel@14/@VBoxContainer@15/DockHSplitMain/@VBoxContainer@28/DockVSplitCenter/@EditorBottomPanel@7422/Audio/@VBoxContainer@10851/@HBoxContainer@10852/@Button@10860 class=Button variation= type=Button slot=normal_mirrored bg=ff26ffff border=ff40ffff
LEAK control_stylebox bg_source=base border_source=base path=/root/@EditorNode@18065/@Panel@14/@VBoxContainer@15/DockHSplitMain/@VBoxContainer@28/DockVSplitCenter/@EditorBottomPanel@7422/Audio/@VBoxContainer@10851/@HBoxContainer@10852/@Button@10860 class=Button variation= type=Button slot=pressed_mirrored bg=ff40ffff border=ff40ffff
LEAK control_stylebox bg_source=base border_source=base path=/root/@EditorNode@18065/@Panel@14/@VBoxContainer@15/DockHSplitMain/@VBoxContainer@28/DockVSplitCenter/@EditorBottomPanel@7422/Debugger/@TabContainer@8422/Session 1/@TabContainer@8425/Errors/@HBoxContainer@8506/@Button@8507 class=Button variation= type=Button slot=disabled_mirrored bg=ff40ffff border=ff40ffff
LEAK control_stylebox bg_source=base border_source=base path=/root/@EditorNode@18065/@Panel@14/@VBoxContainer@15/DockHSplitMain/@VBoxContainer@28/DockVSplitCenter/@EditorBottomPanel@7422/Debugger/@TabContainer@8422/Session 1/@TabContainer@8425/Errors/@HBoxContainer@8506/@Button@8507 class=Button variation= type=Button slot=hover_mirrored bg=ff40ffff border=ff40ffff
LEAK control_stylebox bg_source=base border_source=base path=/root/@EditorNode@18065/@Panel@14/@VBoxContainer@15/DockHSplitMain/@VBoxContainer@28/DockVSplitCenter/@EditorBottomPanel@7422/Debugger/@TabContainer@8422/Session 1/@TabContainer@8425/Errors/@HBoxContainer@8506/@Button@8507 class=Button variation= type=Button slot=hover_pressed_mirrored bg=ff40ffff border=ff40ffff
LEAK control_stylebox bg_source=base border_source=base path=/root/@EditorNode@18065/@Panel@14/@VBoxContainer@15/DockHSplitMain/@VBoxContainer@28/DockVSplitCenter/@EditorBottomPanel@7422/Debugger/@TabContainer@8422/Session 1/@TabContainer@8425/Errors/@HBoxContainer@8506/@Button@8507 class=Button variation= type=Button slot=normal_mirrored bg=ff26ffff border=ff40ffff
LEAK control_stylebox bg_source=base border_source=base path=/root/@EditorNode@18065/@Panel@14/@VBoxContainer@15/DockHSplitMain/@VBoxContainer@28/DockVSplitCenter/@EditorBottomPanel@7422/Debugger/@TabContainer@8422/Session 1/@TabContainer@8425/Errors/@HBoxContainer@8506/@Button@8507 class=Button variation= type=Button slot=pressed_mirrored bg=ff40ffff border=ff40ffff
LEAK control_stylebox bg_source=base border_source=base path=/root/@EditorNode@18065/@Panel@14/@VBoxContainer@15/DockHSplitMain/@VBoxContainer@28/DockVSplitCenter/@EditorBottomPanel@7422/Debugger/@TabContainer@8422/Session 1/@TabContainer@8425/Errors/@HBoxContainer@8506/@Button@8508 class=Button variation= type=Button slot=disabled_mirrored bg=ff40ffff border=ff40ffff
LEAK control_stylebox bg_source=base border_source=base path=/root/@EditorNode@18065/@Panel@14/@VBoxContainer@15/DockHSplitMain/@VBoxContainer@28/DockVSplitCenter/@EditorBottomPanel@7422/Debugger/@TabContainer@8422/Session 1/@TabContainer@8425/Errors/@HBoxContainer@8506/@Button@8508 class=Button variation= type=Button slot=hover_mirrored bg=ff40ffff border=ff40ffff
LEAK control_stylebox bg_source=base border_source=base path=/root/@EditorNode@18065/@Panel@14/@VBoxContainer@15/DockHSplitMain/@VBoxContainer@28/DockVSplitCenter/@EditorBottomPanel@7422/Debugger/@TabContainer@8422/Session 1/@TabContainer@8425/Errors/@HBoxContainer@8506/@Button@8508 class=Button variation= type=Button slot=hover_pressed_mirrored bg=ff40ffff border=ff40ffff
LEAK control_stylebox bg_source=base border_source=base path=/root/@EditorNode@18065/@Panel@14/@VBoxContainer@15/DockHSplitMain/@VBoxContainer@28/DockVSplitCenter/@EditorBottomPanel@7422/Debugger/@TabContainer@8422/Session 1/@TabContainer@8425/Errors/@HBoxContainer@8506/@Button@8508 class=Button variation= type=Button slot=normal_mirrored bg=ff26ffff border=ff40ffff
LEAK control_stylebox bg_source=base border_source=base path=/root/@EditorNode@18065/@Panel@14/@VBoxContainer@15/DockHSplitMain/@VBoxContainer@28/DockVSplitCenter/@EditorBottomPanel@7422/Debugger/@TabContainer@8422/Session 1/@TabContainer@8425/Errors/@HBoxContainer@8506/@Button@8508 class=Button variation= type=Button slot=pressed_mirrored bg=ff40ffff border=ff40ffff
LEAK control_stylebox bg_source=base border_source=base path=/root/@EditorNode@18065/@Panel@14/@VBoxContainer@15/DockHSplitMain/@VBoxContainer@28/DockVSplitCenter/@EditorBottomPanel@7422/Debugger/@TabContainer@8422/Session 1/@TabContainer@8425/Errors/@HBoxContainer@8506/@Button@8510 class=Button variation= type=Button slot=disabled_mirrored bg=ff40ffff border=ff40ffff
LEAK control_stylebox bg_source=base border_source=base path=/root/@EditorNode@18065/@Panel@14/@VBoxContainer@15/DockHSplitMain/@VBoxContainer@28/DockVSplitCenter/@EditorBottomPanel@7422/Debugger/@TabContainer@8422/Session 1/@TabContainer@8425/Errors/@HBoxContainer@8506/@Button@8510 class=Button variation= type=Button slot=hover_mirrored bg=ff40ffff border=ff40ffff
LEAK control_stylebox bg_source=base border_source=base path=/root/@EditorNode@18065/@Panel@14/@VBoxContainer@15/DockHSplitMain/@VBoxContainer@28/DockVSplitCenter/@EditorBottomPanel@7422/Debugger/@TabContainer@8422/Session 1/@TabContainer@8425/Errors/@HBoxContainer@8506/@Button@8510 class=Button variation= type=Button slot=hover_pressed_mirrored bg=ff40ffff border=ff40ffff
LEAK control_stylebox bg_source=base border_source=base path=/root/@EditorNode@18065/@Panel@14/@VBoxContainer@15/DockHSplitMain/@VBoxContainer@28/DockVSplitCenter/@EditorBottomPanel@7422/Debugger/@TabContainer@8422/Session 1/@TabContainer@8425/Errors/@HBoxContainer@8506/@Button@8510 class=Button variation= type=Button slot=normal_mirrored bg=ff26ffff border=ff40ffff
LEAK control_stylebox bg_source=base border_source=base path=/root/@EditorNode@18065/@Panel@14/@VBoxContainer@15/DockHSplitMain/@VBoxContainer@28/DockVSplitCenter/@EditorBottomPanel@7422/Debugger/@TabContainer@8422/Session 1/@TabContainer@8425/Errors/@HBoxContainer@8506/@Button@8510 class=Button variation= type=Button slot=pressed_mirrored bg=ff40ffff border=ff40ffff
LEAK control_stylebox bg_source=base border_source=base path=/root/@EditorNode@18065/@Panel@14/@VBoxContainer@15/DockHSplitMain/@VBoxContainer@28/DockVSplitCenter/@EditorBottomPanel@7422/Debugger/@TabContainer@8422/Session 1/@TabContainer@8425/Evaluator/@HBoxContainer@8674/@Button@8677 class=Button variation= type=Button slot=disabled_mirrored bg=ff40ffff border=ff40ffff
LEAK control_stylebox bg_source=base border_source=base path=/root/@EditorNode@18065/@Panel@14/@VBoxContainer@15/DockHSplitMain/@VBoxContainer@28/DockVSplitCenter/@EditorBottomPanel@7422/Debugger/@TabContainer@8422/Session 1/@TabContainer@8425/Evaluator/@HBoxContainer@8674/@Button@8677 class=Button variation= type=Button slot=hover_mirrored bg=ff40ffff border=ff40ffff
LEAK control_stylebox bg_source=base border_source=base path=/root/@EditorNode@18065/@Panel@14/@VBoxContainer@15/DockHSplitMain/@VBoxContainer@28/DockVSplitCenter/@EditorBottomPanel@7422/Debugger/@TabContainer@8422/Session 1/@TabContainer@8425/Evaluator/@HBoxContainer@8674/@Button@8677 class=Button variation= type=Button slot=hover_pressed_mirrored bg=ff40ffff border=ff40ffff
LEAK control_stylebox bg_source=base border_source=base path=/root/@EditorNode@18065/@Panel@14/@VBoxContainer@15/DockHSplitMain/@VBoxContainer@28/DockVSplitCenter/@EditorBottomPanel@7422/Debugger/@TabContainer@8422/Session 1/@TabContainer@8425/Evaluator/@HBoxContainer@8674/@Button@8677 class=Button variation= type=Button slot=normal_mirrored bg=ff26ffff border=ff40ffff
LEAK control_stylebox bg_source=base border_source=base path=/root/@EditorNode@18065/@Panel@14/@VBoxContainer@15/DockHSplitMain/@VBoxContainer@28/DockVSplitCenter/@EditorBottomPanel@7422/Debugger/@TabContainer@8422/Session 1/@TabContainer@8425/Evaluator/@HBoxContainer@8674/@Button@8677 class=Button variation= type=Button slot=pressed_mirrored bg=ff40ffff border=ff40ffff
LEAK control_stylebox bg_source=base border_source=base path=/root/@EditorNode@18065/@Panel@14/@VBoxContainer@15/DockHSplitMain/@VBoxContainer@28/DockVSplitCenter/@EditorBottomPanel@7422/Debugger/@TabContainer@8422/Session 1/@TabContainer@8425/Evaluator/@HBoxContainer@8674/@Button@8678 class=Button variation= type=Button slot=disabled_mirrored bg=ff40ffff border=ff40ffff
LEAK control_stylebox bg_source=base border_source=base path=/root/@EditorNode@18065/@Panel@14/@VBoxContainer@15/DockHSplitMain/@VBoxContainer@28/DockVSplitCenter/@EditorBottomPanel@7422/Debugger/@TabContainer@8422/Session 1/@TabContainer@8425/Evaluator/@HBoxContainer@8674/@Button@8678 class=Button variation= type=Button slot=hover_mirrored bg=ff40ffff border=ff40ffff
LEAK control_stylebox bg_source=base border_source=base path=/root/@EditorNode@18065/@Panel@14/@VBoxContainer@15/DockHSplitMain/@VBoxContainer@28/DockVSplitCenter/@EditorBottomPanel@7422/Debugger/@TabContainer@8422/Session 1/@TabContainer@8425/Evaluator/@HBoxContainer@8674/@Button@8678 class=Button variation= type=Button slot=hover_pressed_mirrored bg=ff40ffff border=ff40ffff
LEAK control_stylebox bg_source=base border_source=base path=/root/@EditorNode@18065/@Panel@14/@VBoxContainer@15/DockHSplitMain/@VBoxContainer@28/DockVSplitCenter/@EditorBottomPanel@7422/Debugger/@TabContainer@8422/Session 1/@TabContainer@8425/Evaluator/@HBoxContainer@8674/@Button@8678 class=Button variation= type=Button slot=normal_mirrored bg=ff26ffff border=ff40ffff
LEAK control_stylebox bg_source=base border_source=base path=/root/@EditorNode@18065/@Panel@14/@VBoxContainer@15/DockHSplitMain/@VBoxContainer@28/DockVSplitCenter/@EditorBottomPanel@7422/Debugger/@TabContainer@8422/Session 1/@TabContainer@8425/Evaluator/@HBoxContainer@8674/@Button@8678 class=Button variation= type=Button slot=pressed_mirrored bg=ff40ffff border=ff40ffff
LEAK control_stylebox bg_source=base border_source=base path=/root/@EditorNode@18065/@Panel@14/@VBoxContainer@15/DockHSplitMain/@VBoxContainer@28/DockVSplitCenter/@EditorBottomPanel@7422/Debugger/@TabContainer@8422/Session 1/@TabContainer@8425/Evaluator/@HBoxContainer@8674/@CheckBox@8676 class=CheckBox variation= type=CheckBox slot=disabled_mirrored bg=ff26ffff border=ff40ffff
LEAK control_stylebox bg_source=base border_source=base path=/root/@EditorNode@18065/@Panel@14/@VBoxContainer@15/DockHSplitMain/@VBoxContainer@28/DockVSplitCenter/@EditorBottomPanel@7422/Debugger/@TabContainer@8422/Session 1/@TabContainer@8425/Evaluator/@HBoxContainer@8674/@CheckBox@8676 class=CheckBox variation= type=CheckBox slot=hover_mirrored bg=ff26ffff border=ff40ffff
LEAK control_stylebox bg_source=base border_source=base path=/root/@EditorNode@18065/@Panel@14/@VBoxContainer@15/DockHSplitMain/@VBoxContainer@28/DockVSplitCenter/@EditorBottomPanel@7422/Debugger/@TabContainer@8422/Session 1/@TabContainer@8425/Evaluator/@HBoxContainer@8674/@CheckBox@8676 class=CheckBox variation= type=CheckBox slot=hover_pressed_mirrored bg=ff26ffff border=ff40ffff
LEAK control_stylebox bg_source=base border_source=base path=/root/@EditorNode@18065/@Panel@14/@VBoxContainer@15/DockHSplitMain/@VBoxContainer@28/DockVSplitCenter/@EditorBottomPanel@7422/Debugger/@TabContainer@8422/Session 1/@TabContainer@8425/Evaluator/@HBoxContainer@8674/@CheckBox@8676 class=CheckBox variation= type=CheckBox slot=normal_mirrored bg=ff26ffff border=ff40ffff
LEAK control_stylebox bg_source=base border_source=base path=/root/@EditorNode@18065/@Panel@14/@VBoxContainer@15/DockHSplitMain/@VBoxContainer@28/DockVSplitCenter/@EditorBottomPanel@7422/Debugger/@TabContainer@8422/Session 1/@TabContainer@8425/Evaluator/@HBoxContainer@8674/@CheckBox@8676 class=CheckBox variation= type=CheckBox slot=pressed_mirrored bg=ff26ffff border=ff40ffff
LEAK control_stylebox bg_source=base border_source=base path=/root/@EditorNode@18065/@Panel@14/@VBoxContainer@15/DockHSplitMain/@VBoxContainer@28/DockVSplitCenter/@EditorBottomPanel@7422/Debugger/@TabContainer@8422/Session 1/@TabContainer@8425/Misc/@GridContainer@8824/@HBoxContainer@8833/@Button@8831 class=Button variation= type=Button slot=disabled_mirrored bg=ff40ffff border=ff40ffff
LEAK control_stylebox bg_source=base border_source=base path=/root/@EditorNode@18065/@Panel@14/@VBoxContainer@15/DockHSplitMain/@VBoxContainer@28/DockVSplitCenter/@EditorBottomPanel@7422/Debugger/@TabContainer@8422/Session 1/@TabContainer@8425/Misc/@GridContainer@8824/@HBoxContainer@8833/@Button@8831 class=Button variation= type=Button slot=hover_mirrored bg=ff40ffff border=ff40ffff
LEAK control_stylebox bg_source=base border_source=base path=/root/@EditorNode@18065/@Panel@14/@VBoxContainer@15/DockHSplitMain/@VBoxContainer@28/DockVSplitCenter/@EditorBottomPanel@7422/Debugger/@TabContainer@8422/Session 1/@TabContainer@8425/Misc/@GridContainer@8824/@HBoxContainer@8833/@Button@8831 class=Button variation= type=Button slot=hover_pressed_mirrored bg=ff40ffff border=ff40ffff
LEAK control_stylebox bg_source=base border_source=base path=/root/@EditorNode@18065/@Panel@14/@VBoxContainer@15/DockHSplitMain/@VBoxContainer@28/DockVSplitCenter/@EditorBottomPanel@7422/Debugger/@TabContainer@8422/Session 1/@TabContainer@8425/Misc/@GridContainer@8824/@HBoxContainer@8833/@Button@8831 class=Button variation= type=Button slot=normal_mirrored bg=ff26ffff border=ff40ffff
LEAK control_stylebox bg_source=base border_source=base path=/root/@EditorNode@18065/@Panel@14/@VBoxContainer@15/DockHSplitMain/@VBoxContainer@28/DockVSplitCenter/@EditorBottomPanel@7422/Debugger/@TabContainer@8422/Session 1/@TabContainer@8425/Misc/@GridContainer@8824/@HBoxContainer@8833/@Button@8831 class=Button variation= type=Button slot=pressed_mirrored bg=ff40ffff border=ff40ffff
LEAK control_stylebox bg_source=base border_source=base path=/root/@EditorNode@18065/@Panel@14/@VBoxContainer@15/DockHSplitMain/@VBoxContainer@28/DockVSplitCenter/@EditorBottomPanel@7422/Debugger/@TabContainer@8422/Session 1/@TabContainer@8425/Misc/@GridContainer@8824/@HBoxContainer@8833/@Button@8832 class=Button variation= type=Button slot=disabled_mirrored bg=ff40ffff border=ff40ffff
LEAK control_stylebox bg_source=base border_source=base path=/root/@EditorNode@18065/@Panel@14/@VBoxContainer@15/DockHSplitMain/@VBoxContainer@28/DockVSplitCenter/@EditorBottomPanel@7422/Debugger/@TabContainer@8422/Session 1/@TabContainer@8425/Misc/@GridContainer@8824/@HBoxContainer@8833/@Button@8832 class=Button variation= type=Button slot=hover_mirrored bg=ff40ffff border=ff40ffff
LEAK control_stylebox bg_source=base border_source=base path=/root/@EditorNode@18065/@Panel@14/@VBoxContainer@15/DockHSplitMain/@VBoxContainer@28/DockVSplitCenter/@EditorBottomPanel@7422/Debugger/@TabContainer@8422/Session 1/@TabContainer@8425/Misc/@GridContainer@8824/@HBoxContainer@8833/@Button@8832 class=Button variation= type=Button slot=hover_pressed_mirrored bg=ff40ffff border=ff40ffff
LEAK control_stylebox bg_source=base border_source=base path=/root/@EditorNode@18065/@Panel@14/@VBoxContainer@15/DockHSplitMain/@VBoxContainer@28/DockVSplitCenter/@EditorBottomPanel@7422/Debugger/@TabContainer@8422/Session 1/@TabContainer@8425/Misc/@GridContainer@8824/@HBoxContainer@8833/@Button@8832 class=Button variation= type=Button slot=normal_mirrored bg=ff26ffff border=ff40ffff
LEAK control_stylebox bg_source=base border_source=base path=/root/@EditorNode@18065/@Panel@14/@VBoxContainer@15/DockHSplitMain/@VBoxContainer@28/DockVSplitCenter/@EditorBottomPanel@7422/Debugger/@TabContainer@8422/Session 1/@TabContainer@8425/Misc/@GridContainer@8824/@HBoxContainer@8833/@Button@8832 class=Button variation= type=Button slot=pressed_mirrored bg=ff40ffff border=ff40ffff
LEAK control_stylebox bg_source=base border_source=base path=/root/@EditorNode@18065/@Panel@14/@VBoxContainer@15/DockHSplitMain/@VBoxContainer@28/DockVSplitCenter/@EditorBottomPanel@7422/Debugger/@TabContainer@8422/Session 1/@TabContainer@8425/Misc/@HBoxContainer@8836/@Button@8835 class=Button variation= type=Button slot=disabled_mirrored bg=ff40ffff border=ff40ffff
LEAK control_stylebox bg_source=base border_source=base path=/root/@EditorNode@18065/@Panel@14/@VBoxContainer@15/DockHSplitMain/@VBoxContainer@28/DockVSplitCenter/@EditorBottomPanel@7422/Debugger/@TabContainer@8422/Session 1/@TabContainer@8425/Misc/@HBoxContainer@8836/@Button@8835 class=Button variation= type=Button slot=hover_mirrored bg=ff40ffff border=ff40ffff
LEAK control_stylebox bg_source=base border_source=base path=/root/@EditorNode@18065/@Panel@14/@VBoxContainer@15/DockHSplitMain/@VBoxContainer@28/DockVSplitCenter/@EditorBottomPanel@7422/Debugger/@TabContainer@8422/Session 1/@TabContainer@8425/Misc/@HBoxContainer@8836/@Button@8835 class=Button variation= type=Button slot=hover_pressed_mirrored bg=ff40ffff border=ff40ffff
LEAK control_stylebox bg_source=base border_source=base path=/root/@EditorNode@18065/@Panel@14/@VBoxContainer@15/DockHSplitMain/@VBoxContainer@28/DockVSplitCenter/@EditorBottomPanel@7422/Debugger/@TabContainer@8422/Session 1/@TabContainer@8425/Misc/@HBoxContainer@8836/@Button@8835 class=Button variation= type=Button slot=normal_mirrored bg=ff26ffff border=ff40ffff
LEAK control_stylebox bg_source=base border_source=base path=/root/@EditorNode@18065/@Panel@14/@VBoxContainer@15/DockHSplitMain/@VBoxContainer@28/DockVSplitCenter/@EditorBottomPanel@7422/Debugger/@TabContainer@8422/Session 1/@TabContainer@8425/Misc/@HBoxContainer@8836/@Button@8835 class=Button variation= type=Button slot=pressed_mirrored bg=ff40ffff border=ff40ffff
LEAK control_stylebox bg_source=base border_source=base path=/root/@EditorNode@18065/@Panel@14/@VBoxContainer@15/DockHSplitMain/@VBoxContainer@28/DockVSplitCenter/@EditorBottomPanel@7422/Debugger/@TabContainer@8422/Session 1/@TabContainer@8425/Network Profiler/@FlowContainer@18134/@Button@18135 class=Button variation= type=Button slot=disabled_mirrored bg=ff40ffff border=ff40ffff
LEAK control_stylebox bg_source=base border_source=base path=/root/@EditorNode@18065/@Panel@14/@VBoxContainer@15/DockHSplitMain/@VBoxContainer@28/DockVSplitCenter/@EditorBottomPanel@7422/Debugger/@TabContainer@8422/Session 1/@TabContainer@8425/Network Profiler/@FlowContainer@18134/@Button@18135 class=Button variation= type=Button slot=hover_mirrored bg=ff40ffff border=ff40ffff
LEAK control_stylebox bg_source=base border_source=base path=/root/@EditorNode@18065/@Panel@14/@VBoxContainer@15/DockHSplitMain/@VBoxContainer@28/DockVSplitCenter/@EditorBottomPanel@7422/Debugger/@TabContainer@8422/Session 1/@TabContainer@8425/Network Profiler/@FlowContainer@18134/@Button@18135 class=Button variation= type=Button slot=hover_pressed_mirrored bg=ff40ffff border=ff40ffff
LEAK control_stylebox bg_source=base border_source=base path=/root/@EditorNode@18065/@Panel@14/@VBoxContainer@15/DockHSplitMain/@VBoxContainer@28/DockVSplitCenter/@EditorBottomPanel@7422/Debugger/@TabContainer@8422/Session 1/@TabContainer@8425/Network Profiler/@FlowContainer@18134/@Button@18135 class=Button variation= type=Button slot=normal_mirrored bg=ff26ffff border=ff40ffff
LEAK control_stylebox bg_source=base border_source=base path=/root/@EditorNode@18065/@Panel@14/@VBoxContainer@15/DockHSplitMain/@VBoxContainer@28/DockVSplitCenter/@EditorBottomPanel@7422/Debugger/@TabContainer@8422/Session 1/@TabContainer@8425/Network Profiler/@FlowContainer@18134/@Button@18135 class=Button variation= type=Button slot=pressed_mirrored bg=ff40ffff border=ff40ffff
LEAK control_stylebox bg_source=base border_source=base path=/root/@EditorNode@18065/@Panel@14/@VBoxContainer@15/DockHSplitMain/@VBoxContainer@28/DockVSplitCenter/@EditorBottomPanel@7422/Debugger/@TabContainer@8422/Session 1/@TabContainer@8425/Network Profiler/@FlowContainer@18134/@Button@18136 class=Button variation= type=Button slot=disabled_mirrored bg=ff40ffff border=ff40ffff
LEAK control_stylebox bg_source=base border_source=base path=/root/@EditorNode@18065/@Panel@14/@VBoxContainer@15/DockHSplitMain/@VBoxContainer@28/DockVSplitCenter/@EditorBottomPanel@7422/Debugger/@TabContainer@8422/Session 1/@TabContainer@8425/Network Profiler/@FlowContainer@18134/@Button@18136 class=Button variation= type=Button slot=hover_mirrored bg=ff40ffff border=ff40ffff
LEAK control_stylebox bg_source=base border_source=base path=/root/@EditorNode@18065/@Panel@14/@VBoxContainer@15/DockHSplitMain/@VBoxContainer@28/DockVSplitCenter/@EditorBottomPanel@7422/Debugger/@TabContainer@8422/Session 1/@TabContainer@8425/Network Profiler/@FlowContainer@18134/@Button@18136 class=Button variation= type=Button slot=hover_pressed_mirrored bg=ff40ffff border=ff40ffff
LEAK control_stylebox bg_source=base border_source=base path=/root/@EditorNode@18065/@Panel@14/@VBoxContainer@15/DockHSplitMain/@VBoxContainer@28/DockVSplitCenter/@EditorBottomPanel@7422/Debugger/@TabContainer@8422/Session 1/@TabContainer@8425/Network Profiler/@FlowContainer@18134/@Button@18136 class=Button variation= type=Button slot=normal_mirrored bg=ff26ffff border=ff40ffff
LEAK control_stylebox bg_source=base border_source=base path=/root/@EditorNode@18065/@Panel@14/@VBoxContainer@15/DockHSplitMain/@VBoxContainer@28/DockVSplitCenter/@EditorBottomPanel@7422/Debugger/@TabContainer@8422/Session 1/@TabContainer@8425/Network Profiler/@FlowContainer@18134/@Button@18136 class=Button variation= type=Button slot=pressed_mirrored bg=ff40ffff border=ff40ffff
LEAK control_stylebox bg_source=base border_source=base path=/root/@EditorNode@18065/@Panel@14/@VBoxContainer@15/DockHSplitMain/@VBoxContainer@28/DockVSplitCenter/@EditorBottomPanel@7422/Debugger/@TabContainer@8422/Session 1/@TabContainer@8425/Network Profiler/@FlowContainer@18134/@CheckBox@18137 class=CheckBox variation= type=CheckBox slot=disabled_mirrored bg=ff26ffff border=ff40ffff
LEAK control_stylebox bg_source=base border_source=base path=/root/@EditorNode@18065/@Panel@14/@VBoxContainer@15/DockHSplitMain/@VBoxContainer@28/DockVSplitCenter/@EditorBottomPanel@7422/Debugger/@TabContainer@8422/Session 1/@TabContainer@8425/Network Profiler/@FlowContainer@18134/@CheckBox@18137 class=CheckBox variation= type=CheckBox slot=hover_mirrored bg=ff26ffff border=ff40ffff
LEAK control_stylebox bg_source=base border_source=base path=/root/@EditorNode@18065/@Panel@14/@VBoxContainer@15/DockHSplitMain/@VBoxContainer@28/DockVSplitCenter/@EditorBottomPanel@7422/Debugger/@TabContainer@8422/Session 1/@TabContainer@8425/Network Profiler/@FlowContainer@18134/@CheckBox@18137 class=CheckBox variation= type=CheckBox slot=hover_pressed_mirrored bg=ff26ffff border=ff40ffff
LEAK control_stylebox bg_source=base border_source=base path=/root/@EditorNode@18065/@Panel@14/@VBoxContainer@15/DockHSplitMain/@VBoxContainer@28/DockVSplitCenter/@EditorBottomPanel@7422/Debugger/@TabContainer@8422/Session 1/@TabContainer@8425/Network Profiler/@FlowContainer@18134/@CheckBox@18137 class=CheckBox variation= type=CheckBox slot=normal_mirrored bg=ff26ffff border=ff40ffff
LEAK control_stylebox bg_source=base border_source=base path=/root/@EditorNode@18065/@Panel@14/@VBoxContainer@15/DockHSplitMain/@VBoxContainer@28/DockVSplitCenter/@EditorBottomPanel@7422/Debugger/@TabContainer@8422/Session 1/@TabContainer@8425/Network Profiler/@FlowContainer@18134/@CheckBox@18137 class=CheckBox variation= type=CheckBox slot=pressed_mirrored bg=ff26ffff border=ff40ffff
LEAK control_stylebox bg_source=base border_source=base path=/root/@EditorNode@18065/@Panel@14/@VBoxContainer@15/DockHSplitMain/@VBoxContainer@28/DockVSplitCenter/@EditorBottomPanel@7422/Debugger/@TabContainer@8422/Session 1/@TabContainer@8425/ObjectDB Profiler/@HSplitContainer@18177/@TabContainer@18215/Summary/@PanelContainer@18216/@VBoxContainer@18217/@Label@18218 class=Label variation= type=Label slot=normal bg=c213c2ff border=ff40ffff
LEAK control_stylebox bg_source=base border_source=base path=/root/@EditorNode@18065/@Panel@14/@VBoxContainer@15/DockHSplitMain/@VBoxContainer@28/DockVSplitCenter/@EditorBottomPanel@7422/Debugger/@TabContainer@8422/Session 1/@TabContainer@8425/ObjectDB Profiler/@HSplitContainer@18177/@VBoxContainer@18178/@Button@18179 class=Button variation= type=Button slot=disabled_mirrored bg=ff40ffff border=ff40ffff
LEAK control_stylebox bg_source=base border_source=base path=/root/@EditorNode@18065/@Panel@14/@VBoxContainer@15/DockHSplitMain/@VBoxContainer@28/DockVSplitCenter/@EditorBottomPanel@7422/Debugger/@TabContainer@8422/Session 1/@TabContainer@8425/ObjectDB Profiler/@HSplitContainer@18177/@VBoxContainer@18178/@Button@18179 class=Button variation= type=Button slot=hover_mirrored bg=ff40ffff border=ff40ffff
LEAK control_stylebox bg_source=base border_source=base path=/root/@EditorNode@18065/@Panel@14/@VBoxContainer@15/DockHSplitMain/@VBoxContainer@28/DockVSplitCenter/@EditorBottomPanel@7422/Debugger/@TabContainer@8422/Session 1/@TabContainer@8425/ObjectDB Profiler/@HSplitContainer@18177/@VBoxContainer@18178/@Button@18179 class=Button variation= type=Button slot=hover_pressed_mirrored bg=ff40ffff border=ff40ffff
LEAK control_stylebox bg_source=base border_source=base path=/root/@EditorNode@18065/@Panel@14/@VBoxContainer@15/DockHSplitMain/@VBoxContainer@28/DockVSplitCenter/@EditorBottomPanel@7422/Debugger/@TabContainer@8422/Session 1/@TabContainer@8425/ObjectDB Profiler/@HSplitContainer@18177/@VBoxContainer@18178/@Button@18179 class=Button variation= type=Button slot=normal_mirrored bg=ff26ffff border=ff40ffff
LEAK control_stylebox bg_source=base border_source=base path=/root/@EditorNode@18065/@Panel@14/@VBoxContainer@15/DockHSplitMain/@VBoxContainer@28/DockVSplitCenter/@EditorBottomPanel@7422/Debugger/@TabContainer@8422/Session 1/@TabContainer@8425/ObjectDB Profiler/@HSplitContainer@18177/@VBoxContainer@18178/@Button@18179 class=Button variation= type=Button slot=pressed_mirrored bg=ff40ffff border=ff40ffff
LEAK control_stylebox bg_source=base border_source=base path=/root/@EditorNode@18065/@Panel@14/@VBoxContainer@15/DockHSplitMain/@VBoxContainer@28/DockVSplitCenter/@EditorBottomPanel@7422/Debugger/@TabContainer@8422/Session 1/@TabContainer@8425/Profiler/@HBoxContainer@8690/@FlowContainer@8691/@Button@8692 class=Button variation= type=Button slot=disabled_mirrored bg=ff40ffff border=ff40ffff
LEAK control_stylebox bg_source=base border_source=base path=/root/@EditorNode@18065/@Panel@14/@VBoxContainer@15/DockHSplitMain/@VBoxContainer@28/DockVSplitCenter/@EditorBottomPanel@7422/Debugger/@TabContainer@8422/Session 1/@TabContainer@8425/Profiler/@HBoxContainer@8690/@FlowContainer@8691/@Button@8692 class=Button variation= type=Button slot=hover_mirrored bg=ff40ffff border=ff40ffff
LEAK control_stylebox bg_source=base border_source=base path=/root/@EditorNode@18065/@Panel@14/@VBoxContainer@15/DockHSplitMain/@VBoxContainer@28/DockVSplitCenter/@EditorBottomPanel@7422/Debugger/@TabContainer@8422/Session 1/@TabContainer@8425/Profiler/@HBoxContainer@8690/@FlowContainer@8691/@Button@8692 class=Button variation= type=Button slot=hover_pressed_mirrored bg=ff40ffff border=ff40ffff
LEAK control_stylebox bg_source=base border_source=base path=/root/@EditorNode@18065/@Panel@14/@VBoxContainer@15/DockHSplitMain/@VBoxContainer@28/DockVSplitCenter/@EditorBottomPanel@7422/Debugger/@TabContainer@8422/Session 1/@TabContainer@8425/Profiler/@HBoxContainer@8690/@FlowContainer@8691/@Button@8692 class=Button variation= type=Button slot=normal_mirrored bg=ff26ffff border=ff40ffff
LEAK control_stylebox bg_source=base border_source=base path=/root/@EditorNode@18065/@Panel@14/@VBoxContainer@15/DockHSplitMain/@VBoxContainer@28/DockVSplitCenter/@EditorBottomPanel@7422/Debugger/@TabContainer@8422/Session 1/@TabContainer@8425/Profiler/@HBoxContainer@8690/@FlowContainer@8691/@Button@8692 class=Button variation= type=Button slot=pressed_mirrored bg=ff40ffff border=ff40ffff
LEAK control_stylebox bg_source=base border_source=base path=/root/@EditorNode@18065/@Panel@14/@VBoxContainer@15/DockHSplitMain/@VBoxContainer@28/DockVSplitCenter/@EditorBottomPanel@7422/Debugger/@TabContainer@8422/Session 1/@TabContainer@8425/Profiler/@HBoxContainer@8690/@FlowContainer@8691/@Button@8693 class=Button variation= type=Button slot=disabled_mirrored bg=ff40ffff border=ff40ffff
LEAK control_stylebox bg_source=base border_source=base path=/root/@EditorNode@18065/@Panel@14/@VBoxContainer@15/DockHSplitMain/@VBoxContainer@28/DockVSplitCenter/@EditorBottomPanel@7422/Debugger/@TabContainer@8422/Session 1/@TabContainer@8425/Profiler/@HBoxContainer@8690/@FlowContainer@8691/@Button@8693 class=Button variation= type=Button slot=hover_mirrored bg=ff40ffff border=ff40ffff
LEAK control_stylebox bg_source=base border_source=base path=/root/@EditorNode@18065/@Panel@14/@VBoxContainer@15/DockHSplitMain/@VBoxContainer@28/DockVSplitCenter/@EditorBottomPanel@7422/Debugger/@TabContainer@8422/Session 1/@TabContainer@8425/Profiler/@HBoxContainer@8690/@FlowContainer@8691/@Button@8693 class=Button variation= type=Button slot=hover_pressed_mirrored bg=ff40ffff border=ff40ffff
LEAK control_stylebox bg_source=base border_source=base path=/root/@EditorNode@18065/@Panel@14/@VBoxContainer@15/DockHSplitMain/@VBoxContainer@28/DockVSplitCenter/@EditorBottomPanel@7422/Debugger/@TabContainer@8422/Session 1/@TabContainer@8425/Profiler/@HBoxContainer@8690/@FlowContainer@8691/@Button@8693 class=Button variation= type=Button slot=normal_mirrored bg=ff26ffff border=ff40ffff
LEAK control_stylebox bg_source=base border_source=base path=/root/@EditorNode@18065/@Panel@14/@VBoxContainer@15/DockHSplitMain/@VBoxContainer@28/DockVSplitCenter/@EditorBottomPanel@7422/Debugger/@TabContainer@8422/Session 1/@TabContainer@8425/Profiler/@HBoxContainer@8690/@FlowContainer@8691/@Button@8693 class=Button variation= type=Button slot=pressed_mirrored bg=ff40ffff border=ff40ffff
LEAK control_stylebox bg_source=base border_source=base path=/root/@EditorNode@18065/@Panel@14/@VBoxContainer@15/DockHSplitMain/@VBoxContainer@28/DockVSplitCenter/@EditorBottomPanel@7422/Debugger/@TabContainer@8422/Session 1/@TabContainer@8425/Profiler/@HBoxContainer@8690/@FlowContainer@8691/@CheckBox@8694 class=CheckBox variation= type=CheckBox slot=disabled_mirrored bg=ff26ffff border=ff40ffff
LEAK control_stylebox bg_source=base border_source=base path=/root/@EditorNode@18065/@Panel@14/@VBoxContainer@15/DockHSplitMain/@VBoxContainer@28/DockVSplitCenter/@EditorBottomPanel@7422/Debugger/@TabContainer@8422/Session 1/@TabContainer@8425/Profiler/@HBoxContainer@8690/@FlowContainer@8691/@CheckBox@8694 class=CheckBox variation= type=CheckBox slot=hover_mirrored bg=ff26ffff border=ff40ffff
LEAK control_stylebox bg_source=base border_source=base path=/root/@EditorNode@18065/@Panel@14/@VBoxContainer@15/DockHSplitMain/@VBoxContainer@28/DockVSplitCenter/@EditorBottomPanel@7422/Debugger/@TabContainer@8422/Session 1/@TabContainer@8425/Profiler/@HBoxContainer@8690/@FlowContainer@8691/@CheckBox@8694 class=CheckBox variation= type=CheckBox slot=hover_pressed_mirrored bg=ff26ffff border=ff40ffff
LEAK control_stylebox bg_source=base border_source=base path=/root/@EditorNode@18065/@Panel@14/@VBoxContainer@15/DockHSplitMain/@VBoxContainer@28/DockVSplitCenter/@EditorBottomPanel@7422/Debugger/@TabContainer@8422/Session 1/@TabContainer@8425/Profiler/@HBoxContainer@8690/@FlowContainer@8691/@CheckBox@8694 class=CheckBox variation= type=CheckBox slot=normal_mirrored bg=ff26ffff border=ff40ffff
LEAK control_stylebox bg_source=base border_source=base path=/root/@EditorNode@18065/@Panel@14/@VBoxContainer@15/DockHSplitMain/@VBoxContainer@28/DockVSplitCenter/@EditorBottomPanel@7422/Debugger/@TabContainer@8422/Session 1/@TabContainer@8425/Profiler/@HBoxContainer@8690/@FlowContainer@8691/@CheckBox@8694 class=CheckBox variation= type=CheckBox slot=pressed_mirrored bg=ff26ffff border=ff40ffff
LEAK control_stylebox bg_source=base border_source=base path=/root/@EditorNode@18065/@Panel@14/@VBoxContainer@15/DockHSplitMain/@VBoxContainer@28/DockVSplitCenter/@EditorBottomPanel@7422/Debugger/@TabContainer@8422/Session 1/@TabContainer@8425/Profiler/@HBoxContainer@8690/@FlowContainer@8691/@CheckButton@8717 class=CheckButton variation= type=CheckButton slot=disabled_mirrored bg=ff26ffff border=ff40ffff
LEAK control_stylebox bg_source=base border_source=base path=/root/@EditorNode@18065/@Panel@14/@VBoxContainer@15/DockHSplitMain/@VBoxContainer@28/DockVSplitCenter/@EditorBottomPanel@7422/Debugger/@TabContainer@8422/Session 1/@TabContainer@8425/Profiler/@HBoxContainer@8690/@FlowContainer@8691/@CheckButton@8717 class=CheckButton variation= type=CheckButton slot=hover_mirrored bg=ff26ffff border=ff40ffff
LEAK control_stylebox bg_source=base border_source=base path=/root/@EditorNode@18065/@Panel@14/@VBoxContainer@15/DockHSplitMain/@VBoxContainer@28/DockVSplitCenter/@EditorBottomPanel@7422/Debugger/@TabContainer@8422/Session 1/@TabContainer@8425/Profiler/@HBoxContainer@8690/@FlowContainer@8691/@CheckButton@8717 class=CheckButton variation= type=CheckButton slot=hover_pressed_mirrored bg=ff26ffff border=ff40ffff
LEAK control_stylebox bg_source=base border_source=base path=/root/@EditorNode@18065/@Panel@14/@VBoxContainer@15/DockHSplitMain/@VBoxContainer@28/DockVSplitCenter/@EditorBottomPanel@7422/Debugger/@TabContainer@8422/Session 1/@TabContainer@8425/Profiler/@HBoxContainer@8690/@FlowContainer@8691/@CheckButton@8717 class=CheckButton variation= type=CheckButton slot=normal_mirrored bg=ff26ffff border=ff40ffff
LEAK control_stylebox bg_source=base border_source=base path=/root/@EditorNode@18065/@Panel@14/@VBoxContainer@15/DockHSplitMain/@VBoxContainer@28/DockVSplitCenter/@EditorBottomPanel@7422/Debugger/@TabContainer@8422/Session 1/@TabContainer@8425/Profiler/@HBoxContainer@8690/@FlowContainer@8691/@CheckButton@8717 class=CheckButton variation= type=CheckButton slot=pressed_mirrored bg=ff26ffff border=ff40ffff
LEAK control_stylebox bg_source=base border_source=base path=/root/@EditorNode@18065/@Panel@14/@VBoxContainer@15/DockHSplitMain/@VBoxContainer@28/DockVSplitCenter/@EditorBottomPanel@7422/Debugger/@TabContainer@8422/Session 1/@TabContainer@8425/Profiler/@HBoxContainer@8690/@HBoxContainer@8718/@SpinBox@8722 class=SpinBox variation= type=SpinBox slot=down_background_hovered bg=ff40ffff border=ff40ffff
LEAK control_stylebox bg_source=base border_source=base path=/root/@EditorNode@18065/@Panel@14/@VBoxContainer@15/DockHSplitMain/@VBoxContainer@28/DockVSplitCenter/@EditorBottomPanel@7422/Debugger/@TabContainer@8422/Session 1/@TabContainer@8425/Profiler/@HBoxContainer@8690/@HBoxContainer@8718/@SpinBox@8722 class=SpinBox variation= type=SpinBox slot=down_background_pressed bg=ff40ffff border=ff40ffff
LEAK control_stylebox bg_source=base border_source=base path=/root/@EditorNode@18065/@Panel@14/@VBoxContainer@15/DockHSplitMain/@VBoxContainer@28/DockVSplitCenter/@EditorBottomPanel@7422/Debugger/@TabContainer@8422/Session 1/@TabContainer@8425/Profiler/@HBoxContainer@8690/@HBoxContainer@8718/@SpinBox@8722 class=SpinBox variation= type=SpinBox slot=up_background_hovered bg=ff40ffff border=ff40ffff
LEAK control_stylebox bg_source=base border_source=base path=/root/@EditorNode@18065/@Panel@14/@VBoxContainer@15/DockHSplitMain/@VBoxContainer@28/DockVSplitCenter/@EditorBottomPanel@7422/Debugger/@TabContainer@8422/Session 1/@TabContainer@8425/Profiler/@HBoxContainer@8690/@HBoxContainer@8718/@SpinBox@8722 class=SpinBox variation= type=SpinBox slot=up_background_pressed bg=ff40ffff border=ff40ffff
LEAK control_stylebox bg_source=base border_source=base path=/root/@EditorNode@18065/@Panel@14/@VBoxContainer@15/DockHSplitMain/@VBoxContainer@28/DockVSplitCenter/@EditorBottomPanel@7422/Debugger/@TabContainer@8422/Session 1/@TabContainer@8425/Visual Profiler/@HBoxContainer@8742/@FlowContainer@8743/@Button@8744 class=Button variation= type=Button slot=disabled_mirrored bg=ff40ffff border=ff40ffff
LEAK control_stylebox bg_source=base border_source=base path=/root/@EditorNode@18065/@Panel@14/@VBoxContainer@15/DockHSplitMain/@VBoxContainer@28/DockVSplitCenter/@EditorBottomPanel@7422/Debugger/@TabContainer@8422/Session 1/@TabContainer@8425/Visual Profiler/@HBoxContainer@8742/@FlowContainer@8743/@Button@8744 class=Button variation= type=Button slot=hover_mirrored bg=ff40ffff border=ff40ffff
LEAK control_stylebox bg_source=base border_source=base path=/root/@EditorNode@18065/@Panel@14/@VBoxContainer@15/DockHSplitMain/@VBoxContainer@28/DockVSplitCenter/@EditorBottomPanel@7422/Debugger/@TabContainer@8422/Session 1/@TabContainer@8425/Visual Profiler/@HBoxContainer@8742/@FlowContainer@8743/@Button@8744 class=Button variation= type=Button slot=hover_pressed_mirrored bg=ff40ffff border=ff40ffff
LEAK control_stylebox bg_source=base border_source=base path=/root/@EditorNode@18065/@Panel@14/@VBoxContainer@15/DockHSplitMain/@VBoxContainer@28/DockVSplitCenter/@EditorBottomPanel@7422/Debugger/@TabContainer@8422/Session 1/@TabContainer@8425/Visual Profiler/@HBoxContainer@8742/@FlowContainer@8743/@Button@8744 class=Button variation= type=Button slot=normal_mirrored bg=ff26ffff border=ff40ffff
LEAK control_stylebox bg_source=base border_source=base path=/root/@EditorNode@18065/@Panel@14/@VBoxContainer@15/DockHSplitMain/@VBoxContainer@28/DockVSplitCenter/@EditorBottomPanel@7422/Debugger/@TabContainer@8422/Session 1/@TabContainer@8425/Visual Profiler/@HBoxContainer@8742/@FlowContainer@8743/@Button@8744 class=Button variation= type=Button slot=pressed_mirrored bg=ff40ffff border=ff40ffff
LEAK control_stylebox bg_source=base border_source=base path=/root/@EditorNode@18065/@Panel@14/@VBoxContainer@15/DockHSplitMain/@VBoxContainer@28/DockVSplitCenter/@EditorBottomPanel@7422/Debugger/@TabContainer@8422/Session 1/@TabContainer@8425/Visual Profiler/@HBoxContainer@8742/@FlowContainer@8743/@Button@8745 class=Button variation= type=Button slot=disabled_mirrored bg=ff40ffff border=ff40ffff
LEAK control_stylebox bg_source=base border_source=base path=/root/@EditorNode@18065/@Panel@14/@VBoxContainer@15/DockHSplitMain/@VBoxContainer@28/DockVSplitCenter/@EditorBottomPanel@7422/Debugger/@TabContainer@8422/Session 1/@TabContainer@8425/Visual Profiler/@HBoxContainer@8742/@FlowContainer@8743/@Button@8745 class=Button variation= type=Button slot=hover_mirrored bg=ff40ffff border=ff40ffff
LEAK control_stylebox bg_source=base border_source=base path=/root/@EditorNode@18065/@Panel@14/@VBoxContainer@15/DockHSplitMain/@VBoxContainer@28/DockVSplitCenter/@EditorBottomPanel@7422/Debugger/@TabContainer@8422/Session 1/@TabContainer@8425/Visual Profiler/@HBoxContainer@8742/@FlowContainer@8743/@Button@8745 class=Button variation= type=Button slot=hover_pressed_mirrored bg=ff40ffff border=ff40ffff
LEAK control_stylebox bg_source=base border_source=base path=/root/@EditorNode@18065/@Panel@14/@VBoxContainer@15/DockHSplitMain/@VBoxContainer@28/DockVSplitCenter/@EditorBottomPanel@7422/Debugger/@TabContainer@8422/Session 1/@TabContainer@8425/Visual Profiler/@HBoxContainer@8742/@FlowContainer@8743/@Button@8745 class=Button variation= type=Button slot=normal_mirrored bg=ff26ffff border=ff40ffff
LEAK control_stylebox bg_source=base border_source=base path=/root/@EditorNode@18065/@Panel@14/@VBoxContainer@15/DockHSplitMain/@VBoxContainer@28/DockVSplitCenter/@EditorBottomPanel@7422/Debugger/@TabContainer@8422/Session 1/@TabContainer@8425/Visual Profiler/@HBoxContainer@8742/@FlowContainer@8743/@Button@8745 class=Button variation= type=Button slot=pressed_mirrored bg=ff40ffff border=ff40ffff
LEAK control_stylebox bg_source=base border_source=base path=/root/@EditorNode@18065/@Panel@14/@VBoxContainer@15/DockHSplitMain/@VBoxContainer@28/DockVSplitCenter/@EditorBottomPanel@7422/Debugger/@TabContainer@8422/Session 1/@TabContainer@8425/Visual Profiler/@HBoxContainer@8742/@FlowContainer@8743/@CheckBox@8746 class=CheckBox variation= type=CheckBox slot=disabled_mirrored bg=ff26ffff border=ff40ffff
LEAK control_stylebox bg_source=base border_source=base path=/root/@EditorNode@18065/@Panel@14/@VBoxContainer@15/DockHSplitMain/@VBoxContainer@28/DockVSplitCenter/@EditorBottomPanel@7422/Debugger/@TabContainer@8422/Session 1/@TabContainer@8425/Visual Profiler/@HBoxContainer@8742/@FlowContainer@8743/@CheckBox@8746 class=CheckBox variation= type=CheckBox slot=hover_mirrored bg=ff26ffff border=ff40ffff
LEAK control_stylebox bg_source=base border_source=base path=/root/@EditorNode@18065/@Panel@14/@VBoxContainer@15/DockHSplitMain/@VBoxContainer@28/DockVSplitCenter/@EditorBottomPanel@7422/Debugger/@TabContainer@8422/Session 1/@TabContainer@8425/Visual Profiler/@HBoxContainer@8742/@FlowContainer@8743/@CheckBox@8746 class=CheckBox variation= type=CheckBox slot=hover_pressed_mirrored bg=ff26ffff border=ff40ffff
LEAK control_stylebox bg_source=base border_source=base path=/root/@EditorNode@18065/@Panel@14/@VBoxContainer@15/DockHSplitMain/@VBoxContainer@28/DockVSplitCenter/@EditorBottomPanel@7422/Debugger/@TabContainer@8422/Session 1/@TabContainer@8425/Visual Profiler/@HBoxContainer@8742/@FlowContainer@8743/@CheckBox@8746 class=CheckBox variation= type=CheckBox slot=normal_mirrored bg=ff26ffff border=ff40ffff
LEAK control_stylebox bg_source=base border_source=base path=/root/@EditorNode@18065/@Panel@14/@VBoxContainer@15/DockHSplitMain/@VBoxContainer@28/DockVSplitCenter/@EditorBottomPanel@7422/Debugger/@TabContainer@8422/Session 1/@TabContainer@8425/Visual Profiler/@HBoxContainer@8742/@FlowContainer@8743/@CheckBox@8746 class=CheckBox variation= type=CheckBox slot=pressed_mirrored bg=ff26ffff border=ff40ffff
LEAK control_stylebox bg_source=base border_source=base path=/root/@EditorNode@18065/@Panel@14/@VBoxContainer@15/DockHSplitMain/@VBoxContainer@28/DockVSplitCenter/@EditorBottomPanel@7422/Debugger/@TabContainer@8422/Session 1/@TabContainer@8425/Visual Profiler/@HBoxContainer@8742/@FlowContainer@8743/@CheckBox@8758 class=CheckBox variation= type=CheckBox slot=disabled_mirrored bg=ff26ffff border=ff40ffff
LEAK control_stylebox bg_source=base border_source=base path=/root/@EditorNode@18065/@Panel@14/@VBoxContainer@15/DockHSplitMain/@VBoxContainer@28/DockVSplitCenter/@EditorBottomPanel@7422/Debugger/@TabContainer@8422/Session 1/@TabContainer@8425/Visual Profiler/@HBoxContainer@8742/@FlowContainer@8743/@CheckBox@8758 class=CheckBox variation= type=CheckBox slot=hover_mirrored bg=ff26ffff border=ff40ffff
LEAK control_stylebox bg_source=base border_source=base path=/root/@EditorNode@18065/@Panel@14/@VBoxContainer@15/DockHSplitMain/@VBoxContainer@28/DockVSplitCenter/@EditorBottomPanel@7422/Debugger/@TabContainer@8422/Session 1/@TabContainer@8425/Visual Profiler/@HBoxContainer@8742/@FlowContainer@8743/@CheckBox@8758 class=CheckBox variation= type=CheckBox slot=hover_pressed_mirrored bg=ff26ffff border=ff40ffff
LEAK control_stylebox bg_source=base border_source=base path=/root/@EditorNode@18065/@Panel@14/@VBoxContainer@15/DockHSplitMain/@VBoxContainer@28/DockVSplitCenter/@EditorBottomPanel@7422/Debugger/@TabContainer@8422/Session 1/@TabContainer@8425/Visual Profiler/@HBoxContainer@8742/@FlowContainer@8743/@CheckBox@8758 class=CheckBox variation= type=CheckBox slot=normal_mirrored bg=ff26ffff border=ff40ffff
LEAK control_stylebox bg_source=base border_source=base path=/root/@EditorNode@18065/@Panel@14/@VBoxContainer@15/DockHSplitMain/@VBoxContainer@28/DockVSplitCenter/@EditorBottomPanel@7422/Debugger/@TabContainer@8422/Session 1/@TabContainer@8425/Visual Profiler/@HBoxContainer@8742/@FlowContainer@8743/@CheckBox@8758 class=CheckBox variation= type=CheckBox slot=pressed_mirrored bg=ff26ffff border=ff40ffff
LEAK control_stylebox bg_source=base border_source=base path=/root/@EditorNode@18065/@Panel@14/@VBoxContainer@15/DockHSplitMain/@VBoxContainer@28/DockVSplitCenter/@EditorBottomPanel@7422/Debugger/@TabContainer@8422/Session 1/@TabContainer@8425/Visual Profiler/@HBoxContainer@8742/@FlowContainer@8743/@CheckBox@8759 class=CheckBox variation= type=CheckBox slot=disabled_mirrored bg=ff26ffff border=ff40ffff
LEAK control_stylebox bg_source=base border_source=base path=/root/@EditorNode@18065/@Panel@14/@VBoxContainer@15/DockHSplitMain/@VBoxContainer@28/DockVSplitCenter/@EditorBottomPanel@7422/Debugger/@TabContainer@8422/Session 1/@TabContainer@8425/Visual Profiler/@HBoxContainer@8742/@FlowContainer@8743/@CheckBox@8759 class=CheckBox variation= type=CheckBox slot=hover_mirrored bg=ff26ffff border=ff40ffff
LEAK control_stylebox bg_source=base border_source=base path=/root/@EditorNode@18065/@Panel@14/@VBoxContainer@15/DockHSplitMain/@VBoxContainer@28/DockVSplitCenter/@EditorBottomPanel@7422/Debugger/@TabContainer@8422/Session 1/@TabContainer@8425/Visual Profiler/@HBoxContainer@8742/@FlowContainer@8743/@CheckBox@8759 class=CheckBox variation= type=CheckBox slot=hover_pressed_mirrored bg=ff26ffff border=ff40ffff
LEAK control_stylebox bg_source=base border_source=base path=/root/@EditorNode@18065/@Panel@14/@VBoxContainer@15/DockHSplitMain/@VBoxContainer@28/DockVSplitCenter/@EditorBottomPanel@7422/Debugger/@TabContainer@8422/Session 1/@TabContainer@8425/Visual Profiler/@HBoxContainer@8742/@FlowContainer@8743/@CheckBox@8759 class=CheckBox variation= type=CheckBox slot=normal_mirrored bg=ff26ffff border=ff40ffff
LEAK control_stylebox bg_source=base border_source=base path=/root/@EditorNode@18065/@Panel@14/@VBoxContainer@15/DockHSplitMain/@VBoxContainer@28/DockVSplitCenter/@EditorBottomPanel@7422/Debugger/@TabContainer@8422/Session 1/@TabContainer@8425/Visual Profiler/@HBoxContainer@8742/@FlowContainer@8743/@CheckBox@8759 class=CheckBox variation= type=CheckBox slot=pressed_mirrored bg=ff26ffff border=ff40ffff
LEAK control_stylebox bg_source=base border_source=base path=/root/@EditorNode@18065/@Panel@14/@VBoxContainer@15/DockHSplitMain/@VBoxContainer@28/DockVSplitCenter/@EditorBottomPanel@7422/Debugger/@TabContainer@8422/Session 1/@TabContainer@8425/Visual Profiler/@HBoxContainer@8742/@HBoxContainer@8760/@SpinBox@8764 class=SpinBox variation= type=SpinBox slot=down_background_hovered bg=ff40ffff border=ff40ffff
LEAK control_stylebox bg_source=base border_source=base path=/root/@EditorNode@18065/@Panel@14/@VBoxContainer@15/DockHSplitMain/@VBoxContainer@28/DockVSplitCenter/@EditorBottomPanel@7422/Debugger/@TabContainer@8422/Session 1/@TabContainer@8425/Visual Profiler/@HBoxContainer@8742/@HBoxContainer@8760/@SpinBox@8764 class=SpinBox variation= type=SpinBox slot=down_background_pressed bg=ff40ffff border=ff40ffff
LEAK control_stylebox bg_source=base border_source=base path=/root/@EditorNode@18065/@Panel@14/@VBoxContainer@15/DockHSplitMain/@VBoxContainer@28/DockVSplitCenter/@EditorBottomPanel@7422/Debugger/@TabContainer@8422/Session 1/@TabContainer@8425/Visual Profiler/@HBoxContainer@8742/@HBoxContainer@8760/@SpinBox@8764 class=SpinBox variation= type=SpinBox slot=up_background_hovered bg=ff40ffff border=ff40ffff
LEAK control_stylebox bg_source=base border_source=base path=/root/@EditorNode@18065/@Panel@14/@VBoxContainer@15/DockHSplitMain/@VBoxContainer@28/DockVSplitCenter/@EditorBottomPanel@7422/Debugger/@TabContainer@8422/Session 1/@TabContainer@8425/Visual Profiler/@HBoxContainer@8742/@HBoxContainer@8760/@SpinBox@8764 class=SpinBox variation= type=SpinBox slot=up_background_pressed bg=ff40ffff border=ff40ffff
LEAK control_stylebox bg_source=base border_source=base path=/root/@EditorNode@18065/@Panel@14/@VBoxContainer@15/DockHSplitMain/@VBoxContainer@28/DockVSplitCenter/@EditorBottomPanel@7422/Output/@HBoxContainer@7424/@VBoxContainer@7430/@Button@7439 class=Button variation=EditorLogFilterButton type=Button slot=disabled_mirrored bg=ff40ffff border=ff40ffff
LEAK control_stylebox bg_source=base border_source=base path=/root/@EditorNode@18065/@Panel@14/@VBoxContainer@15/DockHSplitMain/@VBoxContainer@28/DockVSplitCenter/@EditorBottomPanel@7422/Output/@HBoxContainer@7424/@VBoxContainer@7430/@Button@7439 class=Button variation=EditorLogFilterButton type=Button slot=hover_mirrored bg=ff40ffff border=ff40ffff
LEAK control_stylebox bg_source=base border_source=base path=/root/@EditorNode@18065/@Panel@14/@VBoxContainer@15/DockHSplitMain/@VBoxContainer@28/DockVSplitCenter/@EditorBottomPanel@7422/Output/@HBoxContainer@7424/@VBoxContainer@7430/@Button@7439 class=Button variation=EditorLogFilterButton type=Button slot=hover_pressed_mirrored bg=ff40ffff border=ff40ffff
LEAK control_stylebox bg_source=base border_source=base path=/root/@EditorNode@18065/@Panel@14/@VBoxContainer@15/DockHSplitMain/@VBoxContainer@28/DockVSplitCenter/@EditorBottomPanel@7422/Output/@HBoxContainer@7424/@VBoxContainer@7430/@Button@7439 class=Button variation=EditorLogFilterButton type=Button slot=normal_mirrored bg=ff26ffff border=ff40ffff
LEAK control_stylebox bg_source=base border_source=base path=/root/@EditorNode@18065/@Panel@14/@VBoxContainer@15/DockHSplitMain/@VBoxContainer@28/DockVSplitCenter/@EditorBottomPanel@7422/Output/@HBoxContainer@7424/@VBoxContainer@7430/@Button@7439 class=Button variation=EditorLogFilterButton type=Button slot=pressed_mirrored bg=ff40ffff border=ff40ffff
LEAK control_stylebox bg_source=base border_source=base path=/root/@EditorNode@18065/@Panel@14/@VBoxContainer@15/DockHSplitMain/@VBoxContainer@28/DockVSplitCenter/@EditorBottomPanel@7422/Output/@HBoxContainer@7424/@VBoxContainer@7430/@Button@7440 class=Button variation=EditorLogFilterButton type=Button slot=disabled_mirrored bg=ff40ffff border=ff40ffff
LEAK control_stylebox bg_source=base border_source=base path=/root/@EditorNode@18065/@Panel@14/@VBoxContainer@15/DockHSplitMain/@VBoxContainer@28/DockVSplitCenter/@EditorBottomPanel@7422/Output/@HBoxContainer@7424/@VBoxContainer@7430/@Button@7440 class=Button variation=EditorLogFilterButton type=Button slot=hover_mirrored bg=ff40ffff border=ff40ffff
LEAK control_stylebox bg_source=base border_source=base path=/root/@EditorNode@18065/@Panel@14/@VBoxContainer@15/DockHSplitMain/@VBoxContainer@28/DockVSplitCenter/@EditorBottomPanel@7422/Output/@HBoxContainer@7424/@VBoxContainer@7430/@Button@7440 class=Button variation=EditorLogFilterButton type=Button slot=hover_pressed_mirrored bg=ff40ffff border=ff40ffff
LEAK control_stylebox bg_source=base border_source=base path=/root/@EditorNode@18065/@Panel@14/@VBoxContainer@15/DockHSplitMain/@VBoxContainer@28/DockVSplitCenter/@EditorBottomPanel@7422/Output/@HBoxContainer@7424/@VBoxContainer@7430/@Button@7440 class=Button variation=EditorLogFilterButton type=Button slot=normal_mirrored bg=ff26ffff border=ff40ffff
LEAK control_stylebox bg_source=base border_source=base path=/root/@EditorNode@18065/@Panel@14/@VBoxContainer@15/DockHSplitMain/@VBoxContainer@28/DockVSplitCenter/@EditorBottomPanel@7422/Output/@HBoxContainer@7424/@VBoxContainer@7430/@Button@7440 class=Button variation=EditorLogFilterButton type=Button slot=pressed_mirrored bg=ff40ffff border=ff40ffff
LEAK control_stylebox bg_source=base border_source=base path=/root/@EditorNode@18065/@Panel@14/@VBoxContainer@15/DockHSplitMain/@VBoxContainer@28/DockVSplitCenter/@EditorBottomPanel@7422/Output/@HBoxContainer@7424/@VBoxContainer@7430/@Button@7441 class=Button variation=EditorLogFilterButton type=Button slot=disabled_mirrored bg=ff40ffff border=ff40ffff
LEAK control_stylebox bg_source=base border_source=base path=/root/@EditorNode@18065/@Panel@14/@VBoxContainer@15/DockHSplitMain/@VBoxContainer@28/DockVSplitCenter/@EditorBottomPanel@7422/Output/@HBoxContainer@7424/@VBoxContainer@7430/@Button@7441 class=Button variation=EditorLogFilterButton type=Button slot=hover_mirrored bg=ff40ffff border=ff40ffff
LEAK control_stylebox bg_source=base border_source=base path=/root/@EditorNode@18065/@Panel@14/@VBoxContainer@15/DockHSplitMain/@VBoxContainer@28/DockVSplitCenter/@EditorBottomPanel@7422/Output/@HBoxContainer@7424/@VBoxContainer@7430/@Button@7441 class=Button variation=EditorLogFilterButton type=Button slot=hover_pressed_mirrored bg=ff40ffff border=ff40ffff
LEAK control_stylebox bg_source=base border_source=base path=/root/@EditorNode@18065/@Panel@14/@VBoxContainer@15/DockHSplitMain/@VBoxContainer@28/DockVSplitCenter/@EditorBottomPanel@7422/Output/@HBoxContainer@7424/@VBoxContainer@7430/@Button@7441 class=Button variation=EditorLogFilterButton type=Button slot=normal_mirrored bg=ff26ffff border=ff40ffff
LEAK control_stylebox bg_source=base border_source=base path=/root/@EditorNode@18065/@Panel@14/@VBoxContainer@15/DockHSplitMain/@VBoxContainer@28/DockVSplitCenter/@EditorBottomPanel@7422/Output/@HBoxContainer@7424/@VBoxContainer@7430/@Button@7441 class=Button variation=EditorLogFilterButton type=Button slot=pressed_mirrored bg=ff40ffff border=ff40ffff
LEAK control_stylebox bg_source=base border_source=base path=/root/@EditorNode@18065/@Panel@14/@VBoxContainer@15/DockHSplitMain/@VBoxContainer@28/DockVSplitCenter/@EditorBottomPanel@7422/Output/@HBoxContainer@7424/@VBoxContainer@7430/@Button@7442 class=Button variation=EditorLogFilterButton type=Button slot=disabled_mirrored bg=ff40ffff border=ff40ffff
LEAK control_stylebox bg_source=base border_source=base path=/root/@EditorNode@18065/@Panel@14/@VBoxContainer@15/DockHSplitMain/@VBoxContainer@28/DockVSplitCenter/@EditorBottomPanel@7422/Output/@HBoxContainer@7424/@VBoxContainer@7430/@Button@7442 class=Button variation=EditorLogFilterButton type=Button slot=hover_mirrored bg=ff40ffff border=ff40ffff
LEAK control_stylebox bg_source=base border_source=base path=/root/@EditorNode@18065/@Panel@14/@VBoxContainer@15/DockHSplitMain/@VBoxContainer@28/DockVSplitCenter/@EditorBottomPanel@7422/Output/@HBoxContainer@7424/@VBoxContainer@7430/@Button@7442 class=Button variation=EditorLogFilterButton type=Button slot=hover_pressed_mirrored bg=ff40ffff border=ff40ffff
LEAK control_stylebox bg_source=base border_source=base path=/root/@EditorNode@18065/@Panel@14/@VBoxContainer@15/DockHSplitMain/@VBoxContainer@28/DockVSplitCenter/@EditorBottomPanel@7422/Output/@HBoxContainer@7424/@VBoxContainer@7430/@Button@7442 class=Button variation=EditorLogFilterButton type=Button slot=normal_mirrored bg=ff26ffff border=ff40ffff
LEAK control_stylebox bg_source=base border_source=base path=/root/@EditorNode@18065/@Panel@14/@VBoxContainer@15/DockHSplitMain/@VBoxContainer@28/DockVSplitCenter/@EditorBottomPanel@7422/Output/@HBoxContainer@7424/@VBoxContainer@7430/@Button@7442 class=Button variation=EditorLogFilterButton type=Button slot=pressed_mirrored bg=ff40ffff border=ff40ffff
LEAK control_stylebox bg_source=base border_source=base path=/root/@EditorNode@18065/@Panel@14/@VBoxContainer@15/DockHSplitMain/@VBoxContainer@28/DockVSplitCenter/@VSplitContainer@70/@VBoxContainer@71/@EditorMainScreen@125/MainScreen/@CanvasItemEditor@9318/@MarginContainer@9097/@HFlowContainer@9098/@PanelContainer@9236/@HBoxContainer@9235/@NavigationRegion2DEditor@17875/@HBoxContainer@17862/@Button@17863 class=Button variation= type=Button slot=disabled_mirrored bg=ff40ffff border=ff40ffff
LEAK control_stylebox bg_source=base border_source=base path=/root/@EditorNode@18065/@Panel@14/@VBoxContainer@15/DockHSplitMain/@VBoxContainer@28/DockVSplitCenter/@VSplitContainer@70/@VBoxContainer@71/@EditorMainScreen@125/MainScreen/@CanvasItemEditor@9318/@MarginContainer@9097/@HFlowContainer@9098/@PanelContainer@9236/@HBoxContainer@9235/@NavigationRegion2DEditor@17875/@HBoxContainer@17862/@Button@17863 class=Button variation= type=Button slot=hover_mirrored bg=ff40ffff border=ff40ffff
LEAK control_stylebox bg_source=base border_source=base path=/root/@EditorNode@18065/@Panel@14/@VBoxContainer@15/DockHSplitMain/@VBoxContainer@28/DockVSplitCenter/@VSplitContainer@70/@VBoxContainer@71/@EditorMainScreen@125/MainScreen/@CanvasItemEditor@9318/@MarginContainer@9097/@HFlowContainer@9098/@PanelContainer@9236/@HBoxContainer@9235/@NavigationRegion2DEditor@17875/@HBoxContainer@17862/@Button@17863 class=Button variation= type=Button slot=hover_pressed_mirrored bg=ff40ffff border=ff40ffff
LEAK control_stylebox bg_source=base border_source=base path=/root/@EditorNode@18065/@Panel@14/@VBoxContainer@15/DockHSplitMain/@VBoxContainer@28/DockVSplitCenter/@VSplitContainer@70/@VBoxContainer@71/@EditorMainScreen@125/MainScreen/@CanvasItemEditor@9318/@MarginContainer@9097/@HFlowContainer@9098/@PanelContainer@9236/@HBoxContainer@9235/@NavigationRegion2DEditor@17875/@HBoxContainer@17862/@Button@17863 class=Button variation= type=Button slot=normal_mirrored bg=ff26ffff border=ff40ffff
LEAK control_stylebox bg_source=base border_source=base path=/root/@EditorNode@18065/@Panel@14/@VBoxContainer@15/DockHSplitMain/@VBoxContainer@28/DockVSplitCenter/@VSplitContainer@70/@VBoxContainer@71/@EditorMainScreen@125/MainScreen/@CanvasItemEditor@9318/@MarginContainer@9097/@HFlowContainer@9098/@PanelContainer@9236/@HBoxContainer@9235/@NavigationRegion2DEditor@17875/@HBoxContainer@17862/@Button@17863 class=Button variation= type=Button slot=pressed_mirrored bg=ff40ffff border=ff40ffff
LEAK control_stylebox bg_source=base border_source=base path=/root/@EditorNode@18065/@Panel@14/@VBoxContainer@15/DockHSplitMain/@VBoxContainer@28/DockVSplitCenter/@VSplitContainer@70/@VBoxContainer@71/@EditorMainScreen@125/MainScreen/@CanvasItemEditor@9318/@MarginContainer@9097/@HFlowContainer@9098/@PanelContainer@9236/@HBoxContainer@9235/@NavigationRegion2DEditor@17875/@HBoxContainer@17862/@Button@17864 class=Button variation= type=Button slot=disabled_mirrored bg=ff40ffff border=ff40ffff
LEAK control_stylebox bg_source=base border_source=base path=/root/@EditorNode@18065/@Panel@14/@VBoxContainer@15/DockHSplitMain/@VBoxContainer@28/DockVSplitCenter/@VSplitContainer@70/@VBoxContainer@71/@EditorMainScreen@125/MainScreen/@CanvasItemEditor@9318/@MarginContainer@9097/@HFlowContainer@9098/@PanelContainer@9236/@HBoxContainer@9235/@NavigationRegion2DEditor@17875/@HBoxContainer@17862/@Button@17864 class=Button variation= type=Button slot=hover_mirrored bg=ff40ffff border=ff40ffff
LEAK control_stylebox bg_source=base border_source=base path=/root/@EditorNode@18065/@Panel@14/@VBoxContainer@15/DockHSplitMain/@VBoxContainer@28/DockVSplitCenter/@VSplitContainer@70/@VBoxContainer@71/@EditorMainScreen@125/MainScreen/@CanvasItemEditor@9318/@MarginContainer@9097/@HFlowContainer@9098/@PanelContainer@9236/@HBoxContainer@9235/@NavigationRegion2DEditor@17875/@HBoxContainer@17862/@Button@17864 class=Button variation= type=Button slot=hover_pressed_mirrored bg=ff40ffff border=ff40ffff
LEAK control_stylebox bg_source=base border_source=base path=/root/@EditorNode@18065/@Panel@14/@VBoxContainer@15/DockHSplitMain/@VBoxContainer@28/DockVSplitCenter/@VSplitContainer@70/@VBoxContainer@71/@EditorMainScreen@125/MainScreen/@CanvasItemEditor@9318/@MarginContainer@9097/@HFlowContainer@9098/@PanelContainer@9236/@HBoxContainer@9235/@NavigationRegion2DEditor@17875/@HBoxContainer@17862/@Button@17864 class=Button variation= type=Button slot=normal_mirrored bg=ff26ffff border=ff40ffff
LEAK control_stylebox bg_source=base border_source=base path=/root/@EditorNode@18065/@Panel@14/@VBoxContainer@15/DockHSplitMain/@VBoxContainer@28/DockVSplitCenter/@VSplitContainer@70/@VBoxContainer@71/@EditorMainScreen@125/MainScreen/@CanvasItemEditor@9318/@MarginContainer@9097/@HFlowContainer@9098/@PanelContainer@9236/@HBoxContainer@9235/@NavigationRegion2DEditor@17875/@HBoxContainer@17862/@Button@17864 class=Button variation= type=Button slot=pressed_mirrored bg=ff40ffff border=ff40ffff
LEAK control_stylebox bg_source=base border_source=base path=/root/@EditorNode@18065/@Panel@14/@VBoxContainer@15/DockHSplitMain/@VBoxContainer@28/DockVSplitCenter/@VSplitContainer@70/@VBoxContainer@71/@EditorMainScreen@125/MainScreen/@CanvasItemEditor@9318/@MarginContainer@9097/@HFlowContainer@9098/@PanelContainer@9236/@HBoxContainer@9235/@Path2DEditor@16657/@Button@16655 class=Button variation= type=Button slot=disabled_mirrored bg=ff40ffff border=ff40ffff
LEAK control_stylebox bg_source=base border_source=base path=/root/@EditorNode@18065/@Panel@14/@VBoxContainer@15/DockHSplitMain/@VBoxContainer@28/DockVSplitCenter/@VSplitContainer@70/@VBoxContainer@71/@EditorMainScreen@125/MainScreen/@CanvasItemEditor@9318/@MarginContainer@9097/@HFlowContainer@9098/@PanelContainer@9236/@HBoxContainer@9235/@Path2DEditor@16657/@Button@16655 class=Button variation= type=Button slot=hover_mirrored bg=ff40ffff border=ff40ffff
LEAK control_stylebox bg_source=base border_source=base path=/root/@EditorNode@18065/@Panel@14/@VBoxContainer@15/DockHSplitMain/@VBoxContainer@28/DockVSplitCenter/@VSplitContainer@70/@VBoxContainer@71/@EditorMainScreen@125/MainScreen/@CanvasItemEditor@9318/@MarginContainer@9097/@HFlowContainer@9098/@PanelContainer@9236/@HBoxContainer@9235/@Path2DEditor@16657/@Button@16655 class=Button variation= type=Button slot=hover_pressed_mirrored bg=ff40ffff border=ff40ffff
LEAK control_stylebox bg_source=base border_source=base path=/root/@EditorNode@18065/@Panel@14/@VBoxContainer@15/DockHSplitMain/@VBoxContainer@28/DockVSplitCenter/@VSplitContainer@70/@VBoxContainer@71/@EditorMainScreen@125/MainScreen/@CanvasItemEditor@9318/@MarginContainer@9097/@HFlowContainer@9098/@PanelContainer@9236/@HBoxContainer@9235/@Path2DEditor@16657/@Button@16655 class=Button variation= type=Button slot=normal_mirrored bg=ff26ffff border=ff40ffff
LEAK control_stylebox bg_source=base border_source=base path=/root/@EditorNode@18065/@Panel@14/@VBoxContainer@15/DockHSplitMain/@VBoxContainer@28/DockVSplitCenter/@VSplitContainer@70/@VBoxContainer@71/@EditorMainScreen@125/MainScreen/@CanvasItemEditor@9318/@MarginContainer@9097/@HFlowContainer@9098/@PanelContainer@9236/@HBoxContainer@9235/@Path2DEditor@16657/@Button@16655 class=Button variation= type=Button slot=pressed_mirrored bg=ff40ffff border=ff40ffff
LEAK control_stylebox bg_source=base border_source=base path=/root/@EditorNode@18065/@Panel@14/@VBoxContainer@15/DockHSplitMain/@VBoxContainer@28/DockVSplitCenter/@VSplitContainer@70/@VBoxContainer@71/@EditorMainScreen@125/MainScreen/@CanvasItemEditor@9318/@VSplitContainer@9101/@HSplitContainer@9103/@HSplitContainer@9105/@Control@9106/@CanvasItemEditorViewport@9143/@VBoxContainer@9146/@HBoxContainer@9109/@Button@9110 class=Button variation= type=Button slot=disabled_mirrored bg=ff40ffff border=ff40ffff
LEAK control_stylebox bg_source=base border_source=base path=/root/@EditorNode@18065/@Panel@14/@VBoxContainer@15/DockHSplitMain/@VBoxContainer@28/DockVSplitCenter/@VSplitContainer@70/@VBoxContainer@71/@EditorMainScreen@125/MainScreen/@CanvasItemEditor@9318/@VSplitContainer@9101/@HSplitContainer@9103/@HSplitContainer@9105/@Control@9106/@CanvasItemEditorViewport@9143/@VBoxContainer@9146/@HBoxContainer@9109/@Button@9110 class=Button variation= type=Button slot=hover_mirrored bg=ff40ffff border=ff40ffff
LEAK control_stylebox bg_source=base border_source=base path=/root/@EditorNode@18065/@Panel@14/@VBoxContainer@15/DockHSplitMain/@VBoxContainer@28/DockVSplitCenter/@VSplitContainer@70/@VBoxContainer@71/@EditorMainScreen@125/MainScreen/@CanvasItemEditor@9318/@VSplitContainer@9101/@HSplitContainer@9103/@HSplitContainer@9105/@Control@9106/@CanvasItemEditorViewport@9143/@VBoxContainer@9146/@HBoxContainer@9109/@Button@9110 class=Button variation= type=Button slot=hover_pressed_mirrored bg=ff40ffff border=ff40ffff
LEAK control_stylebox bg_source=base border_source=base path=/root/@EditorNode@18065/@Panel@14/@VBoxContainer@15/DockHSplitMain/@VBoxContainer@28/DockVSplitCenter/@VSplitContainer@70/@VBoxContainer@71/@EditorMainScreen@125/MainScreen/@CanvasItemEditor@9318/@VSplitContainer@9101/@HSplitContainer@9103/@HSplitContainer@9105/@Control@9106/@CanvasItemEditorViewport@9143/@VBoxContainer@9146/@HBoxContainer@9109/@Button@9110 class=Button variation= type=Button slot=normal_mirrored bg=ff26ffff border=ff40ffff
LEAK control_stylebox bg_source=base border_source=base path=/root/@EditorNode@18065/@Panel@14/@VBoxContainer@15/DockHSplitMain/@VBoxContainer@28/DockVSplitCenter/@VSplitContainer@70/@VBoxContainer@71/@EditorMainScreen@125/MainScreen/@CanvasItemEditor@9318/@VSplitContainer@9101/@HSplitContainer@9103/@HSplitContainer@9105/@Control@9106/@CanvasItemEditorViewport@9143/@VBoxContainer@9146/@HBoxContainer@9109/@Button@9110 class=Button variation= type=Button slot=pressed_mirrored bg=ff40ffff border=ff40ffff
LEAK control_stylebox bg_source=base border_source=base path=/root/@EditorNode@18065/@Panel@14/@VBoxContainer@15/DockHSplitMain/@VBoxContainer@28/DockVSplitCenter/@VSplitContainer@70/@VBoxContainer@71/@EditorMainScreen@125/MainScreen/@CanvasItemEditor@9318/@VSplitContainer@9101/@HSplitContainer@9103/@HSplitContainer@9105/@Control@9106/@CanvasItemEditorViewport@9143/@VBoxContainer@9146/@HBoxContainer@9109/@EditorZoomWidget@9114/@Button@9111 class=Button variation= type=Button slot=disabled_mirrored bg=ff40ffff border=ff40ffff
LEAK control_stylebox bg_source=base border_source=base path=/root/@EditorNode@18065/@Panel@14/@VBoxContainer@15/DockHSplitMain/@VBoxContainer@28/DockVSplitCenter/@VSplitContainer@70/@VBoxContainer@71/@EditorMainScreen@125/MainScreen/@CanvasItemEditor@9318/@VSplitContainer@9101/@HSplitContainer@9103/@HSplitContainer@9105/@Control@9106/@CanvasItemEditorViewport@9143/@VBoxContainer@9146/@HBoxContainer@9109/@EditorZoomWidget@9114/@Button@9111 class=Button variation= type=Button slot=hover_mirrored bg=ff40ffff border=ff40ffff
LEAK control_stylebox bg_source=base border_source=base path=/root/@EditorNode@18065/@Panel@14/@VBoxContainer@15/DockHSplitMain/@VBoxContainer@28/DockVSplitCenter/@VSplitContainer@70/@VBoxContainer@71/@EditorMainScreen@125/MainScreen/@CanvasItemEditor@9318/@VSplitContainer@9101/@HSplitContainer@9103/@HSplitContainer@9105/@Control@9106/@CanvasItemEditorViewport@9143/@VBoxContainer@9146/@HBoxContainer@9109/@EditorZoomWidget@9114/@Button@9111 class=Button variation= type=Button slot=hover_pressed_mirrored bg=ff40ffff border=ff40ffff
LEAK control_stylebox bg_source=base border_source=base path=/root/@EditorNode@18065/@Panel@14/@VBoxContainer@15/DockHSplitMain/@VBoxContainer@28/DockVSplitCenter/@VSplitContainer@70/@VBoxContainer@71/@EditorMainScreen@125/MainScreen/@CanvasItemEditor@9318/@VSplitContainer@9101/@HSplitContainer@9103/@HSplitContainer@9105/@Control@9106/@CanvasItemEditorViewport@9143/@VBoxContainer@9146/@HBoxContainer@9109/@EditorZoomWidget@9114/@Button@9111 class=Button variation= type=Button slot=normal_mirrored bg=ff26ffff border=ff40ffff
LEAK control_stylebox bg_source=base border_source=base path=/root/@EditorNode@18065/@Panel@14/@VBoxContainer@15/DockHSplitMain/@VBoxContainer@28/DockVSplitCenter/@VSplitContainer@70/@VBoxContainer@71/@EditorMainScreen@125/MainScreen/@CanvasItemEditor@9318/@VSplitContainer@9101/@HSplitContainer@9103/@HSplitContainer@9105/@Control@9106/@CanvasItemEditorViewport@9143/@VBoxContainer@9146/@HBoxContainer@9109/@EditorZoomWidget@9114/@Button@9111 class=Button variation= type=Button slot=pressed_mirrored bg=ff40ffff border=ff40ffff
LEAK control_stylebox bg_source=base border_source=base path=/root/@EditorNode@18065/@Panel@14/@VBoxContainer@15/DockHSplitMain/@VBoxContainer@28/DockVSplitCenter/@VSplitContainer@70/@VBoxContainer@71/@EditorMainScreen@125/MainScreen/@CanvasItemEditor@9318/@VSplitContainer@9101/@HSplitContainer@9103/@HSplitContainer@9105/@Control@9106/@CanvasItemEditorViewport@9143/@VBoxContainer@9146/@HBoxContainer@9109/@EditorZoomWidget@9114/@Button@9112 class=Button variation= type=Button slot=disabled_mirrored bg=ff40ffff border=ff40ffff
LEAK control_stylebox bg_source=base border_source=base path=/root/@EditorNode@18065/@Panel@14/@VBoxContainer@15/DockHSplitMain/@VBoxContainer@28/DockVSplitCenter/@VSplitContainer@70/@VBoxContainer@71/@EditorMainScreen@125/MainScreen/@CanvasItemEditor@9318/@VSplitContainer@9101/@HSplitContainer@9103/@HSplitContainer@9105/@Control@9106/@CanvasItemEditorViewport@9143/@VBoxContainer@9146/@HBoxContainer@9109/@EditorZoomWidget@9114/@Button@9112 class=Button variation= type=Button slot=hover_mirrored bg=ff40ffff border=ff40ffff
LEAK control_stylebox bg_source=base border_source=base path=/root/@EditorNode@18065/@Panel@14/@VBoxContainer@15/DockHSplitMain/@VBoxContainer@28/DockVSplitCenter/@VSplitContainer@70/@VBoxContainer@71/@EditorMainScreen@125/MainScreen/@CanvasItemEditor@9318/@VSplitContainer@9101/@HSplitContainer@9103/@HSplitContainer@9105/@Control@9106/@CanvasItemEditorViewport@9143/@VBoxContainer@9146/@HBoxContainer@9109/@EditorZoomWidget@9114/@Button@9112 class=Button variation= type=Button slot=hover_pressed_mirrored bg=ff40ffff border=ff40ffff
LEAK control_stylebox bg_source=base border_source=base path=/root/@EditorNode@18065/@Panel@14/@VBoxContainer@15/DockHSplitMain/@VBoxContainer@28/DockVSplitCenter/@VSplitContainer@70/@VBoxContainer@71/@EditorMainScreen@125/MainScreen/@CanvasItemEditor@9318/@VSplitContainer@9101/@HSplitContainer@9103/@HSplitContainer@9105/@Control@9106/@CanvasItemEditorViewport@9143/@VBoxContainer@9146/@HBoxContainer@9109/@EditorZoomWidget@9114/@Button@9112 class=Button variation= type=Button slot=normal_mirrored bg=ff26ffff border=ff40ffff
LEAK control_stylebox bg_source=base border_source=base path=/root/@EditorNode@18065/@Panel@14/@VBoxContainer@15/DockHSplitMain/@VBoxContainer@28/DockVSplitCenter/@VSplitContainer@70/@VBoxContainer@71/@EditorMainScreen@125/MainScreen/@CanvasItemEditor@9318/@VSplitContainer@9101/@HSplitContainer@9103/@HSplitContainer@9105/@Control@9106/@CanvasItemEditorViewport@9143/@VBoxContainer@9146/@HBoxContainer@9109/@EditorZoomWidget@9114/@Button@9112 class=Button variation= type=Button slot=pressed_mirrored bg=ff40ffff border=ff40ffff
LEAK control_stylebox bg_source=base border_source=base path=/root/@EditorNode@18065/@Panel@14/@VBoxContainer@15/DockHSplitMain/@VBoxContainer@28/DockVSplitCenter/@VSplitContainer@70/@VBoxContainer@71/@EditorMainScreen@125/MainScreen/@CanvasItemEditor@9318/@VSplitContainer@9101/@HSplitContainer@9103/@HSplitContainer@9105/@Control@9106/@CanvasItemEditorViewport@9143/@VBoxContainer@9146/@HBoxContainer@9109/@EditorZoomWidget@9114/@Button@9113 class=Button variation= type=Button slot=disabled_mirrored bg=ff40ffff border=ff40ffff
LEAK control_stylebox bg_source=base border_source=base path=/root/@EditorNode@18065/@Panel@14/@VBoxContainer@15/DockHSplitMain/@VBoxContainer@28/DockVSplitCenter/@VSplitContainer@70/@VBoxContainer@71/@EditorMainScreen@125/MainScreen/@CanvasItemEditor@9318/@VSplitContainer@9101/@HSplitContainer@9103/@HSplitContainer@9105/@Control@9106/@CanvasItemEditorViewport@9143/@VBoxContainer@9146/@HBoxContainer@9109/@EditorZoomWidget@9114/@Button@9113 class=Button variation= type=Button slot=hover_mirrored bg=ff40ffff border=ff40ffff
LEAK control_stylebox bg_source=base border_source=base path=/root/@EditorNode@18065/@Panel@14/@VBoxContainer@15/DockHSplitMain/@VBoxContainer@28/DockVSplitCenter/@VSplitContainer@70/@VBoxContainer@71/@EditorMainScreen@125/MainScreen/@CanvasItemEditor@9318/@VSplitContainer@9101/@HSplitContainer@9103/@HSplitContainer@9105/@Control@9106/@CanvasItemEditorViewport@9143/@VBoxContainer@9146/@HBoxContainer@9109/@EditorZoomWidget@9114/@Button@9113 class=Button variation= type=Button slot=hover_pressed_mirrored bg=ff40ffff border=ff40ffff
LEAK control_stylebox bg_source=base border_source=base path=/root/@EditorNode@18065/@Panel@14/@VBoxContainer@15/DockHSplitMain/@VBoxContainer@28/DockVSplitCenter/@VSplitContainer@70/@VBoxContainer@71/@EditorMainScreen@125/MainScreen/@CanvasItemEditor@9318/@VSplitContainer@9101/@HSplitContainer@9103/@HSplitContainer@9105/@Control@9106/@CanvasItemEditorViewport@9143/@VBoxContainer@9146/@HBoxContainer@9109/@EditorZoomWidget@9114/@Button@9113 class=Button variation= type=Button slot=normal_mirrored bg=ff26ffff border=ff40ffff
LEAK control_stylebox bg_source=base border_source=base path=/root/@EditorNode@18065/@Panel@14/@VBoxContainer@15/DockHSplitMain/@VBoxContainer@28/DockVSplitCenter/@VSplitContainer@70/@VBoxContainer@71/@EditorMainScreen@125/MainScreen/@CanvasItemEditor@9318/@VSplitContainer@9101/@HSplitContainer@9103/@HSplitContainer@9105/@Control@9106/@CanvasItemEditorViewport@9143/@VBoxContainer@9146/@HBoxContainer@9109/@EditorZoomWidget@9114/@Button@9113 class=Button variation= type=Button slot=pressed_mirrored bg=ff40ffff border=ff40ffff
LEAK control_stylebox bg_source=base border_source=base path=/root/@EditorNode@18065/@Panel@14/@VBoxContainer@15/DockHSplitMain/@VBoxContainer@28/DockVSplitCenter/@VSplitContainer@70/@VBoxContainer@71/@EditorMainScreen@125/MainScreen/@EditorAssetLibrary@11220/@VBoxContainer@11008/@HBoxContainer@11009/@Button@11013 class=Button variation= type=Button slot=disabled_mirrored bg=ff40ffff border=ff40ffff
LEAK control_stylebox bg_source=base border_source=base path=/root/@EditorNode@18065/@Panel@14/@VBoxContainer@15/DockHSplitMain/@VBoxContainer@28/DockVSplitCenter/@VSplitContainer@70/@VBoxContainer@71/@EditorMainScreen@125/MainScreen/@EditorAssetLibrary@11220/@VBoxContainer@11008/@HBoxContainer@11009/@Button@11013 class=Button variation= type=Button slot=hover_mirrored bg=ff40ffff border=ff40ffff
LEAK control_stylebox bg_source=base border_source=base path=/root/@EditorNode@18065/@Panel@14/@VBoxContainer@15/DockHSplitMain/@VBoxContainer@28/DockVSplitCenter/@VSplitContainer@70/@VBoxContainer@71/@EditorMainScreen@125/MainScreen/@EditorAssetLibrary@11220/@VBoxContainer@11008/@HBoxContainer@11009/@Button@11013 class=Button variation= type=Button slot=hover_pressed_mirrored bg=ff40ffff border=ff40ffff
LEAK control_stylebox bg_source=base border_source=base path=/root/@EditorNode@18065/@Panel@14/@VBoxContainer@15/DockHSplitMain/@VBoxContainer@28/DockVSplitCenter/@VSplitContainer@70/@VBoxContainer@71/@EditorMainScreen@125/MainScreen/@EditorAssetLibrary@11220/@VBoxContainer@11008/@HBoxContainer@11009/@Button@11013 class=Button variation= type=Button slot=normal_mirrored bg=ff26ffff border=ff40ffff
LEAK control_stylebox bg_source=base border_source=base path=/root/@EditorNode@18065/@Panel@14/@VBoxContainer@15/DockHSplitMain/@VBoxContainer@28/DockVSplitCenter/@VSplitContainer@70/@VBoxContainer@71/@EditorMainScreen@125/MainScreen/@EditorAssetLibrary@11220/@VBoxContainer@11008/@HBoxContainer@11009/@Button@11013 class=Button variation= type=Button slot=pressed_mirrored bg=ff40ffff border=ff40ffff
LEAK control_stylebox bg_source=base border_source=base path=/root/@EditorNode@18065/@Panel@14/@VBoxContainer@15/DockHSplitMain/@VBoxContainer@28/DockVSplitCenter/@VSplitContainer@70/@VBoxContainer@71/@EditorMainScreen@125/MainScreen/@EditorAssetLibrary@11220/@VBoxContainer@11008/@HBoxContainer@11009/@Button@11014 class=Button variation= type=Button slot=disabled_mirrored bg=ff40ffff border=ff40ffff
LEAK control_stylebox bg_source=base border_source=base path=/root/@EditorNode@18065/@Panel@14/@VBoxContainer@15/DockHSplitMain/@VBoxContainer@28/DockVSplitCenter/@VSplitContainer@70/@VBoxContainer@71/@EditorMainScreen@125/MainScreen/@EditorAssetLibrary@11220/@VBoxContainer@11008/@HBoxContainer@11009/@Button@11014 class=Button variation= type=Button slot=hover_mirrored bg=ff40ffff border=ff40ffff
LEAK control_stylebox bg_source=base border_source=base path=/root/@EditorNode@18065/@Panel@14/@VBoxContainer@15/DockHSplitMain/@VBoxContainer@28/DockVSplitCenter/@VSplitContainer@70/@VBoxContainer@71/@EditorMainScreen@125/MainScreen/@EditorAssetLibrary@11220/@VBoxContainer@11008/@HBoxContainer@11009/@Button@11014 class=Button variation= type=Button slot=hover_pressed_mirrored bg=ff40ffff border=ff40ffff
LEAK control_stylebox bg_source=base border_source=base path=/root/@EditorNode@18065/@Panel@14/@VBoxContainer@15/DockHSplitMain/@VBoxContainer@28/DockVSplitCenter/@VSplitContainer@70/@VBoxContainer@71/@EditorMainScreen@125/MainScreen/@EditorAssetLibrary@11220/@VBoxContainer@11008/@HBoxContainer@11009/@Button@11014 class=Button variation= type=Button slot=normal_mirrored bg=ff26ffff border=ff40ffff
LEAK control_stylebox bg_source=base border_source=base path=/root/@EditorNode@18065/@Panel@14/@VBoxContainer@15/DockHSplitMain/@VBoxContainer@28/DockVSplitCenter/@VSplitContainer@70/@VBoxContainer@71/@EditorMainScreen@125/MainScreen/@EditorAssetLibrary@11220/@VBoxContainer@11008/@HBoxContainer@11009/@Button@11014 class=Button variation= type=Button slot=pressed_mirrored bg=ff40ffff border=ff40ffff
LEAK control_stylebox bg_source=base border_source=base path=/root/@EditorNode@18065/@Panel@14/@VBoxContainer@15/DockHSplitMain/@VBoxContainer@28/DockVSplitCenter/@VSplitContainer@70/@VBoxContainer@71/@EditorMainScreen@125/MainScreen/@EditorAssetLibrary@11220/@VBoxContainer@11008/@MarginContainer@11058/@ScrollContainer@11061/@PanelContainer@11062/@VBoxContainer@11063/@VBoxContainer@11064/@Button@11066 class=Button variation=PanelBackgroundButton type=Button slot=disabled_mirrored bg=ff40ffff border=ff40ffff
LEAK control_stylebox bg_source=base border_source=base path=/root/@EditorNode@18065/@Panel@14/@VBoxContainer@15/DockHSplitMain/@VBoxContainer@28/DockVSplitCenter/@VSplitContainer@70/@VBoxContainer@71/@EditorMainScreen@125/MainScreen/@EditorAssetLibrary@11220/@VBoxContainer@11008/@MarginContainer@11058/@ScrollContainer@11061/@PanelContainer@11062/@VBoxContainer@11063/@VBoxContainer@11064/@Button@11066 class=Button variation=PanelBackgroundButton type=Button slot=hover_mirrored bg=ff40ffff border=ff40ffff
LEAK control_stylebox bg_source=base border_source=base path=/root/@EditorNode@18065/@Panel@14/@VBoxContainer@15/DockHSplitMain/@VBoxContainer@28/DockVSplitCenter/@VSplitContainer@70/@VBoxContainer@71/@EditorMainScreen@125/MainScreen/@EditorAssetLibrary@11220/@VBoxContainer@11008/@MarginContainer@11058/@ScrollContainer@11061/@PanelContainer@11062/@VBoxContainer@11063/@VBoxContainer@11064/@Button@11066 class=Button variation=PanelBackgroundButton type=Button slot=hover_pressed_mirrored bg=ff40ffff border=ff40ffff
LEAK control_stylebox bg_source=base border_source=base path=/root/@EditorNode@18065/@Panel@14/@VBoxContainer@15/DockHSplitMain/@VBoxContainer@28/DockVSplitCenter/@VSplitContainer@70/@VBoxContainer@71/@EditorMainScreen@125/MainScreen/@EditorAssetLibrary@11220/@VBoxContainer@11008/@MarginContainer@11058/@ScrollContainer@11061/@PanelContainer@11062/@VBoxContainer@11063/@VBoxContainer@11064/@Button@11066 class=Button variation=PanelBackgroundButton type=Button slot=normal_mirrored bg=ff26ffff border=ff40ffff
LEAK control_stylebox bg_source=base border_source=base path=/root/@EditorNode@18065/@Panel@14/@VBoxContainer@15/DockHSplitMain/@VBoxContainer@28/DockVSplitCenter/@VSplitContainer@70/@VBoxContainer@71/@EditorMainScreen@125/MainScreen/@EditorAssetLibrary@11220/@VBoxContainer@11008/@MarginContainer@11058/@ScrollContainer@11061/@PanelContainer@11062/@VBoxContainer@11063/@VBoxContainer@11064/@Button@11066 class=Button variation=PanelBackgroundButton type=Button slot=pressed_mirrored bg=ff40ffff border=ff40ffff
LEAK control_stylebox bg_source=base border_source=base path=/root/@EditorNode@18065/@Panel@14/@VBoxContainer@15/DockHSplitMain/@VBoxContainer@28/DockVSplitCenter/@VSplitContainer@70/@VBoxContainer@71/@EditorMainScreen@125/MainScreen/@EditorAssetLibrary@11220/@VBoxContainer@11008/@MarginContainer@11058/@ScrollContainer@11061/@PanelContainer@11062/@VBoxContainer@11063/@VBoxContainer@11064/@Button@11066 class=Button variation=PanelBackgroundButton type=PanelBackgroundButton slot=disabled bg=e600e6ff border=ff40ffff
LEAK control_stylebox bg_source=base border_source=base path=/root/@EditorNode@18065/@Panel@14/@VBoxContainer@15/DockHSplitMain/@VBoxContainer@28/DockVSplitCenter/@VSplitContainer@70/@VBoxContainer@71/@EditorMainScreen@125/MainScreen/@EditorAssetLibrary@11220/@VBoxContainer@11008/@MarginContainer@11058/@ScrollContainer@11061/@PanelContainer@11062/@VBoxContainer@11063/@VBoxContainer@11064/@Button@11066 class=Button variation=PanelBackgroundButton type=PanelBackgroundButton slot=hover bg=ff29ffff border=ff40ffff
LEAK control_stylebox bg_source=base border_source=base path=/root/@EditorNode@18065/@Panel@14/@VBoxContainer@15/DockHSplitMain/@VBoxContainer@28/DockVSplitCenter/@VSplitContainer@70/@VBoxContainer@71/@EditorMainScreen@125/MainScreen/@EditorAssetLibrary@11220/@VBoxContainer@11008/@MarginContainer@11058/@ScrollContainer@11061/@PanelContainer@11062/@VBoxContainer@11063/@VBoxContainer@11064/@Button@11066 class=Button variation=PanelBackgroundButton type=PanelBackgroundButton slot=normal bg=ff14ffff border=ff40ffff
LEAK control_stylebox bg_source=base border_source=base path=/root/@EditorNode@18065/@Panel@14/@VBoxContainer@15/DockHSplitMain/@VBoxContainer@28/DockVSplitCenter/@VSplitContainer@70/@VBoxContainer@71/@EditorMainScreen@125/MainScreen/@EditorAssetLibrary@11220/@VBoxContainer@11008/@MarginContainer@11058/@ScrollContainer@11061/@PanelContainer@11062/@VBoxContainer@11063/@VBoxContainer@11064/@Button@11066 class=Button variation=PanelBackgroundButton type=PanelBackgroundButton slot=pressed bg=ff33ffff border=ff40ffff
LEAK control_stylebox bg_source=base border_source=base path=/root/@EditorNode@18065/@Panel@14/@VBoxContainer@15/DockHSplitMain/@VBoxContainer@28/DockVSplitCenter/@VSplitContainer@70/@VBoxContainer@71/@EditorMainScreen@125/MainScreen/@Node3DEditor@9983/@MarginContainer@9320/@HFlowContainer@9321/@PanelContainer@9363/@HBoxContainer@9362/@Button@16164 class=Button variation= type=Button slot=disabled_mirrored bg=ff40ffff border=ff40ffff
LEAK control_stylebox bg_source=base border_source=base path=/root/@EditorNode@18065/@Panel@14/@VBoxContainer@15/DockHSplitMain/@VBoxContainer@28/DockVSplitCenter/@VSplitContainer@70/@VBoxContainer@71/@EditorMainScreen@125/MainScreen/@Node3DEditor@9983/@MarginContainer@9320/@HFlowContainer@9321/@PanelContainer@9363/@HBoxContainer@9362/@Button@16164 class=Button variation= type=Button slot=hover_mirrored bg=ff40ffff border=ff40ffff
LEAK control_stylebox bg_source=base border_source=base path=/root/@EditorNode@18065/@Panel@14/@VBoxContainer@15/DockHSplitMain/@VBoxContainer@28/DockVSplitCenter/@VSplitContainer@70/@VBoxContainer@71/@EditorMainScreen@125/MainScreen/@Node3DEditor@9983/@MarginContainer@9320/@HFlowContainer@9321/@PanelContainer@9363/@HBoxContainer@9362/@Button@16164 class=Button variation= type=Button slot=hover_pressed_mirrored bg=ff40ffff border=ff40ffff
LEAK control_stylebox bg_source=base border_source=base path=/root/@EditorNode@18065/@Panel@14/@VBoxContainer@15/DockHSplitMain/@VBoxContainer@28/DockVSplitCenter/@VSplitContainer@70/@VBoxContainer@71/@EditorMainScreen@125/MainScreen/@Node3DEditor@9983/@MarginContainer@9320/@HFlowContainer@9321/@PanelContainer@9363/@HBoxContainer@9362/@Button@16164 class=Button variation= type=Button slot=normal_mirrored bg=ff26ffff border=ff40ffff
LEAK control_stylebox bg_source=base border_source=base path=/root/@EditorNode@18065/@Panel@14/@VBoxContainer@15/DockHSplitMain/@VBoxContainer@28/DockVSplitCenter/@VSplitContainer@70/@VBoxContainer@71/@EditorMainScreen@125/MainScreen/@Node3DEditor@9983/@MarginContainer@9320/@HFlowContainer@9321/@PanelContainer@9363/@HBoxContainer@9362/@Button@16164 class=Button variation= type=Button slot=pressed_mirrored bg=ff40ffff border=ff40ffff
LEAK control_stylebox bg_source=base border_source=base path=/root/@EditorNode@18065/@Panel@14/@VBoxContainer@15/DockHSplitMain/@VBoxContainer@28/DockVSplitCenter/@VSplitContainer@70/@VBoxContainer@71/@EditorMainScreen@125/MainScreen/@Node3DEditor@9983/@MarginContainer@9320/@HFlowContainer@9321/@PanelContainer@9363/@HBoxContainer@9362/@HBoxContainer@14203/@Button@14201 class=Button variation= type=Button slot=disabled_mirrored bg=ff40ffff border=ff40ffff
LEAK control_stylebox bg_source=base border_source=base path=/root/@EditorNode@18065/@Panel@14/@VBoxContainer@15/DockHSplitMain/@VBoxContainer@28/DockVSplitCenter/@VSplitContainer@70/@VBoxContainer@71/@EditorMainScreen@125/MainScreen/@Node3DEditor@9983/@MarginContainer@9320/@HFlowContainer@9321/@PanelContainer@9363/@HBoxContainer@9362/@HBoxContainer@14203/@Button@14201 class=Button variation= type=Button slot=hover_mirrored bg=ff40ffff border=ff40ffff
LEAK control_stylebox bg_source=base border_source=base path=/root/@EditorNode@18065/@Panel@14/@VBoxContainer@15/DockHSplitMain/@VBoxContainer@28/DockVSplitCenter/@VSplitContainer@70/@VBoxContainer@71/@EditorMainScreen@125/MainScreen/@Node3DEditor@9983/@MarginContainer@9320/@HFlowContainer@9321/@PanelContainer@9363/@HBoxContainer@9362/@HBoxContainer@14203/@Button@14201 class=Button variation= type=Button slot=hover_pressed_mirrored bg=ff40ffff border=ff40ffff
LEAK control_stylebox bg_source=base border_source=base path=/root/@EditorNode@18065/@Panel@14/@VBoxContainer@15/DockHSplitMain/@VBoxContainer@28/DockVSplitCenter/@VSplitContainer@70/@VBoxContainer@71/@EditorMainScreen@125/MainScreen/@Node3DEditor@9983/@MarginContainer@9320/@HFlowContainer@9321/@PanelContainer@9363/@HBoxContainer@9362/@HBoxContainer@14203/@Button@14201 class=Button variation= type=Button slot=normal_mirrored bg=ff26ffff border=ff40ffff
LEAK control_stylebox bg_source=base border_source=base path=/root/@EditorNode@18065/@Panel@14/@VBoxContainer@15/DockHSplitMain/@VBoxContainer@28/DockVSplitCenter/@VSplitContainer@70/@VBoxContainer@71/@EditorMainScreen@125/MainScreen/@Node3DEditor@9983/@MarginContainer@9320/@HFlowContainer@9321/@PanelContainer@9363/@HBoxContainer@9362/@HBoxContainer@14203/@Button@14201 class=Button variation= type=Button slot=pressed_mirrored bg=ff40ffff border=ff40ffff
LEAK control_stylebox bg_source=base border_source=base path=/root/@EditorNode@18065/@Panel@14/@VBoxContainer@15/DockHSplitMain/@VBoxContainer@28/DockVSplitCenter/@VSplitContainer@70/@VBoxContainer@71/@EditorMainScreen@125/MainScreen/@WindowWrapper@10775/@ScriptEditor@10774/@VBoxContainer@9989/@HSplitContainer@9992/@VBoxContainer@10018/@FindReplaceBar@10041/@VBoxContainer@10024/@HBoxContainer@10027/@Button@10037 class=Button variation= type=Button slot=disabled_mirrored bg=ff40ffff border=ff40ffff
LEAK control_stylebox bg_source=base border_source=base path=/root/@EditorNode@18065/@Panel@14/@VBoxContainer@15/DockHSplitMain/@VBoxContainer@28/DockVSplitCenter/@VSplitContainer@70/@VBoxContainer@71/@EditorMainScreen@125/MainScreen/@WindowWrapper@10775/@ScriptEditor@10774/@VBoxContainer@9989/@HSplitContainer@9992/@VBoxContainer@10018/@FindReplaceBar@10041/@VBoxContainer@10024/@HBoxContainer@10027/@Button@10037 class=Button variation= type=Button slot=hover_mirrored bg=ff40ffff border=ff40ffff
LEAK control_stylebox bg_source=base border_source=base path=/root/@EditorNode@18065/@Panel@14/@VBoxContainer@15/DockHSplitMain/@VBoxContainer@28/DockVSplitCenter/@VSplitContainer@70/@VBoxContainer@71/@EditorMainScreen@125/MainScreen/@WindowWrapper@10775/@ScriptEditor@10774/@VBoxContainer@9989/@HSplitContainer@9992/@VBoxContainer@10018/@FindReplaceBar@10041/@VBoxContainer@10024/@HBoxContainer@10027/@Button@10037 class=Button variation= type=Button slot=hover_pressed_mirrored bg=ff40ffff border=ff40ffff
LEAK control_stylebox bg_source=base border_source=base path=/root/@EditorNode@18065/@Panel@14/@VBoxContainer@15/DockHSplitMain/@VBoxContainer@28/DockVSplitCenter/@VSplitContainer@70/@VBoxContainer@71/@EditorMainScreen@125/MainScreen/@WindowWrapper@10775/@ScriptEditor@10774/@VBoxContainer@9989/@HSplitContainer@9992/@VBoxContainer@10018/@FindReplaceBar@10041/@VBoxContainer@10024/@HBoxContainer@10027/@Button@10037 class=Button variation= type=Button slot=normal_mirrored bg=ff26ffff border=ff40ffff
LEAK control_stylebox bg_source=base border_source=base path=/root/@EditorNode@18065/@Panel@14/@VBoxContainer@15/DockHSplitMain/@VBoxContainer@28/DockVSplitCenter/@VSplitContainer@70/@VBoxContainer@71/@EditorMainScreen@125/MainScreen/@WindowWrapper@10775/@ScriptEditor@10774/@VBoxContainer@9989/@HSplitContainer@9992/@VBoxContainer@10018/@FindReplaceBar@10041/@VBoxContainer@10024/@HBoxContainer@10027/@Button@10037 class=Button variation= type=Button slot=pressed_mirrored bg=ff40ffff border=ff40ffff
LEAK control_stylebox bg_source=base border_source=base path=/root/@EditorNode@18065/@Panel@14/@VBoxContainer@15/DockHSplitMain/@VBoxContainer@28/DockVSplitCenter/@VSplitContainer@70/@VBoxContainer@71/@EditorMainScreen@125/MainScreen/@WindowWrapper@10775/@ScriptEditor@10774/@VBoxContainer@9989/@HSplitContainer@9992/@VBoxContainer@10018/@FindReplaceBar@10041/@VBoxContainer@10024/@HBoxContainer@10027/@Button@10038 class=Button variation= type=Button slot=disabled_mirrored bg=ff40ffff border=ff40ffff
LEAK control_stylebox bg_source=base border_source=base path=/root/@EditorNode@18065/@Panel@14/@VBoxContainer@15/DockHSplitMain/@VBoxContainer@28/DockVSplitCenter/@VSplitContainer@70/@VBoxContainer@71/@EditorMainScreen@125/MainScreen/@WindowWrapper@10775/@ScriptEditor@10774/@VBoxContainer@9989/@HSplitContainer@9992/@VBoxContainer@10018/@FindReplaceBar@10041/@VBoxContainer@10024/@HBoxContainer@10027/@Button@10038 class=Button variation= type=Button slot=hover_mirrored bg=ff40ffff border=ff40ffff
LEAK control_stylebox bg_source=base border_source=base path=/root/@EditorNode@18065/@Panel@14/@VBoxContainer@15/DockHSplitMain/@VBoxContainer@28/DockVSplitCenter/@VSplitContainer@70/@VBoxContainer@71/@EditorMainScreen@125/MainScreen/@WindowWrapper@10775/@ScriptEditor@10774/@VBoxContainer@9989/@HSplitContainer@9992/@VBoxContainer@10018/@FindReplaceBar@10041/@VBoxContainer@10024/@HBoxContainer@10027/@Button@10038 class=Button variation= type=Button slot=hover_pressed_mirrored bg=ff40ffff border=ff40ffff
LEAK control_stylebox bg_source=base border_source=base path=/root/@EditorNode@18065/@Panel@14/@VBoxContainer@15/DockHSplitMain/@VBoxContainer@28/DockVSplitCenter/@VSplitContainer@70/@VBoxContainer@71/@EditorMainScreen@125/MainScreen/@WindowWrapper@10775/@ScriptEditor@10774/@VBoxContainer@9989/@HSplitContainer@9992/@VBoxContainer@10018/@FindReplaceBar@10041/@VBoxContainer@10024/@HBoxContainer@10027/@Button@10038 class=Button variation= type=Button slot=normal_mirrored bg=ff26ffff border=ff40ffff
LEAK control_stylebox bg_source=base border_source=base path=/root/@EditorNode@18065/@Panel@14/@VBoxContainer@15/DockHSplitMain/@VBoxContainer@28/DockVSplitCenter/@VSplitContainer@70/@VBoxContainer@71/@EditorMainScreen@125/MainScreen/@WindowWrapper@10775/@ScriptEditor@10774/@VBoxContainer@9989/@HSplitContainer@9992/@VBoxContainer@10018/@FindReplaceBar@10041/@VBoxContainer@10024/@HBoxContainer@10027/@Button@10038 class=Button variation= type=Button slot=pressed_mirrored bg=ff40ffff border=ff40ffff
LEAK control_stylebox bg_source=base border_source=base path=/root/@EditorNode@18065/@Panel@14/@VBoxContainer@15/DockHSplitMain/@VBoxContainer@28/DockVSplitCenter/@VSplitContainer@70/@VBoxContainer@71/@EditorMainScreen@125/MainScreen/@WindowWrapper@10775/@ScriptEditor@10774/@VBoxContainer@9989/@HSplitContainer@9992/@VBoxContainer@10018/@FindReplaceBar@10041/@VBoxContainer@10025/@HBoxContainer@10028/@CheckBox@10034 class=CheckBox variation= type=CheckBox slot=disabled_mirrored bg=ff26ffff border=ff40ffff
LEAK control_stylebox bg_source=base border_source=base path=/root/@EditorNode@18065/@Panel@14/@VBoxContainer@15/DockHSplitMain/@VBoxContainer@28/DockVSplitCenter/@VSplitContainer@70/@VBoxContainer@71/@EditorMainScreen@125/MainScreen/@WindowWrapper@10775/@ScriptEditor@10774/@VBoxContainer@9989/@HSplitContainer@9992/@VBoxContainer@10018/@FindReplaceBar@10041/@VBoxContainer@10025/@HBoxContainer@10028/@CheckBox@10034 class=CheckBox variation= type=CheckBox slot=hover_mirrored bg=ff26ffff border=ff40ffff
LEAK control_stylebox bg_source=base border_source=base path=/root/@EditorNode@18065/@Panel@14/@VBoxContainer@15/DockHSplitMain/@VBoxContainer@28/DockVSplitCenter/@VSplitContainer@70/@VBoxContainer@71/@EditorMainScreen@125/MainScreen/@WindowWrapper@10775/@ScriptEditor@10774/@VBoxContainer@9989/@HSplitContainer@9992/@VBoxContainer@10018/@FindReplaceBar@10041/@VBoxContainer@10025/@HBoxContainer@10028/@CheckBox@10034 class=CheckBox variation= type=CheckBox slot=hover_pressed_mirrored bg=ff26ffff border=ff40ffff
LEAK control_stylebox bg_source=base border_source=base path=/root/@EditorNode@18065/@Panel@14/@VBoxContainer@15/DockHSplitMain/@VBoxContainer@28/DockVSplitCenter/@VSplitContainer@70/@VBoxContainer@71/@EditorMainScreen@125/MainScreen/@WindowWrapper@10775/@ScriptEditor@10774/@VBoxContainer@9989/@HSplitContainer@9992/@VBoxContainer@10018/@FindReplaceBar@10041/@VBoxContainer@10025/@HBoxContainer@10028/@CheckBox@10034 class=CheckBox variation= type=CheckBox slot=normal_mirrored bg=ff26ffff border=ff40ffff
LEAK control_stylebox bg_source=base border_source=base path=/root/@EditorNode@18065/@Panel@14/@VBoxContainer@15/DockHSplitMain/@VBoxContainer@28/DockVSplitCenter/@VSplitContainer@70/@VBoxContainer@71/@EditorMainScreen@125/MainScreen/@WindowWrapper@10775/@ScriptEditor@10774/@VBoxContainer@9989/@HSplitContainer@9992/@VBoxContainer@10018/@FindReplaceBar@10041/@VBoxContainer@10025/@HBoxContainer@10028/@CheckBox@10034 class=CheckBox variation= type=CheckBox slot=pressed_mirrored bg=ff26ffff border=ff40ffff
LEAK control_stylebox bg_source=base border_source=base path=/root/@EditorNode@18065/@Panel@14/@VBoxContainer@15/DockHSplitMain/@VBoxContainer@28/DockVSplitCenter/@VSplitContainer@70/@VBoxContainer@71/@EditorMainScreen@125/MainScreen/@WindowWrapper@10775/@ScriptEditor@10774/@VBoxContainer@9989/@HSplitContainer@9992/@VBoxContainer@10018/@FindReplaceBar@10041/@VBoxContainer@10025/@HBoxContainer@10028/@CheckBox@10035 class=CheckBox variation= type=CheckBox slot=disabled_mirrored bg=ff26ffff border=ff40ffff
LEAK control_stylebox bg_source=base border_source=base path=/root/@EditorNode@18065/@Panel@14/@VBoxContainer@15/DockHSplitMain/@VBoxContainer@28/DockVSplitCenter/@VSplitContainer@70/@VBoxContainer@71/@EditorMainScreen@125/MainScreen/@WindowWrapper@10775/@ScriptEditor@10774/@VBoxContainer@9989/@HSplitContainer@9992/@VBoxContainer@10018/@FindReplaceBar@10041/@VBoxContainer@10025/@HBoxContainer@10028/@CheckBox@10035 class=CheckBox variation= type=CheckBox slot=hover_mirrored bg=ff26ffff border=ff40ffff
LEAK control_stylebox bg_source=base border_source=base path=/root/@EditorNode@18065/@Panel@14/@VBoxContainer@15/DockHSplitMain/@VBoxContainer@28/DockVSplitCenter/@VSplitContainer@70/@VBoxContainer@71/@EditorMainScreen@125/MainScreen/@WindowWrapper@10775/@ScriptEditor@10774/@VBoxContainer@9989/@HSplitContainer@9992/@VBoxContainer@10018/@FindReplaceBar@10041/@VBoxContainer@10025/@HBoxContainer@10028/@CheckBox@10035 class=CheckBox variation= type=CheckBox slot=hover_pressed_mirrored bg=ff26ffff border=ff40ffff
LEAK control_stylebox bg_source=base border_source=base path=/root/@EditorNode@18065/@Panel@14/@VBoxContainer@15/DockHSplitMain/@VBoxContainer@28/DockVSplitCenter/@VSplitContainer@70/@VBoxContainer@71/@EditorMainScreen@125/MainScreen/@WindowWrapper@10775/@ScriptEditor@10774/@VBoxContainer@9989/@HSplitContainer@9992/@VBoxContainer@10018/@FindReplaceBar@10041/@VBoxContainer@10025/@HBoxContainer@10028/@CheckBox@10035 class=CheckBox variation= type=CheckBox slot=normal_mirrored bg=ff26ffff border=ff40ffff
LEAK control_stylebox bg_source=base border_source=base path=/root/@EditorNode@18065/@Panel@14/@VBoxContainer@15/DockHSplitMain/@VBoxContainer@28/DockVSplitCenter/@VSplitContainer@70/@VBoxContainer@71/@EditorMainScreen@125/MainScreen/@WindowWrapper@10775/@ScriptEditor@10774/@VBoxContainer@9989/@HSplitContainer@9992/@VBoxContainer@10018/@FindReplaceBar@10041/@VBoxContainer@10025/@HBoxContainer@10028/@CheckBox@10035 class=CheckBox variation= type=CheckBox slot=pressed_mirrored bg=ff26ffff border=ff40ffff
LEAK control_stylebox bg_source=base border_source=base path=/root/@EditorNode@18065/@Panel@14/@VBoxContainer@15/DockHSplitMain/@VBoxContainer@28/DockVSplitCenter/@VSplitContainer@70/@VBoxContainer@71/@EditorMainScreen@125/MainScreen/@WindowWrapper@10775/@ScriptEditor@10774/@VBoxContainer@9989/@HSplitContainer@9992/@VBoxContainer@10018/@FindReplaceBar@10041/@VBoxContainer@10025/@HBoxContainer@10029/@CheckBox@10039 class=CheckBox variation= type=CheckBox slot=disabled_mirrored bg=ff26ffff border=ff40ffff
LEAK control_stylebox bg_source=base border_source=base path=/root/@EditorNode@18065/@Panel@14/@VBoxContainer@15/DockHSplitMain/@VBoxContainer@28/DockVSplitCenter/@VSplitContainer@70/@VBoxContainer@71/@EditorMainScreen@125/MainScreen/@WindowWrapper@10775/@ScriptEditor@10774/@VBoxContainer@9989/@HSplitContainer@9992/@VBoxContainer@10018/@FindReplaceBar@10041/@VBoxContainer@10025/@HBoxContainer@10029/@CheckBox@10039 class=CheckBox variation= type=CheckBox slot=hover_mirrored bg=ff26ffff border=ff40ffff
LEAK control_stylebox bg_source=base border_source=base path=/root/@EditorNode@18065/@Panel@14/@VBoxContainer@15/DockHSplitMain/@VBoxContainer@28/DockVSplitCenter/@VSplitContainer@70/@VBoxContainer@71/@EditorMainScreen@125/MainScreen/@WindowWrapper@10775/@ScriptEditor@10774/@VBoxContainer@9989/@HSplitContainer@9992/@VBoxContainer@10018/@FindReplaceBar@10041/@VBoxContainer@10025/@HBoxContainer@10029/@CheckBox@10039 class=CheckBox variation= type=CheckBox slot=hover_pressed_mirrored bg=ff26ffff border=ff40ffff
LEAK control_stylebox bg_source=base border_source=base path=/root/@EditorNode@18065/@Panel@14/@VBoxContainer@15/DockHSplitMain/@VBoxContainer@28/DockVSplitCenter/@VSplitContainer@70/@VBoxContainer@71/@EditorMainScreen@125/MainScreen/@WindowWrapper@10775/@ScriptEditor@10774/@VBoxContainer@9989/@HSplitContainer@9992/@VBoxContainer@10018/@FindReplaceBar@10041/@VBoxContainer@10025/@HBoxContainer@10029/@CheckBox@10039 class=CheckBox variation= type=CheckBox slot=normal_mirrored bg=ff26ffff border=ff40ffff
LEAK control_stylebox bg_source=base border_source=base path=/root/@EditorNode@18065/@Panel@14/@VBoxContainer@15/DockHSplitMain/@VBoxContainer@28/DockVSplitCenter/@VSplitContainer@70/@VBoxContainer@71/@EditorMainScreen@125/MainScreen/@WindowWrapper@10775/@ScriptEditor@10774/@VBoxContainer@9989/@HSplitContainer@9992/@VBoxContainer@10018/@FindReplaceBar@10041/@VBoxContainer@10025/@HBoxContainer@10029/@CheckBox@10039 class=CheckBox variation= type=CheckBox slot=pressed_mirrored bg=ff26ffff border=ff40ffff
LEAK control_stylebox bg_source=base border_source=base path=/root/@EditorNode@18065/@Panel@14/@VBoxContainer@15/DockHSplitMain/@VBoxContainer@28/DockVSplitCenter/@VSplitContainer@70/@VBoxContainer@71/@EditorSceneTabs@98/@PanelContainer@72/@HBoxContainer@73/@TabBar@75/@Button@84 class=Button variation= type=Button slot=disabled_mirrored bg=ff40ffff border=ff40ffff
LEAK control_stylebox bg_source=base border_source=base path=/root/@EditorNode@18065/@Panel@14/@VBoxContainer@15/DockHSplitMain/@VBoxContainer@28/DockVSplitCenter/@VSplitContainer@70/@VBoxContainer@71/@EditorSceneTabs@98/@PanelContainer@72/@HBoxContainer@73/@TabBar@75/@Button@84 class=Button variation= type=Button slot=hover_mirrored bg=ff40ffff border=ff40ffff
LEAK control_stylebox bg_source=base border_source=base path=/root/@EditorNode@18065/@Panel@14/@VBoxContainer@15/DockHSplitMain/@VBoxContainer@28/DockVSplitCenter/@VSplitContainer@70/@VBoxContainer@71/@EditorSceneTabs@98/@PanelContainer@72/@HBoxContainer@73/@TabBar@75/@Button@84 class=Button variation= type=Button slot=hover_pressed_mirrored bg=ff40ffff border=ff40ffff
LEAK control_stylebox bg_source=base border_source=base path=/root/@EditorNode@18065/@Panel@14/@VBoxContainer@15/DockHSplitMain/@VBoxContainer@28/DockVSplitCenter/@VSplitContainer@70/@VBoxContainer@71/@EditorSceneTabs@98/@PanelContainer@72/@HBoxContainer@73/@TabBar@75/@Button@84 class=Button variation= type=Button slot=normal_mirrored bg=ff26ffff border=ff40ffff
LEAK control_stylebox bg_source=base border_source=base path=/root/@EditorNode@18065/@Panel@14/@VBoxContainer@15/DockHSplitMain/@VBoxContainer@28/DockVSplitCenter/@VSplitContainer@70/@VBoxContainer@71/@EditorSceneTabs@98/@PanelContainer@72/@HBoxContainer@73/@TabBar@75/@Button@84 class=Button variation= type=Button slot=pressed_mirrored bg=ff40ffff border=ff40ffff
LEAK control_stylebox bg_source=base border_source=base path=/root/@EditorNode@18065/@Panel@14/@VBoxContainer@15/DockHSplitMain/DockVSplitLeftR/DockSlotLeftBR/History/@VBoxContainer@7399/@HBoxContainer@7400/@CheckBox@7401 class=CheckBox variation= type=CheckBox slot=disabled_mirrored bg=ff26ffff border=ff40ffff
LEAK control_stylebox bg_source=base border_source=base path=/root/@EditorNode@18065/@Panel@14/@VBoxContainer@15/DockHSplitMain/DockVSplitLeftR/DockSlotLeftBR/History/@VBoxContainer@7399/@HBoxContainer@7400/@CheckBox@7401 class=CheckBox variation= type=CheckBox slot=hover_mirrored bg=ff26ffff border=ff40ffff
LEAK control_stylebox bg_source=base border_source=base path=/root/@EditorNode@18065/@Panel@14/@VBoxContainer@15/DockHSplitMain/DockVSplitLeftR/DockSlotLeftBR/History/@VBoxContainer@7399/@HBoxContainer@7400/@CheckBox@7401 class=CheckBox variation= type=CheckBox slot=hover_pressed_mirrored bg=ff26ffff border=ff40ffff
LEAK control_stylebox bg_source=base border_source=base path=/root/@EditorNode@18065/@Panel@14/@VBoxContainer@15/DockHSplitMain/DockVSplitLeftR/DockSlotLeftBR/History/@VBoxContainer@7399/@HBoxContainer@7400/@CheckBox@7401 class=CheckBox variation= type=CheckBox slot=normal_mirrored bg=ff26ffff border=ff40ffff
LEAK control_stylebox bg_source=base border_source=base path=/root/@EditorNode@18065/@Panel@14/@VBoxContainer@15/DockHSplitMain/DockVSplitLeftR/DockSlotLeftBR/History/@VBoxContainer@7399/@HBoxContainer@7400/@CheckBox@7401 class=CheckBox variation= type=CheckBox slot=pressed_mirrored bg=ff26ffff border=ff40ffff
LEAK control_stylebox bg_source=base border_source=base path=/root/@EditorNode@18065/@Panel@14/@VBoxContainer@15/DockHSplitMain/DockVSplitLeftR/DockSlotLeftBR/History/@VBoxContainer@7399/@HBoxContainer@7400/@CheckBox@7402 class=CheckBox variation= type=CheckBox slot=disabled_mirrored bg=ff26ffff border=ff40ffff
LEAK control_stylebox bg_source=base border_source=base path=/root/@EditorNode@18065/@Panel@14/@VBoxContainer@15/DockHSplitMain/DockVSplitLeftR/DockSlotLeftBR/History/@VBoxContainer@7399/@HBoxContainer@7400/@CheckBox@7402 class=CheckBox variation= type=CheckBox slot=hover_mirrored bg=ff26ffff border=ff40ffff
LEAK control_stylebox bg_source=base border_source=base path=/root/@EditorNode@18065/@Panel@14/@VBoxContainer@15/DockHSplitMain/DockVSplitLeftR/DockSlotLeftBR/History/@VBoxContainer@7399/@HBoxContainer@7400/@CheckBox@7402 class=CheckBox variation= type=CheckBox slot=hover_pressed_mirrored bg=ff26ffff border=ff40ffff
LEAK control_stylebox bg_source=base border_source=base path=/root/@EditorNode@18065/@Panel@14/@VBoxContainer@15/DockHSplitMain/DockVSplitLeftR/DockSlotLeftBR/History/@VBoxContainer@7399/@HBoxContainer@7400/@CheckBox@7402 class=CheckBox variation= type=CheckBox slot=normal_mirrored bg=ff26ffff border=ff40ffff
LEAK control_stylebox bg_source=base border_source=base path=/root/@EditorNode@18065/@Panel@14/@VBoxContainer@15/DockHSplitMain/DockVSplitLeftR/DockSlotLeftBR/History/@VBoxContainer@7399/@HBoxContainer@7400/@CheckBox@7402 class=CheckBox variation= type=CheckBox slot=pressed_mirrored bg=ff26ffff border=ff40ffff
LEAK control_stylebox bg_source=base border_source=base path=/root/@EditorNode@18065/@Panel@14/@VBoxContainer@15/DockHSplitMain/DockVSplitLeftR/DockSlotLeftUR/Import/@VBoxContainer@5780/@VBoxContainer@5781/@HBoxContainer@5815/@Button@5817 class=Button variation= type=Button slot=disabled_mirrored bg=ff40ffff border=ff40ffff
LEAK control_stylebox bg_source=base border_source=base path=/root/@EditorNode@18065/@Panel@14/@VBoxContainer@15/DockHSplitMain/DockVSplitLeftR/DockSlotLeftUR/Import/@VBoxContainer@5780/@VBoxContainer@5781/@HBoxContainer@5815/@Button@5817 class=Button variation= type=Button slot=hover_mirrored bg=ff40ffff border=ff40ffff
LEAK control_stylebox bg_source=base border_source=base path=/root/@EditorNode@18065/@Panel@14/@VBoxContainer@15/DockHSplitMain/DockVSplitLeftR/DockSlotLeftUR/Import/@VBoxContainer@5780/@VBoxContainer@5781/@HBoxContainer@5815/@Button@5817 class=Button variation= type=Button slot=hover_pressed_mirrored bg=ff40ffff border=ff40ffff
LEAK control_stylebox bg_source=base border_source=base path=/root/@EditorNode@18065/@Panel@14/@VBoxContainer@15/DockHSplitMain/DockVSplitLeftR/DockSlotLeftUR/Import/@VBoxContainer@5780/@VBoxContainer@5781/@HBoxContainer@5815/@Button@5817 class=Button variation= type=Button slot=normal_mirrored bg=ff26ffff border=ff40ffff
LEAK control_stylebox bg_source=base border_source=base path=/root/@EditorNode@18065/@Panel@14/@VBoxContainer@15/DockHSplitMain/DockVSplitLeftR/DockSlotLeftUR/Import/@VBoxContainer@5780/@VBoxContainer@5781/@HBoxContainer@5815/@Button@5817 class=Button variation= type=Button slot=pressed_mirrored bg=ff40ffff border=ff40ffff
LEAK control_stylebox bg_source=base border_source=base path=/root/@EditorNode@18065/@Panel@14/@VBoxContainer@15/DockHSplitMain/DockVSplitLeftR/DockSlotLeftUR/Import/@VBoxContainer@5780/@VBoxContainer@5781/@HBoxContainer@5815/@Button@5819 class=Button variation= type=Button slot=disabled_mirrored bg=ff40ffff border=ff40ffff
LEAK control_stylebox bg_source=base border_source=base path=/root/@EditorNode@18065/@Panel@14/@VBoxContainer@15/DockHSplitMain/DockVSplitLeftR/DockSlotLeftUR/Import/@VBoxContainer@5780/@VBoxContainer@5781/@HBoxContainer@5815/@Button@5819 class=Button variation= type=Button slot=hover_mirrored bg=ff40ffff border=ff40ffff
LEAK control_stylebox bg_source=base border_source=base path=/root/@EditorNode@18065/@Panel@14/@VBoxContainer@15/DockHSplitMain/DockVSplitLeftR/DockSlotLeftUR/Import/@VBoxContainer@5780/@VBoxContainer@5781/@HBoxContainer@5815/@Button@5819 class=Button variation= type=Button slot=hover_pressed_mirrored bg=ff40ffff border=ff40ffff
LEAK control_stylebox bg_source=base border_source=base path=/root/@EditorNode@18065/@Panel@14/@VBoxContainer@15/DockHSplitMain/DockVSplitLeftR/DockSlotLeftUR/Import/@VBoxContainer@5780/@VBoxContainer@5781/@HBoxContainer@5815/@Button@5819 class=Button variation= type=Button slot=normal_mirrored bg=ff26ffff border=ff40ffff
LEAK control_stylebox bg_source=base border_source=base path=/root/@EditorNode@18065/@Panel@14/@VBoxContainer@15/DockHSplitMain/DockVSplitLeftR/DockSlotLeftUR/Import/@VBoxContainer@5780/@VBoxContainer@5781/@HBoxContainer@5815/@Button@5819 class=Button variation= type=Button slot=pressed_mirrored bg=ff40ffff border=ff40ffff
LEAK control_stylebox bg_source=base border_source=base path=/root/@EditorNode@18065/@Panel@14/@VBoxContainer@15/DockHSplitMain/DockVSplitLeftR/DockSlotLeftUR/Scene/@VBoxContainer@4822/@MarginContainer@4866/@VBoxContainer@4867/@HBoxContainer@18231/@Button@18230 class=Button variation= type=Button slot=disabled_mirrored bg=ff40ffff border=ff40ffff
LEAK control_stylebox bg_source=base border_source=base path=/root/@EditorNode@18065/@Panel@14/@VBoxContainer@15/DockHSplitMain/DockVSplitLeftR/DockSlotLeftUR/Scene/@VBoxContainer@4822/@MarginContainer@4866/@VBoxContainer@4867/@HBoxContainer@18231/@Button@18230 class=Button variation= type=Button slot=hover_mirrored bg=ff40ffff border=ff40ffff
LEAK control_stylebox bg_source=base border_source=base path=/root/@EditorNode@18065/@Panel@14/@VBoxContainer@15/DockHSplitMain/DockVSplitLeftR/DockSlotLeftUR/Scene/@VBoxContainer@4822/@MarginContainer@4866/@VBoxContainer@4867/@HBoxContainer@18231/@Button@18230 class=Button variation= type=Button slot=hover_pressed_mirrored bg=ff40ffff border=ff40ffff
LEAK control_stylebox bg_source=base border_source=base path=/root/@EditorNode@18065/@Panel@14/@VBoxContainer@15/DockHSplitMain/DockVSplitLeftR/DockSlotLeftUR/Scene/@VBoxContainer@4822/@MarginContainer@4866/@VBoxContainer@4867/@HBoxContainer@18231/@Button@18230 class=Button variation= type=Button slot=normal_mirrored bg=ff26ffff border=ff40ffff
LEAK control_stylebox bg_source=base border_source=base path=/root/@EditorNode@18065/@Panel@14/@VBoxContainer@15/DockHSplitMain/DockVSplitLeftR/DockSlotLeftUR/Scene/@VBoxContainer@4822/@MarginContainer@4866/@VBoxContainer@4867/@HBoxContainer@18231/@Button@18230 class=Button variation= type=Button slot=pressed_mirrored bg=ff40ffff border=ff40ffff
LEAK control_stylebox bg_source=base border_source=base path=/root/@EditorNode@18065/@Panel@14/@VBoxContainer@15/DockHSplitMain/DockVSplitLeftR/DockSlotLeftUR/Scene/@VBoxContainer@4822/@MarginContainer@4866/@VBoxContainer@4867/@ScrollContainer@18234/@VBoxContainer@18235/@Button@18241 class=Button variation= type=Button slot=disabled_mirrored bg=ff40ffff border=ff40ffff
LEAK control_stylebox bg_source=base border_source=base path=/root/@EditorNode@18065/@Panel@14/@VBoxContainer@15/DockHSplitMain/DockVSplitLeftR/DockSlotLeftUR/Scene/@VBoxContainer@4822/@MarginContainer@4866/@VBoxContainer@4867/@ScrollContainer@18234/@VBoxContainer@18235/@Button@18241 class=Button variation= type=Button slot=hover_mirrored bg=ff40ffff border=ff40ffff
LEAK control_stylebox bg_source=base border_source=base path=/root/@EditorNode@18065/@Panel@14/@VBoxContainer@15/DockHSplitMain/DockVSplitLeftR/DockSlotLeftUR/Scene/@VBoxContainer@4822/@MarginContainer@4866/@VBoxContainer@4867/@ScrollContainer@18234/@VBoxContainer@18235/@Button@18241 class=Button variation= type=Button slot=hover_pressed_mirrored bg=ff40ffff border=ff40ffff
LEAK control_stylebox bg_source=base border_source=base path=/root/@EditorNode@18065/@Panel@14/@VBoxContainer@15/DockHSplitMain/DockVSplitLeftR/DockSlotLeftUR/Scene/@VBoxContainer@4822/@MarginContainer@4866/@VBoxContainer@4867/@ScrollContainer@18234/@VBoxContainer@18235/@Button@18241 class=Button variation= type=Button slot=normal_mirrored bg=ff26ffff border=ff40ffff
LEAK control_stylebox bg_source=base border_source=base path=/root/@EditorNode@18065/@Panel@14/@VBoxContainer@15/DockHSplitMain/DockVSplitLeftR/DockSlotLeftUR/Scene/@VBoxContainer@4822/@MarginContainer@4866/@VBoxContainer@4867/@ScrollContainer@18234/@VBoxContainer@18235/@Button@18241 class=Button variation= type=Button slot=pressed_mirrored bg=ff40ffff border=ff40ffff
LEAK control_stylebox bg_source=base border_source=base path=/root/@EditorNode@18065/@Panel@14/@VBoxContainer@15/DockHSplitMain/DockVSplitLeftR/DockSlotLeftUR/Scene/@VBoxContainer@4822/@MarginContainer@4866/@VBoxContainer@4867/@ScrollContainer@18234/@VBoxContainer@18235/@Button@18242 class=Button variation= type=Button slot=disabled_mirrored bg=ff40ffff border=ff40ffff
LEAK control_stylebox bg_source=base border_source=base path=/root/@EditorNode@18065/@Panel@14/@VBoxContainer@15/DockHSplitMain/DockVSplitLeftR/DockSlotLeftUR/Scene/@VBoxContainer@4822/@MarginContainer@4866/@VBoxContainer@4867/@ScrollContainer@18234/@VBoxContainer@18235/@Button@18242 class=Button variation= type=Button slot=hover_mirrored bg=ff40ffff border=ff40ffff
LEAK control_stylebox bg_source=base border_source=base path=/root/@EditorNode@18065/@Panel@14/@VBoxContainer@15/DockHSplitMain/DockVSplitLeftR/DockSlotLeftUR/Scene/@VBoxContainer@4822/@MarginContainer@4866/@VBoxContainer@4867/@ScrollContainer@18234/@VBoxContainer@18235/@Button@18242 class=Button variation= type=Button slot=hover_pressed_mirrored bg=ff40ffff border=ff40ffff
LEAK control_stylebox bg_source=base border_source=base path=/root/@EditorNode@18065/@Panel@14/@VBoxContainer@15/DockHSplitMain/DockVSplitLeftR/DockSlotLeftUR/Scene/@VBoxContainer@4822/@MarginContainer@4866/@VBoxContainer@4867/@ScrollContainer@18234/@VBoxContainer@18235/@Button@18242 class=Button variation= type=Button slot=normal_mirrored bg=ff26ffff border=ff40ffff
LEAK control_stylebox bg_source=base border_source=base path=/root/@EditorNode@18065/@Panel@14/@VBoxContainer@15/DockHSplitMain/DockVSplitLeftR/DockSlotLeftUR/Scene/@VBoxContainer@4822/@MarginContainer@4866/@VBoxContainer@4867/@ScrollContainer@18234/@VBoxContainer@18235/@Button@18242 class=Button variation= type=Button slot=pressed_mirrored bg=ff40ffff border=ff40ffff
LEAK control_stylebox bg_source=base border_source=base path=/root/@EditorNode@18065/@Panel@14/@VBoxContainer@15/DockHSplitMain/DockVSplitLeftR/DockSlotLeftUR/Scene/@VBoxContainer@4822/@MarginContainer@4866/@VBoxContainer@4867/@ScrollContainer@18234/@VBoxContainer@18235/@VBoxContainer@18236/@Button@18237 class=Button variation= type=Button slot=disabled_mirrored bg=ff40ffff border=ff40ffff
LEAK control_stylebox bg_source=base border_source=base path=/root/@EditorNode@18065/@Panel@14/@VBoxContainer@15/DockHSplitMain/DockVSplitLeftR/DockSlotLeftUR/Scene/@VBoxContainer@4822/@MarginContainer@4866/@VBoxContainer@4867/@ScrollContainer@18234/@VBoxContainer@18235/@VBoxContainer@18236/@Button@18237 class=Button variation= type=Button slot=hover_mirrored bg=ff40ffff border=ff40ffff
LEAK control_stylebox bg_source=base border_source=base path=/root/@EditorNode@18065/@Panel@14/@VBoxContainer@15/DockHSplitMain/DockVSplitLeftR/DockSlotLeftUR/Scene/@VBoxContainer@4822/@MarginContainer@4866/@VBoxContainer@4867/@ScrollContainer@18234/@VBoxContainer@18235/@VBoxContainer@18236/@Button@18237 class=Button variation= type=Button slot=hover_pressed_mirrored bg=ff40ffff border=ff40ffff
LEAK control_stylebox bg_source=base border_source=base path=/root/@EditorNode@18065/@Panel@14/@VBoxContainer@15/DockHSplitMain/DockVSplitLeftR/DockSlotLeftUR/Scene/@VBoxContainer@4822/@MarginContainer@4866/@VBoxContainer@4867/@ScrollContainer@18234/@VBoxContainer@18235/@VBoxContainer@18236/@Button@18237 class=Button variation= type=Button slot=normal_mirrored bg=ff26ffff border=ff40ffff
LEAK control_stylebox bg_source=base border_source=base path=/root/@EditorNode@18065/@Panel@14/@VBoxContainer@15/DockHSplitMain/DockVSplitLeftR/DockSlotLeftUR/Scene/@VBoxContainer@4822/@MarginContainer@4866/@VBoxContainer@4867/@ScrollContainer@18234/@VBoxContainer@18235/@VBoxContainer@18236/@Button@18237 class=Button variation= type=Button slot=pressed_mirrored bg=ff40ffff border=ff40ffff
LEAK control_stylebox bg_source=base border_source=base path=/root/@EditorNode@18065/@Panel@14/@VBoxContainer@15/DockHSplitMain/DockVSplitLeftR/DockSlotLeftUR/Scene/@VBoxContainer@4822/@MarginContainer@4866/@VBoxContainer@4867/@ScrollContainer@18234/@VBoxContainer@18235/@VBoxContainer@18236/@Button@18238 class=Button variation= type=Button slot=disabled_mirrored bg=ff40ffff border=ff40ffff
LEAK control_stylebox bg_source=base border_source=base path=/root/@EditorNode@18065/@Panel@14/@VBoxContainer@15/DockHSplitMain/DockVSplitLeftR/DockSlotLeftUR/Scene/@VBoxContainer@4822/@MarginContainer@4866/@VBoxContainer@4867/@ScrollContainer@18234/@VBoxContainer@18235/@VBoxContainer@18236/@Button@18238 class=Button variation= type=Button slot=hover_mirrored bg=ff40ffff border=ff40ffff
LEAK control_stylebox bg_source=base border_source=base path=/root/@EditorNode@18065/@Panel@14/@VBoxContainer@15/DockHSplitMain/DockVSplitLeftR/DockSlotLeftUR/Scene/@VBoxContainer@4822/@MarginContainer@4866/@VBoxContainer@4867/@ScrollContainer@18234/@VBoxContainer@18235/@VBoxContainer@18236/@Button@18238 class=Button variation= type=Button slot=hover_pressed_mirrored bg=ff40ffff border=ff40ffff
LEAK control_stylebox bg_source=base border_source=base path=/root/@EditorNode@18065/@Panel@14/@VBoxContainer@15/DockHSplitMain/DockVSplitLeftR/DockSlotLeftUR/Scene/@VBoxContainer@4822/@MarginContainer@4866/@VBoxContainer@4867/@ScrollContainer@18234/@VBoxContainer@18235/@VBoxContainer@18236/@Button@18238 class=Button variation= type=Button slot=normal_mirrored bg=ff26ffff border=ff40ffff
LEAK control_stylebox bg_source=base border_source=base path=/root/@EditorNode@18065/@Panel@14/@VBoxContainer@15/DockHSplitMain/DockVSplitLeftR/DockSlotLeftUR/Scene/@VBoxContainer@4822/@MarginContainer@4866/@VBoxContainer@4867/@ScrollContainer@18234/@VBoxContainer@18235/@VBoxContainer@18236/@Button@18238 class=Button variation= type=Button slot=pressed_mirrored bg=ff40ffff border=ff40ffff
LEAK control_stylebox bg_source=base border_source=base path=/root/@EditorNode@18065/@Panel@14/@VBoxContainer@15/DockHSplitMain/DockVSplitLeftR/DockSlotLeftUR/Scene/@VBoxContainer@4822/@MarginContainer@4866/@VBoxContainer@4867/@ScrollContainer@18234/@VBoxContainer@18235/@VBoxContainer@18236/@Button@18239 class=Button variation= type=Button slot=disabled_mirrored bg=ff40ffff border=ff40ffff
LEAK control_stylebox bg_source=base border_source=base path=/root/@EditorNode@18065/@Panel@14/@VBoxContainer@15/DockHSplitMain/DockVSplitLeftR/DockSlotLeftUR/Scene/@VBoxContainer@4822/@MarginContainer@4866/@VBoxContainer@4867/@ScrollContainer@18234/@VBoxContainer@18235/@VBoxContainer@18236/@Button@18239 class=Button variation= type=Button slot=hover_mirrored bg=ff40ffff border=ff40ffff
LEAK control_stylebox bg_source=base border_source=base path=/root/@EditorNode@18065/@Panel@14/@VBoxContainer@15/DockHSplitMain/DockVSplitLeftR/DockSlotLeftUR/Scene/@VBoxContainer@4822/@MarginContainer@4866/@VBoxContainer@4867/@ScrollContainer@18234/@VBoxContainer@18235/@VBoxContainer@18236/@Button@18239 class=Button variation= type=Button slot=hover_pressed_mirrored bg=ff40ffff border=ff40ffff
LEAK control_stylebox bg_source=base border_source=base path=/root/@EditorNode@18065/@Panel@14/@VBoxContainer@15/DockHSplitMain/DockVSplitLeftR/DockSlotLeftUR/Scene/@VBoxContainer@4822/@MarginContainer@4866/@VBoxContainer@4867/@ScrollContainer@18234/@VBoxContainer@18235/@VBoxContainer@18236/@Button@18239 class=Button variation= type=Button slot=normal_mirrored bg=ff26ffff border=ff40ffff
LEAK control_stylebox bg_source=base border_source=base path=/root/@EditorNode@18065/@Panel@14/@VBoxContainer@15/DockHSplitMain/DockVSplitLeftR/DockSlotLeftUR/Scene/@VBoxContainer@4822/@MarginContainer@4866/@VBoxContainer@4867/@ScrollContainer@18234/@VBoxContainer@18235/@VBoxContainer@18236/@Button@18239 class=Button variation= type=Button slot=pressed_mirrored bg=ff40ffff border=ff40ffff
LEAK control_stylebox bg_source=base border_source=base path=/root/@EditorNode@18065/@Panel@14/@VBoxContainer@15/DockHSplitMain/DockVSplitRightL/DockSlotRightUL/Inspector/@VBoxContainer@6869/@Button@6995 class=Button variation= type=Button slot=disabled_mirrored bg=ff40ffff border=ff40ffff
LEAK control_stylebox bg_source=base border_source=base path=/root/@EditorNode@18065/@Panel@14/@VBoxContainer@15/DockHSplitMain/DockVSplitRightL/DockSlotRightUL/Inspector/@VBoxContainer@6869/@Button@6995 class=Button variation= type=Button slot=hover_mirrored bg=ff40ffff border=ff40ffff
LEAK control_stylebox bg_source=base border_source=base path=/root/@EditorNode@18065/@Panel@14/@VBoxContainer@15/DockHSplitMain/DockVSplitRightL/DockSlotRightUL/Inspector/@VBoxContainer@6869/@Button@6995 class=Button variation= type=Button slot=hover_pressed_mirrored bg=ff40ffff border=ff40ffff
LEAK control_stylebox bg_source=base border_source=base path=/root/@EditorNode@18065/@Panel@14/@VBoxContainer@15/DockHSplitMain/DockVSplitRightL/DockSlotRightUL/Inspector/@VBoxContainer@6869/@Button@6995 class=Button variation= type=Button slot=normal_mirrored bg=ff26ffff border=ff40ffff
LEAK control_stylebox bg_source=base border_source=base path=/root/@EditorNode@18065/@Panel@14/@VBoxContainer@15/DockHSplitMain/DockVSplitRightL/DockSlotRightUL/Inspector/@VBoxContainer@6869/@Button@6995 class=Button variation= type=Button slot=pressed_mirrored bg=ff40ffff border=ff40ffff
LEAK control_stylebox bg_source=base border_source=base path=/root/@EditorNode@18065/@Panel@14/@VBoxContainer@15/DockHSplitMain/DockVSplitRightL/DockSlotRightUL/Signals/Signals/@VBoxContainer@7182/@HBoxContainer@7199/@Button@7201 class=Button variation= type=Button slot=disabled_mirrored bg=ff40ffff border=ff40ffff
LEAK control_stylebox bg_source=base border_source=base path=/root/@EditorNode@18065/@Panel@14/@VBoxContainer@15/DockHSplitMain/DockVSplitRightL/DockSlotRightUL/Signals/Signals/@VBoxContainer@7182/@HBoxContainer@7199/@Button@7201 class=Button variation= type=Button slot=hover_mirrored bg=ff40ffff border=ff40ffff
LEAK control_stylebox bg_source=base border_source=base path=/root/@EditorNode@18065/@Panel@14/@VBoxContainer@15/DockHSplitMain/DockVSplitRightL/DockSlotRightUL/Signals/Signals/@VBoxContainer@7182/@HBoxContainer@7199/@Button@7201 class=Button variation= type=Button slot=hover_pressed_mirrored bg=ff40ffff border=ff40ffff
LEAK control_stylebox bg_source=base border_source=base path=/root/@EditorNode@18065/@Panel@14/@VBoxContainer@15/DockHSplitMain/DockVSplitRightL/DockSlotRightUL/Signals/Signals/@VBoxContainer@7182/@HBoxContainer@7199/@Button@7201 class=Button variation= type=Button slot=normal_mirrored bg=ff26ffff border=ff40ffff
LEAK control_stylebox bg_source=base border_source=base path=/root/@EditorNode@18065/@Panel@14/@VBoxContainer@15/DockHSplitMain/DockVSplitRightL/DockSlotRightUL/Signals/Signals/@VBoxContainer@7182/@HBoxContainer@7199/@Button@7201 class=Button variation= type=Button slot=pressed_mirrored bg=ff40ffff border=ff40ffff
LEAK theme_color source=accent SpinBox.down_pressed_icon_modulate=00ffffff
LEAK theme_color source=accent SpinBox.up_pressed_icon_modulate=00ffffff
LEAK theme_color source=base Editor.property_color=b21fb2ff
LEAK theme_stylebox bg_source= border_source=base EditorStyles.RecoveryModeButton bg=d4c79eff border=ff40ffff
LEAK theme_stylebox bg_source=accent border_source= EditorStyles.sub_inspector_property_bg1 bg=00b3b3cc border=ccccccff
LEAK theme_stylebox bg_source=accent border_source= EditorStyles.sub_inspector_property_bg9 bg=00b3b3cc border=ccccccff
LEAK theme_stylebox bg_source=accent border_source= ThemeEditor.preview_picker_label bg=008080ff border=ccccccff
LEAK theme_stylebox bg_source=base border_source= AnimationTimelineEdit.time_unavailable bg=ff33ffff border=ccccccff
LEAK theme_stylebox bg_source=base border_source= AnimationTrackEdit.hover bg=ff33ffff border=ccccccff
LEAK theme_stylebox bg_source=base border_source= AnimationTrackEditGroup.header bg=c200c2ff border=ccccccff
LEAK theme_stylebox bg_source=base border_source= AnimationTrackEditGroup.hover bg=ff33ffff border=ccccccff
LEAK theme_stylebox bg_source=base border_source= AssetLib.downloads bg=c200c2ff border=ccccccff
LEAK theme_stylebox bg_source=base border_source= EditorAudioBus.master bg=ff33ffff border=ccccccff
LEAK theme_stylebox bg_source=base border_source= EditorAudioBus.normal bg=ff33ffff border=ccccccff
LEAK theme_stylebox bg_source=base border_source= EditorAudioBusEffectsTree.panel bg=e800e8ff border=ccccccff
LEAK theme_stylebox bg_source=base border_source= EditorDebuggerInspector.panel bg=c200c2ff border=ccccccff
LEAK theme_stylebox bg_source=base border_source= EditorInspectorFlatButton.hover bg=ff40ffff border=ccccccff
LEAK theme_stylebox bg_source=base border_source= EditorInspectorFlatButton.hover_pressed bg=ff40ffff border=ccccccff
LEAK theme_stylebox bg_source=base border_source= EditorInspectorFlatButton.pressed bg=ff40ffff border=ccccccff
LEAK theme_stylebox bg_source=base border_source= EditorStyles.Background bg=7d0c7dff border=ccccccff
LEAK theme_stylebox bg_source=base border_source= EditorStyles.ContextualToolbar bg=ff33ffff border=ccccccff
LEAK theme_stylebox bg_source=base border_source= EditorStyles.DictionaryAddItem1 bg=b226c7ff border=ccccccff
LEAK theme_stylebox bg_source=base border_source= EditorStyles.DictionaryAddItem10 bg=b21bc7ff border=ccccccff
LEAK theme_stylebox bg_source=base border_source= EditorStyles.DictionaryAddItem11 bg=ba17c7ff border=ccccccff
LEAK theme_stylebox bg_source=base border_source= EditorStyles.DictionaryAddItem12 bg=c217c3ff border=ccccccff
LEAK theme_stylebox bg_source=base border_source= EditorStyles.DictionaryAddItem13 bg=c217b7ff border=ccccccff
LEAK theme_stylebox bg_source=base border_source= EditorStyles.DictionaryAddItem14 bg=c222b7ff border=ccccccff
LEAK theme_stylebox bg_source=base border_source= EditorStyles.DictionaryAddItem15 bg=ba26b7ff border=ccccccff
LEAK theme_stylebox bg_source=base border_source= EditorStyles.DictionaryAddItem16 bg=b226bbff border=ccccccff
LEAK theme_stylebox bg_source=base border_source= EditorStyles.DictionaryAddItem2 bg=b21bc7ff border=ccccccff
LEAK theme_stylebox bg_source=base border_source= EditorStyles.DictionaryAddItem3 bg=ba17c7ff border=ccccccff
LEAK theme_stylebox bg_source=base border_source= EditorStyles.DictionaryAddItem4 bg=c217c3ff border=ccccccff
LEAK theme_stylebox bg_source=base border_source= EditorStyles.DictionaryAddItem5 bg=c217b7ff border=ccccccff
LEAK theme_stylebox bg_source=base border_source= EditorStyles.DictionaryAddItem6 bg=c222b7ff border=ccccccff
LEAK theme_stylebox bg_source=base border_source= EditorStyles.DictionaryAddItem7 bg=ba26b7ff border=ccccccff
LEAK theme_stylebox bg_source=base border_source= EditorStyles.DictionaryAddItem8 bg=b226bbff border=ccccccff
LEAK theme_stylebox bg_source=base border_source= EditorStyles.DictionaryAddItem9 bg=b226c7ff border=ccccccff
LEAK theme_stylebox bg_source=base border_source= EditorStyles.ThemeEditorPreviewBG bg=7d0c7dff border=ccccccff
LEAK theme_stylebox bg_source=base border_source= EditorStyles.sub_inspector_bg10 bg=9a09aeff border=004eb3cc
LEAK theme_stylebox bg_source=base border_source= EditorStyles.sub_inspector_bg11 bg=a105aeff border=432db3cc
LEAK theme_stylebox bg_source=base border_source= EditorStyles.sub_inspector_bg12 bg=a905aaff border=862d91cc
LEAK theme_stylebox bg_source=base border_source= EditorStyles.sub_inspector_bg13 bg=a9059fff border=862d2dcc
LEAK theme_stylebox bg_source=base border_source= EditorStyles.sub_inspector_bg14 bg=a9119fff border=86912dcc
LEAK theme_stylebox bg_source=base border_source= EditorStyles.sub_inspector_bg15 bg=a1149fff border=43b32dcc
LEAK theme_stylebox bg_source=base border_source= EditorStyles.sub_inspector_bg16 bg=9a14a3ff border=00b34ecc
LEAK theme_stylebox bg_source=base border_source= EditorStyles.sub_inspector_bg2 bg=9a09aeff border=004eb3cc
LEAK theme_stylebox bg_source=base border_source= EditorStyles.sub_inspector_bg3 bg=a105aeff border=432db3cc
LEAK theme_stylebox bg_source=base border_source= EditorStyles.sub_inspector_bg4 bg=a905aaff border=862d91cc
LEAK theme_stylebox bg_source=base border_source= EditorStyles.sub_inspector_bg5 bg=a9059fff border=862d2dcc
LEAK theme_stylebox bg_source=base border_source= EditorStyles.sub_inspector_bg6 bg=a9119fff border=86912dcc
LEAK theme_stylebox bg_source=base border_source= EditorStyles.sub_inspector_bg7 bg=a1149fff border=43b32dcc
LEAK theme_stylebox bg_source=base border_source= EditorStyles.sub_inspector_bg8 bg=9a14a3ff border=00b34ecc
LEAK theme_stylebox bg_source=base border_source= EditorValidationPanel.panel bg=c200c2ff border=ccccccff
LEAK theme_stylebox bg_source=base border_source= FlatButton.hover_mirrored bg=ff40ffff border=ccccccff
LEAK theme_stylebox bg_source=base border_source= FlatButton.hover_pressed_mirrored bg=ff40ffff border=ccccccff
LEAK theme_stylebox bg_source=base border_source= FlatButton.pressed_mirrored bg=ff40ffff border=ccccccff
LEAK theme_stylebox bg_source=base border_source= FlatMenuButton.hover_mirrored bg=ff40ffff border=ccccccff
LEAK theme_stylebox bg_source=base border_source= FlatMenuButton.hover_pressed_mirrored bg=ff40ffff border=ccccccff
LEAK theme_stylebox bg_source=base border_source= FlatMenuButton.pressed_mirrored bg=ff40ffff border=ccccccff
LEAK theme_stylebox bg_source=base border_source= GamePanel.panel bg=a700a7ff border=ccccccff
LEAK theme_stylebox bg_source=base border_source= GraphStateMachine.node_frame_end bg=c213c2b3 border=ff786bff
LEAK theme_stylebox bg_source=base border_source= GraphStateMachine.node_frame_playing bg=c213c2e6 border=d4c79eff
LEAK theme_stylebox bg_source=base border_source= GraphStateMachine.node_frame_start bg=c213c2b3 border=94f59eff
LEAK theme_stylebox bg_source=base border_source= MainMenuBar.hover bg=ff40ffff border=ccccccff
LEAK theme_stylebox bg_source=base border_source= MainMenuBar.hover_pressed bg=ff40ffff border=ccccccff
LEAK theme_stylebox bg_source=base border_source= MainMenuBar.normal bg=ff40ffff border=ccccccff
LEAK theme_stylebox bg_source=base border_source= MainMenuBar.pressed bg=ff40ffff border=ccccccff
LEAK theme_stylebox bg_source=base border_source= PanelContainerTabbarInner.panel bg=910f91ff border=ccccccff
LEAK theme_stylebox bg_source=base border_source= PopupProgressBar.background bg=e016e0ff border=ccccccff
LEAK theme_stylebox bg_source=base border_source= PopupProgressBar.fill bg=ff1affff border=ccccccff
LEAK theme_stylebox bg_source=base border_source= ProjectManager.project_list bg=c200c2ff border=ccccccff
LEAK theme_stylebox bg_source=base border_source= ProjectManager.quick_settings_panel bg=c200c2ff border=ccccccff
LEAK theme_stylebox bg_source=base border_source= ScrollContainerSecondary.panel bg=c200c2ff border=ccccccff
LEAK theme_stylebox bg_source=base border_source= TreeLineEdit.normal bg=ab11abff border=ccccccff
LEAK theme_stylebox bg_source=base border_source= TreeTable.button_hover bg=ff40ffff border=ff40ff00
LEAK theme_stylebox bg_source=base border_source= TreeTable.button_pressed bg=ff40ffff border=ff40ff00
LEAK theme_stylebox bg_source=base border_source= TreeTable.custom_button_hover bg=ff40ffff border=ff40ff00
LEAK theme_stylebox bg_source=base border_source= TreeTable.custom_button_pressed bg=ff40ffff border=ff40ff00
LEAK theme_stylebox bg_source=base border_source= TreeTable.hovered bg=ff40ffff border=ff40ff00
LEAK theme_stylebox bg_source=base border_source= TreeTable.hovered_dimmed bg=ff40ffff border=ccccccff
LEAK theme_stylebox bg_source=base border_source= TreeTable.hovered_selected bg=ff40ffff border=ff40ff00
LEAK theme_stylebox bg_source=base border_source= TreeTable.selected bg=ff40ffff border=ff40ff00
LEAK theme_stylebox bg_source=base border_source=accent EditorStyles.sub_inspector_bg1 bg=9a14aeff border=00b3b3cc
LEAK theme_stylebox bg_source=base border_source=accent EditorStyles.sub_inspector_bg9 bg=9a14aeff border=00b3b3cc
LEAK theme_stylebox bg_source=base border_source=base Button.disabled_mirrored bg=ff40ffff border=ff40ffff
LEAK theme_stylebox bg_source=base border_source=base Button.hover_mirrored bg=ff40ffff border=ff40ffff
LEAK theme_stylebox bg_source=base border_source=base Button.hover_pressed_mirrored bg=ff40ffff border=ff40ffff
LEAK theme_stylebox bg_source=base border_source=base Button.normal_mirrored bg=ff26ffff border=ff40ffff
LEAK theme_stylebox bg_source=base border_source=base Button.pressed_mirrored bg=ff40ffff border=ff40ffff
LEAK theme_stylebox bg_source=base border_source=base CheckBox.disabled_mirrored bg=ff26ffff border=ff40ffff
LEAK theme_stylebox bg_source=base border_source=base CheckBox.hover_mirrored bg=ff26ffff border=ff40ffff
LEAK theme_stylebox bg_source=base border_source=base CheckBox.hover_pressed_mirrored bg=ff26ffff border=ff40ffff
LEAK theme_stylebox bg_source=base border_source=base CheckBox.normal_mirrored bg=ff26ffff border=ff40ffff
LEAK theme_stylebox bg_source=base border_source=base CheckBox.pressed_mirrored bg=ff26ffff border=ff40ffff
LEAK theme_stylebox bg_source=base border_source=base CheckButton.disabled_mirrored bg=ff26ffff border=ff40ffff
LEAK theme_stylebox bg_source=base border_source=base CheckButton.hover_mirrored bg=ff26ffff border=ff40ffff
LEAK theme_stylebox bg_source=base border_source=base CheckButton.hover_pressed_mirrored bg=ff26ffff border=ff40ffff
LEAK theme_stylebox bg_source=base border_source=base CheckButton.normal_mirrored bg=ff26ffff border=ff40ffff
LEAK theme_stylebox bg_source=base border_source=base CheckButton.pressed_mirrored bg=ff26ffff border=ff40ffff
LEAK theme_stylebox bg_source=base border_source=base EditorStyles.ObjectDBTitle bg=c213c2ff border=ff40ffff
LEAK theme_stylebox bg_source=base border_source=base EditorStyles.TextureRegionPreviewBG bg=540054a6 border=c213c2ff
LEAK theme_stylebox bg_source=base border_source=base GraphEditMinimap.panel bg=c200c24d border=c213c2ff
LEAK theme_stylebox bg_source=base border_source=base GraphStateMachine.error_panel bg=540054a6 border=c213c2ff
LEAK theme_stylebox bg_source=base border_source=base GraphStateMachine.node_frame bg=c213c2b3 border=c213c2ff
LEAK theme_stylebox bg_source=base border_source=base GraphStateMachine.panel bg=540054a6 border=c213c2ff
LEAK theme_stylebox bg_source=base border_source=base PanelBackgroundButton.disabled bg=e600e6ff border=ff40ffff
LEAK theme_stylebox bg_source=base border_source=base PanelBackgroundButton.hover bg=ff29ffff border=ff40ffff
LEAK theme_stylebox bg_source=base border_source=base PanelBackgroundButton.normal bg=ff14ffff border=ff40ffff
LEAK theme_stylebox bg_source=base border_source=base PanelBackgroundButton.pressed bg=ff33ffff border=ff40ffff
LEAK theme_stylebox bg_source=base border_source=base ProjectTagButton.hover bg=ff40ffff border=ff40ffff
LEAK theme_stylebox bg_source=base border_source=base ProjectTagButton.normal bg=ff26ffff border=ff40ffff
LEAK theme_stylebox bg_source=base border_source=base ProjectTagButton.pressed bg=ff40ffff border=ff40ffff
LEAK theme_stylebox bg_source=base border_source=base SpinBox.down_background_hovered bg=ff40ffff border=ff40ffff
LEAK theme_stylebox bg_source=base border_source=base SpinBox.down_background_pressed bg=ff40ffff border=ff40ffff
LEAK theme_stylebox bg_source=base border_source=base SpinBox.up_background_hovered bg=ff40ffff border=ff40ffff
LEAK theme_stylebox bg_source=base border_source=base SpinBox.up_background_pressed bg=ff40ffff border=ff40ffff
